[2026-05-15T16:19:37.936+0000] {local_task_job_runner.py:120} INFO - ::group::Pre task execution logs
[2026-05-15T16:19:37.997+0000] {taskinstance.py:2076} INFO - Dependencies all met for dep_context=non-requeueable deps ti=<TaskInstance: youtube_dwh_update.core_table manual__2026-05-15T15:04:24.246915+00:00 [queued]>
[2026-05-15T16:19:38.017+0000] {taskinstance.py:2076} INFO - Dependencies all met for dep_context=requeueable deps ti=<TaskInstance: youtube_dwh_update.core_table manual__2026-05-15T15:04:24.246915+00:00 [queued]>
[2026-05-15T16:19:38.018+0000] {taskinstance.py:2306} INFO - Starting attempt 1 of 1
[2026-05-15T16:19:38.082+0000] {taskinstance.py:2330} INFO - Executing <Task(_PythonDecoratedOperator): core_table> on 2026-05-15 15:04:24.246915+00:00
[2026-05-15T16:19:38.092+0000] {standard_task_runner.py:63} INFO - Started process 1353 to run task
[2026-05-15T16:19:38.103+0000] {standard_task_runner.py:90} INFO - Running: ['airflow', 'tasks', 'run', 'youtube_dwh_update', 'core_table', 'manual__2026-05-15T15:04:24.246915+00:00', '--job-id', '22', '--raw', '--subdir', 'DAGS_FOLDER/main.py', '--cfg-path', '/tmp/tmp_1r4d87t']
[2026-05-15T16:19:38.107+0000] {standard_task_runner.py:91} INFO - Job 22: Subtask core_table
[2026-05-15T16:19:38.231+0000] {task_command.py:426} INFO - Running <TaskInstance: youtube_dwh_update.core_table manual__2026-05-15T15:04:24.246915+00:00 [running]> on host 8486297af4ec
[2026-05-15T16:19:38.474+0000] {taskinstance.py:2648} INFO - Exporting env vars: AIRFLOW_CTX_DAG_EMAIL='data@engineers.com' AIRFLOW_CTX_DAG_OWNER='dataengineers' AIRFLOW_CTX_DAG_ID='youtube_dwh_update' AIRFLOW_CTX_TASK_ID='core_table' AIRFLOW_CTX_EXECUTION_DATE='2026-05-15T15:04:24.246915+00:00' AIRFLOW_CTX_TRY_NUMBER='1' AIRFLOW_CTX_DAG_RUN_ID='manual__2026-05-15T15:04:24.246915+00:00'
[2026-05-15T16:19:38.477+0000] {taskinstance.py:430} INFO - ::endgroup::
[2026-05-15T16:19:38.506+0000] {base.py:84} INFO - Using connection ID 'postgres_db_yt_elt' for task execution.
[2026-05-15T16:19:38.522+0000] {base.py:84} INFO - Using connection ID 'postgres_db_yt_elt' for task execution.
[2026-05-15T16:19:38.542+0000] {base.py:84} INFO - Using connection ID 'postgres_db_yt_elt' for task execution.
[2026-05-15T16:19:38.648+0000] {data_modification.py:89} INFO - Updated row with Video_ID: NxNGSTqgvl4
[2026-05-15T16:19:38.651+0000] {data_modification.py:89} INFO - Updated row with Video_ID: zu5jMlcRnJM
[2026-05-15T16:19:38.655+0000] {data_modification.py:89} INFO - Updated row with Video_ID: ufe_J4XXFmY
[2026-05-15T16:19:38.659+0000] {data_modification.py:89} INFO - Updated row with Video_ID: xsCbSSnvxC0
[2026-05-15T16:19:38.666+0000] {data_modification.py:89} INFO - Updated row with Video_ID: h3SrGQ65-QI
[2026-05-15T16:19:38.670+0000] {data_modification.py:89} INFO - Updated row with Video_ID: jhQzy3m0EQ4
[2026-05-15T16:19:38.674+0000] {data_modification.py:89} INFO - Updated row with Video_ID: azQYAsSjKEM
[2026-05-15T16:19:38.678+0000] {data_modification.py:89} INFO - Updated row with Video_ID: 0LzvCQFQ4-0
[2026-05-15T16:19:38.688+0000] {data_modification.py:89} INFO - Updated row with Video_ID: Cnl_b0afMqM
[2026-05-15T16:19:38.703+0000] {data_modification.py:89} INFO - Updated row with Video_ID: PL5INBWvllo
[2026-05-15T16:19:38.713+0000] {data_modification.py:89} INFO - Updated row with Video_ID: I4K9zkVHQ6w
[2026-05-15T16:19:38.723+0000] {data_modification.py:89} INFO - Updated row with Video_ID: E9ej6_rhyl4
[2026-05-15T16:19:38.727+0000] {data_modification.py:89} INFO - Updated row with Video_ID: QhZU_3zpEO4
[2026-05-15T16:19:38.733+0000] {data_modification.py:89} INFO - Updated row with Video_ID: qchxzpIRULs
[2026-05-15T16:19:38.736+0000] {data_modification.py:89} INFO - Updated row with Video_ID: kugZ4ykP080
[2026-05-15T16:19:38.741+0000] {data_modification.py:89} INFO - Updated row with Video_ID: A5WJo-Jrt94
[2026-05-15T16:19:38.744+0000] {data_modification.py:89} INFO - Updated row with Video_ID: hZAQhfOB4rI
[2026-05-15T16:19:38.749+0000] {data_modification.py:89} INFO - Updated row with Video_ID: gspHgTsFC2k
[2026-05-15T16:19:38.753+0000] {data_modification.py:89} INFO - Updated row with Video_ID: NbuGKzScY5E
[2026-05-15T16:19:38.757+0000] {data_modification.py:89} INFO - Updated row with Video_ID: O6UmozrmMvI
[2026-05-15T16:19:38.766+0000] {data_modification.py:89} INFO - Updated row with Video_ID: o7Ntsjz-XDs
[2026-05-15T16:19:38.782+0000] {data_modification.py:89} INFO - Updated row with Video_ID: xqznzOExAdg
[2026-05-15T16:19:38.791+0000] {data_modification.py:89} INFO - Updated row with Video_ID: YRSh2lCCP6w
[2026-05-15T16:19:38.799+0000] {data_modification.py:89} INFO - Updated row with Video_ID: E9G7IhNdseM
[2026-05-15T16:19:38.803+0000] {data_modification.py:89} INFO - Updated row with Video_ID: ibQDR53QtdI
[2026-05-15T16:19:38.807+0000] {data_modification.py:89} INFO - Updated row with Video_ID: 7WjwKcTz3j4
[2026-05-15T16:19:38.811+0000] {data_modification.py:89} INFO - Updated row with Video_ID: 5XjR-Oh9SW8
[2026-05-15T16:19:38.816+0000] {data_modification.py:89} INFO - Updated row with Video_ID: PYXU9W0ML2Q
[2026-05-15T16:19:38.825+0000] {data_modification.py:89} INFO - Updated row with Video_ID: _wRMTRZ76sA
[2026-05-15T16:19:38.828+0000] {data_modification.py:89} INFO - Updated row with Video_ID: ttr34aYbv_s
[2026-05-15T16:19:38.840+0000] {data_modification.py:89} INFO - Updated row with Video_ID: RupzEnPd6zI
[2026-05-15T16:19:38.855+0000] {data_modification.py:89} INFO - Updated row with Video_ID: S-5yQJHbVcw
[2026-05-15T16:19:38.865+0000] {data_modification.py:89} INFO - Updated row with Video_ID: aiYBcWHel_I
[2026-05-15T16:19:38.874+0000] {data_modification.py:89} INFO - Updated row with Video_ID: T6Ob2SOfFA8
[2026-05-15T16:19:38.878+0000] {data_modification.py:89} INFO - Updated row with Video_ID: wRkYzAuUi0M
[2026-05-15T16:19:38.883+0000] {data_modification.py:89} INFO - Updated row with Video_ID: gnf6F6JPyFM
[2026-05-15T16:19:38.887+0000] {data_modification.py:89} INFO - Updated row with Video_ID: K202_3GLTZ4
[2026-05-15T16:19:38.891+0000] {data_modification.py:89} INFO - Updated row with Video_ID: NdUFzzl7Mx0
[2026-05-15T16:19:38.900+0000] {data_modification.py:89} INFO - Updated row with Video_ID: 9B7txnacVQ4
[2026-05-15T16:19:38.903+0000] {data_modification.py:89} INFO - Updated row with Video_ID: ZXGxEIohCCI
[2026-05-15T16:19:38.907+0000] {data_modification.py:89} INFO - Updated row with Video_ID: QHCXmo2UZi0
[2026-05-15T16:19:38.911+0000] {data_modification.py:89} INFO - Updated row with Video_ID: ArxWo36Ghtw
[2026-05-15T16:19:38.923+0000] {data_modification.py:89} INFO - Updated row with Video_ID: uh1F2hAAFzc
[2026-05-15T16:19:38.932+0000] {data_modification.py:89} INFO - Updated row with Video_ID: n9OvDt9rpXg
[2026-05-15T16:19:38.943+0000] {data_modification.py:89} INFO - Updated row with Video_ID: KqhTFt61CI8
[2026-05-15T16:19:38.954+0000] {data_modification.py:89} INFO - Updated row with Video_ID: shmBBwmZLX4
[2026-05-15T16:19:38.958+0000] {data_modification.py:89} INFO - Updated row with Video_ID: DhvU_PC7SGc
[2026-05-15T16:19:38.961+0000] {data_modification.py:89} INFO - Updated row with Video_ID: kqck-DA7s70
[2026-05-15T16:19:38.966+0000] {data_modification.py:89} INFO - Updated row with Video_ID: 2nM3BskWlDE
[2026-05-15T16:19:38.970+0000] {data_modification.py:89} INFO - Updated row with Video_ID: c7wJBv9hWSc
[2026-05-15T16:19:38.975+0000] {data_modification.py:89} INFO - Updated row with Video_ID: ML6LGW6tiqA
[2026-05-15T16:19:38.981+0000] {data_modification.py:89} INFO - Updated row with Video_ID: ijld01jSjX0
[2026-05-15T16:19:38.986+0000] {data_modification.py:89} INFO - Updated row with Video_ID: bun-xhiNw90
[2026-05-15T16:19:38.994+0000] {data_modification.py:89} INFO - Updated row with Video_ID: 6886BnG37H4
[2026-05-15T16:19:39.006+0000] {data_modification.py:89} INFO - Updated row with Video_ID: sQ216jlKX08
[2026-05-15T16:19:39.016+0000] {data_modification.py:89} INFO - Updated row with Video_ID: TeeTx8FPzoE
[2026-05-15T16:19:39.026+0000] {data_modification.py:89} INFO - Updated row with Video_ID: UnTvdrazXSY
[2026-05-15T16:19:39.039+0000] {data_modification.py:89} INFO - Updated row with Video_ID: 8upa-tL6ewc
[2026-05-15T16:19:39.045+0000] {data_modification.py:89} INFO - Updated row with Video_ID: Q55lupgNBBo
[2026-05-15T16:19:39.051+0000] {data_modification.py:89} INFO - Updated row with Video_ID: xKh-1PxNA7E
[2026-05-15T16:19:39.055+0000] {data_modification.py:89} INFO - Updated row with Video_ID: G23g0wvyOzo
[2026-05-15T16:19:39.060+0000] {data_modification.py:89} INFO - Updated row with Video_ID: 4PljvrXwbP0
[2026-05-15T16:19:39.066+0000] {data_modification.py:89} INFO - Updated row with Video_ID: _9tGkDophkE
[2026-05-15T16:19:39.070+0000] {data_modification.py:89} INFO - Updated row with Video_ID: g8wGuBeUqhI
[2026-05-15T16:19:39.082+0000] {data_modification.py:89} INFO - Updated row with Video_ID: PsvzbORHKhg
[2026-05-15T16:19:39.091+0000] {data_modification.py:89} INFO - Updated row with Video_ID: q3WB8DxTDjQ
[2026-05-15T16:19:39.100+0000] {data_modification.py:89} INFO - Updated row with Video_ID: kvZNvhdNto0
[2026-05-15T16:19:39.111+0000] {data_modification.py:89} INFO - Updated row with Video_ID: xJgv-ni-C3E
[2026-05-15T16:19:39.123+0000] {data_modification.py:89} INFO - Updated row with Video_ID: jKi8xzcHwhI
[2026-05-15T16:19:39.127+0000] {data_modification.py:89} INFO - Updated row with Video_ID: hVUP3gXItsQ
[2026-05-15T16:19:39.132+0000] {data_modification.py:89} INFO - Updated row with Video_ID: Klmj0ecLgec
[2026-05-15T16:19:39.136+0000] {data_modification.py:89} INFO - Updated row with Video_ID: ArHeNAnbyIk
[2026-05-15T16:19:39.141+0000] {data_modification.py:89} INFO - Updated row with Video_ID: p22KVuCDzJE
[2026-05-15T16:19:39.144+0000] {data_modification.py:89} INFO - Updated row with Video_ID: dm2nUYHSxJU
[2026-05-15T16:19:39.149+0000] {data_modification.py:89} INFO - Updated row with Video_ID: Iy2oCdbHpnI
[2026-05-15T16:19:39.152+0000] {data_modification.py:89} INFO - Updated row with Video_ID: FX-nRnJ0HeI
[2026-05-15T16:19:39.162+0000] {data_modification.py:89} INFO - Updated row with Video_ID: eDJrxlFSq-Y
[2026-05-15T16:19:39.173+0000] {data_modification.py:89} INFO - Updated row with Video_ID: B_ugrqN5Qlo
[2026-05-15T16:19:39.182+0000] {data_modification.py:89} INFO - Updated row with Video_ID: 4ZSN9UKTqlc
[2026-05-15T16:19:39.191+0000] {data_modification.py:89} INFO - Updated row with Video_ID: api3Pf7h60o
[2026-05-15T16:19:39.195+0000] {data_modification.py:89} INFO - Updated row with Video_ID: h1AfCVPHByM
[2026-05-15T16:19:39.200+0000] {data_modification.py:89} INFO - Updated row with Video_ID: sDgWIY7gOdY
[2026-05-15T16:19:39.204+0000] {data_modification.py:89} INFO - Updated row with Video_ID: hq4UBsXkaOc
[2026-05-15T16:19:39.215+0000] {data_modification.py:89} INFO - Updated row with Video_ID: 3L4yP6j_Q_8
[2026-05-15T16:19:39.219+0000] {data_modification.py:89} INFO - Updated row with Video_ID: VKoQl391yw8
[2026-05-15T16:19:39.223+0000] {data_modification.py:89} INFO - Updated row with Video_ID: _AuV-vG5fk8
[2026-05-15T16:19:39.227+0000] {data_modification.py:89} INFO - Updated row with Video_ID: gfctLgY1yKM
[2026-05-15T16:19:39.234+0000] {data_modification.py:89} INFO - Updated row with Video_ID: SqDB-TxPcRg
[2026-05-15T16:19:39.242+0000] {data_modification.py:89} INFO - Updated row with Video_ID: 4oVfVd8lrS8
[2026-05-15T16:19:39.254+0000] {data_modification.py:89} INFO - Updated row with Video_ID: c3Q0R1ngxVY
[2026-05-15T16:19:39.264+0000] {data_modification.py:89} INFO - Updated row with Video_ID: PDsWZft9DXY
[2026-05-15T16:19:39.276+0000] {data_modification.py:89} INFO - Updated row with Video_ID: QDoUxRkY3yI
[2026-05-15T16:19:39.281+0000] {data_modification.py:89} INFO - Updated row with Video_ID: 4V1-oxFjLiU
[2026-05-15T16:19:39.290+0000] {data_modification.py:89} INFO - Updated row with Video_ID: qEEGkq82l4s
[2026-05-15T16:19:39.294+0000] {data_modification.py:89} INFO - Updated row with Video_ID: oS2D42S-RTI
[2026-05-15T16:19:39.299+0000] {data_modification.py:89} INFO - Updated row with Video_ID: A7kZwgImv34
[2026-05-15T16:19:39.303+0000] {data_modification.py:89} INFO - Updated row with Video_ID: Up5kx9SF0B0
[2026-05-15T16:19:39.307+0000] {data_modification.py:89} INFO - Updated row with Video_ID: etb1A9lDc60
[2026-05-15T16:19:39.311+0000] {data_modification.py:89} INFO - Updated row with Video_ID: -JfXhGaOyvA
[2026-05-15T16:19:39.316+0000] {data_modification.py:89} INFO - Updated row with Video_ID: qTxx4_JXK4k
[2026-05-15T16:19:39.324+0000] {data_modification.py:89} INFO - Updated row with Video_ID: MH78YLC58fM
[2026-05-15T16:19:39.333+0000] {data_modification.py:89} INFO - Updated row with Video_ID: BvIAnimagjE
[2026-05-15T16:19:39.343+0000] {data_modification.py:89} INFO - Updated row with Video_ID: 1Rx4xHPmnRo
[2026-05-15T16:19:39.354+0000] {data_modification.py:89} INFO - Updated row with Video_ID: FoxZRDgub_0
[2026-05-15T16:19:39.358+0000] {data_modification.py:89} INFO - Updated row with Video_ID: nH6WQdb2xW4
[2026-05-15T16:19:39.362+0000] {data_modification.py:89} INFO - Updated row with Video_ID: X4En0LNcTvc
[2026-05-15T16:19:39.367+0000] {data_modification.py:89} INFO - Updated row with Video_ID: xB6dCBeufqM
[2026-05-15T16:19:39.370+0000] {data_modification.py:89} INFO - Updated row with Video_ID: viJ45OR_zDo
[2026-05-15T16:19:39.375+0000] {data_modification.py:89} INFO - Updated row with Video_ID: 6wERK2tDnIk
[2026-05-15T16:19:39.378+0000] {data_modification.py:89} INFO - Updated row with Video_ID: 7gpTwokefVQ
[2026-05-15T16:19:39.383+0000] {data_modification.py:89} INFO - Updated row with Video_ID: eXjQKD7YUcw
[2026-05-15T16:19:39.387+0000] {data_modification.py:89} INFO - Updated row with Video_ID: xsUMOG6uyCQ
[2026-05-15T16:19:39.397+0000] {data_modification.py:89} INFO - Updated row with Video_ID: Qn8nxS1Af0I
[2026-05-15T16:19:39.411+0000] {data_modification.py:89} INFO - Updated row with Video_ID: i3cDqXS0c3o
[2026-05-15T16:19:39.423+0000] {data_modification.py:89} INFO - Updated row with Video_ID: vSAprKMyaI4
[2026-05-15T16:19:39.434+0000] {data_modification.py:89} INFO - Updated row with Video_ID: csk4BJbWiQE
[2026-05-15T16:19:39.441+0000] {data_modification.py:89} INFO - Updated row with Video_ID: PpMJhv2Ryj0
[2026-05-15T16:19:39.445+0000] {data_modification.py:89} INFO - Updated row with Video_ID: MGu0cBQxQ_g
[2026-05-15T16:19:39.451+0000] {data_modification.py:89} INFO - Updated row with Video_ID: kwbCqiAVb0k
[2026-05-15T16:19:39.457+0000] {data_modification.py:89} INFO - Updated row with Video_ID: 3OyTw6LzqDE
[2026-05-15T16:19:39.465+0000] {data_modification.py:89} INFO - Updated row with Video_ID: x087hXZqSJs
[2026-05-15T16:19:39.475+0000] {data_modification.py:89} INFO - Updated row with Video_ID: 5lwXLFD9o0w
[2026-05-15T16:19:39.486+0000] {data_modification.py:89} INFO - Updated row with Video_ID: XVxwB2LGAmc
[2026-05-15T16:19:39.500+0000] {data_modification.py:89} INFO - Updated row with Video_ID: G59UIqDnVTA
[2026-05-15T16:19:39.503+0000] {data_modification.py:89} INFO - Updated row with Video_ID: tOAe_64mVMs
[2026-05-15T16:19:39.517+0000] {data_modification.py:89} INFO - Updated row with Video_ID: QXjjxiVekNk
[2026-05-15T16:19:39.523+0000] {data_modification.py:89} INFO - Updated row with Video_ID: -yZusZUs8Kc
[2026-05-15T16:19:39.528+0000] {data_modification.py:89} INFO - Updated row with Video_ID: gPweJCtr3l8
[2026-05-15T16:19:39.535+0000] {data_modification.py:89} INFO - Updated row with Video_ID: Q3tfTg7kl9U
[2026-05-15T16:19:39.542+0000] {data_modification.py:89} INFO - Updated row with Video_ID: UgJgAJjv5pI
[2026-05-15T16:19:39.550+0000] {data_modification.py:89} INFO - Updated row with Video_ID: CTdieffwJT4
[2026-05-15T16:19:39.559+0000] {data_modification.py:89} INFO - Updated row with Video_ID: _0FBKCqNTKg
[2026-05-15T16:19:39.569+0000] {data_modification.py:89} INFO - Updated row with Video_ID: zIDF1YfzB9o
[2026-05-15T16:19:39.578+0000] {data_modification.py:89} INFO - Updated row with Video_ID: A_Uk1nTssII
[2026-05-15T16:19:39.588+0000] {data_modification.py:89} INFO - Updated row with Video_ID: 9CCyLmbaEnM
[2026-05-15T16:19:39.592+0000] {data_modification.py:89} INFO - Updated row with Video_ID: wnVulyXyHpU
[2026-05-15T16:19:39.597+0000] {data_modification.py:89} INFO - Updated row with Video_ID: Bh0vVFFXsCU
[2026-05-15T16:19:39.601+0000] {data_modification.py:89} INFO - Updated row with Video_ID: YNXoDagoN9g
[2026-05-15T16:19:39.605+0000] {data_modification.py:89} INFO - Updated row with Video_ID: -aRUQyHkZ_s
[2026-05-15T16:19:39.608+0000] {data_modification.py:89} INFO - Updated row with Video_ID: KB0axGJuBiA
[2026-05-15T16:19:39.612+0000] {data_modification.py:89} INFO - Updated row with Video_ID: edFYjOI53Xw
[2026-05-15T16:19:39.618+0000] {data_modification.py:89} INFO - Updated row with Video_ID: zt87HiEsZcg
[2026-05-15T16:19:39.622+0000] {data_modification.py:89} INFO - Updated row with Video_ID: Dr6HMWA2gEQ
[2026-05-15T16:19:39.632+0000] {data_modification.py:89} INFO - Updated row with Video_ID: Rsp9XAQCaYo
[2026-05-15T16:19:39.641+0000] {data_modification.py:89} INFO - Updated row with Video_ID: wsQeiZ3uhlU
[2026-05-15T16:19:39.654+0000] {data_modification.py:89} INFO - Updated row with Video_ID: J9yo8JcQj88
[2026-05-15T16:19:39.663+0000] {data_modification.py:89} INFO - Updated row with Video_ID: R77SG4vQZqk
[2026-05-15T16:19:39.667+0000] {data_modification.py:89} INFO - Updated row with Video_ID: soCJPQ--iWc
[2026-05-15T16:19:39.671+0000] {data_modification.py:89} INFO - Updated row with Video_ID: 6Brz7XHHB1Y
[2026-05-15T16:19:39.675+0000] {data_modification.py:89} INFO - Updated row with Video_ID: bmAN_AXHgJ4
[2026-05-15T16:19:39.679+0000] {data_modification.py:89} INFO - Updated row with Video_ID: FRSvt6TCY_M
[2026-05-15T16:19:39.684+0000] {data_modification.py:89} INFO - Updated row with Video_ID: 2YQXmuPzKVY
[2026-05-15T16:19:39.688+0000] {data_modification.py:89} INFO - Updated row with Video_ID: KKeTBJAF-hw
[2026-05-15T16:19:39.692+0000] {data_modification.py:89} INFO - Updated row with Video_ID: e_QV6-jaJxU
[2026-05-15T16:19:39.697+0000] {data_modification.py:89} INFO - Updated row with Video_ID: BzHLtvU5wUU
[2026-05-15T16:19:39.706+0000] {data_modification.py:89} INFO - Updated row with Video_ID: QtUxo8z5JZ8
[2026-05-15T16:19:39.716+0000] {data_modification.py:89} INFO - Updated row with Video_ID: OdWGeddLfjA
[2026-05-15T16:19:39.724+0000] {data_modification.py:89} INFO - Updated row with Video_ID: AWmDCYIi6gE
[2026-05-15T16:19:39.733+0000] {data_modification.py:89} INFO - Updated row with Video_ID: 48_33_ErkMc
[2026-05-15T16:19:39.737+0000] {data_modification.py:89} INFO - Updated row with Video_ID: NZUAOzqsmZQ
[2026-05-15T16:19:39.741+0000] {data_modification.py:89} INFO - Updated row with Video_ID: YTa3AON4GTM
[2026-05-15T16:19:39.745+0000] {data_modification.py:89} INFO - Updated row with Video_ID: mVfqXXXUk8s
[2026-05-15T16:19:39.750+0000] {data_modification.py:89} INFO - Updated row with Video_ID: yIl7NpPaDQA
[2026-05-15T16:19:39.754+0000] {data_modification.py:89} INFO - Updated row with Video_ID: n-BD-2U3liM
[2026-05-15T16:19:39.766+0000] {data_modification.py:89} INFO - Updated row with Video_ID: nBXGwLO-_I8
[2026-05-15T16:19:39.770+0000] {data_modification.py:89} INFO - Updated row with Video_ID: CvIkxG80H08
[2026-05-15T16:19:39.775+0000] {data_modification.py:89} INFO - Updated row with Video_ID: W2__aceUvS4
[2026-05-15T16:19:39.783+0000] {data_modification.py:89} INFO - Updated row with Video_ID: OCMn7kp8u5Y
[2026-05-15T16:19:39.792+0000] {data_modification.py:89} INFO - Updated row with Video_ID: -wQ8LRRue4I
[2026-05-15T16:19:39.804+0000] {data_modification.py:89} INFO - Updated row with Video_ID: gQVs4kf2nS4
[2026-05-15T16:19:39.814+0000] {data_modification.py:89} INFO - Updated row with Video_ID: DdI1fqv6dSI
[2026-05-15T16:19:39.818+0000] {data_modification.py:89} INFO - Updated row with Video_ID: 6ZDsKg6r8AM
[2026-05-15T16:19:39.822+0000] {data_modification.py:89} INFO - Updated row with Video_ID: NkcktzuvYoQ
[2026-05-15T16:19:39.826+0000] {data_modification.py:89} INFO - Updated row with Video_ID: ZurRZP9fg4g
[2026-05-15T16:19:39.833+0000] {data_modification.py:89} INFO - Updated row with Video_ID: xHlntkDgBU8
[2026-05-15T16:19:39.837+0000] {data_modification.py:89} INFO - Updated row with Video_ID: ECWCBaVrZkY
[2026-05-15T16:19:39.841+0000] {data_modification.py:89} INFO - Updated row with Video_ID: XO1__7OXAuY
[2026-05-15T16:19:39.844+0000] {data_modification.py:89} INFO - Updated row with Video_ID: Rgmfjj-uAbE
[2026-05-15T16:19:39.849+0000] {data_modification.py:89} INFO - Updated row with Video_ID: x7xaoDSSc70
[2026-05-15T16:19:39.858+0000] {data_modification.py:89} INFO - Updated row with Video_ID: qnbbJfkbe-c
[2026-05-15T16:19:39.870+0000] {data_modification.py:89} INFO - Updated row with Video_ID: YxraaC7p-P0
[2026-05-15T16:19:39.881+0000] {data_modification.py:89} INFO - Updated row with Video_ID: abtumrSChvs
[2026-05-15T16:19:39.892+0000] {data_modification.py:89} INFO - Updated row with Video_ID: 7JvL5YWD7PQ
[2026-05-15T16:19:39.900+0000] {data_modification.py:89} INFO - Updated row with Video_ID: -xNeJAFBEuM
[2026-05-15T16:19:39.905+0000] {data_modification.py:89} INFO - Updated row with Video_ID: H3NjegFUHME
[2026-05-15T16:19:39.910+0000] {data_modification.py:89} INFO - Updated row with Video_ID: 0IE9rdRx0do
[2026-05-15T16:19:39.917+0000] {data_modification.py:89} INFO - Updated row with Video_ID: lFUan7x7zG4
[2026-05-15T16:19:39.922+0000] {data_modification.py:89} INFO - Updated row with Video_ID: ipLfGOGB0ik
[2026-05-15T16:19:39.927+0000] {data_modification.py:89} INFO - Updated row with Video_ID: hmuWjLeoDmc
[2026-05-15T16:19:39.936+0000] {data_modification.py:89} INFO - Updated row with Video_ID: oLfnCZ547K0
[2026-05-15T16:19:39.941+0000] {data_modification.py:89} INFO - Updated row with Video_ID: QLe5nR4KEaU
[2026-05-15T16:19:39.957+0000] {data_modification.py:89} INFO - Updated row with Video_ID: ksx7CNkYtwM
[2026-05-15T16:19:39.966+0000] {data_modification.py:89} INFO - Updated row with Video_ID: NU5N4quu-80
[2026-05-15T16:19:39.978+0000] {data_modification.py:89} INFO - Updated row with Video_ID: _V8WW6Pd2oY
[2026-05-15T16:19:39.989+0000] {data_modification.py:89} INFO - Updated row with Video_ID: _s0et3Bgnok
[2026-05-15T16:19:39.994+0000] {data_modification.py:89} INFO - Updated row with Video_ID: 2kAJrkrqU84
[2026-05-15T16:19:40.002+0000] {data_modification.py:89} INFO - Updated row with Video_ID: xHtKH55xyGo
[2026-05-15T16:19:40.009+0000] {data_modification.py:89} INFO - Updated row with Video_ID: qhiybSbLJeI
[2026-05-15T16:19:40.019+0000] {data_modification.py:89} INFO - Updated row with Video_ID: u5Ztk4EJclw
[2026-05-15T16:19:40.028+0000] {data_modification.py:89} INFO - Updated row with Video_ID: fQ2EELn_5Po
[2026-05-15T16:19:40.035+0000] {data_modification.py:89} INFO - Updated row with Video_ID: Ai-BbO_kTO0
[2026-05-15T16:19:40.040+0000] {data_modification.py:89} INFO - Updated row with Video_ID: 1TlsNCEYhNg
[2026-05-15T16:19:40.049+0000] {data_modification.py:89} INFO - Updated row with Video_ID: J7BSPR7p0lg
[2026-05-15T16:19:40.059+0000] {data_modification.py:89} INFO - Updated row with Video_ID: CHyK-12xKYk
[2026-05-15T16:19:40.076+0000] {data_modification.py:89} INFO - Updated row with Video_ID: aBPcGGmx6uQ
[2026-05-15T16:19:40.092+0000] {data_modification.py:89} INFO - Updated row with Video_ID: 0RFs9LYOu9c
[2026-05-15T16:19:40.102+0000] {data_modification.py:89} INFO - Updated row with Video_ID: S-OZn6mx8CM
[2026-05-15T16:19:40.106+0000] {data_modification.py:89} INFO - Updated row with Video_ID: Ja9CNXZ9y3A
[2026-05-15T16:19:40.110+0000] {data_modification.py:89} INFO - Updated row with Video_ID: FZcgg-y1DMw
[2026-05-15T16:19:40.115+0000] {data_modification.py:89} INFO - Updated row with Video_ID: S1r0S-Ey4tg
[2026-05-15T16:19:40.120+0000] {data_modification.py:89} INFO - Updated row with Video_ID: qq_E_LAU2Rw
[2026-05-15T16:19:40.125+0000] {data_modification.py:89} INFO - Updated row with Video_ID: MMoeLzZxqR0
[2026-05-15T16:19:40.132+0000] {data_modification.py:89} INFO - Updated row with Video_ID: c16Fm9Yq3lI
[2026-05-15T16:19:40.141+0000] {data_modification.py:89} INFO - Updated row with Video_ID: Mm4bEUiLrcc
[2026-05-15T16:19:40.156+0000] {data_modification.py:89} INFO - Updated row with Video_ID: GpolEPXE_AY
[2026-05-15T16:19:40.166+0000] {data_modification.py:89} INFO - Updated row with Video_ID: 4qUV9LCnW0c
[2026-05-15T16:19:40.175+0000] {data_modification.py:89} INFO - Updated row with Video_ID: wDft2C-tLQU
[2026-05-15T16:19:40.182+0000] {data_modification.py:89} INFO - Updated row with Video_ID: BK-qqTcG3A8
[2026-05-15T16:19:40.186+0000] {data_modification.py:89} INFO - Updated row with Video_ID: 2i6U_XbzqVg
[2026-05-15T16:19:40.193+0000] {data_modification.py:89} INFO - Updated row with Video_ID: oS3S3_6mD5s
[2026-05-15T16:19:40.199+0000] {data_modification.py:89} INFO - Updated row with Video_ID: GCKmR0NQPIU
[2026-05-15T16:19:40.204+0000] {data_modification.py:89} INFO - Updated row with Video_ID: Rugd43YkdCw
[2026-05-15T16:19:40.208+0000] {data_modification.py:89} INFO - Updated row with Video_ID: Hoz1ayzDm3Q
[2026-05-15T16:19:40.216+0000] {data_modification.py:89} INFO - Updated row with Video_ID: ITbXwx1K3P0
[2026-05-15T16:19:40.231+0000] {data_modification.py:89} INFO - Updated row with Video_ID: 1dqbS7gPHlY
[2026-05-15T16:19:40.241+0000] {data_modification.py:89} INFO - Updated row with Video_ID: QdqrhPIbypE
[2026-05-15T16:19:40.251+0000] {data_modification.py:89} INFO - Updated row with Video_ID: kIa7ygPOzaY
[2026-05-15T16:19:40.288+0000] {data_modification.py:89} INFO - Updated row with Video_ID: EpqZkBqG8JM
[2026-05-15T16:19:40.299+0000] {data_modification.py:89} INFO - Updated row with Video_ID: kKyKS4T4ICw
[2026-05-15T16:19:40.318+0000] {data_modification.py:89} INFO - Updated row with Video_ID: tB5SXmeMgko
[2026-05-15T16:19:40.337+0000] {data_modification.py:89} INFO - Updated row with Video_ID: H69aUIdAKmw
[2026-05-15T16:19:40.345+0000] {data_modification.py:89} INFO - Updated row with Video_ID: 27WHSYrQp1w
[2026-05-15T16:19:40.352+0000] {data_modification.py:89} INFO - Updated row with Video_ID: ITB8_mkW0sQ
[2026-05-15T16:19:40.356+0000] {data_modification.py:89} INFO - Updated row with Video_ID: xEBZ8RayqNw
[2026-05-15T16:19:40.363+0000] {data_modification.py:89} INFO - Updated row with Video_ID: aqZY6mBy6xk
[2026-05-15T16:19:40.369+0000] {data_modification.py:89} INFO - Updated row with Video_ID: OXU9qO-y9wI
[2026-05-15T16:19:40.381+0000] {data_modification.py:89} INFO - Updated row with Video_ID: cQi7P8ZEDMc
[2026-05-15T16:19:40.392+0000] {data_modification.py:89} INFO - Updated row with Video_ID: 0aG-WMx5yT8
[2026-05-15T16:19:40.408+0000] {data_modification.py:89} INFO - Updated row with Video_ID: TNxOJYnu3CM
[2026-05-15T16:19:40.434+0000] {data_modification.py:89} INFO - Updated row with Video_ID: hW3EM-P4WIg
[2026-05-15T16:19:40.442+0000] {data_modification.py:89} INFO - Updated row with Video_ID: 865ybYj-qrY
[2026-05-15T16:19:40.459+0000] {data_modification.py:89} INFO - Updated row with Video_ID: XTZhYSD_xrE
[2026-05-15T16:19:40.468+0000] {data_modification.py:89} INFO - Updated row with Video_ID: G9gLrvtBtts
[2026-05-15T16:19:40.482+0000] {data_modification.py:89} INFO - Updated row with Video_ID: 6zWmSXLwojM
[2026-05-15T16:19:40.497+0000] {data_modification.py:89} INFO - Updated row with Video_ID: o0n5vDzBCA4
[2026-05-15T16:19:40.503+0000] {data_modification.py:89} INFO - Updated row with Video_ID: jazDA_eD4Yo
[2026-05-15T16:19:40.510+0000] {data_modification.py:89} INFO - Updated row with Video_ID: hMjqvRK8n68
[2026-05-15T16:19:40.526+0000] {data_modification.py:89} INFO - Updated row with Video_ID: dzwfSfijxw4
[2026-05-15T16:19:40.547+0000] {data_modification.py:89} INFO - Updated row with Video_ID: AqZ6jWKv4vo
[2026-05-15T16:19:40.560+0000] {data_modification.py:89} INFO - Updated row with Video_ID: UpjTL50wCvU
[2026-05-15T16:19:40.573+0000] {data_modification.py:89} INFO - Updated row with Video_ID: _jI6aLhCfrM
[2026-05-15T16:19:40.578+0000] {data_modification.py:89} INFO - Updated row with Video_ID: daafYYiDils
[2026-05-15T16:19:40.590+0000] {data_modification.py:89} INFO - Updated row with Video_ID: sqlfokv3__M
[2026-05-15T16:19:40.599+0000] {data_modification.py:89} INFO - Updated row with Video_ID: wTDdgHUZqE8
[2026-05-15T16:19:40.605+0000] {data_modification.py:89} INFO - Updated row with Video_ID: dVtQqKKKtQ0
[2026-05-15T16:19:40.610+0000] {data_modification.py:89} INFO - Updated row with Video_ID: prvsRJAK1DI
[2026-05-15T16:19:40.618+0000] {data_modification.py:89} INFO - Updated row with Video_ID: ElepyddY7hU
[2026-05-15T16:19:40.638+0000] {data_modification.py:89} INFO - Updated row with Video_ID: QyCafdUEUGc
[2026-05-15T16:19:40.651+0000] {data_modification.py:89} INFO - Updated row with Video_ID: Iy_hSYCBlyk
[2026-05-15T16:19:40.665+0000] {data_modification.py:89} INFO - Updated row with Video_ID: sxyNcFMY1Bw
[2026-05-15T16:19:40.683+0000] {data_modification.py:89} INFO - Updated row with Video_ID: HhRXDBHYVu8
[2026-05-15T16:19:40.709+0000] {data_modification.py:89} INFO - Updated row with Video_ID: wQHgSx9ErJI
[2026-05-15T16:19:40.723+0000] {data_modification.py:89} INFO - Updated row with Video_ID: hFX1RL3KAJA
[2026-05-15T16:19:40.733+0000] {data_modification.py:89} INFO - Updated row with Video_ID: ol6uuAxIYHM
[2026-05-15T16:19:40.746+0000] {data_modification.py:89} INFO - Updated row with Video_ID: 7Z9ysRakaLY
[2026-05-15T16:19:40.751+0000] {data_modification.py:89} INFO - Updated row with Video_ID: YGU5xzDnhPk
[2026-05-15T16:19:40.768+0000] {data_modification.py:89} INFO - Updated row with Video_ID: 75F7Xf9UZ-M
[2026-05-15T16:19:40.778+0000] {data_modification.py:89} INFO - Updated row with Video_ID: G1MLIUKOmZY
[2026-05-15T16:19:40.784+0000] {data_modification.py:89} INFO - Updated row with Video_ID: HUlFfZtkGYs
[2026-05-15T16:19:40.789+0000] {data_modification.py:89} INFO - Updated row with Video_ID: sy_hEqP_NVs
[2026-05-15T16:19:40.793+0000] {data_modification.py:89} INFO - Updated row with Video_ID: oBs_P6pY2WY
[2026-05-15T16:19:40.799+0000] {data_modification.py:89} INFO - Updated row with Video_ID: SUP3JZs8HF0
[2026-05-15T16:19:40.808+0000] {data_modification.py:89} INFO - Updated row with Video_ID: zvW-s7gvAI8
[2026-05-15T16:19:40.817+0000] {data_modification.py:89} INFO - Updated row with Video_ID: dAZrEtLEfx4
[2026-05-15T16:19:40.826+0000] {data_modification.py:89} INFO - Updated row with Video_ID: Ig0Qkx7IbaM
[2026-05-15T16:19:40.862+0000] {data_modification.py:89} INFO - Updated row with Video_ID: u4mFV3bbwrU
[2026-05-15T16:19:40.882+0000] {data_modification.py:89} INFO - Updated row with Video_ID: Lyowhc-kbZI
[2026-05-15T16:19:40.907+0000] {data_modification.py:89} INFO - Updated row with Video_ID: gO2qskypnpQ
[2026-05-15T16:19:40.924+0000] {data_modification.py:89} INFO - Updated row with Video_ID: DTnh7EC8T9o
[2026-05-15T16:19:40.961+0000] {data_modification.py:89} INFO - Updated row with Video_ID: Jtzd2iyiF6A
[2026-05-15T16:19:40.983+0000] {data_modification.py:89} INFO - Updated row with Video_ID: 0DXZnId1WcI
[2026-05-15T16:19:41.010+0000] {data_modification.py:89} INFO - Updated row with Video_ID: 5w2CnFd4tLI
[2026-05-15T16:19:41.033+0000] {data_modification.py:89} INFO - Updated row with Video_ID: Oz3iZhj3N3w
[2026-05-15T16:19:41.053+0000] {data_modification.py:89} INFO - Updated row with Video_ID: se4oESNri_E
[2026-05-15T16:19:41.083+0000] {data_modification.py:89} INFO - Updated row with Video_ID: 6nOGNZm_O5Y
[2026-05-15T16:19:41.115+0000] {data_modification.py:89} INFO - Updated row with Video_ID: RVwWDZlrEls
[2026-05-15T16:19:41.137+0000] {data_modification.py:89} INFO - Updated row with Video_ID: LT7GUTnvobQ
[2026-05-15T16:19:41.182+0000] {data_modification.py:89} INFO - Updated row with Video_ID: ZLjkQKJXssA
[2026-05-15T16:19:41.209+0000] {data_modification.py:89} INFO - Updated row with Video_ID: cG7Mq1NMhg0
[2026-05-15T16:19:41.238+0000] {data_modification.py:89} INFO - Updated row with Video_ID: 4Mv5AMocRIc
[2026-05-15T16:19:41.315+0000] {data_modification.py:89} INFO - Updated row with Video_ID: EhrwIqKtgvo
[2026-05-15T16:19:41.361+0000] {data_modification.py:89} INFO - Updated row with Video_ID: WEg0nWh1DqA
[2026-05-15T16:19:41.378+0000] {data_modification.py:89} INFO - Updated row with Video_ID: LSzN1O7OmfE
[2026-05-15T16:19:41.388+0000] {data_modification.py:89} INFO - Updated row with Video_ID: tU1YFufeusg
[2026-05-15T16:19:41.401+0000] {data_modification.py:89} INFO - Updated row with Video_ID: dnlkNmtvXlc
[2026-05-15T16:19:41.466+0000] {data_modification.py:89} INFO - Updated row with Video_ID: nW-gCDM1Geo
[2026-05-15T16:19:41.521+0000] {data_modification.py:89} INFO - Updated row with Video_ID: U20LvEYToJI
[2026-05-15T16:19:41.566+0000] {data_modification.py:89} INFO - Updated row with Video_ID: W5TmdV4KUtM
[2026-05-15T16:19:41.586+0000] {data_modification.py:89} INFO - Updated row with Video_ID: _BnFLSyAEYo
[2026-05-15T16:19:41.605+0000] {data_modification.py:89} INFO - Updated row with Video_ID: ex72PiLpM24
[2026-05-15T16:19:41.619+0000] {data_modification.py:89} INFO - Updated row with Video_ID: TIvwwk_aOII
[2026-05-15T16:19:41.662+0000] {data_modification.py:89} INFO - Updated row with Video_ID: io2lc3CecQU
[2026-05-15T16:19:41.692+0000] {data_modification.py:89} INFO - Updated row with Video_ID: ERUcXK9jCRE
[2026-05-15T16:19:41.703+0000] {data_modification.py:89} INFO - Updated row with Video_ID: 9T9v7e_b6fk
[2026-05-15T16:19:41.741+0000] {data_modification.py:89} INFO - Updated row with Video_ID: QhmvpnrKziE
[2026-05-15T16:19:41.757+0000] {data_modification.py:89} INFO - Updated row with Video_ID: T7_gZXViIBg
[2026-05-15T16:19:41.794+0000] {data_modification.py:89} INFO - Updated row with Video_ID: uSB2sIYMHRo
[2026-05-15T16:19:41.817+0000] {data_modification.py:89} INFO - Updated row with Video_ID: tDNGrALSvUU
[2026-05-15T16:19:41.850+0000] {data_modification.py:89} INFO - Updated row with Video_ID: 4veyomif1t4
[2026-05-15T16:19:41.898+0000] {data_modification.py:89} INFO - Updated row with Video_ID: ClxDhGGgMi8
[2026-05-15T16:19:41.918+0000] {data_modification.py:89} INFO - Updated row with Video_ID: -Fwx-YDj7qQ
[2026-05-15T16:19:41.931+0000] {data_modification.py:89} INFO - Updated row with Video_ID: 77ej7j-Ajqc
[2026-05-15T16:19:41.979+0000] {data_modification.py:89} INFO - Updated row with Video_ID: qjYHMPhNPGU
[2026-05-15T16:19:42.001+0000] {data_modification.py:89} INFO - Updated row with Video_ID: zjY7jWYcAx8
[2026-05-15T16:19:42.011+0000] {data_modification.py:89} INFO - Updated row with Video_ID: s1fu9IySPUI
[2026-05-15T16:19:42.025+0000] {data_modification.py:89} INFO - Updated row with Video_ID: 0MrbtiCtEWM
[2026-05-15T16:19:42.039+0000] {data_modification.py:89} INFO - Updated row with Video_ID: 5KBxIUD8qpE
[2026-05-15T16:19:42.049+0000] {data_modification.py:89} INFO - Updated row with Video_ID: CZQAsN2P_mE
[2026-05-15T16:19:42.065+0000] {data_modification.py:89} INFO - Updated row with Video_ID: 2T5opNgf5XQ
[2026-05-15T16:19:42.073+0000] {data_modification.py:89} INFO - Updated row with Video_ID: kbB52xvFpg8
[2026-05-15T16:19:42.081+0000] {data_modification.py:89} INFO - Updated row with Video_ID: _VPsk32kZoc
[2026-05-15T16:19:42.110+0000] {data_modification.py:89} INFO - Updated row with Video_ID: ZoyNnoST7k4
[2026-05-15T16:19:42.136+0000] {data_modification.py:89} INFO - Updated row with Video_ID: 8grvaEi8j_Y
[2026-05-15T16:19:42.172+0000] {data_modification.py:89} INFO - Updated row with Video_ID: lCrPp8ozTn8
[2026-05-15T16:19:42.199+0000] {data_modification.py:89} INFO - Updated row with Video_ID: 7RB448PGavE
[2026-05-15T16:19:42.240+0000] {data_modification.py:89} INFO - Updated row with Video_ID: qXPlqIvDRhE
[2026-05-15T16:19:42.252+0000] {data_modification.py:89} INFO - Updated row with Video_ID: TgssO4ELmRY
[2026-05-15T16:19:42.266+0000] {data_modification.py:89} INFO - Updated row with Video_ID: Oaj8onmqAwU
[2026-05-15T16:19:42.275+0000] {data_modification.py:89} INFO - Updated row with Video_ID: gxhP-eq42FY
[2026-05-15T16:19:42.287+0000] {data_modification.py:89} INFO - Updated row with Video_ID: 8exq9Zk2WVU
[2026-05-15T16:19:42.306+0000] {data_modification.py:89} INFO - Updated row with Video_ID: wA9oMNEQJwU
[2026-05-15T16:19:42.310+0000] {data_modification.py:89} INFO - Updated row with Video_ID: ZDPmLe5Fwjk
[2026-05-15T16:19:42.316+0000] {data_modification.py:89} INFO - Updated row with Video_ID: eXD29g2xIKU
[2026-05-15T16:19:42.319+0000] {data_modification.py:89} INFO - Updated row with Video_ID: Cmu9wXkR_R8
[2026-05-15T16:19:42.324+0000] {data_modification.py:89} INFO - Updated row with Video_ID: wbczD47txBw
[2026-05-15T16:19:42.329+0000] {data_modification.py:89} INFO - Updated row with Video_ID: Hs4L5k3KuDI
[2026-05-15T16:19:42.337+0000] {data_modification.py:89} INFO - Updated row with Video_ID: sCmYFlmFTvI
[2026-05-15T16:19:42.347+0000] {data_modification.py:89} INFO - Updated row with Video_ID: EOwktj9V2hY
[2026-05-15T16:19:42.356+0000] {data_modification.py:89} INFO - Updated row with Video_ID: pfI_BqkcV7c
[2026-05-15T16:19:42.365+0000] {data_modification.py:89} INFO - Updated row with Video_ID: c60l0crNOys
[2026-05-15T16:19:42.377+0000] {data_modification.py:89} INFO - Updated row with Video_ID: bw2jRhbGG48
[2026-05-15T16:19:42.410+0000] {data_modification.py:89} INFO - Updated row with Video_ID: ZN_s6zlui2s
[2026-05-15T16:19:42.452+0000] {data_modification.py:89} INFO - Updated row with Video_ID: KcpJD54QALk
[2026-05-15T16:19:42.482+0000] {data_modification.py:89} INFO - Updated row with Video_ID: ScIWck2RNpA
[2026-05-15T16:19:42.500+0000] {data_modification.py:89} INFO - Updated row with Video_ID: ArC2TESZCXk
[2026-05-15T16:19:42.518+0000] {data_modification.py:89} INFO - Updated row with Video_ID: Vr0IWtMQlZM
[2026-05-15T16:19:42.543+0000] {data_modification.py:89} INFO - Updated row with Video_ID: S_QW27b8p6M
[2026-05-15T16:19:42.566+0000] {data_modification.py:89} INFO - Updated row with Video_ID: mvnyO4LPKsw
[2026-05-15T16:19:42.575+0000] {data_modification.py:89} INFO - Updated row with Video_ID: tjXB9O3NXKg
[2026-05-15T16:19:42.609+0000] {data_modification.py:89} INFO - Updated row with Video_ID: O5lHMnJBfVg
[2026-05-15T16:19:42.632+0000] {data_modification.py:89} INFO - Updated row with Video_ID: vCHiqT9YK3c
[2026-05-15T16:19:42.648+0000] {data_modification.py:89} INFO - Updated row with Video_ID: 3CVFYuCBwaM
[2026-05-15T16:19:42.657+0000] {data_modification.py:89} INFO - Updated row with Video_ID: 4giRDLfHTpA
[2026-05-15T16:19:42.665+0000] {data_modification.py:89} INFO - Updated row with Video_ID: HpOu2I_43Zs
[2026-05-15T16:19:42.670+0000] {data_modification.py:89} INFO - Updated row with Video_ID: PjSR8TgqlUA
[2026-05-15T16:19:42.676+0000] {data_modification.py:89} INFO - Updated row with Video_ID: -dwri_zSHCU
[2026-05-15T16:19:42.691+0000] {data_modification.py:89} INFO - Updated row with Video_ID: VrQ-19ASeyM
[2026-05-15T16:19:42.700+0000] {data_modification.py:89} INFO - Updated row with Video_ID: z1KOrVKYBnU
[2026-05-15T16:19:42.709+0000] {data_modification.py:89} INFO - Updated row with Video_ID: 4RfxTXkjnpI
[2026-05-15T16:19:42.718+0000] {data_modification.py:89} INFO - Updated row with Video_ID: nh0wYLGECr4
[2026-05-15T16:19:42.722+0000] {data_modification.py:89} INFO - Updated row with Video_ID: BJvMXDf-a-8
[2026-05-15T16:19:42.732+0000] {data_modification.py:89} INFO - Updated row with Video_ID: IMW9QzzU7yI
[2026-05-15T16:19:42.740+0000] {data_modification.py:89} INFO - Updated row with Video_ID: fcojFtLtMBM
[2026-05-15T16:19:42.750+0000] {data_modification.py:89} INFO - Updated row with Video_ID: eXTlTv02Gec
[2026-05-15T16:19:42.759+0000] {data_modification.py:89} INFO - Updated row with Video_ID: Iid8AT7DVZY
[2026-05-15T16:19:42.765+0000] {data_modification.py:89} INFO - Updated row with Video_ID: vo2Uc76_ncw
[2026-05-15T16:19:42.769+0000] {data_modification.py:89} INFO - Updated row with Video_ID: 8FI7pIzanqQ
[2026-05-15T16:19:42.773+0000] {data_modification.py:89} INFO - Updated row with Video_ID: nfTPudBgOxQ
[2026-05-15T16:19:42.783+0000] {data_modification.py:89} INFO - Updated row with Video_ID: 2eGs642CWwc
[2026-05-15T16:19:42.788+0000] {data_modification.py:89} INFO - Updated row with Video_ID: I6nJU8Xhjck
[2026-05-15T16:19:42.794+0000] {data_modification.py:89} INFO - Updated row with Video_ID: qQ0Q_P4YF70
[2026-05-15T16:19:42.804+0000] {data_modification.py:89} INFO - Updated row with Video_ID: 3JHRC9PWvhY
[2026-05-15T16:19:42.849+0000] {data_modification.py:89} INFO - Updated row with Video_ID: MwEk6Cidan8
[2026-05-15T16:19:42.855+0000] {data_modification.py:89} INFO - Updated row with Video_ID: DXcfS05M2tI
[2026-05-15T16:19:42.877+0000] {data_modification.py:89} INFO - Updated row with Video_ID: ElJWOJdvw70
[2026-05-15T16:19:42.900+0000] {data_modification.py:89} INFO - Updated row with Video_ID: OzCTl33Sgcg
[2026-05-15T16:19:42.920+0000] {data_modification.py:89} INFO - Updated row with Video_ID: 6gW-sgtprdk
[2026-05-15T16:19:42.938+0000] {data_modification.py:89} INFO - Updated row with Video_ID: KGNlGLhbDXw
[2026-05-15T16:19:42.947+0000] {data_modification.py:89} INFO - Updated row with Video_ID: F1HwH05ATsw
[2026-05-15T16:19:42.951+0000] {data_modification.py:89} INFO - Updated row with Video_ID: ndCFzaMCY5s
[2026-05-15T16:19:42.955+0000] {data_modification.py:89} INFO - Updated row with Video_ID: htYVYe8dNSg
[2026-05-15T16:19:42.958+0000] {data_modification.py:89} INFO - Updated row with Video_ID: F-VQFW64buM
[2026-05-15T16:19:42.963+0000] {data_modification.py:89} INFO - Updated row with Video_ID: a7AyHaIr-Rg
[2026-05-15T16:19:42.967+0000] {data_modification.py:89} INFO - Updated row with Video_ID: NxfI4kFFSj0
[2026-05-15T16:19:42.971+0000] {data_modification.py:89} INFO - Updated row with Video_ID: XSVNNtOd6-I
[2026-05-15T16:19:42.974+0000] {data_modification.py:89} INFO - Updated row with Video_ID: UQLumeMcjRA
[2026-05-15T16:19:42.978+0000] {data_modification.py:89} INFO - Updated row with Video_ID: 9XFIa7JRKa8
[2026-05-15T16:19:42.989+0000] {data_modification.py:89} INFO - Updated row with Video_ID: kxfWsWH22nw
[2026-05-15T16:19:42.999+0000] {data_modification.py:89} INFO - Updated row with Video_ID: Tqk0pNb0WTo
[2026-05-15T16:19:43.009+0000] {data_modification.py:89} INFO - Updated row with Video_ID: Ta6FevR6vKs
[2026-05-15T16:19:43.022+0000] {data_modification.py:89} INFO - Updated row with Video_ID: sefWEHLhuLs
[2026-05-15T16:19:43.025+0000] {data_modification.py:89} INFO - Updated row with Video_ID: VLZ6nr9fmSw
[2026-05-15T16:19:43.031+0000] {data_modification.py:89} INFO - Updated row with Video_ID: F8LiEUljcpQ
[2026-05-15T16:19:43.035+0000] {data_modification.py:89} INFO - Updated row with Video_ID: sQ2Rnlrc2kA
[2026-05-15T16:19:43.039+0000] {data_modification.py:89} INFO - Updated row with Video_ID: F0MGrXLVomA
[2026-05-15T16:19:43.042+0000] {data_modification.py:89} INFO - Updated row with Video_ID: 2IHXepRJVYY
[2026-05-15T16:19:43.048+0000] {data_modification.py:89} INFO - Updated row with Video_ID: njCQsBT5W0M
[2026-05-15T16:19:43.052+0000] {data_modification.py:89} INFO - Updated row with Video_ID: HKmc_5gY2Nc
[2026-05-15T16:19:43.056+0000] {data_modification.py:89} INFO - Updated row with Video_ID: SveyXbz0hdE
[2026-05-15T16:19:43.066+0000] {data_modification.py:89} INFO - Updated row with Video_ID: _m4mHPtqi_M
[2026-05-15T16:19:43.076+0000] {data_modification.py:89} INFO - Updated row with Video_ID: o4Z8vFdcFUs
[2026-05-15T16:19:43.088+0000] {data_modification.py:89} INFO - Updated row with Video_ID: FtYSUASm0h0
[2026-05-15T16:19:43.098+0000] {data_modification.py:89} INFO - Updated row with Video_ID: E8hWeBO7Rw8
[2026-05-15T16:19:43.101+0000] {data_modification.py:89} INFO - Updated row with Video_ID: 00WhGNfM2qQ
[2026-05-15T16:19:43.106+0000] {data_modification.py:89} INFO - Updated row with Video_ID: LaqBcXzQ_nk
[2026-05-15T16:19:43.109+0000] {data_modification.py:89} INFO - Updated row with Video_ID: MwUol1US4K0
[2026-05-15T16:19:43.115+0000] {data_modification.py:89} INFO - Updated row with Video_ID: N4IX7lciEE8
[2026-05-15T16:19:43.130+0000] {data_modification.py:89} INFO - Updated row with Video_ID: 4O5ufFsvj_I
[2026-05-15T16:19:43.134+0000] {data_modification.py:89} INFO - Updated row with Video_ID: xpL0HE14HYQ
[2026-05-15T16:19:43.154+0000] {data_modification.py:89} INFO - Updated row with Video_ID: XG51WSIeBZA
[2026-05-15T16:19:43.171+0000] {data_modification.py:89} INFO - Updated row with Video_ID: zLFn92wFmFM
[2026-05-15T16:19:43.183+0000] {data_modification.py:89} INFO - Updated row with Video_ID: rQDxXVus4bA
[2026-05-15T16:19:43.196+0000] {data_modification.py:89} INFO - Updated row with Video_ID: i5qZUENQvOc
[2026-05-15T16:19:43.209+0000] {data_modification.py:89} INFO - Updated row with Video_ID: ax0E2RNu4eA
[2026-05-15T16:19:43.217+0000] {data_modification.py:89} INFO - Updated row with Video_ID: h3EIKSFzXpg
[2026-05-15T16:19:43.232+0000] {data_modification.py:89} INFO - Updated row with Video_ID: nTIyF3Gd_54
[2026-05-15T16:19:43.243+0000] {data_modification.py:89} INFO - Updated row with Video_ID: zJ7iZO3udCo
[2026-05-15T16:19:43.252+0000] {data_modification.py:89} INFO - Updated row with Video_ID: cRyFf2VqpfE
[2026-05-15T16:19:43.267+0000] {data_modification.py:89} INFO - Updated row with Video_ID: oUWq83PWh50
[2026-05-15T16:19:43.275+0000] {data_modification.py:89} INFO - Updated row with Video_ID: EJZPde26khc
[2026-05-15T16:19:43.286+0000] {data_modification.py:89} INFO - Updated row with Video_ID: IbnG7LU5evU
[2026-05-15T16:19:43.296+0000] {data_modification.py:89} INFO - Updated row with Video_ID: mICHfRhbjyY
[2026-05-15T16:19:43.306+0000] {data_modification.py:89} INFO - Updated row with Video_ID: ODLOQ1GWv2I
[2026-05-15T16:19:43.315+0000] {data_modification.py:89} INFO - Updated row with Video_ID: 6axqFqbNbtg
[2026-05-15T16:19:43.321+0000] {data_modification.py:89} INFO - Updated row with Video_ID: dRqfe4zvYjk
[2026-05-15T16:19:43.325+0000] {data_modification.py:89} INFO - Updated row with Video_ID: QlFVcKWU0ps
[2026-05-15T16:19:43.329+0000] {data_modification.py:89} INFO - Updated row with Video_ID: UaKvj8s8290
[2026-05-15T16:19:43.333+0000] {data_modification.py:89} INFO - Updated row with Video_ID: pPc3ABmTljU
[2026-05-15T16:19:43.338+0000] {data_modification.py:89} INFO - Updated row with Video_ID: NlNSd1VD9gA
[2026-05-15T16:19:43.342+0000] {data_modification.py:89} INFO - Updated row with Video_ID: RL0TOdsRuZY
[2026-05-15T16:19:43.347+0000] {data_modification.py:89} INFO - Updated row with Video_ID: ea2ikrNTq4U
[2026-05-15T16:19:43.350+0000] {data_modification.py:89} INFO - Updated row with Video_ID: byWe-o5tT5I
[2026-05-15T16:19:43.359+0000] {data_modification.py:89} INFO - Updated row with Video_ID: tREPiI1mmUo
[2026-05-15T16:19:43.369+0000] {data_modification.py:89} INFO - Updated row with Video_ID: A5aj-P1y9bo
[2026-05-15T16:19:43.380+0000] {data_modification.py:89} INFO - Updated row with Video_ID: NcS8Cs0bH0c
[2026-05-15T16:19:43.389+0000] {data_modification.py:89} INFO - Updated row with Video_ID: JNIjJ3VNY74
[2026-05-15T16:19:43.392+0000] {data_modification.py:89} INFO - Updated row with Video_ID: h3LW7VFAZiw
[2026-05-15T16:19:43.398+0000] {data_modification.py:89} INFO - Updated row with Video_ID: 3-goyX7I_2g
[2026-05-15T16:19:43.402+0000] {data_modification.py:89} INFO - Updated row with Video_ID: Xd_NIocZLdE
[2026-05-15T16:19:43.406+0000] {data_modification.py:89} INFO - Updated row with Video_ID: rrvgr3GsCE0
[2026-05-15T16:19:43.409+0000] {data_modification.py:89} INFO - Updated row with Video_ID: mPGGCzA96og
[2026-05-15T16:19:43.415+0000] {data_modification.py:89} INFO - Updated row with Video_ID: E1V1GS5y-SQ
[2026-05-15T16:19:43.419+0000] {data_modification.py:89} INFO - Updated row with Video_ID: G1ddI_HRT_s
[2026-05-15T16:19:43.425+0000] {data_modification.py:89} INFO - Updated row with Video_ID: BAkcW51Ce2U
[2026-05-15T16:19:43.443+0000] {data_modification.py:89} INFO - Updated row with Video_ID: r3pA1kc4iW0
[2026-05-15T16:19:43.469+0000] {data_modification.py:89} INFO - Updated row with Video_ID: UvOAvXtrTXI
[2026-05-15T16:19:43.492+0000] {data_modification.py:89} INFO - Updated row with Video_ID: VS7oeBygdoQ
[2026-05-15T16:19:43.506+0000] {data_modification.py:89} INFO - Updated row with Video_ID: 2Bnz3ebnfFM
[2026-05-15T16:19:43.517+0000] {data_modification.py:89} INFO - Updated row with Video_ID: _z2gKbiSICM
[2026-05-15T16:19:43.522+0000] {data_modification.py:89} INFO - Updated row with Video_ID: 8YVAWNEiIng
[2026-05-15T16:19:43.526+0000] {data_modification.py:89} INFO - Updated row with Video_ID: AY5wIw_aob8
[2026-05-15T16:19:43.531+0000] {data_modification.py:89} INFO - Updated row with Video_ID: ALNdsB-U1Tc
[2026-05-15T16:19:43.535+0000] {data_modification.py:89} INFO - Updated row with Video_ID: -6W8ao3DzVc
[2026-05-15T16:19:43.541+0000] {data_modification.py:89} INFO - Updated row with Video_ID: uMB_bp_IXrw
[2026-05-15T16:19:43.564+0000] {data_modification.py:89} INFO - Updated row with Video_ID: NWumy0GoVb4
[2026-05-15T16:19:43.574+0000] {data_modification.py:89} INFO - Updated row with Video_ID: QX_zlRIcoNs
[2026-05-15T16:19:43.592+0000] {data_modification.py:89} INFO - Updated row with Video_ID: ITUa_qQgPvo
[2026-05-15T16:19:43.620+0000] {data_modification.py:89} INFO - Updated row with Video_ID: WSqmpziuCV0
[2026-05-15T16:19:43.645+0000] {data_modification.py:89} INFO - Updated row with Video_ID: PLp4qHgb2Ok
[2026-05-15T16:19:43.656+0000] {data_modification.py:89} INFO - Updated row with Video_ID: dWnoH-Pk4Zs
[2026-05-15T16:19:43.669+0000] {data_modification.py:89} INFO - Updated row with Video_ID: ddIYYEY_HU0
[2026-05-15T16:19:43.686+0000] {data_modification.py:89} INFO - Updated row with Video_ID: _hnizrzkDqk
[2026-05-15T16:19:43.692+0000] {data_modification.py:89} INFO - Updated row with Video_ID: JFuscy1jTqg
[2026-05-15T16:19:43.707+0000] {data_modification.py:89} INFO - Updated row with Video_ID: VOjgKBLtzSE
[2026-05-15T16:19:43.716+0000] {data_modification.py:89} INFO - Updated row with Video_ID: iTFeI7a5orM
[2026-05-15T16:19:43.722+0000] {data_modification.py:89} INFO - Updated row with Video_ID: 0Aoug0HWTQQ
[2026-05-15T16:19:43.731+0000] {data_modification.py:89} INFO - Updated row with Video_ID: ts6PUjxmzSs
[2026-05-15T16:19:43.743+0000] {data_modification.py:89} INFO - Updated row with Video_ID: 6dpoiGrL88s
[2026-05-15T16:19:43.757+0000] {data_modification.py:89} INFO - Updated row with Video_ID: VMbjBu86OZU
[2026-05-15T16:19:43.762+0000] {data_modification.py:89} INFO - Updated row with Video_ID: ExRXp8M_lv0
[2026-05-15T16:19:43.768+0000] {data_modification.py:89} INFO - Updated row with Video_ID: 7qgJ30zJgOI
[2026-05-15T16:19:43.773+0000] {data_modification.py:89} INFO - Updated row with Video_ID: J2jy69parHc
[2026-05-15T16:19:43.777+0000] {data_modification.py:89} INFO - Updated row with Video_ID: UwAgTic1430
[2026-05-15T16:19:43.782+0000] {data_modification.py:89} INFO - Updated row with Video_ID: 4HbEHtRDIl0
[2026-05-15T16:19:43.789+0000] {data_modification.py:89} INFO - Updated row with Video_ID: MG_w2bPZsKI
[2026-05-15T16:19:43.792+0000] {data_modification.py:89} INFO - Updated row with Video_ID: ia62cqsPexc
[2026-05-15T16:19:43.798+0000] {data_modification.py:89} INFO - Updated row with Video_ID: VE5_YXrWNvk
[2026-05-15T16:19:43.810+0000] {data_modification.py:89} INFO - Updated row with Video_ID: H98Kc7AAqow
[2026-05-15T16:19:43.821+0000] {data_modification.py:89} INFO - Updated row with Video_ID: tAbA43UAP2Y
[2026-05-15T16:19:43.831+0000] {data_modification.py:89} INFO - Updated row with Video_ID: Nx9hBoO-74w
[2026-05-15T16:19:43.835+0000] {data_modification.py:89} INFO - Updated row with Video_ID: iHpDdjaL_oc
[2026-05-15T16:19:43.842+0000] {data_modification.py:89} INFO - Updated row with Video_ID: sFPvgMtsQgI
[2026-05-15T16:19:43.848+0000] {data_modification.py:89} INFO - Updated row with Video_ID: CjDjayNjPAQ
[2026-05-15T16:19:43.853+0000] {data_modification.py:89} INFO - Updated row with Video_ID: nOWsjXah3xM
[2026-05-15T16:19:43.858+0000] {data_modification.py:89} INFO - Updated row with Video_ID: 2X9eoguEvWw
[2026-05-15T16:19:43.864+0000] {data_modification.py:89} INFO - Updated row with Video_ID: NgnMtGr_3-Q
[2026-05-15T16:19:43.868+0000] {data_modification.py:89} INFO - Updated row with Video_ID: Tw5wJTOpujg
[2026-05-15T16:19:43.880+0000] {data_modification.py:89} INFO - Updated row with Video_ID: AODO7OG2JUE
[2026-05-15T16:19:43.889+0000] {data_modification.py:89} INFO - Updated row with Video_ID: Oti-dqzjhdM
[2026-05-15T16:19:43.904+0000] {data_modification.py:89} INFO - Updated row with Video_ID: oTwyWCcrvUo
[2026-05-15T16:19:43.952+0000] {data_modification.py:89} INFO - Updated row with Video_ID: Q5KHJuPPHOU
[2026-05-15T16:19:43.972+0000] {data_modification.py:89} INFO - Updated row with Video_ID: nGrhiKM_qUs
[2026-05-15T16:19:43.984+0000] {data_modification.py:89} INFO - Updated row with Video_ID: W30b51m9bxk
[2026-05-15T16:19:43.999+0000] {data_modification.py:89} INFO - Updated row with Video_ID: SWYaWEoITZQ
[2026-05-15T16:19:44.006+0000] {data_modification.py:89} INFO - Updated row with Video_ID: o1zudGc1cvw
[2026-05-15T16:19:44.022+0000] {data_modification.py:89} INFO - Updated row with Video_ID: 7ml99oxDMeE
[2026-05-15T16:19:44.036+0000] {data_modification.py:89} INFO - Updated row with Video_ID: g4dfbCtxRBI
[2026-05-15T16:19:44.051+0000] {data_modification.py:89} INFO - Updated row with Video_ID: I3JJyIFEa7U
[2026-05-15T16:19:44.064+0000] {data_modification.py:89} INFO - Updated row with Video_ID: Zkg8WzFROuY
[2026-05-15T16:19:44.075+0000] {data_modification.py:89} INFO - Updated row with Video_ID: ewoxp59KWac
[2026-05-15T16:19:44.091+0000] {data_modification.py:89} INFO - Updated row with Video_ID: JoAqxXOTfm0
[2026-05-15T16:19:44.109+0000] {data_modification.py:89} INFO - Updated row with Video_ID: WIrHCRaV8E8
[2026-05-15T16:19:44.121+0000] {data_modification.py:89} INFO - Updated row with Video_ID: yvdhCb57T3w
[2026-05-15T16:19:44.128+0000] {data_modification.py:89} INFO - Updated row with Video_ID: dmjpSSJ3OnM
[2026-05-15T16:19:44.150+0000] {data_modification.py:89} INFO - Updated row with Video_ID: uBlqv3kkjgE
[2026-05-15T16:19:44.166+0000] {data_modification.py:89} INFO - Updated row with Video_ID: owMA0c42nXE
[2026-05-15T16:19:44.170+0000] {data_modification.py:89} INFO - Updated row with Video_ID: Nhq811PlZlk
[2026-05-15T16:19:44.175+0000] {data_modification.py:89} INFO - Updated row with Video_ID: TLS4IuMsf5U
[2026-05-15T16:19:44.181+0000] {data_modification.py:89} INFO - Updated row with Video_ID: 5WAFSJ6qFdA
[2026-05-15T16:19:44.191+0000] {data_modification.py:89} INFO - Updated row with Video_ID: Ec6o152VtcQ
[2026-05-15T16:19:44.202+0000] {data_modification.py:89} INFO - Updated row with Video_ID: TutAKGcZn1c
[2026-05-15T16:19:44.224+0000] {data_modification.py:89} INFO - Updated row with Video_ID: 9fVwd9TXPTk
[2026-05-15T16:19:44.240+0000] {data_modification.py:89} INFO - Updated row with Video_ID: ZoRFUBalgAk
[2026-05-15T16:19:44.250+0000] {data_modification.py:89} INFO - Updated row with Video_ID: TkgfpOtEO00
[2026-05-15T16:19:44.263+0000] {data_modification.py:89} INFO - Updated row with Video_ID: erZUt3wG-UA
[2026-05-15T16:19:44.270+0000] {data_modification.py:89} INFO - Updated row with Video_ID: YXqqCS4mKRE
[2026-05-15T16:19:44.275+0000] {data_modification.py:89} INFO - Updated row with Video_ID: SKpA2-ZJR-I
[2026-05-15T16:19:44.282+0000] {data_modification.py:89} INFO - Updated row with Video_ID: 6Nrr6n3kT44
[2026-05-15T16:19:44.291+0000] {data_modification.py:89} INFO - Updated row with Video_ID: rKNUYQwZwTM
[2026-05-15T16:19:44.298+0000] {data_modification.py:89} INFO - Updated row with Video_ID: RWwVTPp3vjY
[2026-05-15T16:19:44.314+0000] {data_modification.py:89} INFO - Updated row with Video_ID: BwcVyJKhDEA
[2026-05-15T16:19:44.325+0000] {data_modification.py:89} INFO - Updated row with Video_ID: g2HNwR8pzb0
[2026-05-15T16:19:44.344+0000] {data_modification.py:89} INFO - Updated row with Video_ID: 936Co1pc1cM
[2026-05-15T16:19:44.357+0000] {data_modification.py:89} INFO - Updated row with Video_ID: eDUhdEef6uM
[2026-05-15T16:19:44.371+0000] {data_modification.py:89} INFO - Updated row with Video_ID: 1U2lmWSBYSE
[2026-05-15T16:19:44.388+0000] {data_modification.py:89} INFO - Updated row with Video_ID: v59M5pvkbyM
[2026-05-15T16:19:44.397+0000] {data_modification.py:89} INFO - Updated row with Video_ID: kx-hZJ0S5KI
[2026-05-15T16:19:44.402+0000] {data_modification.py:89} INFO - Updated row with Video_ID: CGorXS0CBvc
[2026-05-15T16:19:44.407+0000] {data_modification.py:89} INFO - Updated row with Video_ID: sl1vb0Q682E
[2026-05-15T16:19:44.411+0000] {data_modification.py:89} INFO - Updated row with Video_ID: _3YzYO1My58
[2026-05-15T16:19:44.417+0000] {data_modification.py:89} INFO - Updated row with Video_ID: Rg1q_xT2moA
[2026-05-15T16:19:44.422+0000] {data_modification.py:89} INFO - Updated row with Video_ID: fY22FUgbz5Q
[2026-05-15T16:19:44.432+0000] {data_modification.py:89} INFO - Updated row with Video_ID: YlfbbSgTKHY
[2026-05-15T16:19:44.441+0000] {data_modification.py:89} INFO - Updated row with Video_ID: 4hLxHnRfeJk
[2026-05-15T16:19:44.452+0000] {data_modification.py:89} INFO - Updated row with Video_ID: 6Ge7DLrUdVY
[2026-05-15T16:19:44.462+0000] {data_modification.py:89} INFO - Updated row with Video_ID: QE0wZsPoqZM
[2026-05-15T16:19:44.468+0000] {data_modification.py:89} INFO - Updated row with Video_ID: 2fptAdCoQfQ
[2026-05-15T16:19:44.473+0000] {data_modification.py:89} INFO - Updated row with Video_ID: ec_g99PfnDw
[2026-05-15T16:19:44.480+0000] {data_modification.py:89} INFO - Updated row with Video_ID: MCkSN1F7Ca4
[2026-05-15T16:19:44.484+0000] {data_modification.py:89} INFO - Updated row with Video_ID: YJxFfv_cXQI
[2026-05-15T16:19:44.489+0000] {data_modification.py:89} INFO - Updated row with Video_ID: _7yjQNOugh4
[2026-05-15T16:19:44.494+0000] {data_modification.py:89} INFO - Updated row with Video_ID: O1P0KlrsoNs
[2026-05-15T16:19:44.501+0000] {data_modification.py:89} INFO - Updated row with Video_ID: kS7jnKsuee8
[2026-05-15T16:19:44.506+0000] {data_modification.py:89} INFO - Updated row with Video_ID: kZDGyhq28JA
[2026-05-15T16:19:44.515+0000] {data_modification.py:89} INFO - Updated row with Video_ID: QM1WU1WnaQE
[2026-05-15T16:19:44.525+0000] {data_modification.py:89} INFO - Updated row with Video_ID: JgqQb-O2xq4
[2026-05-15T16:19:44.540+0000] {data_modification.py:89} INFO - Updated row with Video_ID: 1eKai-3e0JU
[2026-05-15T16:19:44.549+0000] {data_modification.py:89} INFO - Updated row with Video_ID: fEfUMerpuw8
[2026-05-15T16:19:44.554+0000] {data_modification.py:89} INFO - Updated row with Video_ID: yVVwpIsQ9XM
[2026-05-15T16:19:44.560+0000] {data_modification.py:89} INFO - Updated row with Video_ID: 2URXV45X44s
[2026-05-15T16:19:44.566+0000] {data_modification.py:89} INFO - Updated row with Video_ID: OdeSgabwH2E
[2026-05-15T16:19:44.573+0000] {data_modification.py:89} INFO - Updated row with Video_ID: WW1_SIaQXyY
[2026-05-15T16:19:44.577+0000] {data_modification.py:89} INFO - Updated row with Video_ID: 4sAX7HoQGlQ
[2026-05-15T16:19:44.585+0000] {data_modification.py:89} INFO - Updated row with Video_ID: WvqCKbN4lRo
[2026-05-15T16:19:44.592+0000] {data_modification.py:89} INFO - Updated row with Video_ID: CFm7dCRPu2o
[2026-05-15T16:19:44.603+0000] {data_modification.py:89} INFO - Updated row with Video_ID: 8HlmV6wpjds
[2026-05-15T16:19:44.615+0000] {data_modification.py:89} INFO - Updated row with Video_ID: ZnE9KEN6py4
[2026-05-15T16:19:44.626+0000] {data_modification.py:89} INFO - Updated row with Video_ID: 9YuwE37eufc
[2026-05-15T16:19:44.647+0000] {data_modification.py:89} INFO - Updated row with Video_ID: CZhHUIn6hao
[2026-05-15T16:19:44.660+0000] {data_modification.py:89} INFO - Updated row with Video_ID: hys1KQBZhxA
[2026-05-15T16:19:44.675+0000] {data_modification.py:89} INFO - Updated row with Video_ID: x-lh315OvUk
[2026-05-15T16:19:44.682+0000] {data_modification.py:89} INFO - Updated row with Video_ID: 3mqUIEXYXiM
[2026-05-15T16:19:44.696+0000] {data_modification.py:89} INFO - Updated row with Video_ID: XURlxMxPKlI
[2026-05-15T16:19:44.703+0000] {data_modification.py:89} INFO - Updated row with Video_ID: Lwsz7GFICR4
[2026-05-15T16:19:44.710+0000] {data_modification.py:89} INFO - Updated row with Video_ID: 9WEUt8Na_y8
[2026-05-15T16:19:44.718+0000] {data_modification.py:89} INFO - Updated row with Video_ID: H9ypdxGa8ic
[2026-05-15T16:19:44.731+0000] {data_modification.py:89} INFO - Updated row with Video_ID: 07-mgnNSMH8
[2026-05-15T16:19:44.744+0000] {data_modification.py:89} INFO - Updated row with Video_ID: KeYj3cZ8hdU
[2026-05-15T16:19:44.755+0000] {data_modification.py:89} INFO - Updated row with Video_ID: vf1xySYqHcM
[2026-05-15T16:19:44.764+0000] {data_modification.py:89} INFO - Updated row with Video_ID: S6ZGmJusAyw
[2026-05-15T16:19:44.773+0000] {data_modification.py:89} INFO - Updated row with Video_ID: QkQ6v6kxbj4
[2026-05-15T16:19:44.781+0000] {data_modification.py:89} INFO - Updated row with Video_ID: XlA4fcY9Gmc
[2026-05-15T16:19:44.789+0000] {data_modification.py:89} INFO - Updated row with Video_ID: O0kwbPO2EHA
[2026-05-15T16:19:44.794+0000] {data_modification.py:89} INFO - Updated row with Video_ID: 3fJdEu8s0qQ
[2026-05-15T16:19:44.812+0000] {data_modification.py:89} INFO - Updated row with Video_ID: sY-2NlFLAwA
[2026-05-15T16:19:44.819+0000] {data_modification.py:89} INFO - Updated row with Video_ID: ZqjFDAGQHGc
[2026-05-15T16:19:44.839+0000] {data_modification.py:89} INFO - Updated row with Video_ID: xmX7WSDy-EM
[2026-05-15T16:19:44.850+0000] {data_modification.py:89} INFO - Updated row with Video_ID: rMlFYHdJ97E
[2026-05-15T16:19:44.858+0000] {data_modification.py:89} INFO - Updated row with Video_ID: ArawZqt94zo
[2026-05-15T16:19:44.864+0000] {data_modification.py:89} INFO - Updated row with Video_ID: x1LHfJoFkGA
[2026-05-15T16:19:44.867+0000] {data_modification.py:89} INFO - Updated row with Video_ID: 2jxVn3b5CTo
[2026-05-15T16:19:44.871+0000] {data_modification.py:89} INFO - Updated row with Video_ID: UOPdLQkHHCk
[2026-05-15T16:19:44.875+0000] {data_modification.py:89} INFO - Updated row with Video_ID: 5h91a1wyY6k
[2026-05-15T16:19:44.881+0000] {data_modification.py:89} INFO - Updated row with Video_ID: K4qF23TDD0I
[2026-05-15T16:19:44.884+0000] {data_modification.py:89} INFO - Updated row with Video_ID: xOThMIxNNGU
[2026-05-15T16:19:44.890+0000] {data_modification.py:89} INFO - Updated row with Video_ID: aoQOuYWQhP8
[2026-05-15T16:19:44.897+0000] {data_modification.py:89} INFO - Updated row with Video_ID: zSZLQh5N8ts
[2026-05-15T16:19:44.903+0000] {data_modification.py:89} INFO - Updated row with Video_ID: Jfqj5f9EIdM
[2026-05-15T16:19:44.909+0000] {data_modification.py:89} INFO - Updated row with Video_ID: CRlTehRo4mY
[2026-05-15T16:19:44.915+0000] {data_modification.py:89} INFO - Updated row with Video_ID: IXjaP8RLEv0
[2026-05-15T16:19:44.919+0000] {data_modification.py:89} INFO - Updated row with Video_ID: K6NrXUGHomc
[2026-05-15T16:19:44.923+0000] {data_modification.py:89} INFO - Updated row with Video_ID: ZJQsX8SNuBU
[2026-05-15T16:19:44.927+0000] {data_modification.py:89} INFO - Updated row with Video_ID: UgHSjJoAmZk
[2026-05-15T16:19:44.932+0000] {data_modification.py:89} INFO - Updated row with Video_ID: TQptH3aJn0E
[2026-05-15T16:19:44.936+0000] {data_modification.py:89} INFO - Updated row with Video_ID: 01Oj2PIRQwE
[2026-05-15T16:19:44.939+0000] {data_modification.py:89} INFO - Updated row with Video_ID: Q41yBPu4km8
[2026-05-15T16:19:44.943+0000] {data_modification.py:89} INFO - Updated row with Video_ID: gIxz4wPoekU
[2026-05-15T16:19:44.952+0000] {data_modification.py:89} INFO - Updated row with Video_ID: JEVnA5sjoYM
[2026-05-15T16:19:44.957+0000] {data_modification.py:89} INFO - Updated row with Video_ID: nrihnxnC3g4
[2026-05-15T16:19:44.963+0000] {data_modification.py:89} INFO - Updated row with Video_ID: SX5735TNMpo
[2026-05-15T16:19:44.969+0000] {data_modification.py:89} INFO - Updated row with Video_ID: 75KWLcjEaxo
[2026-05-15T16:19:44.974+0000] {data_modification.py:89} INFO - Updated row with Video_ID: g44EK7uhdIU
[2026-05-15T16:19:44.988+0000] {data_modification.py:89} INFO - Updated row with Video_ID: d0yxOhuQmtM
[2026-05-15T16:19:44.996+0000] {data_modification.py:89} INFO - Updated row with Video_ID: JiGjjJWAoIM
[2026-05-15T16:19:45.000+0000] {data_modification.py:89} INFO - Updated row with Video_ID: FFEsAh1CjyQ
[2026-05-15T16:19:45.004+0000] {data_modification.py:89} INFO - Updated row with Video_ID: XxXSQhbf_Og
[2026-05-15T16:19:45.007+0000] {data_modification.py:89} INFO - Updated row with Video_ID: 4pSzH4CxFvY
[2026-05-15T16:19:45.011+0000] {data_modification.py:89} INFO - Updated row with Video_ID: s30yyGxtk9g
[2026-05-15T16:19:45.016+0000] {data_modification.py:89} INFO - Updated row with Video_ID: AKpPpGFph04
[2026-05-15T16:19:45.025+0000] {data_modification.py:89} INFO - Updated row with Video_ID: bKLjuBXy6rY
[2026-05-15T16:19:45.036+0000] {data_modification.py:89} INFO - Updated row with Video_ID: iBoA7w0UuZ4
[2026-05-15T16:19:45.046+0000] {data_modification.py:89} INFO - Updated row with Video_ID: 9KuMdkbP3Ks
[2026-05-15T16:19:45.056+0000] {data_modification.py:89} INFO - Updated row with Video_ID: DM-DbSvVpz0
[2026-05-15T16:19:45.060+0000] {data_modification.py:89} INFO - Updated row with Video_ID: FNgtFWpcYS4
[2026-05-15T16:19:45.065+0000] {data_modification.py:89} INFO - Updated row with Video_ID: dqNhLq3mLWM
[2026-05-15T16:19:45.069+0000] {data_modification.py:89} INFO - Updated row with Video_ID: bfj2GX8SuAk
[2026-05-15T16:19:45.074+0000] {data_modification.py:89} INFO - Updated row with Video_ID: p3ueJJ75Xgg
[2026-05-15T16:19:45.077+0000] {data_modification.py:89} INFO - Updated row with Video_ID: HoEmawqA738
[2026-05-15T16:19:45.083+0000] {data_modification.py:89} INFO - Updated row with Video_ID: qSR_gCW3P98
[2026-05-15T16:19:45.086+0000] {data_modification.py:89} INFO - Updated row with Video_ID: CKvq0Hs-mv4
[2026-05-15T16:19:45.091+0000] {data_modification.py:89} INFO - Updated row with Video_ID: rWbvCVjY57A
[2026-05-15T16:19:45.100+0000] {data_modification.py:89} INFO - Updated row with Video_ID: g9kn3bCYsnw
[2026-05-15T16:19:45.110+0000] {data_modification.py:89} INFO - Updated row with Video_ID: rb4guXhSy_U
[2026-05-15T16:19:45.121+0000] {data_modification.py:89} INFO - Updated row with Video_ID: a-vCPE9ZfTw
[2026-05-15T16:19:45.131+0000] {data_modification.py:89} INFO - Updated row with Video_ID: H9cprAfkaOA
[2026-05-15T16:19:45.142+0000] {data_modification.py:89} INFO - Updated row with Video_ID: HfktI_985b4
[2026-05-15T16:19:45.147+0000] {data_modification.py:89} INFO - Updated row with Video_ID: AR9lT0YiniM
[2026-05-15T16:19:45.151+0000] {data_modification.py:89} INFO - Updated row with Video_ID: yyIkZ-pJ3vc
[2026-05-15T16:19:45.155+0000] {data_modification.py:89} INFO - Updated row with Video_ID: TuaQnNga1ac
[2026-05-15T16:19:45.159+0000] {data_modification.py:89} INFO - Updated row with Video_ID: jajpxVZQJe4
[2026-05-15T16:19:45.165+0000] {data_modification.py:89} INFO - Updated row with Video_ID: N3yMCtzsnXM
[2026-05-15T16:19:45.170+0000] {data_modification.py:89} INFO - Updated row with Video_ID: G7BNbLa7fms
[2026-05-15T16:19:45.181+0000] {data_modification.py:89} INFO - Updated row with Video_ID: asLW1jHIe1I
[2026-05-15T16:19:45.190+0000] {data_modification.py:89} INFO - Updated row with Video_ID: Ujz9S-FiI7c
[2026-05-15T16:19:45.200+0000] {data_modification.py:89} INFO - Updated row with Video_ID: cajOXw4MuGc
[2026-05-15T16:19:45.209+0000] {data_modification.py:89} INFO - Updated row with Video_ID: t_ZWItylsrM
[2026-05-15T16:19:45.221+0000] {data_modification.py:89} INFO - Updated row with Video_ID: YXDLjZi8Ff8
[2026-05-15T16:19:45.225+0000] {data_modification.py:89} INFO - Updated row with Video_ID: 1-rjz3OVoIY
[2026-05-15T16:19:45.231+0000] {data_modification.py:89} INFO - Updated row with Video_ID: fVys7YLUe94
[2026-05-15T16:19:45.234+0000] {data_modification.py:89} INFO - Updated row with Video_ID: O9YLpmqbOY0
[2026-05-15T16:19:45.238+0000] {data_modification.py:89} INFO - Updated row with Video_ID: RLD8DRabJcA
[2026-05-15T16:19:45.242+0000] {data_modification.py:89} INFO - Updated row with Video_ID: PYar4P2r2I8
[2026-05-15T16:19:45.247+0000] {data_modification.py:89} INFO - Updated row with Video_ID: nI5TB5MSi0k
[2026-05-15T16:19:45.250+0000] {data_modification.py:89} INFO - Updated row with Video_ID: F7gpyqfAAic
[2026-05-15T16:19:45.254+0000] {data_modification.py:89} INFO - Updated row with Video_ID: v-znMraK0O8
[2026-05-15T16:19:45.264+0000] {data_modification.py:89} INFO - Updated row with Video_ID: 7aeCeAeVq_o
[2026-05-15T16:19:45.275+0000] {data_modification.py:89} INFO - Updated row with Video_ID: suBSLpgt1sg
[2026-05-15T16:19:45.286+0000] {data_modification.py:89} INFO - Updated row with Video_ID: YQ1rh7WiKQw
[2026-05-15T16:19:45.297+0000] {data_modification.py:89} INFO - Updated row with Video_ID: n0nXO3n0okI
[2026-05-15T16:19:45.311+0000] {data_modification.py:89} INFO - Updated row with Video_ID: 9rQPwTzax78
[2026-05-15T16:19:45.317+0000] {data_modification.py:89} INFO - Updated row with Video_ID: 2rOBFodQ0Fs
[2026-05-15T16:19:45.320+0000] {data_modification.py:89} INFO - Updated row with Video_ID: 7cMl7A1qFPM
[2026-05-15T16:19:45.324+0000] {data_modification.py:89} INFO - Updated row with Video_ID: 8i25zGUqkVk
[2026-05-15T16:19:45.330+0000] {data_modification.py:89} INFO - Updated row with Video_ID: cchC4yDUdjI
[2026-05-15T16:19:45.334+0000] {data_modification.py:89} INFO - Updated row with Video_ID: tpgmmo62HVU
[2026-05-15T16:19:45.338+0000] {data_modification.py:89} INFO - Updated row with Video_ID: 7BDEcj-uh2o
[2026-05-15T16:19:45.348+0000] {data_modification.py:89} INFO - Updated row with Video_ID: Ug3kwdSoM5k
[2026-05-15T16:19:45.357+0000] {data_modification.py:89} INFO - Updated row with Video_ID: Z8AdHefZFCY
[2026-05-15T16:19:45.371+0000] {data_modification.py:89} INFO - Updated row with Video_ID: dBhs69hlZCY
[2026-05-15T16:19:45.375+0000] {data_modification.py:89} INFO - Updated row with Video_ID: ehPwxurATfs
[2026-05-15T16:19:45.381+0000] {data_modification.py:89} INFO - Updated row with Video_ID: hBA0gEvg9FQ
[2026-05-15T16:19:45.384+0000] {data_modification.py:89} INFO - Updated row with Video_ID: KpmAARupKE4
[2026-05-15T16:19:45.388+0000] {data_modification.py:89} INFO - Updated row with Video_ID: jta2Ol1bYIw
[2026-05-15T16:19:45.392+0000] {data_modification.py:89} INFO - Updated row with Video_ID: NIVBK34oms8
[2026-05-15T16:19:45.399+0000] {data_modification.py:89} INFO - Updated row with Video_ID: ULJXlV4qDlI
[2026-05-15T16:19:45.403+0000] {data_modification.py:89} INFO - Updated row with Video_ID: jdH2f0p3VBs
[2026-05-15T16:19:45.407+0000] {data_modification.py:89} INFO - Updated row with Video_ID: FAX_NyPNviI
[2026-05-15T16:19:45.416+0000] {data_modification.py:89} INFO - Updated row with Video_ID: KMjUE3Hm_Z8
[2026-05-15T16:19:45.426+0000] {data_modification.py:89} INFO - Updated row with Video_ID: lAXE2QFtXvQ
[2026-05-15T16:19:45.437+0000] {data_modification.py:89} INFO - Updated row with Video_ID: WL4MmARTjyw
[2026-05-15T16:19:45.447+0000] {data_modification.py:89} INFO - Updated row with Video_ID: mrMo1AUpEAY
[2026-05-15T16:19:45.456+0000] {data_modification.py:89} INFO - Updated row with Video_ID: 1CzS81yKLWc
[2026-05-15T16:19:45.459+0000] {data_modification.py:89} INFO - Updated row with Video_ID: wj_KsUsQhVs
[2026-05-15T16:19:45.464+0000] {data_modification.py:89} INFO - Updated row with Video_ID: QPwfX9aDVLs
[2026-05-15T16:19:45.468+0000] {data_modification.py:89} INFO - Updated row with Video_ID: ygigQlocARc
[2026-05-15T16:19:45.472+0000] {data_modification.py:89} INFO - Updated row with Video_ID: hQY87oveNrI
[2026-05-15T16:19:45.476+0000] {data_modification.py:89} INFO - Updated row with Video_ID: lyr3giTJTVg
[2026-05-15T16:19:45.481+0000] {data_modification.py:89} INFO - Updated row with Video_ID: 9TWZh4tlQnA
[2026-05-15T16:19:45.485+0000] {data_modification.py:89} INFO - Updated row with Video_ID: BKITR6blkxg
[2026-05-15T16:19:45.495+0000] {data_modification.py:89} INFO - Updated row with Video_ID: yO4KlyeRJ2Y
[2026-05-15T16:19:45.505+0000] {data_modification.py:89} INFO - Updated row with Video_ID: tCdtTuXi-4Q
[2026-05-15T16:19:45.521+0000] {data_modification.py:89} INFO - Updated row with Video_ID: Extn14YZ_xw
[2026-05-15T16:19:45.531+0000] {data_modification.py:89} INFO - Updated row with Video_ID: V-p8zZ8aHnI
[2026-05-15T16:19:45.534+0000] {data_modification.py:89} INFO - Updated row with Video_ID: TieaxJsX4Iw
[2026-05-15T16:19:45.538+0000] {data_modification.py:89} INFO - Updated row with Video_ID: F3QDqBocigQ
[2026-05-15T16:19:45.542+0000] {data_modification.py:89} INFO - Updated row with Video_ID: XICwniTHDb4
[2026-05-15T16:19:45.548+0000] {data_modification.py:89} INFO - Updated row with Video_ID: RCLQTcrQEGg
[2026-05-15T16:19:45.551+0000] {data_modification.py:89} INFO - Updated row with Video_ID: GZ3N1bWJAjA
[2026-05-15T16:19:45.555+0000] {data_modification.py:89} INFO - Updated row with Video_ID: fMIr_iV21t8
[2026-05-15T16:19:45.560+0000] {data_modification.py:89} INFO - Updated row with Video_ID: Gunb92ewivw
[2026-05-15T16:19:45.567+0000] {data_modification.py:89} INFO - Updated row with Video_ID: tr5ZXma4JpQ
[2026-05-15T16:19:45.577+0000] {data_modification.py:89} INFO - Updated row with Video_ID: d0z4AN6crAQ
[2026-05-15T16:19:45.595+0000] {data_modification.py:89} INFO - Updated row with Video_ID: Q04nR7SrI_k
[2026-05-15T16:19:45.605+0000] {data_modification.py:89} INFO - Updated row with Video_ID: Rji8YJkCOzg
[2026-05-15T16:19:45.615+0000] {data_modification.py:89} INFO - Updated row with Video_ID: DG0vl-PLbuk
[2026-05-15T16:19:45.619+0000] {data_modification.py:89} INFO - Updated row with Video_ID: 1DwKW1BM0VE
[2026-05-15T16:19:45.623+0000] {data_modification.py:89} INFO - Updated row with Video_ID: Fj8cKvIsqVg
[2026-05-15T16:19:45.627+0000] {data_modification.py:89} INFO - Updated row with Video_ID: VOuxqqC7zQo
[2026-05-15T16:19:45.632+0000] {data_modification.py:89} INFO - Updated row with Video_ID: Dt-adF2s-PE
[2026-05-15T16:19:45.636+0000] {data_modification.py:89} INFO - Updated row with Video_ID: Y9RzJ9HuyfY
[2026-05-15T16:19:45.641+0000] {data_modification.py:89} INFO - Updated row with Video_ID: k4ywVhCSGEM
[2026-05-15T16:19:45.662+0000] {data_modification.py:89} INFO - Updated row with Video_ID: d3CaJZROpzs
[2026-05-15T16:19:45.673+0000] {data_modification.py:89} INFO - Updated row with Video_ID: 0sFXLtyTpLM
[2026-05-15T16:19:45.683+0000] {data_modification.py:89} INFO - Updated row with Video_ID: t3wR0JrnDUw
[2026-05-15T16:19:45.692+0000] {data_modification.py:89} INFO - Updated row with Video_ID: 2snKBLANJC8
[2026-05-15T16:19:45.704+0000] {data_modification.py:89} INFO - Updated row with Video_ID: m06n004sRlg
[2026-05-15T16:19:45.708+0000] {data_modification.py:89} INFO - Updated row with Video_ID: bFhfu4gvxfQ
[2026-05-15T16:19:45.722+0000] {data_modification.py:89} INFO - Updated row with Video_ID: H1OKyqUFzPY
[2026-05-15T16:19:45.726+0000] {data_modification.py:89} INFO - Updated row with Video_ID: 9D5iWQ2W9_g
[2026-05-15T16:19:45.732+0000] {data_modification.py:89} INFO - Updated row with Video_ID: SgcEKklMxH4
[2026-05-15T16:19:45.735+0000] {data_modification.py:89} INFO - Updated row with Video_ID: dKA4AMjViug
[2026-05-15T16:19:45.740+0000] {data_modification.py:89} INFO - Updated row with Video_ID: KlkymSNKA7U
[2026-05-15T16:19:45.746+0000] {data_modification.py:89} INFO - Updated row with Video_ID: ildTPM_Ltjc
[2026-05-15T16:19:45.750+0000] {data_modification.py:89} INFO - Updated row with Video_ID: 0g5hYj6w6sg
[2026-05-15T16:19:45.764+0000] {data_modification.py:89} INFO - Updated row with Video_ID: 06JP0Xiq47c
[2026-05-15T16:19:45.774+0000] {data_modification.py:89} INFO - Updated row with Video_ID: fC1Et5jmWvA
[2026-05-15T16:19:45.783+0000] {data_modification.py:89} INFO - Updated row with Video_ID: DygWHVnQpgw
[2026-05-15T16:19:45.794+0000] {data_modification.py:89} INFO - Updated row with Video_ID: 475zChuqTs4
[2026-05-15T16:19:45.799+0000] {data_modification.py:89} INFO - Updated row with Video_ID: yybsZA1AkWg
[2026-05-15T16:19:45.803+0000] {data_modification.py:89} INFO - Updated row with Video_ID: JfdKlS68hrM
[2026-05-15T16:19:45.808+0000] {data_modification.py:89} INFO - Updated row with Video_ID: 2-xWubs2xzk
[2026-05-15T16:19:45.834+0000] {data_modification.py:89} INFO - Updated row with Video_ID: EkF-n7fUtMI
[2026-05-15T16:19:45.851+0000] {data_modification.py:89} INFO - Updated row with Video_ID: qcbPAofw23c
[2026-05-15T16:19:45.865+0000] {data_modification.py:89} INFO - Updated row with Video_ID: 7loutRRI73U
[2026-05-15T16:19:45.879+0000] {data_modification.py:89} INFO - Updated row with Video_ID: sCS4jBoEYlc
[2026-05-15T16:19:45.905+0000] {data_modification.py:89} INFO - Updated row with Video_ID: ay1K5NkDf20
[2026-05-15T16:19:45.922+0000] {data_modification.py:89} INFO - Updated row with Video_ID: pF6f-w_09Sk
[2026-05-15T16:19:45.927+0000] {data_modification.py:89} INFO - Updated row with Video_ID: SIUlf0sjsaI
[2026-05-15T16:19:45.941+0000] {data_modification.py:89} INFO - Updated row with Video_ID: TcucL10mV_4
[2026-05-15T16:19:45.945+0000] {data_modification.py:89} INFO - Updated row with Video_ID: ilLnqrT9QHk
[2026-05-15T16:19:45.951+0000] {data_modification.py:89} INFO - Updated row with Video_ID: oBEbOkCoAG8
[2026-05-15T16:19:45.956+0000] {data_modification.py:89} INFO - Updated row with Video_ID: -OMWbuXzxCU
[2026-05-15T16:19:45.961+0000] {data_modification.py:89} INFO - Updated row with Video_ID: zBjP-2J9_Z0
[2026-05-15T16:19:45.967+0000] {data_modification.py:89} INFO - Updated row with Video_ID: rK8o4TnF_l8
[2026-05-15T16:19:45.971+0000] {data_modification.py:89} INFO - Updated row with Video_ID: rfWRWWwxQAI
[2026-05-15T16:19:45.981+0000] {data_modification.py:89} INFO - Updated row with Video_ID: pMHePtqLUQo
[2026-05-15T16:19:45.991+0000] {data_modification.py:89} INFO - Updated row with Video_ID: kA86qB6VomU
[2026-05-15T16:19:46.006+0000] {data_modification.py:89} INFO - Updated row with Video_ID: o28cWwrEWCo
[2026-05-15T16:19:46.022+0000] {data_modification.py:89} INFO - Updated row with Video_ID: cu7SJiW8FjE
[2026-05-15T16:19:46.027+0000] {data_modification.py:89} INFO - Updated row with Video_ID: K0KqcGJcJrw
[2026-05-15T16:19:46.033+0000] {data_modification.py:89} INFO - Updated row with Video_ID: WpxCRfzGA5U
[2026-05-15T16:19:46.037+0000] {data_modification.py:89} INFO - Updated row with Video_ID: xReFYqTRuEs
[2026-05-15T16:19:46.043+0000] {data_modification.py:89} INFO - Updated row with Video_ID: VEAgPQNkazQ
[2026-05-15T16:19:46.056+0000] {data_modification.py:89} INFO - Updated row with Video_ID: YBYyjBCBsnA
[2026-05-15T16:19:46.059+0000] {data_modification.py:89} INFO - Updated row with Video_ID: r1iNhrt41CI
[2026-05-15T16:19:46.064+0000] {data_modification.py:89} INFO - Updated row with Video_ID: 9MVltyLc4zU
[2026-05-15T16:19:46.072+0000] {data_modification.py:89} INFO - Updated row with Video_ID: 0GMrN-N4kW4
[2026-05-15T16:19:46.081+0000] {data_modification.py:89} INFO - Updated row with Video_ID: 55lLyacx7mU
[2026-05-15T16:19:46.090+0000] {data_modification.py:89} INFO - Updated row with Video_ID: 7eL3Grhoy8I
[2026-05-15T16:19:46.099+0000] {data_modification.py:89} INFO - Updated row with Video_ID: _K0wUrNmHI4
[2026-05-15T16:19:46.109+0000] {data_modification.py:89} INFO - Updated row with Video_ID: Z_wTlDWwTTI
[2026-05-15T16:19:46.114+0000] {data_modification.py:89} INFO - Updated row with Video_ID: eSZB8RZlNdU
[2026-05-15T16:19:46.117+0000] {data_modification.py:89} INFO - Updated row with Video_ID: Sn6JtJ71Pxc
[2026-05-15T16:19:46.121+0000] {data_modification.py:89} INFO - Updated row with Video_ID: Fr5_wnwLG1o
[2026-05-15T16:19:46.125+0000] {data_modification.py:89} INFO - Updated row with Video_ID: JgJ9Fow8BXc
[2026-05-15T16:19:46.129+0000] {data_modification.py:89} INFO - Updated row with Video_ID: DgHeKcqZ-I8
[2026-05-15T16:19:46.133+0000] {data_modification.py:89} INFO - Updated row with Video_ID: MXLnfF1ZzN8
[2026-05-15T16:19:46.136+0000] {data_modification.py:89} INFO - Updated row with Video_ID: X4KhDokDJQ8
[2026-05-15T16:19:46.142+0000] {data_modification.py:89} INFO - Updated row with Video_ID: YZl2kU5b3OY
[2026-05-15T16:19:46.153+0000] {data_modification.py:89} INFO - Updated row with Video_ID: NpPoFXMv2XI
[2026-05-15T16:19:46.172+0000] {data_modification.py:89} INFO - Updated row with Video_ID: 50tYtfY24u8
[2026-05-15T16:19:46.181+0000] {data_modification.py:89} INFO - Updated row with Video_ID: YiM7AphiU1U
[2026-05-15T16:19:46.190+0000] {data_modification.py:89} INFO - Updated row with Video_ID: hLrgndNDRMo
[2026-05-15T16:19:46.194+0000] {data_modification.py:89} INFO - Updated row with Video_ID: 4pbvwoJWTog
[2026-05-15T16:19:46.199+0000] {data_modification.py:89} INFO - Updated row with Video_ID: 9cr97i0TvNU
[2026-05-15T16:19:46.203+0000] {data_modification.py:89} INFO - Updated row with Video_ID: hQsN59gVIXE
[2026-05-15T16:19:46.207+0000] {data_modification.py:89} INFO - Updated row with Video_ID: 0XFS9N_IZ8M
[2026-05-15T16:19:46.213+0000] {data_modification.py:89} INFO - Updated row with Video_ID: lCpRzJJ-hZg
[2026-05-15T16:19:46.217+0000] {data_modification.py:89} INFO - Updated row with Video_ID: 0ZTX7XQC4dA
[2026-05-15T16:19:46.221+0000] {data_modification.py:89} INFO - Updated row with Video_ID: QX9-OyNvZqU
[2026-05-15T16:19:46.225+0000] {data_modification.py:89} INFO - Updated row with Video_ID: U-ELMwNE8k4
[2026-05-15T16:19:46.237+0000] {data_modification.py:89} INFO - Updated row with Video_ID: wZnWD3VC5TQ
[2026-05-15T16:19:46.254+0000] {data_modification.py:89} INFO - Updated row with Video_ID: JWYDMvV5lvQ
[2026-05-15T16:19:46.264+0000] {data_modification.py:89} INFO - Updated row with Video_ID: vSl9RuWvc2k
[2026-05-15T16:19:46.273+0000] {data_modification.py:89} INFO - Updated row with Video_ID: RlubSHKnBF8
[2026-05-15T16:19:46.277+0000] {data_modification.py:89} INFO - Updated row with Video_ID: A0zp1ROLFHI
[2026-05-15T16:19:46.283+0000] {data_modification.py:89} INFO - Updated row with Video_ID: j_6hfxxOLss
[2026-05-15T16:19:46.286+0000] {data_modification.py:89} INFO - Updated row with Video_ID: 4wCaJWg8rZI
[2026-05-15T16:19:46.290+0000] {data_modification.py:89} INFO - Updated row with Video_ID: 5NIB2Mfat8o
[2026-05-15T16:19:46.294+0000] {data_modification.py:89} INFO - Updated row with Video_ID: wZdIeup_59E
[2026-05-15T16:19:46.299+0000] {data_modification.py:89} INFO - Updated row with Video_ID: DHhvA-RVjJI
[2026-05-15T16:19:46.309+0000] {data_modification.py:89} INFO - Updated row with Video_ID: NNsdyv0nymA
[2026-05-15T16:19:46.319+0000] {data_modification.py:89} INFO - Updated row with Video_ID: 0qW8aUJt2IM
[2026-05-15T16:19:46.329+0000] {data_modification.py:89} INFO - Updated row with Video_ID: FcPyVY7Tnbs
[2026-05-15T16:19:46.338+0000] {data_modification.py:89} INFO - Updated row with Video_ID: uZgzq6NLouI
[2026-05-15T16:19:46.342+0000] {data_modification.py:89} INFO - Updated row with Video_ID: KrerIWZZMX4
[2026-05-15T16:19:46.347+0000] {data_modification.py:89} INFO - Updated row with Video_ID: 0rL1d1VbvaU
[2026-05-15T16:19:46.351+0000] {data_modification.py:89} INFO - Updated row with Video_ID: jjYPoYZXRHk
[2026-05-15T16:19:46.354+0000] {data_modification.py:89} INFO - Updated row with Video_ID: QSsi3CwSukg
[2026-05-15T16:19:46.357+0000] {data_modification.py:89} INFO - Updated row with Video_ID: 8LYJvBZ3e1g
[2026-05-15T16:19:46.360+0000] {data_modification.py:89} INFO - Updated row with Video_ID: N3WKAfA8-Tg
[2026-05-15T16:19:46.365+0000] {data_modification.py:89} INFO - Updated row with Video_ID: BZW1mmbFER8
[2026-05-15T16:19:46.368+0000] {data_modification.py:89} INFO - Updated row with Video_ID: nZsEr8t0PSI
[2026-05-15T16:19:46.377+0000] {data_modification.py:89} INFO - Updated row with Video_ID: gaKJqeC_bw8
[2026-05-15T16:19:46.389+0000] {data_modification.py:89} INFO - Updated row with Video_ID: -gvXKiaYgPQ
[2026-05-15T16:19:46.399+0000] {data_modification.py:89} INFO - Updated row with Video_ID: O2z3SQwVAsg
[2026-05-15T16:19:46.411+0000] {data_modification.py:89} INFO - Updated row with Video_ID: eiCQ_jADkVk
[2026-05-15T16:19:46.416+0000] {data_modification.py:89} INFO - Updated row with Video_ID: X0gDdq81_v4
[2026-05-15T16:19:46.421+0000] {data_modification.py:89} INFO - Updated row with Video_ID: Q8_JyR_45ds
[2026-05-15T16:19:46.425+0000] {data_modification.py:89} INFO - Updated row with Video_ID: dzIWZbS4Cyk
[2026-05-15T16:19:46.431+0000] {data_modification.py:89} INFO - Updated row with Video_ID: YtZ_x_KxUNM
[2026-05-15T16:19:46.435+0000] {data_modification.py:89} INFO - Updated row with Video_ID: heF6_lkhDj8
[2026-05-15T16:19:46.440+0000] {data_modification.py:89} INFO - Updated row with Video_ID: 4NMx3MF9PI8
[2026-05-15T16:19:46.444+0000] {data_modification.py:89} INFO - Updated row with Video_ID: B-2z1GuH3kE
[2026-05-15T16:19:46.461+0000] {data_modification.py:89} INFO - Updated row with Video_ID: WAuUd0YKTMk
[2026-05-15T16:19:46.474+0000] {data_modification.py:89} INFO - Updated row with Video_ID: ykoYjVFqxaY
[2026-05-15T16:19:46.485+0000] {data_modification.py:89} INFO - Updated row with Video_ID: j6RBuksVCcM
[2026-05-15T16:19:46.491+0000] {data_modification.py:89} INFO - Updated row with Video_ID: -PdQ9QcyC8E
[2026-05-15T16:19:46.494+0000] {data_modification.py:89} INFO - Updated row with Video_ID: 3emaldhNwvw
[2026-05-15T16:19:46.498+0000] {data_modification.py:89} INFO - Updated row with Video_ID: x39MLnPKa1k
[2026-05-15T16:19:46.501+0000] {data_modification.py:89} INFO - Updated row with Video_ID: F8m_yrEUh70
[2026-05-15T16:19:46.505+0000] {data_modification.py:89} INFO - Updated row with Video_ID: W7nFMtIpR1w
[2026-05-15T16:19:46.508+0000] {data_modification.py:89} INFO - Updated row with Video_ID: jYx3YqBBK34
[2026-05-15T16:19:46.511+0000] {data_modification.py:89} INFO - Updated row with Video_ID: -GHECEoGrAw
[2026-05-15T16:19:46.516+0000] {data_modification.py:89} INFO - Updated row with Video_ID: P2uOyPq5jQc
[2026-05-15T16:19:46.525+0000] {data_modification.py:89} INFO - Updated row with Video_ID: 2HWTd2paVK4
[2026-05-15T16:19:46.535+0000] {data_modification.py:89} INFO - Updated row with Video_ID: d5dhVr87WF8
[2026-05-15T16:19:46.545+0000] {data_modification.py:89} INFO - Updated row with Video_ID: Mk4EDwOLBW8
[2026-05-15T16:19:46.555+0000] {data_modification.py:89} INFO - Updated row with Video_ID: n2Xyoa2tIuw
[2026-05-15T16:19:46.558+0000] {data_modification.py:89} INFO - Updated row with Video_ID: kEqGvOhiUPg
[2026-05-15T16:19:46.565+0000] {data_modification.py:89} INFO - Updated row with Video_ID: Sl5OQzk4sJM
[2026-05-15T16:19:46.570+0000] {data_modification.py:89} INFO - Updated row with Video_ID: t_UBkn4viEk
[2026-05-15T16:19:46.589+0000] {data_modification.py:89} INFO - Updated row with Video_ID: q4bMNg9HAQQ
[2026-05-15T16:19:46.594+0000] {data_modification.py:89} INFO - Updated row with Video_ID: TjpNIQLW4QE
[2026-05-15T16:19:46.619+0000] {data_modification.py:89} INFO - Updated row with Video_ID: vQreh8m8PDI
[2026-05-15T16:19:46.630+0000] {data_modification.py:89} INFO - Updated row with Video_ID: Ew9lQRac1OM
[2026-05-15T16:19:46.638+0000] {data_modification.py:89} INFO - Updated row with Video_ID: EOtTzeE0j_o
[2026-05-15T16:19:46.660+0000] {data_modification.py:89} INFO - Updated row with Video_ID: y5NjSnyYzg4
[2026-05-15T16:19:46.674+0000] {data_modification.py:89} INFO - Updated row with Video_ID: tpU6Rm4z7Ec
[2026-05-15T16:19:46.687+0000] {data_modification.py:89} INFO - Updated row with Video_ID: QcAV5QOpo0Q
[2026-05-15T16:19:46.705+0000] {data_modification.py:89} INFO - Updated row with Video_ID: 3oCS6Y1j8Y0
[2026-05-15T16:19:46.709+0000] {data_modification.py:89} INFO - Updated row with Video_ID: V4sdnBx8PbQ
[2026-05-15T16:19:46.714+0000] {data_modification.py:89} INFO - Updated row with Video_ID: 7ToZEhuz8wE
[2026-05-15T16:19:46.718+0000] {data_modification.py:89} INFO - Updated row with Video_ID: OJZj9RPRrB4
[2026-05-15T16:19:46.723+0000] {data_modification.py:89} INFO - Updated row with Video_ID: rq3I7stePuY
[2026-05-15T16:19:46.727+0000] {data_modification.py:89} INFO - Updated row with Video_ID: zhBJSViczJQ
[2026-05-15T16:19:46.732+0000] {data_modification.py:89} INFO - Updated row with Video_ID: o_xMY0jAIVI
[2026-05-15T16:19:46.738+0000] {data_modification.py:89} INFO - Updated row with Video_ID: piDF-oaOljM
[2026-05-15T16:19:46.746+0000] {data_modification.py:89} INFO - Updated row with Video_ID: lDjy7DtBak0
[2026-05-15T16:19:46.757+0000] {data_modification.py:89} INFO - Updated row with Video_ID: 7kyGexfJJgc
[2026-05-15T16:19:46.765+0000] {data_modification.py:89} INFO - Updated row with Video_ID: EQTVcpOY4Bg
[2026-05-15T16:19:46.774+0000] {data_modification.py:89} INFO - Updated row with Video_ID: DBc4bnWhfNk
[2026-05-15T16:19:46.777+0000] {data_modification.py:89} INFO - Updated row with Video_ID: 1DrvGy1MXv4
[2026-05-15T16:19:46.781+0000] {data_modification.py:89} INFO - Updated row with Video_ID: soepfjggMHg
[2026-05-15T16:19:46.785+0000] {data_modification.py:89} INFO - Updated row with Video_ID: C8FiCoJ01jk
[2026-05-15T16:19:46.788+0000] {data_modification.py:89} INFO - Updated row with Video_ID: e98n4LRX1o8
[2026-05-15T16:19:46.791+0000] {data_modification.py:89} INFO - Updated row with Video_ID: Oz4XT4j4xLU
[2026-05-15T16:19:46.796+0000] {data_modification.py:89} INFO - Updated row with Video_ID: PmRKARs3WVo
[2026-05-15T16:19:46.809+0000] {data_modification.py:89} INFO - Updated row with Video_ID: VLnk-czW3xU
[2026-05-15T16:19:46.832+0000] {data_modification.py:89} INFO - Updated row with Video_ID: A8mmGeV_Tn0
[2026-05-15T16:19:46.851+0000] {data_modification.py:89} INFO - Updated row with Video_ID: S_BqpvJO15I
[2026-05-15T16:19:46.856+0000] {data_modification.py:89} INFO - Updated row with Video_ID: 2WKkNGnFVbU
[2026-05-15T16:19:46.860+0000] {data_modification.py:89} INFO - Updated row with Video_ID: lz_hmy1B8k4
[2026-05-15T16:19:46.881+0000] {data_modification.py:89} INFO - Updated row with Video_ID: vs0yQxVanHI
[2026-05-15T16:19:46.884+0000] {data_modification.py:89} INFO - Updated row with Video_ID: OLR_Tv5RhWE
[2026-05-15T16:19:46.889+0000] {data_modification.py:89} INFO - Updated row with Video_ID: ruB2TmD0IlY
[2026-05-15T16:19:46.893+0000] {data_modification.py:89} INFO - Updated row with Video_ID: oMcJAZBA-TM
[2026-05-15T16:19:46.899+0000] {data_modification.py:89} INFO - Updated row with Video_ID: p5yWeM9rzlU
[2026-05-15T16:19:46.914+0000] {data_modification.py:89} INFO - Updated row with Video_ID: mIL_nug70Mg
[2026-05-15T16:19:46.924+0000] {data_modification.py:89} INFO - Updated row with Video_ID: dtocrnhTruk
[2026-05-15T16:19:46.953+0000] {data_modification.py:89} INFO - Updated row with Video_ID: 94xALKLhfOI
[2026-05-15T16:19:46.982+0000] {data_modification.py:89} INFO - Updated row with Video_ID: 9FtjdReUMk8
[2026-05-15T16:19:47.010+0000] {data_modification.py:89} INFO - Updated row with Video_ID: ESpSPI5LYtU
[2026-05-15T16:19:47.035+0000] {data_modification.py:89} INFO - Updated row with Video_ID: jzRFwYrOBMc
[2026-05-15T16:19:47.060+0000] {data_modification.py:89} INFO - Updated row with Video_ID: ivEcK7B9Xok
[2026-05-15T16:19:47.086+0000] {data_modification.py:89} INFO - Updated row with Video_ID: GQXSXR4C0wg
[2026-05-15T16:19:47.110+0000] {data_modification.py:89} INFO - Updated row with Video_ID: UfUKI_XS0eY
[2026-05-15T16:19:47.134+0000] {data_modification.py:89} INFO - Updated row with Video_ID: uk6G2rgxAeY
[2026-05-15T16:19:47.157+0000] {data_modification.py:89} INFO - Updated row with Video_ID: dDYu1rmWNWA
[2026-05-15T16:19:47.186+0000] {data_modification.py:89} INFO - Updated row with Video_ID: bVpNNlveeT8
[2026-05-15T16:19:47.211+0000] {data_modification.py:89} INFO - Updated row with Video_ID: WBIcwt7Jfno
[2026-05-15T16:19:47.239+0000] {data_modification.py:89} INFO - Updated row with Video_ID: 7B1YzILMZUg
[2026-05-15T16:19:47.266+0000] {data_modification.py:89} INFO - Updated row with Video_ID: xUD7KxcZlT4
[2026-05-15T16:19:47.299+0000] {data_modification.py:89} INFO - Updated row with Video_ID: Qsw4Zi5X9tA
[2026-05-15T16:19:47.315+0000] {data_modification.py:89} INFO - Updated row with Video_ID: dG7ukPmqxXo
[2026-05-15T16:19:47.339+0000] {data_modification.py:89} INFO - Updated row with Video_ID: b6bCaBDIas0
[2026-05-15T16:19:47.354+0000] {data_modification.py:89} INFO - Updated row with Video_ID: g5pgOurd8rY
[2026-05-15T16:19:47.371+0000] {data_modification.py:89} INFO - Updated row with Video_ID: uMAwaw3_DzU
[2026-05-15T16:19:47.383+0000] {data_modification.py:89} INFO - Updated row with Video_ID: PeX-lstHgvE
[2026-05-15T16:19:47.391+0000] {data_modification.py:89} INFO - Updated row with Video_ID: imENkUj-Cmo
[2026-05-15T16:19:47.395+0000] {data_modification.py:89} INFO - Updated row with Video_ID: KCtr40tu7jg
[2026-05-15T16:19:47.423+0000] {data_modification.py:89} INFO - Updated row with Video_ID: TyeKM8dWpF8
[2026-05-15T16:19:47.426+0000] {data_modification.py:89} INFO - Updated row with Video_ID: Q2PGdv3f8ak
[2026-05-15T16:19:47.437+0000] {data_modification.py:89} INFO - Updated row with Video_ID: G-gaH3HiE9Q
[2026-05-15T16:19:47.450+0000] {data_modification.py:89} INFO - Updated row with Video_ID: ZMZnRlIRa9s
[2026-05-15T16:19:47.472+0000] {data_modification.py:89} INFO - Updated row with Video_ID: 5GIMfEPIggQ
[2026-05-15T16:19:47.481+0000] {data_modification.py:89} INFO - Updated row with Video_ID: b3_V3iUBFR8
[2026-05-15T16:19:47.490+0000] {data_modification.py:89} INFO - Updated row with Video_ID: PueAF_T5xNs
[2026-05-15T16:19:47.497+0000] {data_modification.py:89} INFO - Updated row with Video_ID: zGVqdm1-CdI
[2026-05-15T16:19:47.519+0000] {data_modification.py:89} INFO - Updated row with Video_ID: -8FDW-mfd_Y
[2026-05-15T16:19:47.523+0000] {data_modification.py:89} INFO - Updated row with Video_ID: x8s_I42EjZQ
[2026-05-15T16:19:47.526+0000] {data_modification.py:89} INFO - Updated row with Video_ID: PiB0HHQKoJc
[2026-05-15T16:19:47.546+0000] {data_modification.py:89} INFO - Updated row with Video_ID: eflZo79WRN4
[2026-05-15T16:19:47.565+0000] {data_modification.py:89} INFO - Updated row with Video_ID: qycZtuJisQs
[2026-05-15T16:19:47.569+0000] {data_modification.py:89} INFO - Updated row with Video_ID: C0ZFrKfL9H0
[2026-05-15T16:19:47.579+0000] {data_modification.py:89} INFO - Updated row with Video_ID: t_GizlsxNmQ
[2026-05-15T16:19:47.599+0000] {data_modification.py:89} INFO - Updated row with Video_ID: 1AW-DOzlhiw
[2026-05-15T16:19:47.608+0000] {data_modification.py:89} INFO - Updated row with Video_ID: NbivMMGlTrs
[2026-05-15T16:19:47.629+0000] {data_modification.py:89} INFO - Updated row with Video_ID: NbQeyb11IgY
[2026-05-15T16:19:47.638+0000] {data_modification.py:89} INFO - Updated row with Video_ID: 4PsoGBp6Jco
[2026-05-15T16:19:47.642+0000] {data_modification.py:89} INFO - Updated row with Video_ID: hb2ess5WaAg
[2026-05-15T16:19:47.658+0000] {data_modification.py:89} INFO - Updated row with Video_ID: 45aP7jNiDUk
[2026-05-15T16:19:47.674+0000] {data_modification.py:89} INFO - Updated row with Video_ID: 8NaoDS7WkqU
[2026-05-15T16:19:47.686+0000] {data_modification.py:89} INFO - Updated row with Video_ID: QQ4-hRG9-cs
[2026-05-15T16:19:47.700+0000] {data_modification.py:89} INFO - Updated row with Video_ID: -XWq7QZ-U_c
[2026-05-15T16:19:47.713+0000] {data_modification.py:89} INFO - Updated row with Video_ID: Lzusryk4krg
[2026-05-15T16:19:47.724+0000] {data_modification.py:89} INFO - Updated row with Video_ID: SG_34PX_tTg
[2026-05-15T16:19:47.727+0000] {data_modification.py:89} INFO - Updated row with Video_ID: 9yYR7dDZB84
[2026-05-15T16:19:47.738+0000] {data_modification.py:89} INFO - Updated row with Video_ID: Bun6hbTVnd0
[2026-05-15T16:19:47.743+0000] {data_modification.py:89} INFO - Updated row with Video_ID: by7hsZYbvfk
[2026-05-15T16:19:47.755+0000] {data_modification.py:89} INFO - Updated row with Video_ID: 3cMSu-GgTVg
[2026-05-15T16:19:47.769+0000] {data_modification.py:89} INFO - Updated row with Video_ID: euAzohzsayY
[2026-05-15T16:19:47.783+0000] {data_modification.py:89} INFO - Updated row with Video_ID: 3otihbzYJN8
[2026-05-15T16:19:47.796+0000] {data_modification.py:89} INFO - Updated row with Video_ID: Y_IEr1Om7Mo
[2026-05-15T16:19:47.807+0000] {data_modification.py:89} INFO - Updated row with Video_ID: Y7_lc9S8mEU
[2026-05-15T16:19:47.821+0000] {data_modification.py:89} INFO - Updated row with Video_ID: Wl0sWPDv2mY
[2026-05-15T16:19:47.834+0000] {data_modification.py:89} INFO - Updated row with Video_ID: vjdFv1SWj3Y
[2026-05-15T16:19:47.845+0000] {data_modification.py:89} INFO - Updated row with Video_ID: PVn-_80q_zE
[2026-05-15T16:19:47.855+0000] {data_modification.py:89} INFO - Updated row with Video_ID: H16ZcK2tHhA
[2026-05-15T16:19:47.867+0000] {data_modification.py:89} INFO - Updated row with Video_ID: M1hwvRJ2pSk
[2026-05-15T16:19:47.877+0000] {data_modification.py:89} INFO - Updated row with Video_ID: JGLV1zDdg3Y
[2026-05-15T16:19:47.888+0000] {data_modification.py:89} INFO - Updated row with Video_ID: IoJZCRQLPdE
[2026-05-15T16:19:47.894+0000] {data_modification.py:89} INFO - Updated row with Video_ID: SZvhxnpDuJA
[2026-05-15T16:19:47.899+0000] {data_modification.py:89} INFO - Updated row with Video_ID: Z1sCMQgAeog
[2026-05-15T16:19:47.908+0000] {data_modification.py:89} INFO - Updated row with Video_ID: kbrEY0P6tvQ
[2026-05-15T16:19:47.920+0000] {data_modification.py:89} INFO - Updated row with Video_ID: xCPnhcaqCbQ
[2026-05-15T16:19:47.925+0000] {data_modification.py:89} INFO - Updated row with Video_ID: CsiGrOTvKwY
[2026-05-15T16:19:47.931+0000] {data_modification.py:89} INFO - Updated row with Video_ID: 0dr4RHKU27I
[2026-05-15T16:19:47.941+0000] {data_modification.py:89} INFO - Updated row with Video_ID: LKGozoHwqio
[2026-05-15T16:19:47.945+0000] {data_modification.py:89} INFO - Updated row with Video_ID: zrdu35aOzPk
[2026-05-15T16:19:47.956+0000] {data_modification.py:89} INFO - Updated row with Video_ID: qlHbbB-Zrq0
[2026-05-15T16:19:47.963+0000] {data_modification.py:89} INFO - Updated row with Video_ID: 8aDL4hlJz4g
[2026-05-15T16:19:47.972+0000] {data_modification.py:89} INFO - Updated row with Video_ID: aDJqlxssr3E
[2026-05-15T16:19:47.977+0000] {data_modification.py:89} INFO - Updated row with Video_ID: N7wXGrdkQeE
[2026-05-15T16:19:47.983+0000] {data_modification.py:89} INFO - Updated row with Video_ID: 4xSkA4Z1kN4
[2026-05-15T16:19:47.988+0000] {data_modification.py:89} INFO - Updated row with Video_ID: xYr-jKIOOuc
[2026-05-15T16:19:47.992+0000] {data_modification.py:89} INFO - Updated row with Video_ID: K-C7F0RYtjQ
[2026-05-15T16:19:48.002+0000] {data_modification.py:89} INFO - Updated row with Video_ID: 2QqFroer1R8
[2026-05-15T16:19:48.007+0000] {data_modification.py:89} INFO - Updated row with Video_ID: zG-TuqqPf7g
[2026-05-15T16:19:48.012+0000] {data_modification.py:89} INFO - Updated row with Video_ID: BJHyncmDC5A
[2026-05-15T16:19:48.017+0000] {data_modification.py:89} INFO - Updated row with Video_ID: I5Of9ATvVzM
[2026-05-15T16:19:48.028+0000] {data_modification.py:89} INFO - Updated row with Video_ID: rKhNZ7SC2Hg
[2026-05-15T16:19:48.037+0000] {data_modification.py:89} INFO - Updated row with Video_ID: dLlk5iIafKs
[2026-05-15T16:19:48.054+0000] {data_modification.py:89} INFO - Updated row with Video_ID: jP3pK7Ix3UI
[2026-05-15T16:19:48.069+0000] {data_modification.py:89} INFO - Updated row with Video_ID: rUtyM614iR4
[2026-05-15T16:19:48.073+0000] {data_modification.py:89} INFO - Updated row with Video_ID: TjSMU_vDS0g
[2026-05-15T16:19:48.078+0000] {data_modification.py:89} INFO - Updated row with Video_ID: DHtB9unL6_8
[2026-05-15T16:19:48.091+0000] {data_modification.py:89} INFO - Updated row with Video_ID: uLuvq6qoS1A
[2026-05-15T16:19:48.097+0000] {data_modification.py:89} INFO - Updated row with Video_ID: Lmyqa5l3E8k
[2026-05-15T16:19:48.101+0000] {data_modification.py:89} INFO - Updated row with Video_ID: Ri0C5GfeoiI
[2026-05-15T16:19:48.107+0000] {data_modification.py:89} INFO - Updated row with Video_ID: GVZEj7G80pg
[2026-05-15T16:19:48.111+0000] {data_modification.py:89} INFO - Updated row with Video_ID: S34Kdi9yA_8
[2026-05-15T16:19:48.116+0000] {data_modification.py:89} INFO - Updated row with Video_ID: Ku4q5n7HCeM
[2026-05-15T16:19:48.127+0000] {data_modification.py:89} INFO - Updated row with Video_ID: 7fKY1PwwLek
[2026-05-15T16:19:48.138+0000] {data_modification.py:89} INFO - Updated row with Video_ID: 8ArqPJJKiCc
[2026-05-15T16:19:48.148+0000] {data_modification.py:89} INFO - Updated row with Video_ID: zwvw_2IanXI
[2026-05-15T16:19:48.158+0000] {data_modification.py:89} INFO - Updated row with Video_ID: ITO37-qbDLM
[2026-05-15T16:19:48.167+0000] {data_modification.py:89} INFO - Updated row with Video_ID: ju40811pjrQ
[2026-05-15T16:19:48.172+0000] {data_modification.py:89} INFO - Updated row with Video_ID: OaHQMmhvEoo
[2026-05-15T16:19:48.177+0000] {data_modification.py:89} INFO - Updated row with Video_ID: 6fxEfMa0dYs
[2026-05-15T16:19:48.182+0000] {data_modification.py:89} INFO - Updated row with Video_ID: HcpOBjlV_lE
[2026-05-15T16:19:48.187+0000] {data_modification.py:89} INFO - Updated row with Video_ID: MB09fTPkmuQ
[2026-05-15T16:19:48.192+0000] {data_modification.py:89} INFO - Updated row with Video_ID: DeAIMaJV4dw
[2026-05-15T16:19:48.197+0000] {data_modification.py:89} INFO - Updated row with Video_ID: 1R1eMB46GwM
[2026-05-15T16:19:48.202+0000] {data_modification.py:89} INFO - Updated row with Video_ID: TcfQK45jYLs
[2026-05-15T16:19:48.213+0000] {data_modification.py:89} INFO - Updated row with Video_ID: UDwcTtN4NHo
[2026-05-15T16:19:48.223+0000] {data_modification.py:89} INFO - Updated row with Video_ID: KdFVpvKmLLQ
[2026-05-15T16:19:48.233+0000] {data_modification.py:89} INFO - Updated row with Video_ID: SoP82MAi4RA
[2026-05-15T16:19:48.243+0000] {data_modification.py:89} INFO - Updated row with Video_ID: x4IdXjNObHY
[2026-05-15T16:19:48.249+0000] {data_modification.py:89} INFO - Updated row with Video_ID: aW_0TKrmnYQ
[2026-05-15T16:19:48.253+0000] {data_modification.py:89} INFO - Updated row with Video_ID: yOgCastVhIQ
[2026-05-15T16:19:48.266+0000] {data_modification.py:89} INFO - Updated row with Video_ID: uChhr9gC9dU
[2026-05-15T16:19:48.270+0000] {data_modification.py:89} INFO - Updated row with Video_ID: z0rK6dMCaX0
[2026-05-15T16:19:48.275+0000] {data_modification.py:89} INFO - Updated row with Video_ID: fFoa5bqvZc8
[2026-05-15T16:19:48.281+0000] {data_modification.py:89} INFO - Updated row with Video_ID: AyWC4QRevZM
[2026-05-15T16:19:48.285+0000] {data_modification.py:89} INFO - Updated row with Video_ID: 5LMESmnSzjE
[2026-05-15T16:19:48.290+0000] {data_modification.py:89} INFO - Updated row with Video_ID: NPShu_ooIaU
[2026-05-15T16:19:48.299+0000] {data_modification.py:89} INFO - Updated row with Video_ID: S3pHM0PdvWc
[2026-05-15T16:19:48.320+0000] {data_modification.py:89} INFO - Updated row with Video_ID: pwtN8nmDQbY
[2026-05-15T16:19:48.330+0000] {data_modification.py:89} INFO - Updated row with Video_ID: 6bgMGNosxCM
[2026-05-15T16:19:48.334+0000] {data_modification.py:89} INFO - Updated row with Video_ID: s-mpKRqyAvI
[2026-05-15T16:19:48.338+0000] {data_modification.py:89} INFO - Updated row with Video_ID: tBrsk9vK1k8
[2026-05-15T16:19:48.342+0000] {data_modification.py:89} INFO - Updated row with Video_ID: o2CNuYiOUAE
[2026-05-15T16:19:48.347+0000] {data_modification.py:89} INFO - Updated row with Video_ID: WGaGuAjCL-4
[2026-05-15T16:19:48.350+0000] {data_modification.py:89} INFO - Updated row with Video_ID: WUXpfwmzaSc
[2026-05-15T16:19:48.354+0000] {data_modification.py:89} INFO - Updated row with Video_ID: aEDZ6dpOvC4
[2026-05-15T16:19:48.358+0000] {data_modification.py:89} INFO - Updated row with Video_ID: -XEjcGdCoi0
[2026-05-15T16:19:48.364+0000] {data_modification.py:89} INFO - Updated row with Video_ID: hc9qzn2rhZo
[2026-05-15T16:19:48.373+0000] {data_modification.py:89} INFO - Updated row with Video_ID: CuK6JRbS63U
[2026-05-15T16:19:48.382+0000] {data_modification.py:89} INFO - Updated row with Video_ID: 07374sUnAp0
[2026-05-15T16:19:48.391+0000] {data_modification.py:89} INFO - Updated row with Video_ID: rNeuBAPPt9I
[2026-05-15T16:19:48.399+0000] {data_modification.py:89} INFO - Updated row with Video_ID: -C2JLYTKgFQ
[2026-05-15T16:19:48.404+0000] {data_modification.py:89} INFO - Updated row with Video_ID: XOBuG8v7TVQ
[2026-05-15T16:19:48.410+0000] {data_modification.py:89} INFO - Updated row with Video_ID: iLS87FYVsOE
[2026-05-15T16:19:48.415+0000] {data_modification.py:89} INFO - Updated row with Video_ID: 1o-yB0aqvZU
[2026-05-15T16:19:48.420+0000] {data_modification.py:89} INFO - Updated row with Video_ID: Sjl9yjuYGrc
[2026-05-15T16:19:48.425+0000] {data_modification.py:89} INFO - Updated row with Video_ID: K0AhFGRtjqE
[2026-05-15T16:19:48.431+0000] {data_modification.py:89} INFO - Updated row with Video_ID: VscISbQN_7Y
[2026-05-15T16:19:48.436+0000] {data_modification.py:89} INFO - Updated row with Video_ID: SgFAQNQOFY4
[2026-05-15T16:19:48.446+0000] {data_modification.py:89} INFO - Updated row with Video_ID: JlxUYqjxGEE
[2026-05-15T16:19:48.456+0000] {data_modification.py:89} INFO - Updated row with Video_ID: PCwYK1rjieo
[2026-05-15T16:19:48.466+0000] {data_modification.py:89} INFO - Updated row with Video_ID: YhXctrquFYo
[2026-05-15T16:19:48.476+0000] {data_modification.py:89} INFO - Updated row with Video_ID: OiLiCCAdShM
[2026-05-15T16:19:48.481+0000] {data_modification.py:89} INFO - Updated row with Video_ID: UYP5t1v7nek
[2026-05-15T16:19:48.486+0000] {data_modification.py:89} INFO - Updated row with Video_ID: 3vxqQ35APoQ
[2026-05-15T16:19:48.491+0000] {data_modification.py:89} INFO - Updated row with Video_ID: bgAyKpr5LWU
[2026-05-15T16:19:48.496+0000] {data_modification.py:89} INFO - Updated row with Video_ID: dIz8xk1ktRs
[2026-05-15T16:19:48.501+0000] {data_modification.py:89} INFO - Updated row with Video_ID: jXOY2ZSK1kA
[2026-05-15T16:19:48.507+0000] {data_modification.py:89} INFO - Updated row with Video_ID: IU2KHEdfejU
[2026-05-15T16:19:48.511+0000] {data_modification.py:89} INFO - Updated row with Video_ID: f3pPyVQ2A5c
[2026-05-15T16:19:48.516+0000] {data_modification.py:89} INFO - Updated row with Video_ID: QO-FFwzCOw0
[2026-05-15T16:19:48.527+0000] {data_modification.py:89} INFO - Updated row with Video_ID: k3xBs1E_nmc
[2026-05-15T16:19:48.538+0000] {data_modification.py:89} INFO - Updated row with Video_ID: roQYRiFEjss
[2026-05-15T16:19:48.549+0000] {data_modification.py:89} INFO - Updated row with Video_ID: Z0W0Jr__hMc
[2026-05-15T16:19:48.559+0000] {data_modification.py:89} INFO - Updated row with Video_ID: K_3N4mQPdu8
[2026-05-15T16:19:48.564+0000] {data_modification.py:89} INFO - Updated row with Video_ID: pkHP9xXh7MI
[2026-05-15T16:19:48.569+0000] {data_modification.py:89} INFO - Updated row with Video_ID: OSvzb1WFlyg
[2026-05-15T16:19:48.574+0000] {data_modification.py:89} INFO - Updated row with Video_ID: adX6qpV_nFc
[2026-05-15T16:19:48.579+0000] {data_modification.py:89} INFO - Updated row with Video_ID: tFkZiKD1qww
[2026-05-15T16:19:48.584+0000] {data_modification.py:89} INFO - Updated row with Video_ID: 0sA0xjJ4Odk
[2026-05-15T16:19:48.589+0000] {data_modification.py:89} INFO - Updated row with Video_ID: -DASajaX6wU
[2026-05-15T16:19:48.593+0000] {data_modification.py:89} INFO - Updated row with Video_ID: myyxC9-oeu8
[2026-05-15T16:19:48.599+0000] {data_modification.py:89} INFO - Updated row with Video_ID: zdizNkBVWaI
[2026-05-15T16:19:48.610+0000] {data_modification.py:89} INFO - Updated row with Video_ID: xl0xH3-zwGA
[2026-05-15T16:19:48.630+0000] {data_modification.py:89} INFO - Updated row with Video_ID: rlOO7fOzGvw
[2026-05-15T16:19:48.643+0000] {data_modification.py:89} INFO - Updated row with Video_ID: QHt6Hy_zXC8
[2026-05-15T16:19:48.656+0000] {data_modification.py:89} INFO - Updated row with Video_ID: JK6qjDSThkE
[2026-05-15T16:19:48.661+0000] {data_modification.py:89} INFO - Updated row with Video_ID: ZC1VRtDS4zM
[2026-05-15T16:19:48.666+0000] {data_modification.py:89} INFO - Updated row with Video_ID: bhR99X98vBc
[2026-05-15T16:19:48.673+0000] {data_modification.py:89} INFO - Updated row with Video_ID: oSBRkz_tpMo
[2026-05-15T16:19:48.685+0000] {data_modification.py:89} INFO - Updated row with Video_ID: PBziJsFJj_Q
[2026-05-15T16:19:48.689+0000] {data_modification.py:89} INFO - Updated row with Video_ID: DZEwbJ_NIcE
[2026-05-15T16:19:48.695+0000] {data_modification.py:89} INFO - Updated row with Video_ID: cOe4TCbZ4HY
[2026-05-15T16:19:48.711+0000] {data_modification.py:89} INFO - Updated row with Video_ID: WcEH5A8rc7o
[2026-05-15T16:19:48.729+0000] {data_modification.py:89} INFO - Updated row with Video_ID: yljCplR-xgI
[2026-05-15T16:19:48.741+0000] {data_modification.py:89} INFO - Updated row with Video_ID: HnMp-v3PAGU
[2026-05-15T16:19:48.750+0000] {data_modification.py:89} INFO - Updated row with Video_ID: qoK9uYOtU7U
[2026-05-15T16:19:48.757+0000] {data_modification.py:89} INFO - Updated row with Video_ID: _rivwUvOl-4
[2026-05-15T16:19:48.763+0000] {data_modification.py:89} INFO - Updated row with Video_ID: Y-sOjpy2n8o
[2026-05-15T16:19:48.767+0000] {data_modification.py:89} INFO - Updated row with Video_ID: nCOycVD3OeI
[2026-05-15T16:19:48.775+0000] {data_modification.py:89} INFO - Updated row with Video_ID: jlhWEP5W7Bs
[2026-05-15T16:19:48.780+0000] {data_modification.py:89} INFO - Updated row with Video_ID: f-UDDOptbtI
[2026-05-15T16:19:48.784+0000] {data_modification.py:89} INFO - Updated row with Video_ID: AxyDsjGRavY
[2026-05-15T16:19:48.793+0000] {data_modification.py:89} INFO - Updated row with Video_ID: wt6rggkIGjQ
[2026-05-15T16:19:48.804+0000] {data_modification.py:89} INFO - Updated row with Video_ID: F7YxfnV0MsM
[2026-05-15T16:19:48.814+0000] {data_modification.py:89} INFO - Updated row with Video_ID: V3d-DPUA6zw
[2026-05-15T16:19:48.823+0000] {data_modification.py:89} INFO - Updated row with Video_ID: P4qhj7zkZFU
[2026-05-15T16:19:48.828+0000] {data_modification.py:89} INFO - Updated row with Video_ID: 1XMu38kTGng
[2026-05-15T16:19:48.834+0000] {data_modification.py:89} INFO - Updated row with Video_ID: YZs6yuId0fE
[2026-05-15T16:19:48.838+0000] {data_modification.py:89} INFO - Updated row with Video_ID: VzT1TmSnmDE
[2026-05-15T16:19:48.848+0000] {data_modification.py:89} INFO - Updated row with Video_ID: jT2xL9Tc1Cc
[2026-05-15T16:19:48.855+0000] {data_modification.py:89} INFO - Updated row with Video_ID: OLLfLikZaG8
[2026-05-15T16:19:48.863+0000] {data_modification.py:89} INFO - Updated row with Video_ID: UPw4VPJtcP8
[2026-05-15T16:19:48.866+0000] {data_modification.py:89} INFO - Updated row with Video_ID: o4Wb9CCUiCw
[2026-05-15T16:19:48.876+0000] {data_modification.py:89} INFO - Updated row with Video_ID: Tatxd0tKJC4
[2026-05-15T16:19:48.886+0000] {data_modification.py:89} INFO - Updated row with Video_ID: a1QQm_PQ5V4
[2026-05-15T16:19:48.896+0000] {data_modification.py:89} INFO - Updated row with Video_ID: GlcfIxF7cMU
[2026-05-15T16:19:48.905+0000] {data_modification.py:89} INFO - Updated row with Video_ID: Mbls82fC1xo
[2026-05-15T16:19:48.908+0000] {data_modification.py:89} INFO - Updated row with Video_ID: 61HVGR3Nnls
[2026-05-15T16:19:48.911+0000] {data_modification.py:89} INFO - Updated row with Video_ID: 21ppgeQmW30
[2026-05-15T16:19:48.915+0000] {data_modification.py:89} INFO - Updated row with Video_ID: zh_HkpyOWR4
[2026-05-15T16:19:48.918+0000] {data_modification.py:89} INFO - Updated row with Video_ID: ExLfdTM86Vw
[2026-05-15T16:19:48.922+0000] {data_modification.py:89} INFO - Updated row with Video_ID: NZEH7bVzSGQ
[2026-05-15T16:19:48.925+0000] {data_modification.py:89} INFO - Updated row with Video_ID: DV7Kf9tcxUg
[2026-05-15T16:19:48.930+0000] {data_modification.py:89} INFO - Updated row with Video_ID: idYsG8H-qXs
[2026-05-15T16:19:48.933+0000] {data_modification.py:89} INFO - Updated row with Video_ID: zCluYHWTZCM
[2026-05-15T16:19:48.942+0000] {data_modification.py:89} INFO - Updated row with Video_ID: Pq08CLAdp4k
[2026-05-15T16:19:48.953+0000] {data_modification.py:89} INFO - Updated row with Video_ID: yUlEfKRE8xo
[2026-05-15T16:19:48.963+0000] {data_modification.py:89} INFO - Updated row with Video_ID: vuyrvqodOkw
[2026-05-15T16:19:48.973+0000] {data_modification.py:89} INFO - Updated row with Video_ID: Iw-Th31iKtc
[2026-05-15T16:19:48.981+0000] {data_modification.py:89} INFO - Updated row with Video_ID: vZhyy3tl2yM
[2026-05-15T16:19:48.986+0000] {data_modification.py:89} INFO - Updated row with Video_ID: bI6NHlDA5gI
[2026-05-15T16:19:48.991+0000] {data_modification.py:89} INFO - Updated row with Video_ID: uKbXQ1bQUbM
[2026-05-15T16:19:48.996+0000] {data_modification.py:89} INFO - Updated row with Video_ID: yKFG8rKxhyY
[2026-05-15T16:19:49.001+0000] {data_modification.py:89} INFO - Updated row with Video_ID: -qU1U3RR4Ew
[2026-05-15T16:19:49.006+0000] {data_modification.py:89} INFO - Updated row with Video_ID: tXVMumhsqw0
[2026-05-15T16:19:49.010+0000] {data_modification.py:89} INFO - Updated row with Video_ID: d6Quo7BcAdk
[2026-05-15T16:19:49.021+0000] {data_modification.py:89} INFO - Updated row with Video_ID: jbRQSlJ1uag
[2026-05-15T16:19:49.031+0000] {data_modification.py:89} INFO - Updated row with Video_ID: evbJm-0Ybdw
[2026-05-15T16:19:49.041+0000] {data_modification.py:89} INFO - Updated row with Video_ID: p_nuMc2DeJc
[2026-05-15T16:19:49.053+0000] {data_modification.py:89} INFO - Updated row with Video_ID: XGC-LF1GiRc
[2026-05-15T16:19:49.058+0000] {data_modification.py:89} INFO - Updated row with Video_ID: JrFNq31zQxk
[2026-05-15T16:19:49.063+0000] {data_modification.py:89} INFO - Updated row with Video_ID: pM5FzyNi6Jw
[2026-05-15T16:19:49.068+0000] {data_modification.py:89} INFO - Updated row with Video_ID: e8cOOxdrAS8
[2026-05-15T16:19:49.073+0000] {data_modification.py:89} INFO - Updated row with Video_ID: 7-_46zUq6ww
[2026-05-15T16:19:49.077+0000] {data_modification.py:89} INFO - Updated row with Video_ID: CsZG22TyXyk
[2026-05-15T16:19:49.082+0000] {data_modification.py:89} INFO - Updated row with Video_ID: hHsYP4fq7o0
[2026-05-15T16:19:49.088+0000] {data_modification.py:89} INFO - Updated row with Video_ID: kYxSJFikoHc
[2026-05-15T16:19:49.092+0000] {data_modification.py:89} INFO - Updated row with Video_ID: JNHmRi2WKDg
[2026-05-15T16:19:49.103+0000] {data_modification.py:89} INFO - Updated row with Video_ID: YMsR04S7pCs
[2026-05-15T16:19:49.113+0000] {data_modification.py:89} INFO - Updated row with Video_ID: M19BSDATDHU
[2026-05-15T16:19:49.123+0000] {data_modification.py:89} INFO - Updated row with Video_ID: 3QdMeN35cvg
[2026-05-15T16:19:49.133+0000] {data_modification.py:89} INFO - Updated row with Video_ID: 6LolfUqmcm4
[2026-05-15T16:19:49.137+0000] {data_modification.py:89} INFO - Updated row with Video_ID: PTilbuPh6SI
[2026-05-15T16:19:49.142+0000] {data_modification.py:89} INFO - Updated row with Video_ID: Hiay1eZi7-Y
[2026-05-15T16:19:49.151+0000] {data_modification.py:89} INFO - Updated row with Video_ID: rxPkJ9wdNic
[2026-05-15T16:19:49.156+0000] {data_modification.py:89} INFO - Updated row with Video_ID: _ijTYrgSgxg
[2026-05-15T16:19:49.160+0000] {data_modification.py:89} INFO - Updated row with Video_ID: QiIACMhu2uU
[2026-05-15T16:19:49.165+0000] {data_modification.py:89} INFO - Updated row with Video_ID: Rx0Bf_Da4G0
[2026-05-15T16:19:49.170+0000] {data_modification.py:89} INFO - Updated row with Video_ID: PPYg2pzt8WE
[2026-05-15T16:19:49.175+0000] {data_modification.py:89} INFO - Updated row with Video_ID: UyyMN7EHIkU
[2026-05-15T16:19:49.185+0000] {data_modification.py:89} INFO - Updated row with Video_ID: UVmEQ4pxyWE
[2026-05-15T16:19:49.196+0000] {data_modification.py:89} INFO - Updated row with Video_ID: 4NzdXAPQBLI
[2026-05-15T16:19:49.206+0000] {data_modification.py:89} INFO - Updated row with Video_ID: 5A11BQ94aYM
[2026-05-15T16:19:49.216+0000] {data_modification.py:89} INFO - Updated row with Video_ID: oRWNQoM1Ejo
[2026-05-15T16:19:49.221+0000] {data_modification.py:89} INFO - Updated row with Video_ID: Wm8lBQ6Ll68
[2026-05-15T16:19:49.226+0000] {data_modification.py:89} INFO - Updated row with Video_ID: EH-cS3ZuMpw
[2026-05-15T16:19:49.233+0000] {data_modification.py:89} INFO - Updated row with Video_ID: ZCZRdFQdTg0
[2026-05-15T16:19:49.238+0000] {data_modification.py:89} INFO - Updated row with Video_ID: bYmNl1lzoPE
[2026-05-15T16:19:49.243+0000] {data_modification.py:89} INFO - Updated row with Video_ID: See-vXZDcpc
[2026-05-15T16:19:49.249+0000] {data_modification.py:89} INFO - Updated row with Video_ID: eLYLc7iD0HI
[2026-05-15T16:19:49.253+0000] {data_modification.py:89} INFO - Updated row with Video_ID: ManWG4QKybA
[2026-05-15T16:19:49.259+0000] {data_modification.py:89} INFO - Updated row with Video_ID: 8BXh1pJoLKg
[2026-05-15T16:19:49.270+0000] {data_modification.py:89} INFO - Updated row with Video_ID: TlHXWtWZCfg
[2026-05-15T16:19:49.281+0000] {data_modification.py:89} INFO - Updated row with Video_ID: 46qto0rtMPw
[2026-05-15T16:19:49.291+0000] {data_modification.py:89} INFO - Updated row with Video_ID: 1WcozdfBDr4
[2026-05-15T16:19:49.302+0000] {data_modification.py:89} INFO - Updated row with Video_ID: V0pzUEOhCoU
[2026-05-15T16:19:49.307+0000] {data_modification.py:89} INFO - Updated row with Video_ID: KcwOUQSB1F4
[2026-05-15T16:19:49.313+0000] {data_modification.py:89} INFO - Updated row with Video_ID: q5oNIFI15hc
[2026-05-15T16:19:49.317+0000] {data_modification.py:89} INFO - Updated row with Video_ID: SWqn84hh26Q
[2026-05-15T16:19:49.323+0000] {data_modification.py:89} INFO - Updated row with Video_ID: L6JX-ST6fvQ
[2026-05-15T16:19:49.327+0000] {data_modification.py:89} INFO - Updated row with Video_ID: TQ6pzpvC1qI
[2026-05-15T16:19:49.333+0000] {data_modification.py:89} INFO - Updated row with Video_ID: 3YWz7zgxwIs
[2026-05-15T16:19:49.338+0000] {data_modification.py:89} INFO - Updated row with Video_ID: HLMkxhOrI2k
[2026-05-15T16:19:49.343+0000] {data_modification.py:89} INFO - Updated row with Video_ID: VM7uew97XhY
[2026-05-15T16:19:49.354+0000] {data_modification.py:89} INFO - Updated row with Video_ID: xs6Lk91okF8
[2026-05-15T16:19:49.364+0000] {data_modification.py:89} INFO - Updated row with Video_ID: HWhmshG3H34
[2026-05-15T16:19:49.374+0000] {data_modification.py:89} INFO - Updated row with Video_ID: 58MIN5-2Rb4
[2026-05-15T16:19:49.385+0000] {data_modification.py:89} INFO - Updated row with Video_ID: EaCFCNANfmM
[2026-05-15T16:19:49.391+0000] {data_modification.py:89} INFO - Updated row with Video_ID: suVjMTnk89U
[2026-05-15T16:19:49.396+0000] {data_modification.py:89} INFO - Updated row with Video_ID: jcbKGj1GZXU
[2026-05-15T16:19:49.401+0000] {data_modification.py:89} INFO - Updated row with Video_ID: 1eVzlmvmNAY
[2026-05-15T16:19:49.406+0000] {data_modification.py:89} INFO - Updated row with Video_ID: tdxc94WVyqo
[2026-05-15T16:19:49.411+0000] {data_modification.py:89} INFO - Updated row with Video_ID: CNR_6cNE-1c
[2026-05-15T16:19:49.416+0000] {data_modification.py:89} INFO - Updated row with Video_ID: 6DnYw52rkzQ
[2026-05-15T16:19:49.421+0000] {data_modification.py:89} INFO - Updated row with Video_ID: Hui-790j6I4
[2026-05-15T16:19:49.426+0000] {data_modification.py:89} INFO - Updated row with Video_ID: Hbn4qx6reVg
[2026-05-15T16:19:49.437+0000] {data_modification.py:89} INFO - Updated row with Video_ID: idTQIwbQ8f8
[2026-05-15T16:19:49.448+0000] {data_modification.py:89} INFO - Updated row with Video_ID: OK0C_zBtz3c
[2026-05-15T16:19:49.457+0000] {data_modification.py:89} INFO - Updated row with Video_ID: yydANADYDUk
[2026-05-15T16:19:49.469+0000] {data_modification.py:89} INFO - Updated row with Video_ID: JW1lcgWpZwM
[2026-05-15T16:19:49.474+0000] {data_modification.py:89} INFO - Updated row with Video_ID: Vi74ewcXeU8
[2026-05-15T16:19:49.480+0000] {data_modification.py:89} INFO - Updated row with Video_ID: 5WuPfgJq9xo
[2026-05-15T16:19:49.485+0000] {data_modification.py:89} INFO - Updated row with Video_ID: 9J_Q7NK147k
[2026-05-15T16:19:49.490+0000] {data_modification.py:89} INFO - Updated row with Video_ID: XEtxLhgs5TM
[2026-05-15T16:19:49.495+0000] {data_modification.py:89} INFO - Updated row with Video_ID: l0u1EyaP_ZI
[2026-05-15T16:19:49.500+0000] {data_modification.py:89} INFO - Updated row with Video_ID: 78Ki5OxEs8w
[2026-05-15T16:19:49.505+0000] {data_modification.py:89} INFO - Updated row with Video_ID: RNd-EQ3xPGs
[2026-05-15T16:19:49.509+0000] {data_modification.py:89} INFO - Updated row with Video_ID: xQaGsuavBV8
[2026-05-15T16:19:49.521+0000] {data_modification.py:89} INFO - Updated row with Video_ID: erlD9pmFs2U
[2026-05-15T16:19:49.531+0000] {data_modification.py:89} INFO - Updated row with Video_ID: 0EM6W7FHnPs
[2026-05-15T16:19:49.542+0000] {data_modification.py:89} INFO - Updated row with Video_ID: C0PA28_1PBk
[2026-05-15T16:19:49.553+0000] {data_modification.py:89} INFO - Updated row with Video_ID: 4ZsOV6iqTZQ
[2026-05-15T16:19:49.558+0000] {data_modification.py:89} INFO - Updated row with Video_ID: bWTAsIXeels
[2026-05-15T16:19:49.564+0000] {data_modification.py:89} INFO - Updated row with Video_ID: pbxPhzpAtks
[2026-05-15T16:19:49.569+0000] {data_modification.py:89} INFO - Updated row with Video_ID: AVwl_R3qDYM
[2026-05-15T16:19:49.574+0000] {data_modification.py:89} INFO - Updated row with Video_ID: Lac1vcE2aX8
[2026-05-15T16:19:49.579+0000] {data_modification.py:89} INFO - Updated row with Video_ID: NdgxkVCHv6s
[2026-05-15T16:19:49.584+0000] {data_modification.py:89} INFO - Updated row with Video_ID: uxy-hIeoVqQ
[2026-05-15T16:19:49.589+0000] {data_modification.py:89} INFO - Updated row with Video_ID: xhKUT9nNc0w
[2026-05-15T16:19:49.594+0000] {data_modification.py:89} INFO - Updated row with Video_ID: RpAH7QEzVu0
[2026-05-15T16:19:49.603+0000] {data_modification.py:89} INFO - Updated row with Video_ID: xK3v3ySqW-g
[2026-05-15T16:19:49.613+0000] {data_modification.py:89} INFO - Updated row with Video_ID: zjjzxYXezLQ
[2026-05-15T16:19:49.624+0000] {data_modification.py:89} INFO - Updated row with Video_ID: 64-zdoN0lkE
[2026-05-15T16:19:49.634+0000] {data_modification.py:89} INFO - Updated row with Video_ID: DHNmewE5g-w
[2026-05-15T16:19:49.639+0000] {data_modification.py:89} INFO - Updated row with Video_ID: 0FBTWwKcOLU
[2026-05-15T16:19:49.644+0000] {data_modification.py:89} INFO - Updated row with Video_ID: 6a5SJv2aQCU
[2026-05-15T16:19:49.649+0000] {data_modification.py:89} INFO - Updated row with Video_ID: g4ju9QZVht4
[2026-05-15T16:19:49.654+0000] {data_modification.py:89} INFO - Updated row with Video_ID: RUHLB6T2tww
[2026-05-15T16:19:49.673+0000] {data_modification.py:89} INFO - Updated row with Video_ID: 303B5oq0V-Y
[2026-05-15T16:19:49.682+0000] {data_modification.py:89} INFO - Updated row with Video_ID: ycfGxvwmxlQ
[2026-05-15T16:19:49.708+0000] {data_modification.py:89} INFO - Updated row with Video_ID: DfEPPz1ArAc
[2026-05-15T16:19:49.724+0000] {data_modification.py:89} INFO - Updated row with Video_ID: i8thIdI6x0o
[2026-05-15T16:19:49.739+0000] {data_modification.py:89} INFO - Updated row with Video_ID: 2NgwDrNGMis
[2026-05-15T16:19:49.754+0000] {data_modification.py:89} INFO - Updated row with Video_ID: 6UZbTUYaUSs
[2026-05-15T16:19:49.767+0000] {data_modification.py:89} INFO - Updated row with Video_ID: RX0EbSQXa70
[2026-05-15T16:19:49.774+0000] {data_modification.py:89} INFO - Updated row with Video_ID: wRdD2hUpRsY
[2026-05-15T16:19:49.783+0000] {data_modification.py:89} INFO - Updated row with Video_ID: 3rpJ4EjxO-M
[2026-05-15T16:19:49.795+0000] {data_modification.py:89} INFO - Updated row with Video_ID: -WFAoX4wDdU
[2026-05-15T16:19:49.819+0000] {data_modification.py:89} INFO - Updated row with Video_ID: o-w81FqZAYc
[2026-05-15T16:19:49.841+0000] {data_modification.py:89} INFO - Updated row with Video_ID: Bglv4BpUzU0
[2026-05-15T16:19:49.850+0000] {data_modification.py:89} INFO - Updated row with Video_ID: nC1UfSBjj90
[2026-05-15T16:19:49.867+0000] {data_modification.py:89} INFO - Updated row with Video_ID: i8UD23mLV64
[2026-05-15T16:19:49.872+0000] {data_modification.py:89} INFO - Updated row with Video_ID: afW3cgA9wSo
[2026-05-15T16:19:49.875+0000] {data_modification.py:89} INFO - Updated row with Video_ID: O4gHQriHbz4
[2026-05-15T16:19:49.882+0000] {data_modification.py:89} INFO - Updated row with Video_ID: YHZLSJeR48I
[2026-05-15T16:19:49.885+0000] {data_modification.py:89} INFO - Updated row with Video_ID: DPzirmPRzNA
[2026-05-15T16:19:49.890+0000] {data_modification.py:89} INFO - Updated row with Video_ID: GOGaYqWHYTE
[2026-05-15T16:19:49.900+0000] {data_modification.py:89} INFO - Updated row with Video_ID: 4FqfL6aWJKY
[2026-05-15T16:19:49.910+0000] {data_modification.py:89} INFO - Updated row with Video_ID: aAKnpTj8ZgI
[2026-05-15T16:19:49.920+0000] {data_modification.py:89} INFO - Updated row with Video_ID: EFazZdOZ7eA
[2026-05-15T16:19:49.930+0000] {data_modification.py:89} INFO - Updated row with Video_ID: Kl2sdX-ei5k
[2026-05-15T16:19:49.933+0000] {data_modification.py:89} INFO - Updated row with Video_ID: q550_qJRhiI
[2026-05-15T16:19:49.937+0000] {data_modification.py:89} INFO - Updated row with Video_ID: JarslXyAtRo
[2026-05-15T16:19:49.940+0000] {data_modification.py:89} INFO - Updated row with Video_ID: Qj3GyJ_yxQs
[2026-05-15T16:19:49.945+0000] {data_modification.py:89} INFO - Updated row with Video_ID: EbmRtwmPO-Q
[2026-05-15T16:19:49.948+0000] {data_modification.py:89} INFO - Updated row with Video_ID: 4AVZ9N5DmIk
[2026-05-15T16:19:49.951+0000] {data_modification.py:89} INFO - Updated row with Video_ID: hartOjszfBg
[2026-05-15T16:19:49.954+0000] {data_modification.py:89} INFO - Updated row with Video_ID: WAm7-KRum9k
[2026-05-15T16:19:49.962+0000] {data_modification.py:89} INFO - Updated row with Video_ID: WwJffIFa2o8
[2026-05-15T16:19:49.971+0000] {data_modification.py:89} INFO - Updated row with Video_ID: aRMZvyX5TPY
[2026-05-15T16:19:49.979+0000] {data_modification.py:89} INFO - Updated row with Video_ID: 6S9HLzl-BI4
[2026-05-15T16:19:49.988+0000] {data_modification.py:89} INFO - Updated row with Video_ID: t1wE2QL_dWA
[2026-05-15T16:19:49.991+0000] {data_modification.py:89} INFO - Updated row with Video_ID: BVweIBdkzU0
[2026-05-15T16:19:49.995+0000] {data_modification.py:89} INFO - Updated row with Video_ID: Ngao8Xw_7No
[2026-05-15T16:19:49.999+0000] {data_modification.py:89} INFO - Updated row with Video_ID: 5kIi1Hje3Bs
[2026-05-15T16:19:50.002+0000] {data_modification.py:89} INFO - Updated row with Video_ID: niCJoN_g610
[2026-05-15T16:19:50.005+0000] {data_modification.py:89} INFO - Updated row with Video_ID: 1l-FNo1hEGM
[2026-05-15T16:19:50.008+0000] {data_modification.py:89} INFO - Updated row with Video_ID: lbFZTxnou5E
[2026-05-15T16:19:50.013+0000] {data_modification.py:89} INFO - Updated row with Video_ID: d-zrDa8qVvI
[2026-05-15T16:19:50.016+0000] {data_modification.py:89} INFO - Updated row with Video_ID: ANTrB0QiI1I
[2026-05-15T16:19:50.026+0000] {data_modification.py:89} INFO - Updated row with Video_ID: WxYn3mBAtyM
[2026-05-15T16:19:50.037+0000] {data_modification.py:89} INFO - Updated row with Video_ID: 6T-9v2kVm9E
[2026-05-15T16:19:50.047+0000] {data_modification.py:89} INFO - Updated row with Video_ID: tAs8vsTH3IE
[2026-05-15T16:19:50.057+0000] {data_modification.py:89} INFO - Updated row with Video_ID: hqUZdzNIhM8
[2026-05-15T16:19:50.063+0000] {data_modification.py:89} INFO - Updated row with Video_ID: IKtfeoR7818
[2026-05-15T16:19:50.068+0000] {data_modification.py:89} INFO - Updated row with Video_ID: QfgjE1MBQy8
[2026-05-15T16:19:50.073+0000] {data_modification.py:89} INFO - Updated row with Video_ID: UZB_FZAgyUw
[2026-05-15T16:19:50.079+0000] {data_modification.py:89} INFO - Updated row with Video_ID: DVMyo24VrcM
[2026-05-15T16:19:50.084+0000] {data_modification.py:89} INFO - Updated row with Video_ID: h4VZg6piG3I
[2026-05-15T16:19:50.088+0000] {data_modification.py:89} INFO - Updated row with Video_ID: tOcvakHpzAA
[2026-05-15T16:19:50.095+0000] {data_modification.py:89} INFO - Updated row with Video_ID: MVICGsnulRo
[2026-05-15T16:19:50.100+0000] {data_modification.py:89} INFO - Updated row with Video_ID: _ASmNIC0aRY
[2026-05-15T16:19:50.112+0000] {data_modification.py:89} INFO - Updated row with Video_ID: Fn_m9nIBT54
[2026-05-15T16:19:50.124+0000] {data_modification.py:89} INFO - Updated row with Video_ID: 42G-nI7An8A
[2026-05-15T16:19:50.136+0000] {data_modification.py:89} INFO - Updated row with Video_ID: oFp35SVhLuo
[2026-05-15T16:19:50.147+0000] {data_modification.py:89} INFO - Updated row with Video_ID: nflqUYMBP_s
[2026-05-15T16:19:50.152+0000] {data_modification.py:89} INFO - Updated row with Video_ID: UGccOaJAiHE
[2026-05-15T16:19:50.157+0000] {data_modification.py:89} INFO - Updated row with Video_ID: ekmAVb3XAOM
[2026-05-15T16:19:50.163+0000] {data_modification.py:89} INFO - Updated row with Video_ID: 9nN_njcfHQs
[2026-05-15T16:19:50.168+0000] {data_modification.py:89} INFO - Updated row with Video_ID: Fo7tz7d4zFg
[2026-05-15T16:19:50.173+0000] {data_modification.py:89} INFO - Updated row with Video_ID: 9AEohZQ403k
[2026-05-15T16:19:50.178+0000] {data_modification.py:89} INFO - Updated row with Video_ID: OxZP-XvjymE
[2026-05-15T16:19:50.183+0000] {data_modification.py:89} INFO - Updated row with Video_ID: afAjkYge0_4
[2026-05-15T16:19:50.187+0000] {data_modification.py:89} INFO - Updated row with Video_ID: YE83M9nlkjc
[2026-05-15T16:19:50.199+0000] {data_modification.py:89} INFO - Updated row with Video_ID: ycAWqNgy0UA
[2026-05-15T16:19:50.211+0000] {data_modification.py:89} INFO - Updated row with Video_ID: 8tmikjWqhio
[2026-05-15T16:19:50.223+0000] {data_modification.py:89} INFO - Updated row with Video_ID: 5_yebSeZlnE
[2026-05-15T16:19:50.236+0000] {data_modification.py:89} INFO - Updated row with Video_ID: wVOWzrSPvKA
[2026-05-15T16:19:50.241+0000] {data_modification.py:89} INFO - Updated row with Video_ID: izKKJmKTgdo
[2026-05-15T16:19:50.246+0000] {data_modification.py:89} INFO - Updated row with Video_ID: 5SDmyobPFn4
[2026-05-15T16:19:50.251+0000] {data_modification.py:89} INFO - Updated row with Video_ID: Sgyg_2Wtdps
[2026-05-15T16:19:50.256+0000] {data_modification.py:89} INFO - Updated row with Video_ID: tFLSjVcBR28
[2026-05-15T16:19:50.261+0000] {data_modification.py:89} INFO - Updated row with Video_ID: sgzPcb1rzqQ
[2026-05-15T16:19:50.265+0000] {data_modification.py:89} INFO - Updated row with Video_ID: LkbMiUFVRYo
[2026-05-15T16:19:50.270+0000] {data_modification.py:89} INFO - Updated row with Video_ID: bFMAUs8BLnk
[2026-05-15T16:19:50.275+0000] {data_modification.py:89} INFO - Updated row with Video_ID: -QOu3pvOES8
[2026-05-15T16:19:50.286+0000] {data_modification.py:89} INFO - Updated row with Video_ID: r9WgiBOBa1s
[2026-05-15T16:19:50.296+0000] {data_modification.py:89} INFO - Updated row with Video_ID: uUxtUB5HP_g
[2026-05-15T16:19:50.307+0000] {data_modification.py:89} INFO - Updated row with Video_ID: HJ7zzXVxWjU
[2026-05-15T16:19:50.318+0000] {data_modification.py:89} INFO - Updated row with Video_ID: q3CLgLuyrpA
[2026-05-15T16:19:50.323+0000] {data_modification.py:89} INFO - Updated row with Video_ID: NLG5lRFoDUI
[2026-05-15T16:19:50.329+0000] {data_modification.py:89} INFO - Updated row with Video_ID: wzcxTVu3nG0
[2026-05-15T16:19:50.334+0000] {data_modification.py:89} INFO - Updated row with Video_ID: 2rx1QxBPjPk
[2026-05-15T16:19:50.339+0000] {data_modification.py:89} INFO - Updated row with Video_ID: 0pEgeCKEM2c
[2026-05-15T16:19:50.346+0000] {data_modification.py:89} INFO - Updated row with Video_ID: dLu4c0loUOo
[2026-05-15T16:19:50.350+0000] {data_modification.py:89} INFO - Updated row with Video_ID: Ohr770VjEs4
[2026-05-15T16:19:50.355+0000] {data_modification.py:89} INFO - Updated row with Video_ID: ODF5NslNBnU
[2026-05-15T16:19:50.361+0000] {data_modification.py:89} INFO - Updated row with Video_ID: ak3Fnhwzqks
[2026-05-15T16:19:50.371+0000] {data_modification.py:89} INFO - Updated row with Video_ID: nm-JRt9nCIc
[2026-05-15T16:19:50.381+0000] {data_modification.py:89} INFO - Updated row with Video_ID: FwL2IhXN-DI
[2026-05-15T16:19:50.392+0000] {data_modification.py:89} INFO - Updated row with Video_ID: QlkOtCOTLHI
[2026-05-15T16:19:50.403+0000] {data_modification.py:89} INFO - Updated row with Video_ID: Q2dmeeq-7I4
[2026-05-15T16:19:50.407+0000] {data_modification.py:89} INFO - Updated row with Video_ID: 1K3VIfiRlRQ
[2026-05-15T16:19:50.413+0000] {data_modification.py:89} INFO - Updated row with Video_ID: xXXCePmWq2M
[2026-05-15T16:19:50.417+0000] {data_modification.py:89} INFO - Updated row with Video_ID: G4a2aOH42Q8
[2026-05-15T16:19:50.422+0000] {data_modification.py:89} INFO - Updated row with Video_ID: RQBmgcfN8Ko
[2026-05-15T16:19:50.428+0000] {data_modification.py:89} INFO - Updated row with Video_ID: KGB9NVhoolc
[2026-05-15T16:19:50.432+0000] {data_modification.py:89} INFO - Updated row with Video_ID: Y2nhVXqtbI4
[2026-05-15T16:19:50.438+0000] {data_modification.py:89} INFO - Updated row with Video_ID: aglm_xcDtr8
[2026-05-15T16:19:50.444+0000] {data_modification.py:89} INFO - Updated row with Video_ID: TEHsyNFRqXs
[2026-05-15T16:19:50.454+0000] {data_modification.py:89} INFO - Updated row with Video_ID: TIvZH2elOFk
[2026-05-15T16:19:50.464+0000] {data_modification.py:89} INFO - Updated row with Video_ID: PHzM_sVLvs0
[2026-05-15T16:19:50.474+0000] {data_modification.py:89} INFO - Updated row with Video_ID: nyxWekES0xg
[2026-05-15T16:19:50.486+0000] {data_modification.py:89} INFO - Updated row with Video_ID: ddeUr7z59Ic
[2026-05-15T16:19:50.490+0000] {data_modification.py:89} INFO - Updated row with Video_ID: MfG8NGrRiko
[2026-05-15T16:19:50.496+0000] {data_modification.py:89} INFO - Updated row with Video_ID: N9D35ke3mJ8
[2026-05-15T16:19:50.501+0000] {data_modification.py:89} INFO - Updated row with Video_ID: mJNEM5aAm6o
[2026-05-15T16:19:50.506+0000] {data_modification.py:89} INFO - Updated row with Video_ID: ljkj23rni1A
[2026-05-15T16:19:50.511+0000] {data_modification.py:89} INFO - Updated row with Video_ID: z-54gbcYlv4
[2026-05-15T16:19:50.515+0000] {data_modification.py:89} INFO - Updated row with Video_ID: 4QnBVZG1jAE
[2026-05-15T16:19:50.521+0000] {data_modification.py:89} INFO - Updated row with Video_ID: 0PAmLalG3h8
[2026-05-15T16:19:50.525+0000] {data_modification.py:89} INFO - Updated row with Video_ID: eVHaSEdaI2o
[2026-05-15T16:19:50.536+0000] {data_modification.py:89} INFO - Updated row with Video_ID: MVQygZwxSuU
[2026-05-15T16:19:50.547+0000] {data_modification.py:89} INFO - Updated row with Video_ID: XY18XGx1w5M
[2026-05-15T16:19:50.557+0000] {data_modification.py:89} INFO - Updated row with Video_ID: mNqv-BLV4SE
[2026-05-15T16:19:50.568+0000] {data_modification.py:89} INFO - Updated row with Video_ID: 3fqWzlGQU-Q
[2026-05-15T16:19:50.573+0000] {data_modification.py:89} INFO - Updated row with Video_ID: jYmj9krTIvc
[2026-05-15T16:19:50.579+0000] {data_modification.py:89} INFO - Updated row with Video_ID: _soOpeGJ4xk
[2026-05-15T16:19:50.584+0000] {data_modification.py:89} INFO - Updated row with Video_ID: nv3YZy_SZ9s
[2026-05-15T16:19:50.589+0000] {data_modification.py:89} INFO - Updated row with Video_ID: WlpkWcsE8j8
[2026-05-15T16:19:50.595+0000] {data_modification.py:89} INFO - Updated row with Video_ID: I5UxBcEd4Go
[2026-05-15T16:19:50.599+0000] {data_modification.py:89} INFO - Updated row with Video_ID: KgoNljgAJuQ
[2026-05-15T16:19:50.604+0000] {data_modification.py:89} INFO - Updated row with Video_ID: KMoxRFKCZGg
[2026-05-15T16:19:50.610+0000] {data_modification.py:89} INFO - Updated row with Video_ID: 2hhp7iHF-o0
[2026-05-15T16:19:50.620+0000] {data_modification.py:89} INFO - Updated row with Video_ID: ps34-AxznKw
[2026-05-15T16:19:50.630+0000] {data_modification.py:89} INFO - Updated row with Video_ID: r-mWgrjre1Y
[2026-05-15T16:19:50.640+0000] {data_modification.py:89} INFO - Updated row with Video_ID: -3Jm9B9Z4Bc
[2026-05-15T16:19:50.652+0000] {data_modification.py:89} INFO - Updated row with Video_ID: WColN3wcm_M
[2026-05-15T16:19:50.657+0000] {data_modification.py:89} INFO - Updated row with Video_ID: gucGUzZU7q4
[2026-05-15T16:19:50.663+0000] {data_modification.py:89} INFO - Updated row with Video_ID: ZTwP5ppasmY
[2026-05-15T16:19:50.668+0000] {data_modification.py:89} INFO - Updated row with Video_ID: AlaPn60tvLo
[2026-05-15T16:19:50.673+0000] {data_modification.py:89} INFO - Updated row with Video_ID: URePyI1Xikc
[2026-05-15T16:19:50.679+0000] {data_modification.py:89} INFO - Updated row with Video_ID: 2UlOld8zuNI
[2026-05-15T16:19:50.684+0000] {data_modification.py:89} INFO - Updated row with Video_ID: EL93Mokv8R4
[2026-05-15T16:19:50.689+0000] {data_modification.py:89} INFO - Updated row with Video_ID: Oy_KkEeF6IE
[2026-05-15T16:19:50.695+0000] {data_modification.py:89} INFO - Updated row with Video_ID: 6x3Cjj6vASg
[2026-05-15T16:19:50.706+0000] {data_modification.py:89} INFO - Updated row with Video_ID: L9z7ZE7NKow
[2026-05-15T16:19:50.716+0000] {data_modification.py:89} INFO - Updated row with Video_ID: EabTa-aLNi0
[2026-05-15T16:19:50.722+0000] {data_modification.py:89} INFO - Updated row with Video_ID: F0od6aMWoL4
[2026-05-15T16:19:50.728+0000] {data_modification.py:89} INFO - Updated row with Video_ID: OhI90Qj8P0g
[2026-05-15T16:19:50.733+0000] {data_modification.py:89} INFO - Updated row with Video_ID: bF2Lfq9NuhI
[2026-05-15T16:19:50.738+0000] {data_modification.py:89} INFO - Updated row with Video_ID: C75gGQtdrYE
[2026-05-15T16:19:50.744+0000] {data_modification.py:89} INFO - Updated row with Video_ID: 9BJFzbK0TTs
[2026-05-15T16:19:50.749+0000] {data_modification.py:89} INFO - Updated row with Video_ID: lIbB_gBw1c8
[2026-05-15T16:19:50.754+0000] {data_modification.py:89} INFO - Updated row with Video_ID: T6L_idrrEqQ
[2026-05-15T16:19:50.760+0000] {data_modification.py:89} INFO - Updated row with Video_ID: pcSO8BQkUD0
[2026-05-15T16:19:50.770+0000] {data_modification.py:89} INFO - Updated row with Video_ID: GJnWKTI0z1U
[2026-05-15T16:19:50.781+0000] {data_modification.py:89} INFO - Updated row with Video_ID: Rn3danuKLjA
[2026-05-15T16:19:50.791+0000] {data_modification.py:89} INFO - Updated row with Video_ID: mVD4pyzEvGw
[2026-05-15T16:19:50.802+0000] {data_modification.py:89} INFO - Updated row with Video_ID: HbW3oNcolaY
[2026-05-15T16:19:50.807+0000] {data_modification.py:89} INFO - Updated row with Video_ID: RbO9F8fIuPU
[2026-05-15T16:19:50.812+0000] {data_modification.py:89} INFO - Updated row with Video_ID: qSRiy6NKkH0
[2026-05-15T16:19:50.817+0000] {data_modification.py:89} INFO - Updated row with Video_ID: rBdYCAY7ddM
[2026-05-15T16:19:50.822+0000] {data_modification.py:89} INFO - Updated row with Video_ID: 3lQr5CSxo7o
[2026-05-15T16:19:50.828+0000] {data_modification.py:89} INFO - Updated row with Video_ID: Ia8dZ8nMsJA
[2026-05-15T16:19:50.833+0000] {data_modification.py:89} INFO - Updated row with Video_ID: BqOt-xIIzbk
[2026-05-15T16:19:50.838+0000] {data_modification.py:89} INFO - Updated row with Video_ID: QGlW7VJRUG4
[2026-05-15T16:19:50.866+0000] {data_modification.py:89} INFO - Updated row with Video_ID: -3nmZkfAPL0
[2026-05-15T16:19:50.891+0000] {data_modification.py:89} INFO - Updated row with Video_ID: jIZq_MslZaw
[2026-05-15T16:19:50.913+0000] {data_modification.py:89} INFO - Updated row with Video_ID: 8F4w3qBpRSE
[2026-05-15T16:19:50.926+0000] {data_modification.py:89} INFO - Updated row with Video_ID: YzH7I5OzT_A
[2026-05-15T16:19:50.940+0000] {data_modification.py:89} INFO - Updated row with Video_ID: xoAEUuKElTQ
[2026-05-15T16:19:50.972+0000] {data_modification.py:89} INFO - Updated row with Video_ID: ECPjkTa7wiI
[2026-05-15T16:19:50.981+0000] {data_modification.py:89} INFO - Updated row with Video_ID: lymsSsYLOhU
[2026-05-15T16:19:51.001+0000] {data_modification.py:89} INFO - Updated row with Video_ID: uvynnWEMa6M
[2026-05-15T16:19:51.023+0000] {data_modification.py:89} INFO - Updated row with Video_ID: -7yjbBDBu-I
[2026-05-15T16:19:51.041+0000] {data_modification.py:89} INFO - Updated row with Video_ID: hAiwlEqaap8
[2026-05-15T16:19:51.055+0000] {data_modification.py:89} INFO - Updated row with Video_ID: dwuiHGNVZzI
[2026-05-15T16:19:51.078+0000] {data_modification.py:89} INFO - Updated row with Video_ID: xmVlHSuQ2B0
[2026-05-15T16:19:51.095+0000] {data_modification.py:89} INFO - Updated row with Video_ID: ISmTQjv7XAQ
[2026-05-15T16:19:51.112+0000] {data_modification.py:89} INFO - Updated row with Video_ID: pP7waLQKmg4
[2026-05-15T16:19:51.138+0000] {data_modification.py:89} INFO - Updated row with Video_ID: acXriGXdp_8
[2026-05-15T16:19:51.151+0000] {data_modification.py:89} INFO - Updated row with Video_ID: OE1ymu6bRQo
[2026-05-15T16:19:51.164+0000] {data_modification.py:89} INFO - Updated row with Video_ID: egEG5spIfZ8
[2026-05-15T16:19:51.170+0000] {data_modification.py:89} INFO - Updated row with Video_ID: dIQy2eEx-sY
[2026-05-15T16:19:51.185+0000] {data_modification.py:89} INFO - Updated row with Video_ID: LE29BMPFCM0
[2026-05-15T16:19:51.196+0000] {data_modification.py:89} INFO - Updated row with Video_ID: 3jqgv8p2O58
[2026-05-15T16:19:51.204+0000] {data_modification.py:89} INFO - Updated row with Video_ID: GYBF8Kgpc1o
[2026-05-15T16:19:51.218+0000] {data_modification.py:89} INFO - Updated row with Video_ID: 4DdbpqfJJdg
[2026-05-15T16:19:51.230+0000] {data_modification.py:89} INFO - Updated row with Video_ID: Ge4qHQ8waYY
[2026-05-15T16:19:51.243+0000] {data_modification.py:89} INFO - Updated row with Video_ID: FIXicvGLUXw
[2026-05-15T16:19:51.254+0000] {data_modification.py:89} INFO - Updated row with Video_ID: JLb1WqVV46s
[2026-05-15T16:19:51.270+0000] {data_modification.py:89} INFO - Updated row with Video_ID: AO-qDM9PPIY
[2026-05-15T16:19:51.283+0000] {data_modification.py:89} INFO - Updated row with Video_ID: 8de2QVS54Ts
[2026-05-15T16:19:51.304+0000] {data_modification.py:89} INFO - Updated row with Video_ID: sNld333qTfo
[2026-05-15T16:19:51.318+0000] {data_modification.py:89} INFO - Updated row with Video_ID: ZQOBiM4_jc0
[2026-05-15T16:19:51.335+0000] {data_modification.py:89} INFO - Updated row with Video_ID: 59cffVYqu98
[2026-05-15T16:19:51.341+0000] {data_modification.py:89} INFO - Updated row with Video_ID: oYK7jlpVe3I
[2026-05-15T16:19:51.349+0000] {data_modification.py:89} INFO - Updated row with Video_ID: vXHO3ygX5q8
[2026-05-15T16:19:51.357+0000] {data_modification.py:89} INFO - Updated row with Video_ID: C5lIfgpe0pE
[2026-05-15T16:19:51.371+0000] {data_modification.py:89} INFO - Updated row with Video_ID: V_moowMlMIw
[2026-05-15T16:19:51.396+0000] {data_modification.py:89} INFO - Updated row with Video_ID: xx_TzYSy3KE
[2026-05-15T16:19:51.420+0000] {data_modification.py:89} INFO - Updated row with Video_ID: T-HFMXKrkfc
[2026-05-15T16:19:51.437+0000] {data_modification.py:89} INFO - Updated row with Video_ID: ssWng7NX5vM
[2026-05-15T16:19:51.472+0000] {data_modification.py:89} INFO - Updated row with Video_ID: DPuxTsq5N9I
[2026-05-15T16:19:51.491+0000] {data_modification.py:89} INFO - Updated row with Video_ID: -f69HN9hsTo
[2026-05-15T16:19:51.512+0000] {data_modification.py:89} INFO - Updated row with Video_ID: rkbjtqpmYsI
[2026-05-15T16:19:51.534+0000] {data_modification.py:89} INFO - Updated row with Video_ID: dNL0PRM75FQ
[2026-05-15T16:19:51.564+0000] {data_modification.py:89} INFO - Updated row with Video_ID: 5zeIAamXyqI
[2026-05-15T16:19:51.572+0000] {data_modification.py:89} INFO - Updated row with Video_ID: EdE8QDRgbCE
[2026-05-15T16:19:51.584+0000] {data_modification.py:89} INFO - Updated row with Video_ID: i4hrlZs9hEY
[2026-05-15T16:19:51.601+0000] {data_modification.py:89} INFO - Updated row with Video_ID: mh_g4JpWHaY
[2026-05-15T16:19:51.612+0000] {data_modification.py:89} INFO - Updated row with Video_ID: _ISLLTAOGEo
[2026-05-15T16:19:51.640+0000] {data_modification.py:89} INFO - Updated row with Video_ID: 87iP7ThpAA8
[2026-05-15T16:19:51.652+0000] {data_modification.py:89} INFO - Updated row with Video_ID: -2bc-LOFZ4w
[2026-05-15T16:19:51.666+0000] {data_modification.py:89} INFO - Updated row with Video_ID: Hx_lYStMf4Y
[2026-05-15T16:19:51.690+0000] {data_modification.py:89} INFO - Updated row with Video_ID: 6TjMgWtfi50
[2026-05-15T16:19:51.704+0000] {data_modification.py:89} INFO - Updated row with Video_ID: XiEhUDZB9X4
[2026-05-15T16:19:51.712+0000] {data_modification.py:89} INFO - Updated row with Video_ID: aqmx74WzQ60
[2026-05-15T16:19:51.729+0000] {data_modification.py:89} INFO - Updated row with Video_ID: FdzkLWh0-fQ
[2026-05-15T16:19:51.740+0000] {data_modification.py:89} INFO - Updated row with Video_ID: EBqz4BpEHhg
[2026-05-15T16:19:51.756+0000] {data_modification.py:89} INFO - Updated row with Video_ID: fHv1J_4hVB4
[2026-05-15T16:19:51.767+0000] {data_modification.py:89} INFO - Updated row with Video_ID: DqeEQJTTFVA
[2026-05-15T16:19:51.787+0000] {data_modification.py:89} INFO - Updated row with Video_ID: VrP_Onb9UcE
[2026-05-15T16:19:51.803+0000] {data_modification.py:89} INFO - Updated row with Video_ID: W6MK0TdoADw
[2026-05-15T16:19:51.820+0000] {data_modification.py:89} INFO - Updated row with Video_ID: BdDa0fW-wpw
[2026-05-15T16:19:51.837+0000] {data_modification.py:89} INFO - Updated row with Video_ID: pJFFEIJgydM
[2026-05-15T16:19:51.853+0000] {data_modification.py:89} INFO - Updated row with Video_ID: fIgyr4mgpdo
[2026-05-15T16:19:51.865+0000] {data_modification.py:89} INFO - Updated row with Video_ID: ZigrozpCZhw
[2026-05-15T16:19:51.874+0000] {data_modification.py:89} INFO - Updated row with Video_ID: 3p0RT4m9X2Y
[2026-05-15T16:19:51.884+0000] {data_modification.py:89} INFO - Updated row with Video_ID: q1ZCB46-iKE
[2026-05-15T16:19:51.912+0000] {data_modification.py:89} INFO - Updated row with Video_ID: tT7QRM2TDQE
[2026-05-15T16:19:51.920+0000] {data_modification.py:89} INFO - Updated row with Video_ID: dHQBeUaTi_k
[2026-05-15T16:19:51.925+0000] {data_modification.py:89} INFO - Updated row with Video_ID: Chw1Pmfp36Y
[2026-05-15T16:19:51.934+0000] {data_modification.py:89} INFO - Updated row with Video_ID: LXeGxW7WWq0
[2026-05-15T16:19:51.953+0000] {data_modification.py:89} INFO - Updated row with Video_ID: xGIliDmmUNE
[2026-05-15T16:19:51.971+0000] {data_modification.py:89} INFO - Updated row with Video_ID: LwYl3O2OEzk
[2026-05-15T16:19:51.986+0000] {data_modification.py:89} INFO - Updated row with Video_ID: 2y86ed0m-pM
[2026-05-15T16:19:52.004+0000] {data_modification.py:89} INFO - Updated row with Video_ID: gndlqJN6OWk
[2026-05-15T16:19:52.014+0000] {data_modification.py:89} INFO - Updated row with Video_ID: mYgFuOmLBFE
[2026-05-15T16:19:52.020+0000] {data_modification.py:89} INFO - Updated row with Video_ID: E7z_ExM3nh4
[2026-05-15T16:19:52.029+0000] {data_modification.py:89} INFO - Updated row with Video_ID: x669moqhGXI
[2026-05-15T16:19:52.036+0000] {data_modification.py:89} INFO - Updated row with Video_ID: ZCRf5FSSd0I
[2026-05-15T16:19:52.043+0000] {data_modification.py:89} INFO - Updated row with Video_ID: I7YndRhSqbU
[2026-05-15T16:19:52.062+0000] {data_modification.py:89} INFO - Updated row with Video_ID: j6ihMqBJYAs
[2026-05-15T16:19:52.066+0000] {data_modification.py:89} INFO - Updated row with Video_ID: wyJCSejoyxs
[2026-05-15T16:19:52.078+0000] {data_modification.py:89} INFO - Updated row with Video_ID: 7AR2n5KAflE
[2026-05-15T16:19:52.087+0000] {data_modification.py:89} INFO - Updated row with Video_ID: AtsG9cgCd1g
[2026-05-15T16:19:52.096+0000] {data_modification.py:89} INFO - Updated row with Video_ID: u-2aYx3latM
[2026-05-15T16:19:52.105+0000] {data_modification.py:89} INFO - Updated row with Video_ID: Dbzug0oZirM
[2026-05-15T16:19:52.116+0000] {data_modification.py:89} INFO - Updated row with Video_ID: rS4oXmy9cK8
[2026-05-15T16:19:52.128+0000] {data_modification.py:89} INFO - Updated row with Video_ID: liLF-Dupyxs
[2026-05-15T16:19:52.134+0000] {data_modification.py:89} INFO - Updated row with Video_ID: BW-b7BzkK6E
[2026-05-15T16:19:52.138+0000] {data_modification.py:89} INFO - Updated row with Video_ID: _oWL3dDywZ4
[2026-05-15T16:19:52.144+0000] {data_modification.py:89} INFO - Updated row with Video_ID: Omrc9BrbldA
[2026-05-15T16:19:52.148+0000] {data_modification.py:89} INFO - Updated row with Video_ID: ZsNW-fibybY
[2026-05-15T16:19:52.151+0000] {data_modification.py:89} INFO - Updated row with Video_ID: GJNUd6xIzu4
[2026-05-15T16:19:52.155+0000] {data_modification.py:89} INFO - Updated row with Video_ID: eJpogsZAjGQ
[2026-05-15T16:19:52.168+0000] {data_modification.py:89} INFO - Updated row with Video_ID: GJayYzhzfPY
[2026-05-15T16:19:52.178+0000] {data_modification.py:89} INFO - Updated row with Video_ID: FMNexy5n1zU
[2026-05-15T16:19:52.187+0000] {data_modification.py:89} INFO - Updated row with Video_ID: crim2BOx-Ig
[2026-05-15T16:19:52.190+0000] {data_modification.py:89} INFO - Updated row with Video_ID: zCAJDBm06i4
[2026-05-15T16:19:52.195+0000] {data_modification.py:89} INFO - Updated row with Video_ID: WVUvDHDxCdk
[2026-05-15T16:19:52.199+0000] {data_modification.py:89} INFO - Updated row with Video_ID: GdXHSch5g8k
[2026-05-15T16:19:52.210+0000] {data_modification.py:89} INFO - Updated row with Video_ID: XVj0TEtSBiw
[2026-05-15T16:19:52.214+0000] {data_modification.py:89} INFO - Updated row with Video_ID: YUhPSl2G4qQ
[2026-05-15T16:19:52.227+0000] {data_modification.py:89} INFO - Updated row with Video_ID: YPIdyJX85lI
[2026-05-15T16:19:52.230+0000] {data_modification.py:89} INFO - Updated row with Video_ID: Vb4mZGRPvUk
[2026-05-15T16:19:52.234+0000] {data_modification.py:89} INFO - Updated row with Video_ID: aVUQMSS_h5w
[2026-05-15T16:19:52.244+0000] {data_modification.py:89} INFO - Updated row with Video_ID: oSIFbIfrUHg
[2026-05-15T16:19:52.252+0000] {data_modification.py:89} INFO - Updated row with Video_ID: H3aDFncmzFE
[2026-05-15T16:19:52.261+0000] {data_modification.py:89} INFO - Updated row with Video_ID: Zop3vThrR74
[2026-05-15T16:19:52.271+0000] {data_modification.py:89} INFO - Updated row with Video_ID: eqUK_e6T9bM
[2026-05-15T16:19:52.274+0000] {data_modification.py:89} INFO - Updated row with Video_ID: AXvqYN3jkEc
[2026-05-15T16:19:52.279+0000] {data_modification.py:89} INFO - Updated row with Video_ID: -0uu2AsRuFw
[2026-05-15T16:19:52.284+0000] {data_modification.py:89} INFO - Updated row with Video_ID: FJJjnnBw5cw
[2026-05-15T16:19:52.289+0000] {data_modification.py:89} INFO - Updated row with Video_ID: -w1bm-cHqFs
[2026-05-15T16:19:52.294+0000] {data_modification.py:89} INFO - Updated row with Video_ID: tcxRrF3B-YY
[2026-05-15T16:19:52.298+0000] {data_modification.py:89} INFO - Updated row with Video_ID: APPCUPwYcbk
[2026-05-15T16:19:52.311+0000] {data_modification.py:89} INFO - Updated row with Video_ID: B0eH6CY1Cbo
[2026-05-15T16:19:52.315+0000] {data_modification.py:89} INFO - Updated row with Video_ID: yRQL9jZtLtw
[2026-05-15T16:19:52.332+0000] {data_modification.py:89} INFO - Updated row with Video_ID: gSZKLV6L8c8
[2026-05-15T16:19:52.342+0000] {data_modification.py:89} INFO - Updated row with Video_ID: -NW4aEGqsaI
[2026-05-15T16:19:52.352+0000] {data_modification.py:89} INFO - Updated row with Video_ID: gPnQdShcl7E
[2026-05-15T16:19:52.361+0000] {data_modification.py:89} INFO - Updated row with Video_ID: lCceV6-GJ78
[2026-05-15T16:19:52.364+0000] {data_modification.py:89} INFO - Updated row with Video_ID: P_GbwRm6BhM
[2026-05-15T16:19:52.368+0000] {data_modification.py:89} INFO - Updated row with Video_ID: EdcEaw0TfKk
[2026-05-15T16:19:52.372+0000] {data_modification.py:89} INFO - Updated row with Video_ID: nFpFkCWIDCI
[2026-05-15T16:19:52.378+0000] {data_modification.py:89} INFO - Updated row with Video_ID: 4eImHl8GiBI
[2026-05-15T16:19:52.382+0000] {data_modification.py:89} INFO - Updated row with Video_ID: jOqnRuk_LoA
[2026-05-15T16:19:52.386+0000] {data_modification.py:89} INFO - Updated row with Video_ID: OPUEhh4vBBg
[2026-05-15T16:19:52.390+0000] {data_modification.py:89} INFO - Updated row with Video_ID: 6PkBmEdV3R8
[2026-05-15T16:19:52.395+0000] {data_modification.py:89} INFO - Updated row with Video_ID: C8eFuM5E4Ho
[2026-05-15T16:19:52.415+0000] {data_modification.py:89} INFO - Updated row with Video_ID: Q_eIkZ8epYM
[2026-05-15T16:19:52.425+0000] {data_modification.py:89} INFO - Updated row with Video_ID: ySI79qLPsjE
[2026-05-15T16:19:52.435+0000] {data_modification.py:89} INFO - Updated row with Video_ID: 4zV2iVMyjmQ
[2026-05-15T16:19:52.447+0000] {data_modification.py:89} INFO - Updated row with Video_ID: WktRWGOklMM
[2026-05-15T16:19:52.456+0000] {data_modification.py:89} INFO - Updated row with Video_ID: JDRjh7oAups
[2026-05-15T16:19:52.470+0000] {data_modification.py:89} INFO - Updated row with Video_ID: V4h9IzRh8Ss
[2026-05-15T16:19:52.475+0000] {data_modification.py:89} INFO - Updated row with Video_ID: Hg_qJa2FPAI
[2026-05-15T16:19:52.491+0000] {data_modification.py:89} INFO - Updated row with Video_ID: 3yxXLanCrhQ
[2026-05-15T16:19:52.495+0000] {data_modification.py:89} INFO - Updated row with Video_ID: TNyDoUTdxeA
[2026-05-15T16:19:52.499+0000] {data_modification.py:89} INFO - Updated row with Video_ID: ksZeTHicOz4
[2026-05-15T16:19:52.509+0000] {data_modification.py:89} INFO - Updated row with Video_ID: 7EIIahEtxA0
[2026-05-15T16:19:52.518+0000] {data_modification.py:89} INFO - Updated row with Video_ID: BVqSltQsuHc
[2026-05-15T16:19:52.527+0000] {data_modification.py:89} INFO - Updated row with Video_ID: WDQ-SMTgH3E
[2026-05-15T16:19:52.536+0000] {data_modification.py:89} INFO - Updated row with Video_ID: WiMpfEFkysE
[2026-05-15T16:19:52.540+0000] {data_modification.py:89} INFO - Updated row with Video_ID: xsJkCM25faU
[2026-05-15T16:19:52.545+0000] {data_modification.py:89} INFO - Updated row with Video_ID: Gb7IEW2R9Rw
[2026-05-15T16:19:52.548+0000] {data_modification.py:89} INFO - Updated row with Video_ID: c3c8WDICyUI
[2026-05-15T16:19:52.554+0000] {data_modification.py:89} INFO - Updated row with Video_ID: HxdUJ0Yg784
[2026-05-15T16:19:52.557+0000] {data_modification.py:89} INFO - Updated row with Video_ID: 8ygW-sRwYzE
[2026-05-15T16:19:52.561+0000] {data_modification.py:89} INFO - Updated row with Video_ID: R3cmpa4HwKI
[2026-05-15T16:19:52.565+0000] {data_modification.py:89} INFO - Updated row with Video_ID: XHp9BO1g028
[2026-05-15T16:19:52.569+0000] {data_modification.py:89} INFO - Updated row with Video_ID: NsNsZ3oLRG4
[2026-05-15T16:19:52.578+0000] {data_modification.py:89} INFO - Updated row with Video_ID: we7vDC_Fbuc
[2026-05-15T16:19:52.587+0000] {data_modification.py:89} INFO - Updated row with Video_ID: AVdg85Kg46w
[2026-05-15T16:19:52.596+0000] {data_modification.py:89} INFO - Updated row with Video_ID: 4yiS6WYVBtE
[2026-05-15T16:19:52.604+0000] {data_modification.py:89} INFO - Updated row with Video_ID: D4B7ZGWIH9I
[2026-05-15T16:19:52.608+0000] {data_modification.py:89} INFO - Updated row with Video_ID: 3dVvFxaEUH8
[2026-05-15T16:19:52.612+0000] {data_modification.py:89} INFO - Updated row with Video_ID: l_DzLdK1Mjw
[2026-05-15T16:19:52.615+0000] {data_modification.py:89} INFO - Updated row with Video_ID: Su9mkBpiiaE
[2026-05-15T16:19:52.618+0000] {data_modification.py:89} INFO - Updated row with Video_ID: n1aXbKMgq6k
[2026-05-15T16:19:52.621+0000] {data_modification.py:89} INFO - Updated row with Video_ID: 9IMY9VXbDiM
[2026-05-15T16:19:52.624+0000] {data_modification.py:89} INFO - Updated row with Video_ID: vO4G_l1x4Ds
[2026-05-15T16:19:52.628+0000] {data_modification.py:89} INFO - Updated row with Video_ID: j4FjEM4EQt0
[2026-05-15T16:19:52.631+0000] {data_modification.py:89} INFO - Updated row with Video_ID: VJx8m5IIeSc
[2026-05-15T16:19:52.640+0000] {data_modification.py:89} INFO - Updated row with Video_ID: wfTzwl0uA2U
[2026-05-15T16:19:52.652+0000] {data_modification.py:89} INFO - Updated row with Video_ID: P5eGkdN8K9o
[2026-05-15T16:19:52.661+0000] {data_modification.py:89} INFO - Updated row with Video_ID: oQYLUjohqCA
[2026-05-15T16:19:52.670+0000] {data_modification.py:89} INFO - Updated row with Video_ID: YBbP6ANuZGE
[2026-05-15T16:19:52.675+0000] {data_modification.py:89} INFO - Updated row with Video_ID: K-t-xNzR4-w
[2026-05-15T16:19:52.680+0000] {data_modification.py:89} INFO - Updated row with Video_ID: hWTRNiUsuCI
[2026-05-15T16:19:52.684+0000] {data_modification.py:89} INFO - Updated row with Video_ID: PND6sRAHFzI
[2026-05-15T16:19:52.689+0000] {data_modification.py:89} INFO - Updated row with Video_ID: 9JY2uYBLYvk
[2026-05-15T16:19:52.697+0000] {data_modification.py:89} INFO - Updated row with Video_ID: FZH_v221NvE
[2026-05-15T16:19:52.702+0000] {data_modification.py:89} INFO - Updated row with Video_ID: 73-1fDmn-kY
[2026-05-15T16:19:52.711+0000] {data_modification.py:89} INFO - Updated row with Video_ID: eDVbuJYOn6g
[2026-05-15T16:19:52.722+0000] {data_modification.py:89} INFO - Updated row with Video_ID: x-I3ZPTGy4k
[2026-05-15T16:19:52.732+0000] {data_modification.py:89} INFO - Updated row with Video_ID: OrRe4YF7fUw
[2026-05-15T16:19:52.743+0000] {data_modification.py:89} INFO - Updated row with Video_ID: lHwYx8pzpLo
[2026-05-15T16:19:52.746+0000] {data_modification.py:89} INFO - Updated row with Video_ID: k_gEu-wg0_U
[2026-05-15T16:19:52.749+0000] {data_modification.py:89} INFO - Updated row with Video_ID: lctvpw9FMGU
[2026-05-15T16:19:52.753+0000] {data_modification.py:89} INFO - Updated row with Video_ID: pyT3GYKDg7Y
[2026-05-15T16:19:52.756+0000] {data_modification.py:89} INFO - Updated row with Video_ID: _NRhV4k90o4
[2026-05-15T16:19:52.760+0000] {data_modification.py:89} INFO - Updated row with Video_ID: ARkurRGOBiY
[2026-05-15T16:19:52.763+0000] {data_modification.py:89} INFO - Updated row with Video_ID: iYEmvQmYlek
[2026-05-15T16:19:52.767+0000] {data_modification.py:89} INFO - Updated row with Video_ID: lWpqLi55fKI
[2026-05-15T16:19:52.770+0000] {data_modification.py:89} INFO - Updated row with Video_ID: qHtVqBeNSCU
[2026-05-15T16:19:52.779+0000] {data_modification.py:89} INFO - Updated row with Video_ID: lKAp4vSogcg
[2026-05-15T16:19:52.787+0000] {data_modification.py:89} INFO - Updated row with Video_ID: soO0m8ailFc
[2026-05-15T16:19:52.796+0000] {data_modification.py:89} INFO - Updated row with Video_ID: NEMb6PvUzMs
[2026-05-15T16:19:52.805+0000] {data_modification.py:89} INFO - Updated row with Video_ID: Y3dMqS8E8Sw
[2026-05-15T16:19:52.818+0000] {data_modification.py:89} INFO - Updated row with Video_ID: gTD89g5PDPE
[2026-05-15T16:19:52.837+0000] {data_modification.py:89} INFO - Updated row with Video_ID: nhGkOBEBHAw
[2026-05-15T16:19:52.846+0000] {data_modification.py:89} INFO - Updated row with Video_ID: kTjUZhv3YXk
[2026-05-15T16:19:52.860+0000] {data_modification.py:89} INFO - Updated row with Video_ID: u7WFiwolnmQ
[2026-05-15T16:19:52.878+0000] {data_modification.py:89} INFO - Updated row with Video_ID: sdcjvyixnls
[2026-05-15T16:19:52.890+0000] {data_modification.py:89} INFO - Updated row with Video_ID: APEHwYt-ybc
[2026-05-15T16:19:52.898+0000] {data_modification.py:89} INFO - Updated row with Video_ID: 55d3ap9XXJ0
[2026-05-15T16:19:52.902+0000] {data_modification.py:89} INFO - Updated row with Video_ID: yIE3aK2UcwE
[2026-05-15T16:19:52.913+0000] {data_modification.py:89} INFO - Updated row with Video_ID: qqrg3NUFw2U
[2026-05-15T16:19:52.924+0000] {data_modification.py:89} INFO - Updated row with Video_ID: wFPEI-i19mE
[2026-05-15T16:19:52.936+0000] {data_modification.py:89} INFO - Updated row with Video_ID: c_3wE3hnf_E
[2026-05-15T16:19:52.955+0000] {data_modification.py:89} INFO - Updated row with Video_ID: Bbf_6k4_-z0
[2026-05-15T16:19:52.963+0000] {data_modification.py:89} INFO - Updated row with Video_ID: y66DyKKTDbg
[2026-05-15T16:19:52.994+0000] {data_modification.py:89} INFO - Updated row with Video_ID: WESqzmA2MU4
[2026-05-15T16:19:52.999+0000] {data_modification.py:89} INFO - Updated row with Video_ID: Wy9-VaZUH4U
[2026-05-15T16:19:53.006+0000] {data_modification.py:89} INFO - Updated row with Video_ID: ECrb6N1ygjE
[2026-05-15T16:19:53.022+0000] {data_modification.py:89} INFO - Updated row with Video_ID: sqAsqJB4fmw
[2026-05-15T16:19:53.027+0000] {data_modification.py:89} INFO - Updated row with Video_ID: gnjMDaYylHU
[2026-05-15T16:19:53.031+0000] {data_modification.py:89} INFO - Updated row with Video_ID: WWDNF34-QKM
[2026-05-15T16:19:53.040+0000] {data_modification.py:89} INFO - Updated row with Video_ID: 189ZOfGDGok
[2026-05-15T16:19:53.051+0000] {data_modification.py:89} INFO - Updated row with Video_ID: kHuOLDvlz3E
[2026-05-15T16:19:53.061+0000] {data_modification.py:89} INFO - Updated row with Video_ID: AHHhRyR_1yM
[2026-05-15T16:19:53.070+0000] {data_modification.py:89} INFO - Updated row with Video_ID: -SkbMX4xD2o
[2026-05-15T16:19:53.075+0000] {data_modification.py:89} INFO - Updated row with Video_ID: sXG5fdod7fs
[2026-05-15T16:19:53.079+0000] {data_modification.py:89} INFO - Updated row with Video_ID: SJCoJQQJ1y0
[2026-05-15T16:19:53.083+0000] {data_modification.py:89} INFO - Updated row with Video_ID: sONbC4abTsA
[2026-05-15T16:19:53.098+0000] {data_modification.py:89} INFO - Updated row with Video_ID: 5O5-q-lzkkA
[2026-05-15T16:19:53.115+0000] {data_modification.py:89} INFO - Updated row with Video_ID: V83tWt-9bi8
[2026-05-15T16:19:53.132+0000] {data_modification.py:89} INFO - Updated row with Video_ID: 9H63D416UHk
[2026-05-15T16:19:53.143+0000] {data_modification.py:89} INFO - Updated row with Video_ID: YyTWMznMAm0
[2026-05-15T16:19:53.152+0000] {data_modification.py:89} INFO - Updated row with Video_ID: jXKyKfmMh2Q
[2026-05-15T16:19:53.156+0000] {data_modification.py:89} INFO - Updated row with Video_ID: b97hDLp2C8g
[2026-05-15T16:19:53.162+0000] {data_modification.py:89} INFO - Updated row with Video_ID: suOZnXHDuBA
[2026-05-15T16:19:53.166+0000] {data_modification.py:89} INFO - Updated row with Video_ID: L4m9aX-iXNY
[2026-05-15T16:19:53.171+0000] {data_modification.py:89} INFO - Updated row with Video_ID: B8BoqSFbd0Y
[2026-05-15T16:19:53.176+0000] {data_modification.py:89} INFO - Updated row with Video_ID: fvrnYOloCpU
[2026-05-15T16:19:53.181+0000] {data_modification.py:89} INFO - Updated row with Video_ID: mlRKTGhlbKY
[2026-05-15T16:19:53.185+0000] {data_modification.py:89} INFO - Updated row with Video_ID: bavZOS6EKss
[2026-05-15T16:19:53.189+0000] {data_modification.py:89} INFO - Updated row with Video_ID: 3AU84gu0KxY
[2026-05-15T16:19:53.199+0000] {data_modification.py:89} INFO - Updated row with Video_ID: sQuqwh7hUL0
[2026-05-15T16:19:53.209+0000] {data_modification.py:89} INFO - Updated row with Video_ID: U0NdZTdELiw
[2026-05-15T16:19:53.213+0000] {data_modification.py:89} INFO - Updated row with Video_ID: g-FK7rPjuGQ
[2026-05-15T16:19:53.217+0000] {data_modification.py:89} INFO - Updated row with Video_ID: VLSQ7MW3ICo
[2026-05-15T16:19:53.221+0000] {data_modification.py:89} INFO - Updated row with Video_ID: reY7frvvdq4
[2026-05-15T16:19:53.226+0000] {data_modification.py:89} INFO - Updated row with Video_ID: cX-6lRMhSNk
[2026-05-15T16:19:53.231+0000] {data_modification.py:89} INFO - Updated row with Video_ID: eRW3Bo6Ndrs
[2026-05-15T16:19:53.235+0000] {data_modification.py:89} INFO - Updated row with Video_ID: 4OLeTF9PHeM
[2026-05-15T16:19:53.239+0000] {data_modification.py:89} INFO - Updated row with Video_ID: 8fyWPf8o4UY
[2026-05-15T16:19:53.245+0000] {data_modification.py:89} INFO - Updated row with Video_ID: Fi8BPSa2hq8
[2026-05-15T16:19:53.255+0000] {data_modification.py:89} INFO - Updated row with Video_ID: FjGvmQEa9WI
[2026-05-15T16:19:53.265+0000] {data_modification.py:89} INFO - Updated row with Video_ID: h-dfR6qa4nI
[2026-05-15T16:19:53.276+0000] {data_modification.py:89} INFO - Updated row with Video_ID: zqVHiXNaKjg
[2026-05-15T16:19:53.285+0000] {data_modification.py:89} INFO - Updated row with Video_ID: tJPMUBDRzcI
[2026-05-15T16:19:53.289+0000] {data_modification.py:89} INFO - Updated row with Video_ID: f8ir1Qnrtps
[2026-05-15T16:19:53.294+0000] {data_modification.py:89} INFO - Updated row with Video_ID: bvTy8XN141U
[2026-05-15T16:19:53.297+0000] {data_modification.py:89} INFO - Updated row with Video_ID: nfX9Us_CA6E
[2026-05-15T16:19:53.302+0000] {data_modification.py:89} INFO - Updated row with Video_ID: jrn438D15uQ
[2026-05-15T16:19:53.306+0000] {data_modification.py:89} INFO - Updated row with Video_ID: NUOhQq9FTaA
[2026-05-15T16:19:53.311+0000] {data_modification.py:89} INFO - Updated row with Video_ID: x4caXgKrwNg
[2026-05-15T16:19:53.314+0000] {data_modification.py:89} INFO - Updated row with Video_ID: HTST6eH61FE
[2026-05-15T16:19:53.319+0000] {data_modification.py:89} INFO - Updated row with Video_ID: iJ3d8P1KmyU
[2026-05-15T16:19:53.330+0000] {data_modification.py:89} INFO - Updated row with Video_ID: MiAr7UHf6Y4
[2026-05-15T16:19:53.340+0000] {data_modification.py:89} INFO - Updated row with Video_ID: anIb2VqHtnE
[2026-05-15T16:19:53.351+0000] {data_modification.py:89} INFO - Updated row with Video_ID: 2vZ-OUjudKk
[2026-05-15T16:19:53.362+0000] {data_modification.py:89} INFO - Updated row with Video_ID: 92kaziOeMw4
[2026-05-15T16:19:53.366+0000] {data_modification.py:89} INFO - Updated row with Video_ID: aOeDYC3J0a0
[2026-05-15T16:19:53.371+0000] {data_modification.py:89} INFO - Updated row with Video_ID: d9l3OXLUJLQ
[2026-05-15T16:19:53.385+0000] {data_modification.py:89} INFO - Updated row with Video_ID: 76uRCOL2D5Y
[2026-05-15T16:19:53.389+0000] {data_modification.py:89} INFO - Updated row with Video_ID: CaTG5bjyOek
[2026-05-15T16:19:53.395+0000] {data_modification.py:89} INFO - Updated row with Video_ID: sj3C9vhUd3s
[2026-05-15T16:19:53.399+0000] {data_modification.py:89} INFO - Updated row with Video_ID: ebzJE17Nv8Y
[2026-05-15T16:19:53.405+0000] {data_modification.py:89} INFO - Updated row with Video_ID: PA8e9Rcsq4Y
[2026-05-15T16:19:53.418+0000] {data_modification.py:89} INFO - Updated row with Video_ID: Mf0MFr6Wsvw
[2026-05-15T16:19:53.428+0000] {data_modification.py:89} INFO - Updated row with Video_ID: RjY-O9ZZaB0
[2026-05-15T16:19:53.439+0000] {data_modification.py:89} INFO - Updated row with Video_ID: eT98o3ZdCUo
[2026-05-15T16:19:53.450+0000] {data_modification.py:89} INFO - Updated row with Video_ID: 2ZTBOvHMmq8
[2026-05-15T16:19:53.455+0000] {data_modification.py:89} INFO - Updated row with Video_ID: 6utFWKKdLRI
[2026-05-15T16:19:53.460+0000] {data_modification.py:89} INFO - Updated row with Video_ID: sCCWtnIBKmE
[2026-05-15T16:19:53.464+0000] {data_modification.py:89} INFO - Updated row with Video_ID: WUZpgOvk7xA
[2026-05-15T16:19:53.468+0000] {data_modification.py:89} INFO - Updated row with Video_ID: iL1mAriEFFc
[2026-05-15T16:19:53.473+0000] {data_modification.py:89} INFO - Updated row with Video_ID: SrlfO2t1yQo
[2026-05-15T16:19:53.488+0000] {data_modification.py:89} INFO - Updated row with Video_ID: bEBLQXPnmw0
[2026-05-15T16:19:53.509+0000] {data_modification.py:89} INFO - Updated row with Video_ID: _vvitOtAe18
[2026-05-15T16:19:53.534+0000] {data_modification.py:89} INFO - Updated row with Video_ID: MDoJFaFxYEo
[2026-05-15T16:19:53.552+0000] {data_modification.py:89} INFO - Updated row with Video_ID: fxSfvTsEBFc
[2026-05-15T16:19:53.574+0000] {data_modification.py:89} INFO - Updated row with Video_ID: TY2Ep4wxDuI
[2026-05-15T16:19:53.600+0000] {data_modification.py:89} INFO - Updated row with Video_ID: GoltjiLivIw
[2026-05-15T16:19:53.613+0000] {data_modification.py:89} INFO - Updated row with Video_ID: ASNXMj3fzVA
[2026-05-15T16:19:53.618+0000] {data_modification.py:89} INFO - Updated row with Video_ID: z54C8mZ8B1o
[2026-05-15T16:19:53.622+0000] {data_modification.py:89} INFO - Updated row with Video_ID: ZvBgOPD9cHg
[2026-05-15T16:19:53.627+0000] {data_modification.py:89} INFO - Updated row with Video_ID: U9VrkoQ5gvw
[2026-05-15T16:19:53.631+0000] {data_modification.py:89} INFO - Updated row with Video_ID: vD2dO0hEndg
[2026-05-15T16:19:53.637+0000] {data_modification.py:89} INFO - Updated row with Video_ID: FxHTabvdaDw
[2026-05-15T16:19:53.643+0000] {data_modification.py:89} INFO - Updated row with Video_ID: iT6E7vhZKI0
[2026-05-15T16:19:53.648+0000] {data_modification.py:89} INFO - Updated row with Video_ID: VAb9M6Q33zY
[2026-05-15T16:19:53.652+0000] {data_modification.py:89} INFO - Updated row with Video_ID: vGLHR04EOYk
[2026-05-15T16:19:53.661+0000] {data_modification.py:89} INFO - Updated row with Video_ID: YLjicEjncjg
[2026-05-15T16:19:53.670+0000] {data_modification.py:89} INFO - Updated row with Video_ID: 5DiaAEGG6Xw
[2026-05-15T16:19:53.681+0000] {data_modification.py:89} INFO - Updated row with Video_ID: 0GgzpEDezd4
[2026-05-15T16:19:53.700+0000] {data_modification.py:89} INFO - Updated row with Video_ID: n2o7XYRn-LU
[2026-05-15T16:19:53.704+0000] {data_modification.py:89} INFO - Updated row with Video_ID: 58o2ah9_1IA
[2026-05-15T16:19:53.710+0000] {data_modification.py:89} INFO - Updated row with Video_ID: 0g_zJ2HZKEA
[2026-05-15T16:19:53.714+0000] {data_modification.py:89} INFO - Updated row with Video_ID: iDQoo6sg6Vg
[2026-05-15T16:19:53.718+0000] {data_modification.py:89} INFO - Updated row with Video_ID: YBB6Wt8kgfE
[2026-05-15T16:19:53.722+0000] {data_modification.py:89} INFO - Updated row with Video_ID: 4_qMvV-UZ0I
[2026-05-15T16:19:53.727+0000] {data_modification.py:89} INFO - Updated row with Video_ID: qNke9-nfsjU
[2026-05-15T16:19:53.731+0000] {data_modification.py:89} INFO - Updated row with Video_ID: S5UG2WDkOgg
[2026-05-15T16:19:53.736+0000] {data_modification.py:89} INFO - Updated row with Video_ID: -Sm5P_U3Ppc
[2026-05-15T16:19:53.746+0000] {data_modification.py:89} INFO - Updated row with Video_ID: tciZxQXJdag
[2026-05-15T16:19:53.756+0000] {data_modification.py:89} INFO - Updated row with Video_ID: r8MLlYjiRPY
[2026-05-15T16:19:53.768+0000] {data_modification.py:89} INFO - Updated row with Video_ID: 0aAvnHtXFso
[2026-05-15T16:19:53.782+0000] {data_modification.py:89} INFO - Updated row with Video_ID: 5HiKh8oohEo
[2026-05-15T16:19:53.788+0000] {data_modification.py:89} INFO - Updated row with Video_ID: LaSzn9z0Nag
[2026-05-15T16:19:53.795+0000] {data_modification.py:89} INFO - Updated row with Video_ID: WW_8boViGa4
[2026-05-15T16:19:53.801+0000] {data_modification.py:89} INFO - Updated row with Video_ID: 8Uegu42kwuc
[2026-05-15T16:19:53.805+0000] {data_modification.py:89} INFO - Updated row with Video_ID: A7Pz04-2avo
[2026-05-15T16:19:53.811+0000] {data_modification.py:89} INFO - Updated row with Video_ID: C6hakCZ-DpI
[2026-05-15T16:19:53.815+0000] {data_modification.py:89} INFO - Updated row with Video_ID: qGv4PmiTYZU
[2026-05-15T16:19:53.820+0000] {data_modification.py:89} INFO - Updated row with Video_ID: uvcIR9aWq5g
[2026-05-15T16:19:53.833+0000] {data_modification.py:89} INFO - Updated row with Video_ID: RHkPCxSSZ3I
[2026-05-15T16:19:53.851+0000] {data_modification.py:89} INFO - Updated row with Video_ID: dc49CKiNUFE
[2026-05-15T16:19:53.860+0000] {data_modification.py:89} INFO - Updated row with Video_ID: G-a2ESBCOIY
[2026-05-15T16:19:53.864+0000] {data_modification.py:89} INFO - Updated row with Video_ID: MiRu2sb8t3A
[2026-05-15T16:19:53.870+0000] {data_modification.py:89} INFO - Updated row with Video_ID: ePfNQJJ_TDo
[2026-05-15T16:19:53.874+0000] {data_modification.py:89} INFO - Updated row with Video_ID: lEp_36BhIxc
[2026-05-15T16:19:53.881+0000] {data_modification.py:89} INFO - Updated row with Video_ID: U6NuMVwAJ3c
[2026-05-15T16:19:53.886+0000] {data_modification.py:89} INFO - Updated row with Video_ID: tFsKklBzAyc
[2026-05-15T16:19:53.890+0000] {data_modification.py:89} INFO - Updated row with Video_ID: 3FLl3ru5ffo
[2026-05-15T16:19:53.901+0000] {data_modification.py:89} INFO - Updated row with Video_ID: AlUS6FSowaI
[2026-05-15T16:19:53.910+0000] {data_modification.py:89} INFO - Updated row with Video_ID: yDT5XCAe0BY
[2026-05-15T16:19:53.920+0000] {data_modification.py:89} INFO - Updated row with Video_ID: t7Imm3M-VEE
[2026-05-15T16:19:53.929+0000] {data_modification.py:89} INFO - Updated row with Video_ID: QbhHyvhggaM
[2026-05-15T16:19:53.933+0000] {data_modification.py:89} INFO - Updated row with Video_ID: SPvuLPVLAJI
[2026-05-15T16:19:53.937+0000] {data_modification.py:89} INFO - Updated row with Video_ID: SDT4Bab5dRc
[2026-05-15T16:19:53.944+0000] {data_modification.py:89} INFO - Updated row with Video_ID: wpfQzHTZMkY
[2026-05-15T16:19:53.948+0000] {data_modification.py:89} INFO - Updated row with Video_ID: zRh6mU5hwv8
[2026-05-15T16:19:53.952+0000] {data_modification.py:89} INFO - Updated row with Video_ID: Zipquk9DcJA
[2026-05-15T16:19:53.956+0000] {data_modification.py:89} INFO - Updated row with Video_ID: KxF9e0Dov80
[2026-05-15T16:19:53.961+0000] {data_modification.py:89} INFO - Updated row with Video_ID: VfGjie0k5QA
[2026-05-15T16:19:53.965+0000] {data_modification.py:89} INFO - Updated row with Video_ID: 4xq6gort6pA
[2026-05-15T16:19:53.975+0000] {data_modification.py:89} INFO - Updated row with Video_ID: q44qSaBt238
[2026-05-15T16:19:53.985+0000] {data_modification.py:89} INFO - Updated row with Video_ID: 3fZHalQnIRs
[2026-05-15T16:19:53.994+0000] {data_modification.py:89} INFO - Updated row with Video_ID: huWmRWx0wcg
[2026-05-15T16:19:54.003+0000] {data_modification.py:89} INFO - Updated row with Video_ID: 0l7S6FVjf0U
[2026-05-15T16:19:54.007+0000] {data_modification.py:89} INFO - Updated row with Video_ID: w3WAYQu7Bz0
[2026-05-15T16:19:54.012+0000] {data_modification.py:89} INFO - Updated row with Video_ID: VFPKNYnFC-8
[2026-05-15T16:19:54.016+0000] {data_modification.py:89} INFO - Updated row with Video_ID: yB-lWHny08c
[2026-05-15T16:19:54.020+0000] {data_modification.py:89} INFO - Updated row with Video_ID: N_yF78-VK8k
[2026-05-15T16:19:54.025+0000] {data_modification.py:89} INFO - Updated row with Video_ID: Z3FXnjtzm6g
[2026-05-15T16:19:54.030+0000] {data_modification.py:89} INFO - Updated row with Video_ID: 79NP8KiqHOs
[2026-05-15T16:19:54.034+0000] {data_modification.py:89} INFO - Updated row with Video_ID: yeugsLQ3OKI
[2026-05-15T16:19:54.039+0000] {data_modification.py:89} INFO - Updated row with Video_ID: UqGvX6vfMH4
[2026-05-15T16:19:54.049+0000] {data_modification.py:89} INFO - Updated row with Video_ID: UHYZD2aiRc8
[2026-05-15T16:19:54.059+0000] {data_modification.py:89} INFO - Updated row with Video_ID: 6cEyk7sU6zs
[2026-05-15T16:19:54.068+0000] {data_modification.py:89} INFO - Updated row with Video_ID: mLv2cD24Vjc
[2026-05-15T16:19:54.077+0000] {data_modification.py:89} INFO - Updated row with Video_ID: HC84U5Hl89o
[2026-05-15T16:19:54.080+0000] {data_modification.py:89} INFO - Updated row with Video_ID: FRIjFdPmDj4
[2026-05-15T16:19:54.085+0000] {data_modification.py:89} INFO - Updated row with Video_ID: qFIv8pOhmx8
[2026-05-15T16:19:54.089+0000] {data_modification.py:89} INFO - Updated row with Video_ID: SarbMVxPhR0
[2026-05-15T16:19:54.094+0000] {data_modification.py:89} INFO - Updated row with Video_ID: X8scF2ZM7zk
[2026-05-15T16:19:54.098+0000] {data_modification.py:89} INFO - Updated row with Video_ID: WuFhUp4uST4
[2026-05-15T16:19:54.103+0000] {data_modification.py:89} INFO - Updated row with Video_ID: 3UwFafE406Y
[2026-05-15T16:19:54.106+0000] {data_modification.py:89} INFO - Updated row with Video_ID: JQHZL3RQscM
[2026-05-15T16:19:54.111+0000] {data_modification.py:89} INFO - Updated row with Video_ID: KKzkYiad1b8
[2026-05-15T16:19:54.120+0000] {data_modification.py:89} INFO - Updated row with Video_ID: SyjD1mzyH0A
[2026-05-15T16:19:54.129+0000] {data_modification.py:89} INFO - Updated row with Video_ID: b_JY4y5sqVg
[2026-05-15T16:19:54.138+0000] {data_modification.py:89} INFO - Updated row with Video_ID: qrc_cKwZD6o
[2026-05-15T16:19:54.147+0000] {data_modification.py:89} INFO - Updated row with Video_ID: fWD0UGUl92I
[2026-05-15T16:19:54.151+0000] {data_modification.py:89} INFO - Updated row with Video_ID: LHZFnwhr6Uw
[2026-05-15T16:19:54.155+0000] {data_modification.py:89} INFO - Updated row with Video_ID: 851zyK8i3XU
[2026-05-15T16:19:54.162+0000] {data_modification.py:89} INFO - Updated row with Video_ID: rlI0RwhR8qQ
[2026-05-15T16:19:54.166+0000] {data_modification.py:89} INFO - Updated row with Video_ID: EHmtRPmDKHQ
[2026-05-15T16:19:54.170+0000] {data_modification.py:89} INFO - Updated row with Video_ID: mHM5Pw1U_IM
[2026-05-15T16:19:54.173+0000] {data_modification.py:89} INFO - Updated row with Video_ID: fwyhDqbn3As
[2026-05-15T16:19:54.178+0000] {data_modification.py:89} INFO - Updated row with Video_ID: ueonje-DZpg
[2026-05-15T16:19:54.184+0000] {data_modification.py:89} INFO - Updated row with Video_ID: yBdKh8CC-b0
[2026-05-15T16:19:54.197+0000] {data_modification.py:89} INFO - Updated row with Video_ID: KJZs0NouLwg
[2026-05-15T16:19:54.209+0000] {data_modification.py:89} INFO - Updated row with Video_ID: 9hT0dnHSgYY
[2026-05-15T16:19:54.214+0000] {data_modification.py:89} INFO - Updated row with Video_ID: kXHMwQEKOB0
[2026-05-15T16:19:54.218+0000] {data_modification.py:89} INFO - Updated row with Video_ID: cpAILo0o7K8
[2026-05-15T16:19:54.221+0000] {data_modification.py:89} INFO - Updated row with Video_ID: UNI7v4oUv6A
[2026-05-15T16:19:54.226+0000] {data_modification.py:89} INFO - Updated row with Video_ID: TzIVVC0gpTY
[2026-05-15T16:19:54.229+0000] {data_modification.py:89} INFO - Updated row with Video_ID: CDb9rPVPX4s
[2026-05-15T16:19:54.232+0000] {data_modification.py:89} INFO - Updated row with Video_ID: hkMVQPJiL5k
[2026-05-15T16:19:54.236+0000] {data_modification.py:89} INFO - Updated row with Video_ID: FO8wXTNABE4
[2026-05-15T16:19:54.239+0000] {data_modification.py:89} INFO - Updated row with Video_ID: _osxgQbz8hw
[2026-05-15T16:19:54.249+0000] {data_modification.py:89} INFO - Updated row with Video_ID: _jp2mQ1u11A
[2026-05-15T16:19:54.258+0000] {data_modification.py:89} INFO - Updated row with Video_ID: huCi58dzGk0
[2026-05-15T16:19:54.267+0000] {data_modification.py:89} INFO - Updated row with Video_ID: ew68aeMbJfI
[2026-05-15T16:19:54.276+0000] {data_modification.py:89} INFO - Updated row with Video_ID: Cy_lhw13_hk
[2026-05-15T16:19:54.281+0000] {data_modification.py:89} INFO - Updated row with Video_ID: VaQcCaE-Uq0
[2026-05-15T16:19:54.286+0000] {data_modification.py:89} INFO - Updated row with Video_ID: bKZ4353xhOc
[2026-05-15T16:19:54.291+0000] {data_modification.py:89} INFO - Updated row with Video_ID: uoZ_CsgvpLQ
[2026-05-15T16:19:54.296+0000] {data_modification.py:89} INFO - Updated row with Video_ID: L89aUH1blg8
[2026-05-15T16:19:54.302+0000] {data_modification.py:89} INFO - Updated row with Video_ID: Obgj3QzwQr0
[2026-05-15T16:19:54.307+0000] {data_modification.py:89} INFO - Updated row with Video_ID: P5-W7KdqkrE
[2026-05-15T16:19:54.312+0000] {data_modification.py:89} INFO - Updated row with Video_ID: xKewxXO4nHo
[2026-05-15T16:19:54.317+0000] {data_modification.py:89} INFO - Updated row with Video_ID: uw85OvqLTn0
[2026-05-15T16:19:54.328+0000] {data_modification.py:89} INFO - Updated row with Video_ID: u-tD73UBlwI
[2026-05-15T16:19:54.338+0000] {data_modification.py:89} INFO - Updated row with Video_ID: hZyceVU8oXc
[2026-05-15T16:19:54.350+0000] {data_modification.py:89} INFO - Updated row with Video_ID: 9rKWIhu592Y
[2026-05-15T16:19:54.360+0000] {data_modification.py:89} INFO - Updated row with Video_ID: oYRDwbmwmcg
[2026-05-15T16:19:54.364+0000] {data_modification.py:89} INFO - Updated row with Video_ID: sbpogWQxjIM
[2026-05-15T16:19:54.370+0000] {data_modification.py:89} INFO - Updated row with Video_ID: BViCS2hcVVM
[2026-05-15T16:19:54.374+0000] {data_modification.py:89} INFO - Updated row with Video_ID: oWxuN27_Mww
[2026-05-15T16:19:54.380+0000] {data_modification.py:89} INFO - Updated row with Video_ID: RFd-gwjLoOs
[2026-05-15T16:19:54.389+0000] {data_modification.py:89} INFO - Updated row with Video_ID: N9l4QWjDzEI
[2026-05-15T16:19:54.397+0000] {data_modification.py:89} INFO - Updated row with Video_ID: J-5H-UVyveU
[2026-05-15T16:19:54.402+0000] {data_modification.py:89} INFO - Updated row with Video_ID: lFaYtqdI9M8
[2026-05-15T16:19:54.410+0000] {data_modification.py:89} INFO - Updated row with Video_ID: C8EhoYCg6Ks
[2026-05-15T16:19:54.420+0000] {data_modification.py:89} INFO - Updated row with Video_ID: ex7iOne8DQk
[2026-05-15T16:19:54.429+0000] {data_modification.py:89} INFO - Updated row with Video_ID: zVFqhVnnnbA
[2026-05-15T16:19:54.439+0000] {data_modification.py:89} INFO - Updated row with Video_ID: bNI16dpWaxg
[2026-05-15T16:19:54.450+0000] {data_modification.py:89} INFO - Updated row with Video_ID: rPdL2fw-hi4
[2026-05-15T16:19:54.456+0000] {data_modification.py:89} INFO - Updated row with Video_ID: WsCF5W0rmqs
[2026-05-15T16:19:54.462+0000] {data_modification.py:89} INFO - Updated row with Video_ID: Mrzy1TIaPss
[2026-05-15T16:19:54.465+0000] {data_modification.py:89} INFO - Updated row with Video_ID: RceOKYQNC6w
[2026-05-15T16:19:54.470+0000] {data_modification.py:89} INFO - Updated row with Video_ID: WziSBEBEIHI
[2026-05-15T16:19:54.475+0000] {data_modification.py:89} INFO - Updated row with Video_ID: 3CTgrIM0LkY
[2026-05-15T16:19:54.479+0000] {data_modification.py:89} INFO - Updated row with Video_ID: Bvej0OjDHAg
[2026-05-15T16:19:54.483+0000] {data_modification.py:89} INFO - Updated row with Video_ID: rxNWLsPgwR4
[2026-05-15T16:19:54.494+0000] {data_modification.py:89} INFO - Updated row with Video_ID: n2uxe3LxnSg
[2026-05-15T16:19:54.503+0000] {data_modification.py:89} INFO - Updated row with Video_ID: AvHWpXtYjmo
[2026-05-15T16:19:54.515+0000] {data_modification.py:89} INFO - Updated row with Video_ID: qUooUu2pBI8
[2026-05-15T16:19:54.528+0000] {data_modification.py:89} INFO - Updated row with Video_ID: 0tqS0euTiKc
[2026-05-15T16:19:54.539+0000] {data_modification.py:89} INFO - Updated row with Video_ID: tnxFhfv46mU
[2026-05-15T16:19:54.544+0000] {data_modification.py:89} INFO - Updated row with Video_ID: NygMEtLyylA
[2026-05-15T16:19:54.547+0000] {data_modification.py:89} INFO - Updated row with Video_ID: ytScn6h8nAI
[2026-05-15T16:19:54.550+0000] {data_modification.py:89} INFO - Updated row with Video_ID: Rr3slU-_b3U
[2026-05-15T16:19:54.554+0000] {data_modification.py:89} INFO - Updated row with Video_ID: dVH3hYT_Pbo
[2026-05-15T16:19:54.557+0000] {data_modification.py:89} INFO - Updated row with Video_ID: qeQ4DRAr4v0
[2026-05-15T16:19:54.561+0000] {data_modification.py:89} INFO - Updated row with Video_ID: khtbsMTceFI
[2026-05-15T16:19:54.564+0000] {data_modification.py:89} INFO - Updated row with Video_ID: _ZfwFi4u3W8
[2026-05-15T16:19:54.567+0000] {data_modification.py:89} INFO - Updated row with Video_ID: h2jfp3vGJuo
[2026-05-15T16:19:54.576+0000] {data_modification.py:89} INFO - Updated row with Video_ID: tTJG5is4d0M
[2026-05-15T16:19:54.585+0000] {data_modification.py:89} INFO - Updated row with Video_ID: Ba_wdL7EmKo
[2026-05-15T16:19:54.593+0000] {data_modification.py:89} INFO - Updated row with Video_ID: ScwWJcGCuy8
[2026-05-15T16:19:54.602+0000] {data_modification.py:89} INFO - Updated row with Video_ID: THAwS2WnnOw
[2026-05-15T16:19:54.605+0000] {data_modification.py:89} INFO - Updated row with Video_ID: eelqeXegIoA
[2026-05-15T16:19:54.612+0000] {data_modification.py:89} INFO - Updated row with Video_ID: bO6fL8nT0PE
[2026-05-15T16:19:54.615+0000] {data_modification.py:89} INFO - Updated row with Video_ID: plsDi6aGD-4
[2026-05-15T16:19:54.619+0000] {data_modification.py:89} INFO - Updated row with Video_ID: 4Q6W8Vg2aM8
[2026-05-15T16:19:54.622+0000] {data_modification.py:89} INFO - Updated row with Video_ID: Vn4rxGn_jp8
[2026-05-15T16:19:54.628+0000] {data_modification.py:89} INFO - Updated row with Video_ID: JR1g1m2DKgY
[2026-05-15T16:19:54.632+0000] {data_modification.py:89} INFO - Updated row with Video_ID: ubAmvE1ivM0
[2026-05-15T16:19:54.636+0000] {data_modification.py:89} INFO - Updated row with Video_ID: lZgUxkwm3Pc
[2026-05-15T16:19:54.645+0000] {data_modification.py:89} INFO - Updated row with Video_ID: GKlDl4FwRbw
[2026-05-15T16:19:54.654+0000] {data_modification.py:89} INFO - Updated row with Video_ID: qV2L6YWhD_U
[2026-05-15T16:19:54.663+0000] {data_modification.py:89} INFO - Updated row with Video_ID: f9uL2lzbsdQ
[2026-05-15T16:19:54.672+0000] {data_modification.py:89} INFO - Updated row with Video_ID: WGcdna5TsFk
[2026-05-15T16:19:54.676+0000] {data_modification.py:89} INFO - Updated row with Video_ID: 3sA2yy_-m80
[2026-05-15T16:19:54.680+0000] {data_modification.py:89} INFO - Updated row with Video_ID: A00BBfUclWY
[2026-05-15T16:19:54.685+0000] {data_modification.py:89} INFO - Updated row with Video_ID: XZIJvxx6yZo
[2026-05-15T16:19:54.690+0000] {data_modification.py:89} INFO - Updated row with Video_ID: szs9kDwyWFA
[2026-05-15T16:19:54.699+0000] {data_modification.py:89} INFO - Updated row with Video_ID: 4Iu46JpvpGA
[2026-05-15T16:19:54.705+0000] {data_modification.py:89} INFO - Updated row with Video_ID: M-Cs3DwxMWQ
[2026-05-15T16:19:54.718+0000] {data_modification.py:89} INFO - Updated row with Video_ID: SXl6mfoarYU
[2026-05-15T16:19:54.732+0000] {data_modification.py:89} INFO - Updated row with Video_ID: B1r_4PmXjuE
[2026-05-15T16:19:54.742+0000] {data_modification.py:89} INFO - Updated row with Video_ID: hkX89WOJGgs
[2026-05-15T16:19:54.752+0000] {data_modification.py:89} INFO - Updated row with Video_ID: vsDQ3PjKKtQ
[2026-05-15T16:19:54.762+0000] {data_modification.py:89} INFO - Updated row with Video_ID: eWk1nWCy-YQ
[2026-05-15T16:19:54.771+0000] {data_modification.py:89} INFO - Updated row with Video_ID: 4-RdPscXaZM
[2026-05-15T16:19:54.777+0000] {data_modification.py:89} INFO - Updated row with Video_ID: efxyKNFdhXU
[2026-05-15T16:19:54.782+0000] {data_modification.py:89} INFO - Updated row with Video_ID: hn83pmnjJ8c
[2026-05-15T16:19:54.787+0000] {data_modification.py:89} INFO - Updated row with Video_ID: bBYJJEV3UNM
[2026-05-15T16:19:54.793+0000] {data_modification.py:89} INFO - Updated row with Video_ID: DnWWKgn0lxs
[2026-05-15T16:19:54.798+0000] {data_modification.py:89} INFO - Updated row with Video_ID: BoGvNFGnR6Q
[2026-05-15T16:19:54.803+0000] {data_modification.py:89} INFO - Updated row with Video_ID: CujDKJjPhyY
[2026-05-15T16:19:54.807+0000] {data_modification.py:89} INFO - Updated row with Video_ID: JMCwe5u9TAg
[2026-05-15T16:19:54.813+0000] {data_modification.py:89} INFO - Updated row with Video_ID: jD9mrQK9euM
[2026-05-15T16:19:54.820+0000] {data_modification.py:89} INFO - Updated row with Video_ID: YQwLdScgk7E
[2026-05-15T16:19:54.829+0000] {data_modification.py:89} INFO - Updated row with Video_ID: xcIOmIMgwaA
[2026-05-15T16:19:54.836+0000] {data_modification.py:89} INFO - Updated row with Video_ID: VVo0UaPKOsY
[2026-05-15T16:19:54.844+0000] {data_modification.py:89} INFO - Updated row with Video_ID: 68AvxKXRgl0
[2026-05-15T16:19:54.851+0000] {data_modification.py:89} INFO - Updated row with Video_ID: rCC-uVcBg1Q
[2026-05-15T16:19:54.859+0000] {data_modification.py:89} INFO - Updated row with Video_ID: JAA6j9eyNBo
[2026-05-15T16:19:54.867+0000] {data_modification.py:89} INFO - Updated row with Video_ID: urhDiV2jceE
[2026-05-15T16:19:54.876+0000] {data_modification.py:89} INFO - Updated row with Video_ID: GZObZb-sewI
[2026-05-15T16:19:54.880+0000] {data_modification.py:89} INFO - Updated row with Video_ID: RRQk0hfzbSA
[2026-05-15T16:19:54.885+0000] {data_modification.py:89} INFO - Updated row with Video_ID: VHFlVFrhysM
[2026-05-15T16:19:54.894+0000] {data_modification.py:89} INFO - Updated row with Video_ID: pKTT4_GbT7A
[2026-05-15T16:19:54.902+0000] {data_modification.py:89} INFO - Updated row with Video_ID: _EM5j400-5U
[2026-05-15T16:19:54.911+0000] {data_modification.py:89} INFO - Updated row with Video_ID: cp8IZmDmab8
[2026-05-15T16:19:54.915+0000] {data_modification.py:89} INFO - Updated row with Video_ID: gMjSJVqW_uQ
[2026-05-15T16:19:54.920+0000] {data_modification.py:89} INFO - Updated row with Video_ID: r33PGgBRXvs
[2026-05-15T16:19:54.924+0000] {data_modification.py:89} INFO - Updated row with Video_ID: h8U5_6MbUTM
[2026-05-15T16:19:54.929+0000] {data_modification.py:89} INFO - Updated row with Video_ID: 58YPiMphl_Y
[2026-05-15T16:19:54.934+0000] {data_modification.py:89} INFO - Updated row with Video_ID: Yyr0zpo8JDo
[2026-05-15T16:19:54.938+0000] {data_modification.py:89} INFO - Updated row with Video_ID: LpPITmsHXs4
[2026-05-15T16:19:54.945+0000] {data_modification.py:89} INFO - Updated row with Video_ID: elA1D-djyrg
[2026-05-15T16:19:54.951+0000] {data_modification.py:89} INFO - Updated row with Video_ID: 5noWf4Od0RU
[2026-05-15T16:19:54.957+0000] {data_modification.py:89} INFO - Updated row with Video_ID: wINwH26EJVo
[2026-05-15T16:19:54.962+0000] {data_modification.py:89} INFO - Updated row with Video_ID: zansbfYaPK0
[2026-05-15T16:19:54.966+0000] {data_modification.py:89} INFO - Updated row with Video_ID: P1jj9Zzob7A
[2026-05-15T16:19:54.971+0000] {data_modification.py:89} INFO - Updated row with Video_ID: 1CjKWoIQnYI
[2026-05-15T16:19:54.975+0000] {data_modification.py:89} INFO - Updated row with Video_ID: DkpuyPmyAHs
[2026-05-15T16:19:54.979+0000] {data_modification.py:89} INFO - Updated row with Video_ID: c6R-Hx-hhmU
[2026-05-15T16:19:54.985+0000] {data_modification.py:89} INFO - Updated row with Video_ID: kipPYocpFQ4
[2026-05-15T16:19:54.990+0000] {data_modification.py:89} INFO - Updated row with Video_ID: nBE5-iCiEsI
[2026-05-15T16:19:54.995+0000] {data_modification.py:89} INFO - Updated row with Video_ID: JtN5l47HbuU
[2026-05-15T16:19:55.001+0000] {data_modification.py:89} INFO - Updated row with Video_ID: LRtyVfvyKn4
[2026-05-15T16:19:55.008+0000] {data_modification.py:89} INFO - Updated row with Video_ID: 3J_XVkHppQQ
[2026-05-15T16:19:55.017+0000] {data_modification.py:89} INFO - Updated row with Video_ID: c-ZjwAvVagM
[2026-05-15T16:19:55.021+0000] {data_modification.py:89} INFO - Updated row with Video_ID: YGYH62GUm1I
[2026-05-15T16:19:55.024+0000] {data_modification.py:89} INFO - Updated row with Video_ID: F5eF9yythPE
[2026-05-15T16:19:55.027+0000] {dwh.py:108} INFO - core table update completed
[2026-05-15T16:19:55.028+0000] {python.py:237} INFO - Done. Returned value was: None
[2026-05-15T16:19:55.031+0000] {taskinstance.py:441} INFO - ::group::Post task execution logs
[2026-05-15T16:19:55.049+0000] {taskinstance.py:1206} INFO - Marking task as SUCCESS. dag_id=youtube_dwh_update, task_id=core_table, run_id=manual__2026-05-15T15:04:24.246915+00:00, execution_date=20260515T150424, start_date=20260515T161937, end_date=20260515T161955
[2026-05-15T16:19:55.106+0000] {local_task_job_runner.py:240} INFO - Task exited with return code 0
[2026-05-15T16:19:55.135+0000] {taskinstance.py:3503} INFO - 0 downstream tasks scheduled from follow-on schedule check
[2026-05-15T16:19:55.140+0000] {local_task_job_runner.py:222} INFO - ::endgroup::
