[2026-05-15T12:27:20.819+0000] {processor.py:161} INFO - Started process (PID=65) to work on /opt/airflow/dags/main.py
[2026-05-15T12:27:20.824+0000] {processor.py:830} INFO - Processing file /opt/airflow/dags/main.py for tasks to queue
[2026-05-15T12:27:20.832+0000] {logging_mixin.py:188} INFO - [2026-05-15T12:27:20.831+0000] {dagbag.py:545} INFO - Filling up the DagBag from /opt/airflow/dags/main.py
[2026-05-15T12:27:21.148+0000] {logging_mixin.py:188} INFO - [2026-05-15T12:27:21.135+0000] {dagbag.py:355} ERROR - Failed to import: /opt/airflow/dags/main.py
Traceback (most recent call last):
  File "/home/airflow/.local/lib/python3.10/site-packages/airflow/models/dagbag.py", line 351, in parse
    loader.exec_module(new_module)
  File "<frozen importlib._bootstrap_external>", line 883, in exec_module
  File "<frozen importlib._bootstrap>", line 241, in _call_with_frames_removed
  File "/opt/airflow/dags/main.py", line 89, in <module>
    from dwh import staging_table, core_table
ModuleNotFoundError: No module named 'dwh'
[2026-05-15T12:27:21.151+0000] {processor.py:842} WARNING - No viable dags retrieved from /opt/airflow/dags/main.py
[2026-05-15T12:27:21.242+0000] {processor.py:183} INFO - Processing /opt/airflow/dags/main.py took 0.593 seconds
[2026-05-15T12:27:51.725+0000] {processor.py:161} INFO - Started process (PID=72) to work on /opt/airflow/dags/main.py
[2026-05-15T12:27:51.742+0000] {processor.py:830} INFO - Processing file /opt/airflow/dags/main.py for tasks to queue
[2026-05-15T12:27:51.748+0000] {logging_mixin.py:188} INFO - [2026-05-15T12:27:51.747+0000] {dagbag.py:545} INFO - Filling up the DagBag from /opt/airflow/dags/main.py
[2026-05-15T12:27:51.966+0000] {logging_mixin.py:188} INFO - [2026-05-15T12:27:51.957+0000] {dagbag.py:355} ERROR - Failed to import: /opt/airflow/dags/main.py
Traceback (most recent call last):
  File "/home/airflow/.local/lib/python3.10/site-packages/airflow/models/dagbag.py", line 351, in parse
    loader.exec_module(new_module)
  File "<frozen importlib._bootstrap_external>", line 883, in exec_module
  File "<frozen importlib._bootstrap>", line 241, in _call_with_frames_removed
  File "/opt/airflow/dags/main.py", line 89, in <module>
    from dwh import staging_table, core_table
ModuleNotFoundError: No module named 'dwh'
[2026-05-15T12:27:51.969+0000] {processor.py:842} WARNING - No viable dags retrieved from /opt/airflow/dags/main.py
[2026-05-15T12:27:52.097+0000] {processor.py:183} INFO - Processing /opt/airflow/dags/main.py took 0.389 seconds
[2026-05-15T12:28:22.703+0000] {processor.py:161} INFO - Started process (PID=80) to work on /opt/airflow/dags/main.py
[2026-05-15T12:28:22.706+0000] {processor.py:830} INFO - Processing file /opt/airflow/dags/main.py for tasks to queue
[2026-05-15T12:28:22.710+0000] {logging_mixin.py:188} INFO - [2026-05-15T12:28:22.709+0000] {dagbag.py:545} INFO - Filling up the DagBag from /opt/airflow/dags/main.py
[2026-05-15T12:28:22.904+0000] {logging_mixin.py:188} INFO - [2026-05-15T12:28:22.898+0000] {dagbag.py:355} ERROR - Failed to import: /opt/airflow/dags/main.py
Traceback (most recent call last):
  File "/home/airflow/.local/lib/python3.10/site-packages/airflow/models/dagbag.py", line 351, in parse
    loader.exec_module(new_module)
  File "<frozen importlib._bootstrap_external>", line 883, in exec_module
  File "<frozen importlib._bootstrap>", line 241, in _call_with_frames_removed
  File "/opt/airflow/dags/main.py", line 89, in <module>
    from dwh import staging_table, core_table
ModuleNotFoundError: No module named 'dwh'
[2026-05-15T12:28:22.907+0000] {processor.py:842} WARNING - No viable dags retrieved from /opt/airflow/dags/main.py
[2026-05-15T12:28:22.941+0000] {processor.py:183} INFO - Processing /opt/airflow/dags/main.py took 0.264 seconds
[2026-05-15T12:28:53.283+0000] {processor.py:161} INFO - Started process (PID=87) to work on /opt/airflow/dags/main.py
[2026-05-15T12:28:53.286+0000] {processor.py:830} INFO - Processing file /opt/airflow/dags/main.py for tasks to queue
[2026-05-15T12:28:53.290+0000] {logging_mixin.py:188} INFO - [2026-05-15T12:28:53.289+0000] {dagbag.py:545} INFO - Filling up the DagBag from /opt/airflow/dags/main.py
[2026-05-15T12:28:53.457+0000] {logging_mixin.py:188} INFO - [2026-05-15T12:28:53.448+0000] {dagbag.py:355} ERROR - Failed to import: /opt/airflow/dags/main.py
Traceback (most recent call last):
  File "/home/airflow/.local/lib/python3.10/site-packages/airflow/models/dagbag.py", line 351, in parse
    loader.exec_module(new_module)
  File "<frozen importlib._bootstrap_external>", line 883, in exec_module
  File "<frozen importlib._bootstrap>", line 241, in _call_with_frames_removed
  File "/opt/airflow/dags/main.py", line 89, in <module>
    from dwh import staging_table, core_table
ModuleNotFoundError: No module named 'dwh'
[2026-05-15T12:28:53.460+0000] {processor.py:842} WARNING - No viable dags retrieved from /opt/airflow/dags/main.py
[2026-05-15T12:28:53.508+0000] {processor.py:183} INFO - Processing /opt/airflow/dags/main.py took 0.254 seconds
[2026-05-15T12:29:23.952+0000] {processor.py:161} INFO - Started process (PID=94) to work on /opt/airflow/dags/main.py
[2026-05-15T12:29:23.956+0000] {processor.py:830} INFO - Processing file /opt/airflow/dags/main.py for tasks to queue
[2026-05-15T12:29:23.961+0000] {logging_mixin.py:188} INFO - [2026-05-15T12:29:23.960+0000] {dagbag.py:545} INFO - Filling up the DagBag from /opt/airflow/dags/main.py
[2026-05-15T12:29:24.223+0000] {logging_mixin.py:188} INFO - [2026-05-15T12:29:24.213+0000] {dagbag.py:355} ERROR - Failed to import: /opt/airflow/dags/main.py
Traceback (most recent call last):
  File "/home/airflow/.local/lib/python3.10/site-packages/airflow/models/dagbag.py", line 351, in parse
    loader.exec_module(new_module)
  File "<frozen importlib._bootstrap_external>", line 883, in exec_module
  File "<frozen importlib._bootstrap>", line 241, in _call_with_frames_removed
  File "/opt/airflow/dags/main.py", line 89, in <module>
    from dwh import staging_table, core_table
ModuleNotFoundError: No module named 'dwh'
[2026-05-15T12:29:24.227+0000] {processor.py:842} WARNING - No viable dags retrieved from /opt/airflow/dags/main.py
[2026-05-15T12:29:24.304+0000] {processor.py:183} INFO - Processing /opt/airflow/dags/main.py took 0.386 seconds
[2026-05-15T12:29:54.850+0000] {processor.py:161} INFO - Started process (PID=102) to work on /opt/airflow/dags/main.py
[2026-05-15T12:29:54.854+0000] {processor.py:830} INFO - Processing file /opt/airflow/dags/main.py for tasks to queue
[2026-05-15T12:29:54.858+0000] {logging_mixin.py:188} INFO - [2026-05-15T12:29:54.857+0000] {dagbag.py:545} INFO - Filling up the DagBag from /opt/airflow/dags/main.py
[2026-05-15T12:29:55.036+0000] {logging_mixin.py:188} INFO - [2026-05-15T12:29:55.028+0000] {dagbag.py:355} ERROR - Failed to import: /opt/airflow/dags/main.py
Traceback (most recent call last):
  File "/home/airflow/.local/lib/python3.10/site-packages/airflow/models/dagbag.py", line 351, in parse
    loader.exec_module(new_module)
  File "<frozen importlib._bootstrap_external>", line 883, in exec_module
  File "<frozen importlib._bootstrap>", line 241, in _call_with_frames_removed
  File "/opt/airflow/dags/main.py", line 89, in <module>
    from dwh import staging_table, core_table
ModuleNotFoundError: No module named 'dwh'
[2026-05-15T12:29:55.039+0000] {processor.py:842} WARNING - No viable dags retrieved from /opt/airflow/dags/main.py
[2026-05-15T12:29:55.111+0000] {processor.py:183} INFO - Processing /opt/airflow/dags/main.py took 0.286 seconds
[2026-05-15T12:30:25.546+0000] {processor.py:161} INFO - Started process (PID=115) to work on /opt/airflow/dags/main.py
[2026-05-15T12:30:25.549+0000] {processor.py:830} INFO - Processing file /opt/airflow/dags/main.py for tasks to queue
[2026-05-15T12:30:25.552+0000] {logging_mixin.py:188} INFO - [2026-05-15T12:30:25.551+0000] {dagbag.py:545} INFO - Filling up the DagBag from /opt/airflow/dags/main.py
[2026-05-15T12:30:25.657+0000] {logging_mixin.py:188} INFO - [2026-05-15T12:30:25.651+0000] {dagbag.py:355} ERROR - Failed to import: /opt/airflow/dags/main.py
Traceback (most recent call last):
  File "/home/airflow/.local/lib/python3.10/site-packages/airflow/models/dagbag.py", line 351, in parse
    loader.exec_module(new_module)
  File "<frozen importlib._bootstrap_external>", line 883, in exec_module
  File "<frozen importlib._bootstrap>", line 241, in _call_with_frames_removed
  File "/opt/airflow/dags/main.py", line 89, in <module>
    from dwh import staging_table, core_table
ModuleNotFoundError: No module named 'dwh'
[2026-05-15T12:30:25.659+0000] {processor.py:842} WARNING - No viable dags retrieved from /opt/airflow/dags/main.py
[2026-05-15T12:30:25.696+0000] {processor.py:183} INFO - Processing /opt/airflow/dags/main.py took 0.169 seconds
[2026-05-15T12:30:55.917+0000] {processor.py:161} INFO - Started process (PID=122) to work on /opt/airflow/dags/main.py
[2026-05-15T12:30:55.920+0000] {processor.py:830} INFO - Processing file /opt/airflow/dags/main.py for tasks to queue
[2026-05-15T12:30:55.924+0000] {logging_mixin.py:188} INFO - [2026-05-15T12:30:55.923+0000] {dagbag.py:545} INFO - Filling up the DagBag from /opt/airflow/dags/main.py
[2026-05-15T12:30:56.050+0000] {logging_mixin.py:188} INFO - [2026-05-15T12:30:56.043+0000] {dagbag.py:355} ERROR - Failed to import: /opt/airflow/dags/main.py
Traceback (most recent call last):
  File "/home/airflow/.local/lib/python3.10/site-packages/airflow/models/dagbag.py", line 351, in parse
    loader.exec_module(new_module)
  File "<frozen importlib._bootstrap_external>", line 883, in exec_module
  File "<frozen importlib._bootstrap>", line 241, in _call_with_frames_removed
  File "/opt/airflow/dags/main.py", line 89, in <module>
    from dwh import staging_table, core_table
ModuleNotFoundError: No module named 'dwh'
[2026-05-15T12:30:56.054+0000] {processor.py:842} WARNING - No viable dags retrieved from /opt/airflow/dags/main.py
[2026-05-15T12:30:56.105+0000] {processor.py:183} INFO - Processing /opt/airflow/dags/main.py took 0.201 seconds
[2026-05-15T12:31:26.402+0000] {processor.py:161} INFO - Started process (PID=129) to work on /opt/airflow/dags/main.py
[2026-05-15T12:31:26.405+0000] {processor.py:830} INFO - Processing file /opt/airflow/dags/main.py for tasks to queue
[2026-05-15T12:31:26.408+0000] {logging_mixin.py:188} INFO - [2026-05-15T12:31:26.407+0000] {dagbag.py:545} INFO - Filling up the DagBag from /opt/airflow/dags/main.py
[2026-05-15T12:31:26.536+0000] {logging_mixin.py:188} INFO - [2026-05-15T12:31:26.528+0000] {dagbag.py:355} ERROR - Failed to import: /opt/airflow/dags/main.py
Traceback (most recent call last):
  File "/home/airflow/.local/lib/python3.10/site-packages/airflow/models/dagbag.py", line 351, in parse
    loader.exec_module(new_module)
  File "<frozen importlib._bootstrap_external>", line 883, in exec_module
  File "<frozen importlib._bootstrap>", line 241, in _call_with_frames_removed
  File "/opt/airflow/dags/main.py", line 89, in <module>
    from dwh import staging_table, core_table
ModuleNotFoundError: No module named 'dwh'
[2026-05-15T12:31:26.538+0000] {processor.py:842} WARNING - No viable dags retrieved from /opt/airflow/dags/main.py
[2026-05-15T12:31:26.597+0000] {processor.py:183} INFO - Processing /opt/airflow/dags/main.py took 0.210 seconds
[2026-05-15T12:31:56.834+0000] {processor.py:161} INFO - Started process (PID=136) to work on /opt/airflow/dags/main.py
[2026-05-15T12:31:56.837+0000] {processor.py:830} INFO - Processing file /opt/airflow/dags/main.py for tasks to queue
[2026-05-15T12:31:56.840+0000] {logging_mixin.py:188} INFO - [2026-05-15T12:31:56.839+0000] {dagbag.py:545} INFO - Filling up the DagBag from /opt/airflow/dags/main.py
[2026-05-15T12:31:56.984+0000] {logging_mixin.py:188} INFO - [2026-05-15T12:31:56.968+0000] {dagbag.py:355} ERROR - Failed to import: /opt/airflow/dags/main.py
Traceback (most recent call last):
  File "/home/airflow/.local/lib/python3.10/site-packages/airflow/models/dagbag.py", line 351, in parse
    loader.exec_module(new_module)
  File "<frozen importlib._bootstrap_external>", line 883, in exec_module
  File "<frozen importlib._bootstrap>", line 241, in _call_with_frames_removed
  File "/opt/airflow/dags/main.py", line 89, in <module>
    from dwh import staging_table, core_table
ModuleNotFoundError: No module named 'dwh'
[2026-05-15T12:31:56.995+0000] {processor.py:842} WARNING - No viable dags retrieved from /opt/airflow/dags/main.py
[2026-05-15T12:31:57.052+0000] {processor.py:183} INFO - Processing /opt/airflow/dags/main.py took 0.231 seconds
[2026-05-15T12:32:28.057+0000] {processor.py:161} INFO - Started process (PID=143) to work on /opt/airflow/dags/main.py
[2026-05-15T12:32:28.060+0000] {processor.py:830} INFO - Processing file /opt/airflow/dags/main.py for tasks to queue
[2026-05-15T12:32:28.063+0000] {logging_mixin.py:188} INFO - [2026-05-15T12:32:28.062+0000] {dagbag.py:545} INFO - Filling up the DagBag from /opt/airflow/dags/main.py
[2026-05-15T12:32:28.221+0000] {logging_mixin.py:188} INFO - [2026-05-15T12:32:28.214+0000] {dagbag.py:355} ERROR - Failed to import: /opt/airflow/dags/main.py
Traceback (most recent call last):
  File "/home/airflow/.local/lib/python3.10/site-packages/airflow/models/dagbag.py", line 351, in parse
    loader.exec_module(new_module)
  File "<frozen importlib._bootstrap_external>", line 883, in exec_module
  File "<frozen importlib._bootstrap>", line 241, in _call_with_frames_removed
  File "/opt/airflow/dags/main.py", line 89, in <module>
    from dwh import staging_table, core_table
ModuleNotFoundError: No module named 'dwh'
[2026-05-15T12:32:28.224+0000] {processor.py:842} WARNING - No viable dags retrieved from /opt/airflow/dags/main.py
[2026-05-15T12:32:28.265+0000] {processor.py:183} INFO - Processing /opt/airflow/dags/main.py took 0.228 seconds
[2026-05-15T12:32:58.376+0000] {processor.py:161} INFO - Started process (PID=150) to work on /opt/airflow/dags/main.py
[2026-05-15T12:32:58.378+0000] {processor.py:830} INFO - Processing file /opt/airflow/dags/main.py for tasks to queue
[2026-05-15T12:32:58.380+0000] {logging_mixin.py:188} INFO - [2026-05-15T12:32:58.379+0000] {dagbag.py:545} INFO - Filling up the DagBag from /opt/airflow/dags/main.py
[2026-05-15T12:32:58.478+0000] {logging_mixin.py:188} INFO - [2026-05-15T12:32:58.471+0000] {dagbag.py:355} ERROR - Failed to import: /opt/airflow/dags/main.py
Traceback (most recent call last):
  File "/home/airflow/.local/lib/python3.10/site-packages/airflow/models/dagbag.py", line 351, in parse
    loader.exec_module(new_module)
  File "<frozen importlib._bootstrap_external>", line 883, in exec_module
  File "<frozen importlib._bootstrap>", line 241, in _call_with_frames_removed
  File "/opt/airflow/dags/main.py", line 89, in <module>
    from dwh import staging_table, core_table
ModuleNotFoundError: No module named 'dwh'
[2026-05-15T12:32:58.480+0000] {processor.py:842} WARNING - No viable dags retrieved from /opt/airflow/dags/main.py
[2026-05-15T12:32:58.519+0000] {processor.py:183} INFO - Processing /opt/airflow/dags/main.py took 0.157 seconds
[2026-05-15T12:33:28.722+0000] {processor.py:161} INFO - Started process (PID=157) to work on /opt/airflow/dags/main.py
[2026-05-15T12:33:28.724+0000] {processor.py:830} INFO - Processing file /opt/airflow/dags/main.py for tasks to queue
[2026-05-15T12:33:28.726+0000] {logging_mixin.py:188} INFO - [2026-05-15T12:33:28.725+0000] {dagbag.py:545} INFO - Filling up the DagBag from /opt/airflow/dags/main.py
[2026-05-15T12:33:28.891+0000] {logging_mixin.py:188} INFO - [2026-05-15T12:33:28.882+0000] {dagbag.py:355} ERROR - Failed to import: /opt/airflow/dags/main.py
Traceback (most recent call last):
  File "/home/airflow/.local/lib/python3.10/site-packages/airflow/models/dagbag.py", line 351, in parse
    loader.exec_module(new_module)
  File "<frozen importlib._bootstrap_external>", line 883, in exec_module
  File "<frozen importlib._bootstrap>", line 241, in _call_with_frames_removed
  File "/opt/airflow/dags/main.py", line 89, in <module>
    from dwh import staging_table, core_table
ModuleNotFoundError: No module named 'dwh'
[2026-05-15T12:33:28.895+0000] {processor.py:842} WARNING - No viable dags retrieved from /opt/airflow/dags/main.py
[2026-05-15T12:33:28.941+0000] {processor.py:183} INFO - Processing /opt/airflow/dags/main.py took 0.234 seconds
[2026-05-15T12:33:59.233+0000] {processor.py:161} INFO - Started process (PID=165) to work on /opt/airflow/dags/main.py
[2026-05-15T12:33:59.236+0000] {processor.py:830} INFO - Processing file /opt/airflow/dags/main.py for tasks to queue
[2026-05-15T12:33:59.238+0000] {logging_mixin.py:188} INFO - [2026-05-15T12:33:59.238+0000] {dagbag.py:545} INFO - Filling up the DagBag from /opt/airflow/dags/main.py
[2026-05-15T12:33:59.407+0000] {logging_mixin.py:188} INFO - [2026-05-15T12:33:59.399+0000] {dagbag.py:355} ERROR - Failed to import: /opt/airflow/dags/main.py
Traceback (most recent call last):
  File "/home/airflow/.local/lib/python3.10/site-packages/airflow/models/dagbag.py", line 351, in parse
    loader.exec_module(new_module)
  File "<frozen importlib._bootstrap_external>", line 883, in exec_module
  File "<frozen importlib._bootstrap>", line 241, in _call_with_frames_removed
  File "/opt/airflow/dags/main.py", line 89, in <module>
    from dwh import staging_table, core_table
ModuleNotFoundError: No module named 'dwh'
[2026-05-15T12:33:59.410+0000] {processor.py:842} WARNING - No viable dags retrieved from /opt/airflow/dags/main.py
[2026-05-15T12:33:59.469+0000] {processor.py:183} INFO - Processing /opt/airflow/dags/main.py took 0.259 seconds
[2026-05-15T12:34:29.686+0000] {processor.py:161} INFO - Started process (PID=172) to work on /opt/airflow/dags/main.py
[2026-05-15T12:34:29.690+0000] {processor.py:830} INFO - Processing file /opt/airflow/dags/main.py for tasks to queue
[2026-05-15T12:34:29.693+0000] {logging_mixin.py:188} INFO - [2026-05-15T12:34:29.692+0000] {dagbag.py:545} INFO - Filling up the DagBag from /opt/airflow/dags/main.py
[2026-05-15T12:34:29.834+0000] {logging_mixin.py:188} INFO - [2026-05-15T12:34:29.825+0000] {dagbag.py:355} ERROR - Failed to import: /opt/airflow/dags/main.py
Traceback (most recent call last):
  File "/home/airflow/.local/lib/python3.10/site-packages/airflow/models/dagbag.py", line 351, in parse
    loader.exec_module(new_module)
  File "<frozen importlib._bootstrap_external>", line 883, in exec_module
  File "<frozen importlib._bootstrap>", line 241, in _call_with_frames_removed
  File "/opt/airflow/dags/main.py", line 89, in <module>
    from dwh import staging_table, core_table
ModuleNotFoundError: No module named 'dwh'
[2026-05-15T12:34:29.836+0000] {processor.py:842} WARNING - No viable dags retrieved from /opt/airflow/dags/main.py
[2026-05-15T12:34:29.906+0000] {processor.py:183} INFO - Processing /opt/airflow/dags/main.py took 0.241 seconds
[2026-05-15T12:35:00.167+0000] {processor.py:161} INFO - Started process (PID=178) to work on /opt/airflow/dags/main.py
[2026-05-15T12:35:00.169+0000] {processor.py:830} INFO - Processing file /opt/airflow/dags/main.py for tasks to queue
[2026-05-15T12:35:00.172+0000] {logging_mixin.py:188} INFO - [2026-05-15T12:35:00.171+0000] {dagbag.py:545} INFO - Filling up the DagBag from /opt/airflow/dags/main.py
[2026-05-15T12:35:00.324+0000] {logging_mixin.py:188} INFO - [2026-05-15T12:35:00.317+0000] {dagbag.py:355} ERROR - Failed to import: /opt/airflow/dags/main.py
Traceback (most recent call last):
  File "/home/airflow/.local/lib/python3.10/site-packages/airflow/models/dagbag.py", line 351, in parse
    loader.exec_module(new_module)
  File "<frozen importlib._bootstrap_external>", line 883, in exec_module
  File "<frozen importlib._bootstrap>", line 241, in _call_with_frames_removed
  File "/opt/airflow/dags/main.py", line 89, in <module>
    from dwh import staging_table, core_table
ModuleNotFoundError: No module named 'dwh'
[2026-05-15T12:35:00.327+0000] {processor.py:842} WARNING - No viable dags retrieved from /opt/airflow/dags/main.py
[2026-05-15T12:35:00.381+0000] {processor.py:183} INFO - Processing /opt/airflow/dags/main.py took 0.231 seconds
[2026-05-15T12:35:30.492+0000] {processor.py:161} INFO - Started process (PID=185) to work on /opt/airflow/dags/main.py
[2026-05-15T12:35:30.496+0000] {processor.py:830} INFO - Processing file /opt/airflow/dags/main.py for tasks to queue
[2026-05-15T12:35:30.500+0000] {logging_mixin.py:188} INFO - [2026-05-15T12:35:30.499+0000] {dagbag.py:545} INFO - Filling up the DagBag from /opt/airflow/dags/main.py
[2026-05-15T12:35:30.640+0000] {logging_mixin.py:188} INFO - [2026-05-15T12:35:30.633+0000] {dagbag.py:355} ERROR - Failed to import: /opt/airflow/dags/main.py
Traceback (most recent call last):
  File "/home/airflow/.local/lib/python3.10/site-packages/airflow/models/dagbag.py", line 351, in parse
    loader.exec_module(new_module)
  File "<frozen importlib._bootstrap_external>", line 883, in exec_module
  File "<frozen importlib._bootstrap>", line 241, in _call_with_frames_removed
  File "/opt/airflow/dags/main.py", line 89, in <module>
    from dwh import staging_table, core_table
ModuleNotFoundError: No module named 'dwh'
[2026-05-15T12:35:30.642+0000] {processor.py:842} WARNING - No viable dags retrieved from /opt/airflow/dags/main.py
[2026-05-15T12:35:30.691+0000] {processor.py:183} INFO - Processing /opt/airflow/dags/main.py took 0.218 seconds
[2026-05-15T12:36:00.981+0000] {processor.py:161} INFO - Started process (PID=192) to work on /opt/airflow/dags/main.py
[2026-05-15T12:36:00.984+0000] {processor.py:830} INFO - Processing file /opt/airflow/dags/main.py for tasks to queue
[2026-05-15T12:36:00.987+0000] {logging_mixin.py:188} INFO - [2026-05-15T12:36:00.986+0000] {dagbag.py:545} INFO - Filling up the DagBag from /opt/airflow/dags/main.py
[2026-05-15T12:36:01.140+0000] {logging_mixin.py:188} INFO - [2026-05-15T12:36:01.130+0000] {dagbag.py:355} ERROR - Failed to import: /opt/airflow/dags/main.py
Traceback (most recent call last):
  File "/home/airflow/.local/lib/python3.10/site-packages/airflow/models/dagbag.py", line 351, in parse
    loader.exec_module(new_module)
  File "<frozen importlib._bootstrap_external>", line 883, in exec_module
  File "<frozen importlib._bootstrap>", line 241, in _call_with_frames_removed
  File "/opt/airflow/dags/main.py", line 89, in <module>
    from dwh import staging_table, core_table
ModuleNotFoundError: No module named 'dwh'
[2026-05-15T12:36:01.143+0000] {processor.py:842} WARNING - No viable dags retrieved from /opt/airflow/dags/main.py
[2026-05-15T12:36:01.186+0000] {processor.py:183} INFO - Processing /opt/airflow/dags/main.py took 0.220 seconds
[2026-05-15T12:36:31.328+0000] {processor.py:161} INFO - Started process (PID=199) to work on /opt/airflow/dags/main.py
[2026-05-15T12:36:31.332+0000] {processor.py:830} INFO - Processing file /opt/airflow/dags/main.py for tasks to queue
[2026-05-15T12:36:31.336+0000] {logging_mixin.py:188} INFO - [2026-05-15T12:36:31.335+0000] {dagbag.py:545} INFO - Filling up the DagBag from /opt/airflow/dags/main.py
[2026-05-15T12:36:31.503+0000] {logging_mixin.py:188} INFO - [2026-05-15T12:36:31.490+0000] {dagbag.py:355} ERROR - Failed to import: /opt/airflow/dags/main.py
Traceback (most recent call last):
  File "/home/airflow/.local/lib/python3.10/site-packages/airflow/models/dagbag.py", line 351, in parse
    loader.exec_module(new_module)
  File "<frozen importlib._bootstrap_external>", line 883, in exec_module
  File "<frozen importlib._bootstrap>", line 241, in _call_with_frames_removed
  File "/opt/airflow/dags/main.py", line 89, in <module>
    from dwh import staging_table, core_table
ModuleNotFoundError: No module named 'dwh'
[2026-05-15T12:36:31.508+0000] {processor.py:842} WARNING - No viable dags retrieved from /opt/airflow/dags/main.py
[2026-05-15T12:36:31.572+0000] {processor.py:183} INFO - Processing /opt/airflow/dags/main.py took 0.268 seconds
[2026-05-15T12:37:01.884+0000] {processor.py:161} INFO - Started process (PID=206) to work on /opt/airflow/dags/main.py
[2026-05-15T12:37:01.890+0000] {processor.py:830} INFO - Processing file /opt/airflow/dags/main.py for tasks to queue
[2026-05-15T12:37:01.894+0000] {logging_mixin.py:188} INFO - [2026-05-15T12:37:01.892+0000] {dagbag.py:545} INFO - Filling up the DagBag from /opt/airflow/dags/main.py
[2026-05-15T12:37:02.057+0000] {logging_mixin.py:188} INFO - [2026-05-15T12:37:02.050+0000] {dagbag.py:355} ERROR - Failed to import: /opt/airflow/dags/main.py
Traceback (most recent call last):
  File "/home/airflow/.local/lib/python3.10/site-packages/airflow/models/dagbag.py", line 351, in parse
    loader.exec_module(new_module)
  File "<frozen importlib._bootstrap_external>", line 883, in exec_module
  File "<frozen importlib._bootstrap>", line 241, in _call_with_frames_removed
  File "/opt/airflow/dags/main.py", line 89, in <module>
    from dwh import staging_table, core_table
ModuleNotFoundError: No module named 'dwh'
[2026-05-15T12:37:02.060+0000] {processor.py:842} WARNING - No viable dags retrieved from /opt/airflow/dags/main.py
[2026-05-15T12:37:02.103+0000] {processor.py:183} INFO - Processing /opt/airflow/dags/main.py took 0.239 seconds
[2026-05-15T12:37:32.828+0000] {processor.py:161} INFO - Started process (PID=213) to work on /opt/airflow/dags/main.py
[2026-05-15T12:37:32.830+0000] {processor.py:830} INFO - Processing file /opt/airflow/dags/main.py for tasks to queue
[2026-05-15T12:37:32.835+0000] {logging_mixin.py:188} INFO - [2026-05-15T12:37:32.834+0000] {dagbag.py:545} INFO - Filling up the DagBag from /opt/airflow/dags/main.py
[2026-05-15T12:37:33.116+0000] {logging_mixin.py:188} INFO - [2026-05-15T12:37:33.083+0000] {dagbag.py:355} ERROR - Failed to import: /opt/airflow/dags/main.py
Traceback (most recent call last):
  File "/home/airflow/.local/lib/python3.10/site-packages/airflow/models/dagbag.py", line 351, in parse
    loader.exec_module(new_module)
  File "<frozen importlib._bootstrap_external>", line 883, in exec_module
  File "<frozen importlib._bootstrap>", line 241, in _call_with_frames_removed
  File "/opt/airflow/dags/main.py", line 89, in <module>
    from dwh import staging_table, core_table
ModuleNotFoundError: No module named 'dwh'
[2026-05-15T12:37:33.134+0000] {processor.py:842} WARNING - No viable dags retrieved from /opt/airflow/dags/main.py
[2026-05-15T12:37:33.228+0000] {processor.py:183} INFO - Processing /opt/airflow/dags/main.py took 0.431 seconds
[2026-05-15T12:38:03.560+0000] {processor.py:161} INFO - Started process (PID=220) to work on /opt/airflow/dags/main.py
[2026-05-15T12:38:03.563+0000] {processor.py:830} INFO - Processing file /opt/airflow/dags/main.py for tasks to queue
[2026-05-15T12:38:03.567+0000] {logging_mixin.py:188} INFO - [2026-05-15T12:38:03.566+0000] {dagbag.py:545} INFO - Filling up the DagBag from /opt/airflow/dags/main.py
[2026-05-15T12:38:03.712+0000] {logging_mixin.py:188} INFO - [2026-05-15T12:38:03.701+0000] {dagbag.py:355} ERROR - Failed to import: /opt/airflow/dags/main.py
Traceback (most recent call last):
  File "/home/airflow/.local/lib/python3.10/site-packages/airflow/models/dagbag.py", line 351, in parse
    loader.exec_module(new_module)
  File "<frozen importlib._bootstrap_external>", line 883, in exec_module
  File "<frozen importlib._bootstrap>", line 241, in _call_with_frames_removed
  File "/opt/airflow/dags/main.py", line 89, in <module>
    from dwh import staging_table, core_table
ModuleNotFoundError: No module named 'dwh'
[2026-05-15T12:38:03.716+0000] {processor.py:842} WARNING - No viable dags retrieved from /opt/airflow/dags/main.py
[2026-05-15T12:38:03.765+0000] {processor.py:183} INFO - Processing /opt/airflow/dags/main.py took 0.225 seconds
[2026-05-15T12:38:34.223+0000] {processor.py:161} INFO - Started process (PID=227) to work on /opt/airflow/dags/main.py
[2026-05-15T12:38:34.227+0000] {processor.py:830} INFO - Processing file /opt/airflow/dags/main.py for tasks to queue
[2026-05-15T12:38:34.230+0000] {logging_mixin.py:188} INFO - [2026-05-15T12:38:34.229+0000] {dagbag.py:545} INFO - Filling up the DagBag from /opt/airflow/dags/main.py
[2026-05-15T12:38:34.391+0000] {logging_mixin.py:188} INFO - [2026-05-15T12:38:34.384+0000] {dagbag.py:355} ERROR - Failed to import: /opt/airflow/dags/main.py
Traceback (most recent call last):
  File "/home/airflow/.local/lib/python3.10/site-packages/airflow/models/dagbag.py", line 351, in parse
    loader.exec_module(new_module)
  File "<frozen importlib._bootstrap_external>", line 883, in exec_module
  File "<frozen importlib._bootstrap>", line 241, in _call_with_frames_removed
  File "/opt/airflow/dags/main.py", line 89, in <module>
    from dwh import staging_table, core_table
ModuleNotFoundError: No module named 'dwh'
[2026-05-15T12:38:34.393+0000] {processor.py:842} WARNING - No viable dags retrieved from /opt/airflow/dags/main.py
[2026-05-15T12:38:34.438+0000] {processor.py:183} INFO - Processing /opt/airflow/dags/main.py took 0.237 seconds
[2026-05-15T12:39:04.782+0000] {processor.py:161} INFO - Started process (PID=234) to work on /opt/airflow/dags/main.py
[2026-05-15T12:39:04.785+0000] {processor.py:830} INFO - Processing file /opt/airflow/dags/main.py for tasks to queue
[2026-05-15T12:39:04.787+0000] {logging_mixin.py:188} INFO - [2026-05-15T12:39:04.786+0000] {dagbag.py:545} INFO - Filling up the DagBag from /opt/airflow/dags/main.py
[2026-05-15T12:39:05.050+0000] {logging_mixin.py:188} INFO - [2026-05-15T12:39:05.037+0000] {dagbag.py:355} ERROR - Failed to import: /opt/airflow/dags/main.py
Traceback (most recent call last):
  File "/home/airflow/.local/lib/python3.10/site-packages/airflow/models/dagbag.py", line 351, in parse
    loader.exec_module(new_module)
  File "<frozen importlib._bootstrap_external>", line 883, in exec_module
  File "<frozen importlib._bootstrap>", line 241, in _call_with_frames_removed
  File "/opt/airflow/dags/main.py", line 89, in <module>
    from dwh import staging_table, core_table
ModuleNotFoundError: No module named 'dwh'
[2026-05-15T12:39:05.054+0000] {processor.py:842} WARNING - No viable dags retrieved from /opt/airflow/dags/main.py
[2026-05-15T12:39:05.144+0000] {processor.py:183} INFO - Processing /opt/airflow/dags/main.py took 0.376 seconds
[2026-05-15T12:39:35.531+0000] {processor.py:161} INFO - Started process (PID=241) to work on /opt/airflow/dags/main.py
[2026-05-15T12:39:35.533+0000] {processor.py:830} INFO - Processing file /opt/airflow/dags/main.py for tasks to queue
[2026-05-15T12:39:35.536+0000] {logging_mixin.py:188} INFO - [2026-05-15T12:39:35.535+0000] {dagbag.py:545} INFO - Filling up the DagBag from /opt/airflow/dags/main.py
[2026-05-15T12:39:35.670+0000] {logging_mixin.py:188} INFO - [2026-05-15T12:39:35.662+0000] {dagbag.py:355} ERROR - Failed to import: /opt/airflow/dags/main.py
Traceback (most recent call last):
  File "/home/airflow/.local/lib/python3.10/site-packages/airflow/models/dagbag.py", line 351, in parse
    loader.exec_module(new_module)
  File "<frozen importlib._bootstrap_external>", line 883, in exec_module
  File "<frozen importlib._bootstrap>", line 241, in _call_with_frames_removed
  File "/opt/airflow/dags/main.py", line 89, in <module>
    from dwh import staging_table, core_table
ModuleNotFoundError: No module named 'dwh'
[2026-05-15T12:39:35.672+0000] {processor.py:842} WARNING - No viable dags retrieved from /opt/airflow/dags/main.py
[2026-05-15T12:39:35.718+0000] {processor.py:183} INFO - Processing /opt/airflow/dags/main.py took 0.201 seconds
[2026-05-15T12:40:06.093+0000] {processor.py:161} INFO - Started process (PID=248) to work on /opt/airflow/dags/main.py
[2026-05-15T12:40:06.096+0000] {processor.py:830} INFO - Processing file /opt/airflow/dags/main.py for tasks to queue
[2026-05-15T12:40:06.098+0000] {logging_mixin.py:188} INFO - [2026-05-15T12:40:06.098+0000] {dagbag.py:545} INFO - Filling up the DagBag from /opt/airflow/dags/main.py
[2026-05-15T12:40:06.226+0000] {logging_mixin.py:188} INFO - [2026-05-15T12:40:06.217+0000] {dagbag.py:355} ERROR - Failed to import: /opt/airflow/dags/main.py
Traceback (most recent call last):
  File "/home/airflow/.local/lib/python3.10/site-packages/airflow/models/dagbag.py", line 351, in parse
    loader.exec_module(new_module)
  File "<frozen importlib._bootstrap_external>", line 883, in exec_module
  File "<frozen importlib._bootstrap>", line 241, in _call_with_frames_removed
  File "/opt/airflow/dags/main.py", line 89, in <module>
    from dwh import staging_table, core_table
ModuleNotFoundError: No module named 'dwh'
[2026-05-15T12:40:06.230+0000] {processor.py:842} WARNING - No viable dags retrieved from /opt/airflow/dags/main.py
[2026-05-15T12:40:06.614+0000] {processor.py:183} INFO - Processing /opt/airflow/dags/main.py took 0.534 seconds
[2026-05-15T12:40:37.073+0000] {processor.py:161} INFO - Started process (PID=255) to work on /opt/airflow/dags/main.py
[2026-05-15T12:40:37.075+0000] {processor.py:830} INFO - Processing file /opt/airflow/dags/main.py for tasks to queue
[2026-05-15T12:40:37.077+0000] {logging_mixin.py:188} INFO - [2026-05-15T12:40:37.077+0000] {dagbag.py:545} INFO - Filling up the DagBag from /opt/airflow/dags/main.py
[2026-05-15T12:40:37.221+0000] {logging_mixin.py:188} INFO - [2026-05-15T12:40:37.214+0000] {dagbag.py:355} ERROR - Failed to import: /opt/airflow/dags/main.py
Traceback (most recent call last):
  File "/home/airflow/.local/lib/python3.10/site-packages/airflow/models/dagbag.py", line 351, in parse
    loader.exec_module(new_module)
  File "<frozen importlib._bootstrap_external>", line 883, in exec_module
  File "<frozen importlib._bootstrap>", line 241, in _call_with_frames_removed
  File "/opt/airflow/dags/main.py", line 89, in <module>
    from dwh import staging_table, core_table
ModuleNotFoundError: No module named 'dwh'
[2026-05-15T12:40:37.224+0000] {processor.py:842} WARNING - No viable dags retrieved from /opt/airflow/dags/main.py
[2026-05-15T12:40:37.273+0000] {processor.py:183} INFO - Processing /opt/airflow/dags/main.py took 0.216 seconds
[2026-05-15T12:41:07.443+0000] {processor.py:161} INFO - Started process (PID=262) to work on /opt/airflow/dags/main.py
[2026-05-15T12:41:07.445+0000] {processor.py:830} INFO - Processing file /opt/airflow/dags/main.py for tasks to queue
[2026-05-15T12:41:07.447+0000] {logging_mixin.py:188} INFO - [2026-05-15T12:41:07.447+0000] {dagbag.py:545} INFO - Filling up the DagBag from /opt/airflow/dags/main.py
[2026-05-15T12:41:07.576+0000] {logging_mixin.py:188} INFO - [2026-05-15T12:41:07.566+0000] {dagbag.py:355} ERROR - Failed to import: /opt/airflow/dags/main.py
Traceback (most recent call last):
  File "/home/airflow/.local/lib/python3.10/site-packages/airflow/models/dagbag.py", line 351, in parse
    loader.exec_module(new_module)
  File "<frozen importlib._bootstrap_external>", line 883, in exec_module
  File "<frozen importlib._bootstrap>", line 241, in _call_with_frames_removed
  File "/opt/airflow/dags/main.py", line 89, in <module>
    from dwh import staging_table, core_table
ModuleNotFoundError: No module named 'dwh'
[2026-05-15T12:41:07.580+0000] {processor.py:842} WARNING - No viable dags retrieved from /opt/airflow/dags/main.py
[2026-05-15T12:41:07.621+0000] {processor.py:183} INFO - Processing /opt/airflow/dags/main.py took 0.191 seconds
[2026-05-15T12:41:38.066+0000] {processor.py:161} INFO - Started process (PID=269) to work on /opt/airflow/dags/main.py
[2026-05-15T12:41:38.069+0000] {processor.py:830} INFO - Processing file /opt/airflow/dags/main.py for tasks to queue
[2026-05-15T12:41:38.072+0000] {logging_mixin.py:188} INFO - [2026-05-15T12:41:38.071+0000] {dagbag.py:545} INFO - Filling up the DagBag from /opt/airflow/dags/main.py
[2026-05-15T12:41:38.218+0000] {logging_mixin.py:188} INFO - [2026-05-15T12:41:38.210+0000] {dagbag.py:355} ERROR - Failed to import: /opt/airflow/dags/main.py
Traceback (most recent call last):
  File "/home/airflow/.local/lib/python3.10/site-packages/airflow/models/dagbag.py", line 351, in parse
    loader.exec_module(new_module)
  File "<frozen importlib._bootstrap_external>", line 883, in exec_module
  File "<frozen importlib._bootstrap>", line 241, in _call_with_frames_removed
  File "/opt/airflow/dags/main.py", line 89, in <module>
    from dwh import staging_table, core_table
ModuleNotFoundError: No module named 'dwh'
[2026-05-15T12:41:38.222+0000] {processor.py:842} WARNING - No viable dags retrieved from /opt/airflow/dags/main.py
[2026-05-15T12:41:38.279+0000] {processor.py:183} INFO - Processing /opt/airflow/dags/main.py took 0.230 seconds
[2026-05-15T12:42:08.398+0000] {processor.py:161} INFO - Started process (PID=276) to work on /opt/airflow/dags/main.py
[2026-05-15T12:42:08.400+0000] {processor.py:830} INFO - Processing file /opt/airflow/dags/main.py for tasks to queue
[2026-05-15T12:42:08.403+0000] {logging_mixin.py:188} INFO - [2026-05-15T12:42:08.402+0000] {dagbag.py:545} INFO - Filling up the DagBag from /opt/airflow/dags/main.py
[2026-05-15T12:42:08.537+0000] {logging_mixin.py:188} INFO - [2026-05-15T12:42:08.529+0000] {dagbag.py:355} ERROR - Failed to import: /opt/airflow/dags/main.py
Traceback (most recent call last):
  File "/home/airflow/.local/lib/python3.10/site-packages/airflow/models/dagbag.py", line 351, in parse
    loader.exec_module(new_module)
  File "<frozen importlib._bootstrap_external>", line 883, in exec_module
  File "<frozen importlib._bootstrap>", line 241, in _call_with_frames_removed
  File "/opt/airflow/dags/main.py", line 89, in <module>
    from dwh import staging_table, core_table
ModuleNotFoundError: No module named 'dwh'
[2026-05-15T12:42:08.540+0000] {processor.py:842} WARNING - No viable dags retrieved from /opt/airflow/dags/main.py
[2026-05-15T12:42:08.615+0000] {processor.py:183} INFO - Processing /opt/airflow/dags/main.py took 0.231 seconds
[2026-05-15T12:42:39.286+0000] {processor.py:161} INFO - Started process (PID=283) to work on /opt/airflow/dags/main.py
[2026-05-15T12:42:39.289+0000] {processor.py:830} INFO - Processing file /opt/airflow/dags/main.py for tasks to queue
[2026-05-15T12:42:39.291+0000] {logging_mixin.py:188} INFO - [2026-05-15T12:42:39.291+0000] {dagbag.py:545} INFO - Filling up the DagBag from /opt/airflow/dags/main.py
[2026-05-15T12:42:39.431+0000] {logging_mixin.py:188} INFO - [2026-05-15T12:42:39.420+0000] {dagbag.py:355} ERROR - Failed to import: /opt/airflow/dags/main.py
Traceback (most recent call last):
  File "/home/airflow/.local/lib/python3.10/site-packages/airflow/models/dagbag.py", line 351, in parse
    loader.exec_module(new_module)
  File "<frozen importlib._bootstrap_external>", line 883, in exec_module
  File "<frozen importlib._bootstrap>", line 241, in _call_with_frames_removed
  File "/opt/airflow/dags/main.py", line 89, in <module>
    from dwh import staging_table, core_table
ModuleNotFoundError: No module named 'dwh'
[2026-05-15T12:42:39.434+0000] {processor.py:842} WARNING - No viable dags retrieved from /opt/airflow/dags/main.py
[2026-05-15T12:42:39.479+0000] {processor.py:183} INFO - Processing /opt/airflow/dags/main.py took 0.205 seconds
[2026-05-15T12:43:09.723+0000] {processor.py:161} INFO - Started process (PID=290) to work on /opt/airflow/dags/main.py
[2026-05-15T12:43:09.725+0000] {processor.py:830} INFO - Processing file /opt/airflow/dags/main.py for tasks to queue
[2026-05-15T12:43:09.728+0000] {logging_mixin.py:188} INFO - [2026-05-15T12:43:09.727+0000] {dagbag.py:545} INFO - Filling up the DagBag from /opt/airflow/dags/main.py
[2026-05-15T12:43:09.869+0000] {logging_mixin.py:188} INFO - [2026-05-15T12:43:09.859+0000] {dagbag.py:355} ERROR - Failed to import: /opt/airflow/dags/main.py
Traceback (most recent call last):
  File "/home/airflow/.local/lib/python3.10/site-packages/airflow/models/dagbag.py", line 351, in parse
    loader.exec_module(new_module)
  File "<frozen importlib._bootstrap_external>", line 883, in exec_module
  File "<frozen importlib._bootstrap>", line 241, in _call_with_frames_removed
  File "/opt/airflow/dags/main.py", line 89, in <module>
    from dwh import staging_table, core_table
ModuleNotFoundError: No module named 'dwh'
[2026-05-15T12:43:09.872+0000] {processor.py:842} WARNING - No viable dags retrieved from /opt/airflow/dags/main.py
[2026-05-15T12:43:09.915+0000] {processor.py:183} INFO - Processing /opt/airflow/dags/main.py took 0.212 seconds
[2026-05-15T12:43:40.308+0000] {processor.py:161} INFO - Started process (PID=297) to work on /opt/airflow/dags/main.py
[2026-05-15T12:43:40.311+0000] {processor.py:830} INFO - Processing file /opt/airflow/dags/main.py for tasks to queue
[2026-05-15T12:43:40.314+0000] {logging_mixin.py:188} INFO - [2026-05-15T12:43:40.313+0000] {dagbag.py:545} INFO - Filling up the DagBag from /opt/airflow/dags/main.py
[2026-05-15T12:43:40.452+0000] {logging_mixin.py:188} INFO - [2026-05-15T12:43:40.444+0000] {dagbag.py:355} ERROR - Failed to import: /opt/airflow/dags/main.py
Traceback (most recent call last):
  File "/home/airflow/.local/lib/python3.10/site-packages/airflow/models/dagbag.py", line 351, in parse
    loader.exec_module(new_module)
  File "<frozen importlib._bootstrap_external>", line 883, in exec_module
  File "<frozen importlib._bootstrap>", line 241, in _call_with_frames_removed
  File "/opt/airflow/dags/main.py", line 89, in <module>
    from dwh import staging_table, core_table
ModuleNotFoundError: No module named 'dwh'
[2026-05-15T12:43:40.455+0000] {processor.py:842} WARNING - No viable dags retrieved from /opt/airflow/dags/main.py
[2026-05-15T12:43:40.499+0000] {processor.py:183} INFO - Processing /opt/airflow/dags/main.py took 0.208 seconds
[2026-05-15T12:44:10.658+0000] {processor.py:161} INFO - Started process (PID=305) to work on /opt/airflow/dags/main.py
[2026-05-15T12:44:10.660+0000] {processor.py:830} INFO - Processing file /opt/airflow/dags/main.py for tasks to queue
[2026-05-15T12:44:10.662+0000] {logging_mixin.py:188} INFO - [2026-05-15T12:44:10.662+0000] {dagbag.py:545} INFO - Filling up the DagBag from /opt/airflow/dags/main.py
[2026-05-15T12:44:10.789+0000] {logging_mixin.py:188} INFO - [2026-05-15T12:44:10.779+0000] {dagbag.py:355} ERROR - Failed to import: /opt/airflow/dags/main.py
Traceback (most recent call last):
  File "/home/airflow/.local/lib/python3.10/site-packages/airflow/models/dagbag.py", line 351, in parse
    loader.exec_module(new_module)
  File "<frozen importlib._bootstrap_external>", line 883, in exec_module
  File "<frozen importlib._bootstrap>", line 241, in _call_with_frames_removed
  File "/opt/airflow/dags/main.py", line 89, in <module>
    from dwh import staging_table, core_table
ModuleNotFoundError: No module named 'dwh'
[2026-05-15T12:44:10.793+0000] {processor.py:842} WARNING - No viable dags retrieved from /opt/airflow/dags/main.py
[2026-05-15T12:44:10.834+0000] {processor.py:183} INFO - Processing /opt/airflow/dags/main.py took 0.189 seconds
[2026-05-15T12:44:40.927+0000] {processor.py:161} INFO - Started process (PID=312) to work on /opt/airflow/dags/main.py
[2026-05-15T12:44:40.929+0000] {processor.py:830} INFO - Processing file /opt/airflow/dags/main.py for tasks to queue
[2026-05-15T12:44:40.932+0000] {logging_mixin.py:188} INFO - [2026-05-15T12:44:40.931+0000] {dagbag.py:545} INFO - Filling up the DagBag from /opt/airflow/dags/main.py
[2026-05-15T12:44:41.057+0000] {logging_mixin.py:188} INFO - [2026-05-15T12:44:41.049+0000] {dagbag.py:355} ERROR - Failed to import: /opt/airflow/dags/main.py
Traceback (most recent call last):
  File "/home/airflow/.local/lib/python3.10/site-packages/airflow/models/dagbag.py", line 351, in parse
    loader.exec_module(new_module)
  File "<frozen importlib._bootstrap_external>", line 883, in exec_module
  File "<frozen importlib._bootstrap>", line 241, in _call_with_frames_removed
  File "/opt/airflow/dags/main.py", line 89, in <module>
    from dwh import staging_table, core_table
ModuleNotFoundError: No module named 'dwh'
[2026-05-15T12:44:41.059+0000] {processor.py:842} WARNING - No viable dags retrieved from /opt/airflow/dags/main.py
[2026-05-15T12:44:41.106+0000] {processor.py:183} INFO - Processing /opt/airflow/dags/main.py took 0.191 seconds
[2026-05-15T12:45:11.485+0000] {processor.py:161} INFO - Started process (PID=319) to work on /opt/airflow/dags/main.py
[2026-05-15T12:45:11.487+0000] {processor.py:830} INFO - Processing file /opt/airflow/dags/main.py for tasks to queue
[2026-05-15T12:45:11.489+0000] {logging_mixin.py:188} INFO - [2026-05-15T12:45:11.489+0000] {dagbag.py:545} INFO - Filling up the DagBag from /opt/airflow/dags/main.py
[2026-05-15T12:45:11.617+0000] {logging_mixin.py:188} INFO - [2026-05-15T12:45:11.610+0000] {dagbag.py:355} ERROR - Failed to import: /opt/airflow/dags/main.py
Traceback (most recent call last):
  File "/home/airflow/.local/lib/python3.10/site-packages/airflow/models/dagbag.py", line 351, in parse
    loader.exec_module(new_module)
  File "<frozen importlib._bootstrap_external>", line 883, in exec_module
  File "<frozen importlib._bootstrap>", line 241, in _call_with_frames_removed
  File "/opt/airflow/dags/main.py", line 89, in <module>
    from dwh import staging_table, core_table
ModuleNotFoundError: No module named 'dwh'
[2026-05-15T12:45:11.620+0000] {processor.py:842} WARNING - No viable dags retrieved from /opt/airflow/dags/main.py
[2026-05-15T12:45:11.661+0000] {processor.py:183} INFO - Processing /opt/airflow/dags/main.py took 0.190 seconds
[2026-05-15T12:45:41.767+0000] {processor.py:161} INFO - Started process (PID=326) to work on /opt/airflow/dags/main.py
[2026-05-15T12:45:41.770+0000] {processor.py:830} INFO - Processing file /opt/airflow/dags/main.py for tasks to queue
[2026-05-15T12:45:41.772+0000] {logging_mixin.py:188} INFO - [2026-05-15T12:45:41.771+0000] {dagbag.py:545} INFO - Filling up the DagBag from /opt/airflow/dags/main.py
[2026-05-15T12:45:41.919+0000] {logging_mixin.py:188} INFO - [2026-05-15T12:45:41.911+0000] {dagbag.py:355} ERROR - Failed to import: /opt/airflow/dags/main.py
Traceback (most recent call last):
  File "/home/airflow/.local/lib/python3.10/site-packages/airflow/models/dagbag.py", line 351, in parse
    loader.exec_module(new_module)
  File "<frozen importlib._bootstrap_external>", line 883, in exec_module
  File "<frozen importlib._bootstrap>", line 241, in _call_with_frames_removed
  File "/opt/airflow/dags/main.py", line 89, in <module>
    from dwh import staging_table, core_table
ModuleNotFoundError: No module named 'dwh'
[2026-05-15T12:45:41.921+0000] {processor.py:842} WARNING - No viable dags retrieved from /opt/airflow/dags/main.py
[2026-05-15T12:45:41.985+0000] {processor.py:183} INFO - Processing /opt/airflow/dags/main.py took 0.231 seconds
[2026-05-15T12:46:12.291+0000] {processor.py:161} INFO - Started process (PID=333) to work on /opt/airflow/dags/main.py
[2026-05-15T12:46:12.293+0000] {processor.py:830} INFO - Processing file /opt/airflow/dags/main.py for tasks to queue
[2026-05-15T12:46:12.296+0000] {logging_mixin.py:188} INFO - [2026-05-15T12:46:12.295+0000] {dagbag.py:545} INFO - Filling up the DagBag from /opt/airflow/dags/main.py
[2026-05-15T12:46:12.407+0000] {logging_mixin.py:188} INFO - [2026-05-15T12:46:12.398+0000] {dagbag.py:355} ERROR - Failed to import: /opt/airflow/dags/main.py
Traceback (most recent call last):
  File "/home/airflow/.local/lib/python3.10/site-packages/airflow/models/dagbag.py", line 351, in parse
    loader.exec_module(new_module)
  File "<frozen importlib._bootstrap_external>", line 883, in exec_module
  File "<frozen importlib._bootstrap>", line 241, in _call_with_frames_removed
  File "/opt/airflow/dags/main.py", line 89, in <module>
    from dwh import staging_table, core_table
ModuleNotFoundError: No module named 'dwh'
[2026-05-15T12:46:12.410+0000] {processor.py:842} WARNING - No viable dags retrieved from /opt/airflow/dags/main.py
[2026-05-15T12:46:12.447+0000] {processor.py:183} INFO - Processing /opt/airflow/dags/main.py took 0.171 seconds
[2026-05-15T12:46:42.628+0000] {processor.py:161} INFO - Started process (PID=340) to work on /opt/airflow/dags/main.py
[2026-05-15T12:46:42.630+0000] {processor.py:830} INFO - Processing file /opt/airflow/dags/main.py for tasks to queue
[2026-05-15T12:46:42.633+0000] {logging_mixin.py:188} INFO - [2026-05-15T12:46:42.632+0000] {dagbag.py:545} INFO - Filling up the DagBag from /opt/airflow/dags/main.py
[2026-05-15T12:46:42.742+0000] {logging_mixin.py:188} INFO - [2026-05-15T12:46:42.735+0000] {dagbag.py:355} ERROR - Failed to import: /opt/airflow/dags/main.py
Traceback (most recent call last):
  File "/home/airflow/.local/lib/python3.10/site-packages/airflow/models/dagbag.py", line 351, in parse
    loader.exec_module(new_module)
  File "<frozen importlib._bootstrap_external>", line 883, in exec_module
  File "<frozen importlib._bootstrap>", line 241, in _call_with_frames_removed
  File "/opt/airflow/dags/main.py", line 89, in <module>
    from dwh import staging_table, core_table
ModuleNotFoundError: No module named 'dwh'
[2026-05-15T12:46:42.745+0000] {processor.py:842} WARNING - No viable dags retrieved from /opt/airflow/dags/main.py
[2026-05-15T12:46:42.784+0000] {processor.py:183} INFO - Processing /opt/airflow/dags/main.py took 0.169 seconds
[2026-05-15T12:47:12.992+0000] {processor.py:161} INFO - Started process (PID=348) to work on /opt/airflow/dags/main.py
[2026-05-15T12:47:12.998+0000] {processor.py:830} INFO - Processing file /opt/airflow/dags/main.py for tasks to queue
[2026-05-15T12:47:13.000+0000] {logging_mixin.py:188} INFO - [2026-05-15T12:47:12.999+0000] {dagbag.py:545} INFO - Filling up the DagBag from /opt/airflow/dags/main.py
[2026-05-15T12:47:13.260+0000] {logging_mixin.py:188} INFO - [2026-05-15T12:47:13.246+0000] {dagbag.py:355} ERROR - Failed to import: /opt/airflow/dags/main.py
Traceback (most recent call last):
  File "/home/airflow/.local/lib/python3.10/site-packages/airflow/models/dagbag.py", line 351, in parse
    loader.exec_module(new_module)
  File "<frozen importlib._bootstrap_external>", line 883, in exec_module
  File "<frozen importlib._bootstrap>", line 241, in _call_with_frames_removed
  File "/opt/airflow/dags/main.py", line 89, in <module>
    from dwh import staging_table, core_table
ModuleNotFoundError: No module named 'dwh'
[2026-05-15T12:47:13.271+0000] {processor.py:842} WARNING - No viable dags retrieved from /opt/airflow/dags/main.py
[2026-05-15T12:47:13.341+0000] {processor.py:183} INFO - Processing /opt/airflow/dags/main.py took 0.371 seconds
[2026-05-15T12:47:43.561+0000] {processor.py:161} INFO - Started process (PID=355) to work on /opt/airflow/dags/main.py
[2026-05-15T12:47:43.563+0000] {processor.py:830} INFO - Processing file /opt/airflow/dags/main.py for tasks to queue
[2026-05-15T12:47:43.565+0000] {logging_mixin.py:188} INFO - [2026-05-15T12:47:43.565+0000] {dagbag.py:545} INFO - Filling up the DagBag from /opt/airflow/dags/main.py
[2026-05-15T12:47:43.664+0000] {logging_mixin.py:188} INFO - [2026-05-15T12:47:43.658+0000] {dagbag.py:355} ERROR - Failed to import: /opt/airflow/dags/main.py
Traceback (most recent call last):
  File "/home/airflow/.local/lib/python3.10/site-packages/airflow/models/dagbag.py", line 351, in parse
    loader.exec_module(new_module)
  File "<frozen importlib._bootstrap_external>", line 883, in exec_module
  File "<frozen importlib._bootstrap>", line 241, in _call_with_frames_removed
  File "/opt/airflow/dags/main.py", line 89, in <module>
    from dwh import staging_table, core_table
ModuleNotFoundError: No module named 'dwh'
[2026-05-15T12:47:43.666+0000] {processor.py:842} WARNING - No viable dags retrieved from /opt/airflow/dags/main.py
[2026-05-15T12:47:43.707+0000] {processor.py:183} INFO - Processing /opt/airflow/dags/main.py took 0.162 seconds
[2026-05-15T12:48:13.872+0000] {processor.py:161} INFO - Started process (PID=362) to work on /opt/airflow/dags/main.py
[2026-05-15T12:48:13.875+0000] {processor.py:830} INFO - Processing file /opt/airflow/dags/main.py for tasks to queue
[2026-05-15T12:48:13.877+0000] {logging_mixin.py:188} INFO - [2026-05-15T12:48:13.876+0000] {dagbag.py:545} INFO - Filling up the DagBag from /opt/airflow/dags/main.py
[2026-05-15T12:48:13.966+0000] {logging_mixin.py:188} INFO - [2026-05-15T12:48:13.961+0000] {dagbag.py:355} ERROR - Failed to import: /opt/airflow/dags/main.py
Traceback (most recent call last):
  File "/home/airflow/.local/lib/python3.10/site-packages/airflow/models/dagbag.py", line 351, in parse
    loader.exec_module(new_module)
  File "<frozen importlib._bootstrap_external>", line 883, in exec_module
  File "<frozen importlib._bootstrap>", line 241, in _call_with_frames_removed
  File "/opt/airflow/dags/main.py", line 89, in <module>
    from dwh import staging_table, core_table
ModuleNotFoundError: No module named 'dwh'
[2026-05-15T12:48:13.968+0000] {processor.py:842} WARNING - No viable dags retrieved from /opt/airflow/dags/main.py
[2026-05-15T12:48:14.006+0000] {processor.py:183} INFO - Processing /opt/airflow/dags/main.py took 0.147 seconds
[2026-05-15T12:48:44.371+0000] {processor.py:161} INFO - Started process (PID=369) to work on /opt/airflow/dags/main.py
[2026-05-15T12:48:44.373+0000] {processor.py:830} INFO - Processing file /opt/airflow/dags/main.py for tasks to queue
[2026-05-15T12:48:44.375+0000] {logging_mixin.py:188} INFO - [2026-05-15T12:48:44.374+0000] {dagbag.py:545} INFO - Filling up the DagBag from /opt/airflow/dags/main.py
[2026-05-15T12:48:44.502+0000] {logging_mixin.py:188} INFO - [2026-05-15T12:48:44.495+0000] {dagbag.py:355} ERROR - Failed to import: /opt/airflow/dags/main.py
Traceback (most recent call last):
  File "/home/airflow/.local/lib/python3.10/site-packages/airflow/models/dagbag.py", line 351, in parse
    loader.exec_module(new_module)
  File "<frozen importlib._bootstrap_external>", line 883, in exec_module
  File "<frozen importlib._bootstrap>", line 241, in _call_with_frames_removed
  File "/opt/airflow/dags/main.py", line 89, in <module>
    from dwh import staging_table, core_table
ModuleNotFoundError: No module named 'dwh'
[2026-05-15T12:48:44.505+0000] {processor.py:842} WARNING - No viable dags retrieved from /opt/airflow/dags/main.py
[2026-05-15T12:48:44.611+0000] {processor.py:183} INFO - Processing /opt/airflow/dags/main.py took 0.258 seconds
[2026-05-15T12:49:14.935+0000] {processor.py:161} INFO - Started process (PID=376) to work on /opt/airflow/dags/main.py
[2026-05-15T12:49:14.938+0000] {processor.py:830} INFO - Processing file /opt/airflow/dags/main.py for tasks to queue
[2026-05-15T12:49:14.941+0000] {logging_mixin.py:188} INFO - [2026-05-15T12:49:14.940+0000] {dagbag.py:545} INFO - Filling up the DagBag from /opt/airflow/dags/main.py
[2026-05-15T12:49:15.131+0000] {logging_mixin.py:188} INFO - [2026-05-15T12:49:15.122+0000] {dagbag.py:355} ERROR - Failed to import: /opt/airflow/dags/main.py
Traceback (most recent call last):
  File "/home/airflow/.local/lib/python3.10/site-packages/airflow/models/dagbag.py", line 351, in parse
    loader.exec_module(new_module)
  File "<frozen importlib._bootstrap_external>", line 883, in exec_module
  File "<frozen importlib._bootstrap>", line 241, in _call_with_frames_removed
  File "/opt/airflow/dags/main.py", line 89, in <module>
    from dwh import staging_table, core_table
ModuleNotFoundError: No module named 'dwh'
[2026-05-15T12:49:15.135+0000] {processor.py:842} WARNING - No viable dags retrieved from /opt/airflow/dags/main.py
[2026-05-15T12:49:15.179+0000] {processor.py:183} INFO - Processing /opt/airflow/dags/main.py took 0.263 seconds
[2026-05-15T12:49:45.613+0000] {processor.py:161} INFO - Started process (PID=383) to work on /opt/airflow/dags/main.py
[2026-05-15T12:49:45.617+0000] {processor.py:830} INFO - Processing file /opt/airflow/dags/main.py for tasks to queue
[2026-05-15T12:49:45.619+0000] {logging_mixin.py:188} INFO - [2026-05-15T12:49:45.618+0000] {dagbag.py:545} INFO - Filling up the DagBag from /opt/airflow/dags/main.py
[2026-05-15T12:49:45.817+0000] {logging_mixin.py:188} INFO - [2026-05-15T12:49:45.807+0000] {dagbag.py:355} ERROR - Failed to import: /opt/airflow/dags/main.py
Traceback (most recent call last):
  File "/home/airflow/.local/lib/python3.10/site-packages/airflow/models/dagbag.py", line 351, in parse
    loader.exec_module(new_module)
  File "<frozen importlib._bootstrap_external>", line 883, in exec_module
  File "<frozen importlib._bootstrap>", line 241, in _call_with_frames_removed
  File "/opt/airflow/dags/main.py", line 89, in <module>
    from dwh import staging_table, core_table
ModuleNotFoundError: No module named 'dwh'
[2026-05-15T12:49:45.820+0000] {processor.py:842} WARNING - No viable dags retrieved from /opt/airflow/dags/main.py
[2026-05-15T12:49:45.868+0000] {processor.py:183} INFO - Processing /opt/airflow/dags/main.py took 0.275 seconds
[2026-05-15T12:50:16.060+0000] {processor.py:161} INFO - Started process (PID=390) to work on /opt/airflow/dags/main.py
[2026-05-15T12:50:16.063+0000] {processor.py:830} INFO - Processing file /opt/airflow/dags/main.py for tasks to queue
[2026-05-15T12:50:16.066+0000] {logging_mixin.py:188} INFO - [2026-05-15T12:50:16.065+0000] {dagbag.py:545} INFO - Filling up the DagBag from /opt/airflow/dags/main.py
[2026-05-15T12:50:16.246+0000] {logging_mixin.py:188} INFO - [2026-05-15T12:50:16.237+0000] {dagbag.py:355} ERROR - Failed to import: /opt/airflow/dags/main.py
Traceback (most recent call last):
  File "/home/airflow/.local/lib/python3.10/site-packages/airflow/models/dagbag.py", line 351, in parse
    loader.exec_module(new_module)
  File "<frozen importlib._bootstrap_external>", line 883, in exec_module
  File "<frozen importlib._bootstrap>", line 241, in _call_with_frames_removed
  File "/opt/airflow/dags/main.py", line 89, in <module>
    from dwh import staging_table, core_table
ModuleNotFoundError: No module named 'dwh'
[2026-05-15T12:50:16.249+0000] {processor.py:842} WARNING - No viable dags retrieved from /opt/airflow/dags/main.py
[2026-05-15T12:50:16.306+0000] {processor.py:183} INFO - Processing /opt/airflow/dags/main.py took 0.266 seconds
[2026-05-15T12:50:46.786+0000] {processor.py:161} INFO - Started process (PID=397) to work on /opt/airflow/dags/main.py
[2026-05-15T12:50:46.789+0000] {processor.py:830} INFO - Processing file /opt/airflow/dags/main.py for tasks to queue
[2026-05-15T12:50:46.792+0000] {logging_mixin.py:188} INFO - [2026-05-15T12:50:46.791+0000] {dagbag.py:545} INFO - Filling up the DagBag from /opt/airflow/dags/main.py
[2026-05-15T12:50:46.962+0000] {logging_mixin.py:188} INFO - [2026-05-15T12:50:46.948+0000] {dagbag.py:355} ERROR - Failed to import: /opt/airflow/dags/main.py
Traceback (most recent call last):
  File "/home/airflow/.local/lib/python3.10/site-packages/airflow/models/dagbag.py", line 351, in parse
    loader.exec_module(new_module)
  File "<frozen importlib._bootstrap_external>", line 883, in exec_module
  File "<frozen importlib._bootstrap>", line 241, in _call_with_frames_removed
  File "/opt/airflow/dags/main.py", line 89, in <module>
    from dwh import staging_table, core_table
ModuleNotFoundError: No module named 'dwh'
[2026-05-15T12:50:46.965+0000] {processor.py:842} WARNING - No viable dags retrieved from /opt/airflow/dags/main.py
[2026-05-15T12:50:47.013+0000] {processor.py:183} INFO - Processing /opt/airflow/dags/main.py took 0.240 seconds
[2026-05-15T12:51:17.107+0000] {processor.py:161} INFO - Started process (PID=404) to work on /opt/airflow/dags/main.py
[2026-05-15T12:51:17.110+0000] {processor.py:830} INFO - Processing file /opt/airflow/dags/main.py for tasks to queue
[2026-05-15T12:51:17.112+0000] {logging_mixin.py:188} INFO - [2026-05-15T12:51:17.111+0000] {dagbag.py:545} INFO - Filling up the DagBag from /opt/airflow/dags/main.py
[2026-05-15T12:51:17.239+0000] {logging_mixin.py:188} INFO - [2026-05-15T12:51:17.228+0000] {dagbag.py:355} ERROR - Failed to import: /opt/airflow/dags/main.py
Traceback (most recent call last):
  File "/home/airflow/.local/lib/python3.10/site-packages/airflow/models/dagbag.py", line 351, in parse
    loader.exec_module(new_module)
  File "<frozen importlib._bootstrap_external>", line 883, in exec_module
  File "<frozen importlib._bootstrap>", line 241, in _call_with_frames_removed
  File "/opt/airflow/dags/main.py", line 89, in <module>
    from dwh import staging_table, core_table
ModuleNotFoundError: No module named 'dwh'
[2026-05-15T12:51:17.242+0000] {processor.py:842} WARNING - No viable dags retrieved from /opt/airflow/dags/main.py
[2026-05-15T12:51:17.288+0000] {processor.py:183} INFO - Processing /opt/airflow/dags/main.py took 0.193 seconds
[2026-05-15T12:51:47.409+0000] {processor.py:161} INFO - Started process (PID=411) to work on /opt/airflow/dags/main.py
[2026-05-15T12:51:47.412+0000] {processor.py:830} INFO - Processing file /opt/airflow/dags/main.py for tasks to queue
[2026-05-15T12:51:47.414+0000] {logging_mixin.py:188} INFO - [2026-05-15T12:51:47.413+0000] {dagbag.py:545} INFO - Filling up the DagBag from /opt/airflow/dags/main.py
[2026-05-15T12:51:47.544+0000] {logging_mixin.py:188} INFO - [2026-05-15T12:51:47.535+0000] {dagbag.py:355} ERROR - Failed to import: /opt/airflow/dags/main.py
Traceback (most recent call last):
  File "/home/airflow/.local/lib/python3.10/site-packages/airflow/models/dagbag.py", line 351, in parse
    loader.exec_module(new_module)
  File "<frozen importlib._bootstrap_external>", line 883, in exec_module
  File "<frozen importlib._bootstrap>", line 241, in _call_with_frames_removed
  File "/opt/airflow/dags/main.py", line 89, in <module>
    from dwh import staging_table, core_table
ModuleNotFoundError: No module named 'dwh'
[2026-05-15T12:51:47.548+0000] {processor.py:842} WARNING - No viable dags retrieved from /opt/airflow/dags/main.py
[2026-05-15T12:51:47.589+0000] {processor.py:183} INFO - Processing /opt/airflow/dags/main.py took 0.193 seconds
[2026-05-15T12:52:17.728+0000] {processor.py:161} INFO - Started process (PID=418) to work on /opt/airflow/dags/main.py
[2026-05-15T12:52:17.731+0000] {processor.py:830} INFO - Processing file /opt/airflow/dags/main.py for tasks to queue
[2026-05-15T12:52:17.734+0000] {logging_mixin.py:188} INFO - [2026-05-15T12:52:17.733+0000] {dagbag.py:545} INFO - Filling up the DagBag from /opt/airflow/dags/main.py
[2026-05-15T12:52:17.889+0000] {logging_mixin.py:188} INFO - [2026-05-15T12:52:17.878+0000] {dagbag.py:355} ERROR - Failed to import: /opt/airflow/dags/main.py
Traceback (most recent call last):
  File "/home/airflow/.local/lib/python3.10/site-packages/airflow/models/dagbag.py", line 351, in parse
    loader.exec_module(new_module)
  File "<frozen importlib._bootstrap_external>", line 883, in exec_module
  File "<frozen importlib._bootstrap>", line 241, in _call_with_frames_removed
  File "/opt/airflow/dags/main.py", line 89, in <module>
    from dwh import staging_table, core_table
ModuleNotFoundError: No module named 'dwh'
[2026-05-15T12:52:17.894+0000] {processor.py:842} WARNING - No viable dags retrieved from /opt/airflow/dags/main.py
[2026-05-15T12:52:17.931+0000] {processor.py:183} INFO - Processing /opt/airflow/dags/main.py took 0.218 seconds
[2026-05-15T12:52:48.427+0000] {processor.py:161} INFO - Started process (PID=425) to work on /opt/airflow/dags/main.py
[2026-05-15T12:52:48.429+0000] {processor.py:830} INFO - Processing file /opt/airflow/dags/main.py for tasks to queue
[2026-05-15T12:52:48.431+0000] {logging_mixin.py:188} INFO - [2026-05-15T12:52:48.431+0000] {dagbag.py:545} INFO - Filling up the DagBag from /opt/airflow/dags/main.py
[2026-05-15T12:52:48.559+0000] {logging_mixin.py:188} INFO - [2026-05-15T12:52:48.552+0000] {dagbag.py:355} ERROR - Failed to import: /opt/airflow/dags/main.py
Traceback (most recent call last):
  File "/home/airflow/.local/lib/python3.10/site-packages/airflow/models/dagbag.py", line 351, in parse
    loader.exec_module(new_module)
  File "<frozen importlib._bootstrap_external>", line 883, in exec_module
  File "<frozen importlib._bootstrap>", line 241, in _call_with_frames_removed
  File "/opt/airflow/dags/main.py", line 89, in <module>
    from dwh import staging_table, core_table
ModuleNotFoundError: No module named 'dwh'
[2026-05-15T12:52:48.561+0000] {processor.py:842} WARNING - No viable dags retrieved from /opt/airflow/dags/main.py
[2026-05-15T12:52:48.611+0000] {processor.py:183} INFO - Processing /opt/airflow/dags/main.py took 0.197 seconds
[2026-05-15T12:53:18.761+0000] {processor.py:161} INFO - Started process (PID=432) to work on /opt/airflow/dags/main.py
[2026-05-15T12:53:18.764+0000] {processor.py:830} INFO - Processing file /opt/airflow/dags/main.py for tasks to queue
[2026-05-15T12:53:18.767+0000] {logging_mixin.py:188} INFO - [2026-05-15T12:53:18.766+0000] {dagbag.py:545} INFO - Filling up the DagBag from /opt/airflow/dags/main.py
[2026-05-15T12:53:18.906+0000] {logging_mixin.py:188} INFO - [2026-05-15T12:53:18.898+0000] {dagbag.py:355} ERROR - Failed to import: /opt/airflow/dags/main.py
Traceback (most recent call last):
  File "/home/airflow/.local/lib/python3.10/site-packages/airflow/models/dagbag.py", line 351, in parse
    loader.exec_module(new_module)
  File "<frozen importlib._bootstrap_external>", line 883, in exec_module
  File "<frozen importlib._bootstrap>", line 241, in _call_with_frames_removed
  File "/opt/airflow/dags/main.py", line 89, in <module>
    from dwh import staging_table, core_table
ModuleNotFoundError: No module named 'dwh'
[2026-05-15T12:53:18.909+0000] {processor.py:842} WARNING - No viable dags retrieved from /opt/airflow/dags/main.py
[2026-05-15T12:53:18.953+0000] {processor.py:183} INFO - Processing /opt/airflow/dags/main.py took 0.206 seconds
[2026-05-15T12:53:49.311+0000] {processor.py:161} INFO - Started process (PID=439) to work on /opt/airflow/dags/main.py
[2026-05-15T12:53:49.313+0000] {processor.py:830} INFO - Processing file /opt/airflow/dags/main.py for tasks to queue
[2026-05-15T12:53:49.316+0000] {logging_mixin.py:188} INFO - [2026-05-15T12:53:49.315+0000] {dagbag.py:545} INFO - Filling up the DagBag from /opt/airflow/dags/main.py
[2026-05-15T12:53:49.475+0000] {logging_mixin.py:188} INFO - [2026-05-15T12:53:49.468+0000] {dagbag.py:355} ERROR - Failed to import: /opt/airflow/dags/main.py
Traceback (most recent call last):
  File "/home/airflow/.local/lib/python3.10/site-packages/airflow/models/dagbag.py", line 351, in parse
    loader.exec_module(new_module)
  File "<frozen importlib._bootstrap_external>", line 883, in exec_module
  File "<frozen importlib._bootstrap>", line 241, in _call_with_frames_removed
  File "/opt/airflow/dags/main.py", line 89, in <module>
    from dwh import staging_table, core_table
ModuleNotFoundError: No module named 'dwh'
[2026-05-15T12:53:49.478+0000] {processor.py:842} WARNING - No viable dags retrieved from /opt/airflow/dags/main.py
[2026-05-15T12:53:49.528+0000] {processor.py:183} INFO - Processing /opt/airflow/dags/main.py took 0.244 seconds
[2026-05-15T12:54:19.633+0000] {processor.py:161} INFO - Started process (PID=446) to work on /opt/airflow/dags/main.py
[2026-05-15T12:54:19.639+0000] {processor.py:830} INFO - Processing file /opt/airflow/dags/main.py for tasks to queue
[2026-05-15T12:54:19.643+0000] {logging_mixin.py:188} INFO - [2026-05-15T12:54:19.641+0000] {dagbag.py:545} INFO - Filling up the DagBag from /opt/airflow/dags/main.py
[2026-05-15T12:54:19.764+0000] {logging_mixin.py:188} INFO - [2026-05-15T12:54:19.757+0000] {dagbag.py:355} ERROR - Failed to import: /opt/airflow/dags/main.py
Traceback (most recent call last):
  File "/home/airflow/.local/lib/python3.10/site-packages/airflow/models/dagbag.py", line 351, in parse
    loader.exec_module(new_module)
  File "<frozen importlib._bootstrap_external>", line 883, in exec_module
  File "<frozen importlib._bootstrap>", line 241, in _call_with_frames_removed
  File "/opt/airflow/dags/main.py", line 89, in <module>
    from dwh import staging_table, core_table
ModuleNotFoundError: No module named 'dwh'
[2026-05-15T12:54:19.766+0000] {processor.py:842} WARNING - No viable dags retrieved from /opt/airflow/dags/main.py
[2026-05-15T12:54:19.806+0000] {processor.py:183} INFO - Processing /opt/airflow/dags/main.py took 0.201 seconds
[2026-05-15T12:54:50.209+0000] {processor.py:161} INFO - Started process (PID=453) to work on /opt/airflow/dags/main.py
[2026-05-15T12:54:50.212+0000] {processor.py:830} INFO - Processing file /opt/airflow/dags/main.py for tasks to queue
[2026-05-15T12:54:50.217+0000] {logging_mixin.py:188} INFO - [2026-05-15T12:54:50.215+0000] {dagbag.py:545} INFO - Filling up the DagBag from /opt/airflow/dags/main.py
[2026-05-15T12:54:50.338+0000] {logging_mixin.py:188} INFO - [2026-05-15T12:54:50.330+0000] {dagbag.py:355} ERROR - Failed to import: /opt/airflow/dags/main.py
Traceback (most recent call last):
  File "/home/airflow/.local/lib/python3.10/site-packages/airflow/models/dagbag.py", line 351, in parse
    loader.exec_module(new_module)
  File "<frozen importlib._bootstrap_external>", line 883, in exec_module
  File "<frozen importlib._bootstrap>", line 241, in _call_with_frames_removed
  File "/opt/airflow/dags/main.py", line 89, in <module>
    from dwh import staging_table, core_table
ModuleNotFoundError: No module named 'dwh'
[2026-05-15T12:54:50.341+0000] {processor.py:842} WARNING - No viable dags retrieved from /opt/airflow/dags/main.py
[2026-05-15T12:54:50.377+0000] {processor.py:183} INFO - Processing /opt/airflow/dags/main.py took 0.190 seconds
[2026-05-15T12:55:20.546+0000] {processor.py:161} INFO - Started process (PID=460) to work on /opt/airflow/dags/main.py
[2026-05-15T12:55:20.548+0000] {processor.py:830} INFO - Processing file /opt/airflow/dags/main.py for tasks to queue
[2026-05-15T12:55:20.550+0000] {logging_mixin.py:188} INFO - [2026-05-15T12:55:20.550+0000] {dagbag.py:545} INFO - Filling up the DagBag from /opt/airflow/dags/main.py
[2026-05-15T12:55:20.678+0000] {logging_mixin.py:188} INFO - [2026-05-15T12:55:20.667+0000] {dagbag.py:355} ERROR - Failed to import: /opt/airflow/dags/main.py
Traceback (most recent call last):
  File "/home/airflow/.local/lib/python3.10/site-packages/airflow/models/dagbag.py", line 351, in parse
    loader.exec_module(new_module)
  File "<frozen importlib._bootstrap_external>", line 883, in exec_module
  File "<frozen importlib._bootstrap>", line 241, in _call_with_frames_removed
  File "/opt/airflow/dags/main.py", line 89, in <module>
    from dwh import staging_table, core_table
ModuleNotFoundError: No module named 'dwh'
[2026-05-15T12:55:20.682+0000] {processor.py:842} WARNING - No viable dags retrieved from /opt/airflow/dags/main.py
[2026-05-15T12:55:20.726+0000] {processor.py:183} INFO - Processing /opt/airflow/dags/main.py took 0.193 seconds
[2026-05-15T12:55:51.036+0000] {processor.py:161} INFO - Started process (PID=467) to work on /opt/airflow/dags/main.py
[2026-05-15T12:55:51.041+0000] {processor.py:830} INFO - Processing file /opt/airflow/dags/main.py for tasks to queue
[2026-05-15T12:55:51.045+0000] {logging_mixin.py:188} INFO - [2026-05-15T12:55:51.044+0000] {dagbag.py:545} INFO - Filling up the DagBag from /opt/airflow/dags/main.py
[2026-05-15T12:55:51.196+0000] {logging_mixin.py:188} INFO - [2026-05-15T12:55:51.186+0000] {dagbag.py:355} ERROR - Failed to import: /opt/airflow/dags/main.py
Traceback (most recent call last):
  File "/home/airflow/.local/lib/python3.10/site-packages/airflow/models/dagbag.py", line 351, in parse
    loader.exec_module(new_module)
  File "<frozen importlib._bootstrap_external>", line 883, in exec_module
  File "<frozen importlib._bootstrap>", line 241, in _call_with_frames_removed
  File "/opt/airflow/dags/main.py", line 89, in <module>
    from dwh import staging_table, core_table
ModuleNotFoundError: No module named 'dwh'
[2026-05-15T12:55:51.199+0000] {processor.py:842} WARNING - No viable dags retrieved from /opt/airflow/dags/main.py
[2026-05-15T12:55:51.233+0000] {processor.py:183} INFO - Processing /opt/airflow/dags/main.py took 0.213 seconds
[2026-05-15T12:56:21.573+0000] {processor.py:161} INFO - Started process (PID=475) to work on /opt/airflow/dags/main.py
[2026-05-15T12:56:21.578+0000] {processor.py:830} INFO - Processing file /opt/airflow/dags/main.py for tasks to queue
[2026-05-15T12:56:21.583+0000] {logging_mixin.py:188} INFO - [2026-05-15T12:56:21.582+0000] {dagbag.py:545} INFO - Filling up the DagBag from /opt/airflow/dags/main.py
[2026-05-15T12:56:21.736+0000] {logging_mixin.py:188} INFO - [2026-05-15T12:56:21.725+0000] {dagbag.py:355} ERROR - Failed to import: /opt/airflow/dags/main.py
Traceback (most recent call last):
  File "/home/airflow/.local/lib/python3.10/site-packages/airflow/models/dagbag.py", line 351, in parse
    loader.exec_module(new_module)
  File "<frozen importlib._bootstrap_external>", line 883, in exec_module
  File "<frozen importlib._bootstrap>", line 241, in _call_with_frames_removed
  File "/opt/airflow/dags/main.py", line 89, in <module>
    from dwh import staging_table, core_table
ModuleNotFoundError: No module named 'dwh'
[2026-05-15T12:56:21.739+0000] {processor.py:842} WARNING - No viable dags retrieved from /opt/airflow/dags/main.py
[2026-05-15T12:56:21.802+0000] {processor.py:183} INFO - Processing /opt/airflow/dags/main.py took 0.259 seconds
[2026-05-15T12:56:52.159+0000] {processor.py:161} INFO - Started process (PID=482) to work on /opt/airflow/dags/main.py
[2026-05-15T12:56:52.162+0000] {processor.py:830} INFO - Processing file /opt/airflow/dags/main.py for tasks to queue
[2026-05-15T12:56:52.165+0000] {logging_mixin.py:188} INFO - [2026-05-15T12:56:52.164+0000] {dagbag.py:545} INFO - Filling up the DagBag from /opt/airflow/dags/main.py
[2026-05-15T12:56:52.285+0000] {logging_mixin.py:188} INFO - [2026-05-15T12:56:52.275+0000] {dagbag.py:355} ERROR - Failed to import: /opt/airflow/dags/main.py
Traceback (most recent call last):
  File "/home/airflow/.local/lib/python3.10/site-packages/airflow/models/dagbag.py", line 351, in parse
    loader.exec_module(new_module)
  File "<frozen importlib._bootstrap_external>", line 883, in exec_module
  File "<frozen importlib._bootstrap>", line 241, in _call_with_frames_removed
  File "/opt/airflow/dags/main.py", line 89, in <module>
    from dwh import staging_table, core_table
ModuleNotFoundError: No module named 'dwh'
[2026-05-15T12:56:52.288+0000] {processor.py:842} WARNING - No viable dags retrieved from /opt/airflow/dags/main.py
[2026-05-15T12:56:52.332+0000] {processor.py:183} INFO - Processing /opt/airflow/dags/main.py took 0.187 seconds
[2026-05-15T12:57:22.976+0000] {processor.py:161} INFO - Started process (PID=489) to work on /opt/airflow/dags/main.py
[2026-05-15T12:57:22.980+0000] {processor.py:830} INFO - Processing file /opt/airflow/dags/main.py for tasks to queue
[2026-05-15T12:57:22.987+0000] {logging_mixin.py:188} INFO - [2026-05-15T12:57:22.984+0000] {dagbag.py:545} INFO - Filling up the DagBag from /opt/airflow/dags/main.py
[2026-05-15T12:57:23.166+0000] {logging_mixin.py:188} INFO - [2026-05-15T12:57:23.158+0000] {dagbag.py:355} ERROR - Failed to import: /opt/airflow/dags/main.py
Traceback (most recent call last):
  File "/home/airflow/.local/lib/python3.10/site-packages/airflow/models/dagbag.py", line 351, in parse
    loader.exec_module(new_module)
  File "<frozen importlib._bootstrap_external>", line 883, in exec_module
  File "<frozen importlib._bootstrap>", line 241, in _call_with_frames_removed
  File "/opt/airflow/dags/main.py", line 89, in <module>
    from dwh import staging_table, core_table
ModuleNotFoundError: No module named 'dwh'
[2026-05-15T12:57:23.169+0000] {processor.py:842} WARNING - No viable dags retrieved from /opt/airflow/dags/main.py
[2026-05-15T12:57:23.213+0000] {processor.py:183} INFO - Processing /opt/airflow/dags/main.py took 0.284 seconds
[2026-05-15T12:57:53.570+0000] {processor.py:161} INFO - Started process (PID=496) to work on /opt/airflow/dags/main.py
[2026-05-15T12:57:53.573+0000] {processor.py:830} INFO - Processing file /opt/airflow/dags/main.py for tasks to queue
[2026-05-15T12:57:53.575+0000] {logging_mixin.py:188} INFO - [2026-05-15T12:57:53.575+0000] {dagbag.py:545} INFO - Filling up the DagBag from /opt/airflow/dags/main.py
[2026-05-15T12:57:53.879+0000] {logging_mixin.py:188} INFO - [2026-05-15T12:57:53.862+0000] {dagbag.py:355} ERROR - Failed to import: /opt/airflow/dags/main.py
Traceback (most recent call last):
  File "/home/airflow/.local/lib/python3.10/site-packages/airflow/models/dagbag.py", line 351, in parse
    loader.exec_module(new_module)
  File "<frozen importlib._bootstrap_external>", line 883, in exec_module
  File "<frozen importlib._bootstrap>", line 241, in _call_with_frames_removed
  File "/opt/airflow/dags/main.py", line 89, in <module>
    from dwh import staging_table, core_table
ModuleNotFoundError: No module named 'dwh'
[2026-05-15T12:57:53.883+0000] {processor.py:842} WARNING - No viable dags retrieved from /opt/airflow/dags/main.py
[2026-05-15T12:57:53.954+0000] {processor.py:183} INFO - Processing /opt/airflow/dags/main.py took 0.398 seconds
[2026-05-15T12:58:24.328+0000] {processor.py:161} INFO - Started process (PID=503) to work on /opt/airflow/dags/main.py
[2026-05-15T12:58:24.330+0000] {processor.py:830} INFO - Processing file /opt/airflow/dags/main.py for tasks to queue
[2026-05-15T12:58:24.333+0000] {logging_mixin.py:188} INFO - [2026-05-15T12:58:24.332+0000] {dagbag.py:545} INFO - Filling up the DagBag from /opt/airflow/dags/main.py
[2026-05-15T12:58:24.443+0000] {logging_mixin.py:188} INFO - [2026-05-15T12:58:24.437+0000] {dagbag.py:355} ERROR - Failed to import: /opt/airflow/dags/main.py
Traceback (most recent call last):
  File "/home/airflow/.local/lib/python3.10/site-packages/airflow/models/dagbag.py", line 351, in parse
    loader.exec_module(new_module)
  File "<frozen importlib._bootstrap_external>", line 883, in exec_module
  File "<frozen importlib._bootstrap>", line 241, in _call_with_frames_removed
  File "/opt/airflow/dags/main.py", line 89, in <module>
    from dwh import staging_table, core_table
ModuleNotFoundError: No module named 'dwh'
[2026-05-15T12:58:24.445+0000] {processor.py:842} WARNING - No viable dags retrieved from /opt/airflow/dags/main.py
[2026-05-15T12:58:24.502+0000] {processor.py:183} INFO - Processing /opt/airflow/dags/main.py took 0.190 seconds
[2026-05-15T12:58:54.582+0000] {processor.py:161} INFO - Started process (PID=510) to work on /opt/airflow/dags/main.py
[2026-05-15T12:58:54.584+0000] {processor.py:830} INFO - Processing file /opt/airflow/dags/main.py for tasks to queue
[2026-05-15T12:58:54.587+0000] {logging_mixin.py:188} INFO - [2026-05-15T12:58:54.586+0000] {dagbag.py:545} INFO - Filling up the DagBag from /opt/airflow/dags/main.py
[2026-05-15T12:58:54.714+0000] {logging_mixin.py:188} INFO - [2026-05-15T12:58:54.704+0000] {dagbag.py:355} ERROR - Failed to import: /opt/airflow/dags/main.py
Traceback (most recent call last):
  File "/home/airflow/.local/lib/python3.10/site-packages/airflow/models/dagbag.py", line 351, in parse
    loader.exec_module(new_module)
  File "<frozen importlib._bootstrap_external>", line 883, in exec_module
  File "<frozen importlib._bootstrap>", line 241, in _call_with_frames_removed
  File "/opt/airflow/dags/main.py", line 89, in <module>
    from dwh import staging_table, core_table
ModuleNotFoundError: No module named 'dwh'
[2026-05-15T12:58:54.718+0000] {processor.py:842} WARNING - No viable dags retrieved from /opt/airflow/dags/main.py
[2026-05-15T12:58:54.757+0000] {processor.py:183} INFO - Processing /opt/airflow/dags/main.py took 0.189 seconds
[2026-05-15T12:59:24.885+0000] {processor.py:161} INFO - Started process (PID=517) to work on /opt/airflow/dags/main.py
[2026-05-15T12:59:24.888+0000] {processor.py:830} INFO - Processing file /opt/airflow/dags/main.py for tasks to queue
[2026-05-15T12:59:24.891+0000] {logging_mixin.py:188} INFO - [2026-05-15T12:59:24.890+0000] {dagbag.py:545} INFO - Filling up the DagBag from /opt/airflow/dags/main.py
[2026-05-15T12:59:25.075+0000] {logging_mixin.py:188} INFO - [2026-05-15T12:59:25.068+0000] {dagbag.py:355} ERROR - Failed to import: /opt/airflow/dags/main.py
Traceback (most recent call last):
  File "/home/airflow/.local/lib/python3.10/site-packages/airflow/models/dagbag.py", line 351, in parse
    loader.exec_module(new_module)
  File "<frozen importlib._bootstrap_external>", line 883, in exec_module
  File "<frozen importlib._bootstrap>", line 241, in _call_with_frames_removed
  File "/opt/airflow/dags/main.py", line 89, in <module>
    from dwh import staging_table, core_table
ModuleNotFoundError: No module named 'dwh'
[2026-05-15T12:59:25.078+0000] {processor.py:842} WARNING - No viable dags retrieved from /opt/airflow/dags/main.py
[2026-05-15T12:59:25.133+0000] {processor.py:183} INFO - Processing /opt/airflow/dags/main.py took 0.265 seconds
[2026-05-15T12:59:55.487+0000] {processor.py:161} INFO - Started process (PID=524) to work on /opt/airflow/dags/main.py
[2026-05-15T12:59:55.492+0000] {processor.py:830} INFO - Processing file /opt/airflow/dags/main.py for tasks to queue
[2026-05-15T12:59:55.495+0000] {logging_mixin.py:188} INFO - [2026-05-15T12:59:55.494+0000] {dagbag.py:545} INFO - Filling up the DagBag from /opt/airflow/dags/main.py
[2026-05-15T12:59:55.643+0000] {logging_mixin.py:188} INFO - [2026-05-15T12:59:55.636+0000] {dagbag.py:355} ERROR - Failed to import: /opt/airflow/dags/main.py
Traceback (most recent call last):
  File "/home/airflow/.local/lib/python3.10/site-packages/airflow/models/dagbag.py", line 351, in parse
    loader.exec_module(new_module)
  File "<frozen importlib._bootstrap_external>", line 883, in exec_module
  File "<frozen importlib._bootstrap>", line 241, in _call_with_frames_removed
  File "/opt/airflow/dags/main.py", line 89, in <module>
    from dwh import staging_table, core_table
ModuleNotFoundError: No module named 'dwh'
[2026-05-15T12:59:55.646+0000] {processor.py:842} WARNING - No viable dags retrieved from /opt/airflow/dags/main.py
[2026-05-15T12:59:55.695+0000] {processor.py:183} INFO - Processing /opt/airflow/dags/main.py took 0.253 seconds
[2026-05-15T13:00:26.028+0000] {processor.py:161} INFO - Started process (PID=531) to work on /opt/airflow/dags/main.py
[2026-05-15T13:00:26.031+0000] {processor.py:830} INFO - Processing file /opt/airflow/dags/main.py for tasks to queue
[2026-05-15T13:00:26.033+0000] {logging_mixin.py:188} INFO - [2026-05-15T13:00:26.032+0000] {dagbag.py:545} INFO - Filling up the DagBag from /opt/airflow/dags/main.py
[2026-05-15T13:00:26.234+0000] {logging_mixin.py:188} INFO - [2026-05-15T13:00:26.226+0000] {dagbag.py:355} ERROR - Failed to import: /opt/airflow/dags/main.py
Traceback (most recent call last):
  File "/home/airflow/.local/lib/python3.10/site-packages/airflow/models/dagbag.py", line 351, in parse
    loader.exec_module(new_module)
  File "<frozen importlib._bootstrap_external>", line 883, in exec_module
  File "<frozen importlib._bootstrap>", line 241, in _call_with_frames_removed
  File "/opt/airflow/dags/main.py", line 89, in <module>
    from dwh import staging_table, core_table
ModuleNotFoundError: No module named 'dwh'
[2026-05-15T13:00:26.238+0000] {processor.py:842} WARNING - No viable dags retrieved from /opt/airflow/dags/main.py
[2026-05-15T13:00:26.288+0000] {processor.py:183} INFO - Processing /opt/airflow/dags/main.py took 0.273 seconds
[2026-05-15T13:00:56.655+0000] {processor.py:161} INFO - Started process (PID=538) to work on /opt/airflow/dags/main.py
[2026-05-15T13:00:56.658+0000] {processor.py:830} INFO - Processing file /opt/airflow/dags/main.py for tasks to queue
[2026-05-15T13:00:56.661+0000] {logging_mixin.py:188} INFO - [2026-05-15T13:00:56.660+0000] {dagbag.py:545} INFO - Filling up the DagBag from /opt/airflow/dags/main.py
[2026-05-15T13:00:56.824+0000] {logging_mixin.py:188} INFO - [2026-05-15T13:00:56.816+0000] {dagbag.py:355} ERROR - Failed to import: /opt/airflow/dags/main.py
Traceback (most recent call last):
  File "/home/airflow/.local/lib/python3.10/site-packages/airflow/models/dagbag.py", line 351, in parse
    loader.exec_module(new_module)
  File "<frozen importlib._bootstrap_external>", line 883, in exec_module
  File "<frozen importlib._bootstrap>", line 241, in _call_with_frames_removed
  File "/opt/airflow/dags/main.py", line 89, in <module>
    from dwh import staging_table, core_table
ModuleNotFoundError: No module named 'dwh'
[2026-05-15T13:00:56.827+0000] {processor.py:842} WARNING - No viable dags retrieved from /opt/airflow/dags/main.py
[2026-05-15T13:00:56.880+0000] {processor.py:183} INFO - Processing /opt/airflow/dags/main.py took 0.244 seconds
[2026-05-15T13:01:27.247+0000] {processor.py:161} INFO - Started process (PID=545) to work on /opt/airflow/dags/main.py
[2026-05-15T13:01:27.250+0000] {processor.py:830} INFO - Processing file /opt/airflow/dags/main.py for tasks to queue
[2026-05-15T13:01:27.252+0000] {logging_mixin.py:188} INFO - [2026-05-15T13:01:27.251+0000] {dagbag.py:545} INFO - Filling up the DagBag from /opt/airflow/dags/main.py
[2026-05-15T13:01:27.372+0000] {logging_mixin.py:188} INFO - [2026-05-15T13:01:27.362+0000] {dagbag.py:355} ERROR - Failed to import: /opt/airflow/dags/main.py
Traceback (most recent call last):
  File "/home/airflow/.local/lib/python3.10/site-packages/airflow/models/dagbag.py", line 351, in parse
    loader.exec_module(new_module)
  File "<frozen importlib._bootstrap_external>", line 883, in exec_module
  File "<frozen importlib._bootstrap>", line 241, in _call_with_frames_removed
  File "/opt/airflow/dags/main.py", line 89, in <module>
    from dwh import staging_table, core_table
ModuleNotFoundError: No module named 'dwh'
[2026-05-15T13:01:27.376+0000] {processor.py:842} WARNING - No viable dags retrieved from /opt/airflow/dags/main.py
[2026-05-15T13:01:27.416+0000] {processor.py:183} INFO - Processing /opt/airflow/dags/main.py took 0.181 seconds
[2026-05-15T13:01:57.550+0000] {processor.py:161} INFO - Started process (PID=552) to work on /opt/airflow/dags/main.py
[2026-05-15T13:01:57.553+0000] {processor.py:830} INFO - Processing file /opt/airflow/dags/main.py for tasks to queue
[2026-05-15T13:01:57.555+0000] {logging_mixin.py:188} INFO - [2026-05-15T13:01:57.555+0000] {dagbag.py:545} INFO - Filling up the DagBag from /opt/airflow/dags/main.py
[2026-05-15T13:01:57.670+0000] {logging_mixin.py:188} INFO - [2026-05-15T13:01:57.661+0000] {dagbag.py:355} ERROR - Failed to import: /opt/airflow/dags/main.py
Traceback (most recent call last):
  File "/home/airflow/.local/lib/python3.10/site-packages/airflow/models/dagbag.py", line 351, in parse
    loader.exec_module(new_module)
  File "<frozen importlib._bootstrap_external>", line 883, in exec_module
  File "<frozen importlib._bootstrap>", line 241, in _call_with_frames_removed
  File "/opt/airflow/dags/main.py", line 89, in <module>
    from dwh import staging_table, core_table
ModuleNotFoundError: No module named 'dwh'
[2026-05-15T13:01:57.673+0000] {processor.py:842} WARNING - No viable dags retrieved from /opt/airflow/dags/main.py
[2026-05-15T13:01:57.714+0000] {processor.py:183} INFO - Processing /opt/airflow/dags/main.py took 0.178 seconds
[2026-05-15T13:02:28.490+0000] {processor.py:161} INFO - Started process (PID=559) to work on /opt/airflow/dags/main.py
[2026-05-15T13:02:28.493+0000] {processor.py:830} INFO - Processing file /opt/airflow/dags/main.py for tasks to queue
[2026-05-15T13:02:28.495+0000] {logging_mixin.py:188} INFO - [2026-05-15T13:02:28.494+0000] {dagbag.py:545} INFO - Filling up the DagBag from /opt/airflow/dags/main.py
[2026-05-15T13:02:28.656+0000] {logging_mixin.py:188} INFO - [2026-05-15T13:02:28.646+0000] {dagbag.py:355} ERROR - Failed to import: /opt/airflow/dags/main.py
Traceback (most recent call last):
  File "/home/airflow/.local/lib/python3.10/site-packages/airflow/models/dagbag.py", line 351, in parse
    loader.exec_module(new_module)
  File "<frozen importlib._bootstrap_external>", line 883, in exec_module
  File "<frozen importlib._bootstrap>", line 241, in _call_with_frames_removed
  File "/opt/airflow/dags/main.py", line 89, in <module>
    from dwh import staging_table, core_table
ModuleNotFoundError: No module named 'dwh'
[2026-05-15T13:02:28.660+0000] {processor.py:842} WARNING - No viable dags retrieved from /opt/airflow/dags/main.py
[2026-05-15T13:02:28.700+0000] {processor.py:183} INFO - Processing /opt/airflow/dags/main.py took 0.222 seconds
[2026-05-15T13:02:59.072+0000] {processor.py:161} INFO - Started process (PID=566) to work on /opt/airflow/dags/main.py
[2026-05-15T13:02:59.074+0000] {processor.py:830} INFO - Processing file /opt/airflow/dags/main.py for tasks to queue
[2026-05-15T13:02:59.077+0000] {logging_mixin.py:188} INFO - [2026-05-15T13:02:59.076+0000] {dagbag.py:545} INFO - Filling up the DagBag from /opt/airflow/dags/main.py
[2026-05-15T13:02:59.207+0000] {logging_mixin.py:188} INFO - [2026-05-15T13:02:59.197+0000] {dagbag.py:355} ERROR - Failed to import: /opt/airflow/dags/main.py
Traceback (most recent call last):
  File "/home/airflow/.local/lib/python3.10/site-packages/airflow/models/dagbag.py", line 351, in parse
    loader.exec_module(new_module)
  File "<frozen importlib._bootstrap_external>", line 883, in exec_module
  File "<frozen importlib._bootstrap>", line 241, in _call_with_frames_removed
  File "/opt/airflow/dags/main.py", line 89, in <module>
    from dwh import staging_table, core_table
ModuleNotFoundError: No module named 'dwh'
[2026-05-15T13:02:59.211+0000] {processor.py:842} WARNING - No viable dags retrieved from /opt/airflow/dags/main.py
[2026-05-15T13:02:59.250+0000] {processor.py:183} INFO - Processing /opt/airflow/dags/main.py took 0.191 seconds
[2026-05-15T13:03:29.393+0000] {processor.py:161} INFO - Started process (PID=573) to work on /opt/airflow/dags/main.py
[2026-05-15T13:03:29.395+0000] {processor.py:830} INFO - Processing file /opt/airflow/dags/main.py for tasks to queue
[2026-05-15T13:03:29.397+0000] {logging_mixin.py:188} INFO - [2026-05-15T13:03:29.397+0000] {dagbag.py:545} INFO - Filling up the DagBag from /opt/airflow/dags/main.py
[2026-05-15T13:03:29.531+0000] {logging_mixin.py:188} INFO - [2026-05-15T13:03:29.522+0000] {dagbag.py:355} ERROR - Failed to import: /opt/airflow/dags/main.py
Traceback (most recent call last):
  File "/home/airflow/.local/lib/python3.10/site-packages/airflow/models/dagbag.py", line 351, in parse
    loader.exec_module(new_module)
  File "<frozen importlib._bootstrap_external>", line 883, in exec_module
  File "<frozen importlib._bootstrap>", line 241, in _call_with_frames_removed
  File "/opt/airflow/dags/main.py", line 89, in <module>
    from dwh import staging_table, core_table
ModuleNotFoundError: No module named 'dwh'
[2026-05-15T13:03:29.535+0000] {processor.py:842} WARNING - No viable dags retrieved from /opt/airflow/dags/main.py
[2026-05-15T13:03:29.580+0000] {processor.py:183} INFO - Processing /opt/airflow/dags/main.py took 0.201 seconds
[2026-05-15T13:03:59.901+0000] {processor.py:161} INFO - Started process (PID=580) to work on /opt/airflow/dags/main.py
[2026-05-15T13:03:59.904+0000] {processor.py:830} INFO - Processing file /opt/airflow/dags/main.py for tasks to queue
[2026-05-15T13:03:59.906+0000] {logging_mixin.py:188} INFO - [2026-05-15T13:03:59.905+0000] {dagbag.py:545} INFO - Filling up the DagBag from /opt/airflow/dags/main.py
[2026-05-15T13:04:00.063+0000] {logging_mixin.py:188} INFO - [2026-05-15T13:04:00.054+0000] {dagbag.py:355} ERROR - Failed to import: /opt/airflow/dags/main.py
Traceback (most recent call last):
  File "/home/airflow/.local/lib/python3.10/site-packages/airflow/models/dagbag.py", line 351, in parse
    loader.exec_module(new_module)
  File "<frozen importlib._bootstrap_external>", line 883, in exec_module
  File "<frozen importlib._bootstrap>", line 241, in _call_with_frames_removed
  File "/opt/airflow/dags/main.py", line 89, in <module>
    from dwh import staging_table, core_table
ModuleNotFoundError: No module named 'dwh'
[2026-05-15T13:04:00.067+0000] {processor.py:842} WARNING - No viable dags retrieved from /opt/airflow/dags/main.py
[2026-05-15T13:04:00.121+0000] {processor.py:183} INFO - Processing /opt/airflow/dags/main.py took 0.233 seconds
[2026-05-15T13:04:30.311+0000] {processor.py:161} INFO - Started process (PID=587) to work on /opt/airflow/dags/main.py
[2026-05-15T13:04:30.314+0000] {processor.py:830} INFO - Processing file /opt/airflow/dags/main.py for tasks to queue
[2026-05-15T13:04:30.317+0000] {logging_mixin.py:188} INFO - [2026-05-15T13:04:30.316+0000] {dagbag.py:545} INFO - Filling up the DagBag from /opt/airflow/dags/main.py
[2026-05-15T13:04:30.493+0000] {logging_mixin.py:188} INFO - [2026-05-15T13:04:30.485+0000] {dagbag.py:355} ERROR - Failed to import: /opt/airflow/dags/main.py
Traceback (most recent call last):
  File "/home/airflow/.local/lib/python3.10/site-packages/airflow/models/dagbag.py", line 351, in parse
    loader.exec_module(new_module)
  File "<frozen importlib._bootstrap_external>", line 883, in exec_module
  File "<frozen importlib._bootstrap>", line 241, in _call_with_frames_removed
  File "/opt/airflow/dags/main.py", line 89, in <module>
    from dwh import staging_table, core_table
ModuleNotFoundError: No module named 'dwh'
[2026-05-15T13:04:30.496+0000] {processor.py:842} WARNING - No viable dags retrieved from /opt/airflow/dags/main.py
[2026-05-15T13:04:30.542+0000] {processor.py:183} INFO - Processing /opt/airflow/dags/main.py took 0.254 seconds
[2026-05-15T13:05:00.750+0000] {processor.py:161} INFO - Started process (PID=594) to work on /opt/airflow/dags/main.py
[2026-05-15T13:05:00.753+0000] {processor.py:830} INFO - Processing file /opt/airflow/dags/main.py for tasks to queue
[2026-05-15T13:05:00.757+0000] {logging_mixin.py:188} INFO - [2026-05-15T13:05:00.756+0000] {dagbag.py:545} INFO - Filling up the DagBag from /opt/airflow/dags/main.py
[2026-05-15T13:05:00.885+0000] {logging_mixin.py:188} INFO - [2026-05-15T13:05:00.875+0000] {dagbag.py:355} ERROR - Failed to import: /opt/airflow/dags/main.py
Traceback (most recent call last):
  File "/home/airflow/.local/lib/python3.10/site-packages/airflow/models/dagbag.py", line 351, in parse
    loader.exec_module(new_module)
  File "<frozen importlib._bootstrap_external>", line 883, in exec_module
  File "<frozen importlib._bootstrap>", line 241, in _call_with_frames_removed
  File "/opt/airflow/dags/main.py", line 89, in <module>
    from dwh import staging_table, core_table
ModuleNotFoundError: No module named 'dwh'
[2026-05-15T13:05:00.887+0000] {processor.py:842} WARNING - No viable dags retrieved from /opt/airflow/dags/main.py
[2026-05-15T13:05:00.925+0000] {processor.py:183} INFO - Processing /opt/airflow/dags/main.py took 0.190 seconds
[2026-05-15T13:05:31.130+0000] {processor.py:161} INFO - Started process (PID=601) to work on /opt/airflow/dags/main.py
[2026-05-15T13:05:31.132+0000] {processor.py:830} INFO - Processing file /opt/airflow/dags/main.py for tasks to queue
[2026-05-15T13:05:31.134+0000] {logging_mixin.py:188} INFO - [2026-05-15T13:05:31.134+0000] {dagbag.py:545} INFO - Filling up the DagBag from /opt/airflow/dags/main.py
[2026-05-15T13:05:31.255+0000] {logging_mixin.py:188} INFO - [2026-05-15T13:05:31.244+0000] {dagbag.py:355} ERROR - Failed to import: /opt/airflow/dags/main.py
Traceback (most recent call last):
  File "/home/airflow/.local/lib/python3.10/site-packages/airflow/models/dagbag.py", line 351, in parse
    loader.exec_module(new_module)
  File "<frozen importlib._bootstrap_external>", line 883, in exec_module
  File "<frozen importlib._bootstrap>", line 241, in _call_with_frames_removed
  File "/opt/airflow/dags/main.py", line 89, in <module>
    from dwh import staging_table, core_table
ModuleNotFoundError: No module named 'dwh'
[2026-05-15T13:05:31.258+0000] {processor.py:842} WARNING - No viable dags retrieved from /opt/airflow/dags/main.py
[2026-05-15T13:05:31.325+0000] {processor.py:183} INFO - Processing /opt/airflow/dags/main.py took 0.214 seconds
[2026-05-15T13:06:01.594+0000] {processor.py:161} INFO - Started process (PID=608) to work on /opt/airflow/dags/main.py
[2026-05-15T13:06:01.597+0000] {processor.py:830} INFO - Processing file /opt/airflow/dags/main.py for tasks to queue
[2026-05-15T13:06:01.599+0000] {logging_mixin.py:188} INFO - [2026-05-15T13:06:01.598+0000] {dagbag.py:545} INFO - Filling up the DagBag from /opt/airflow/dags/main.py
[2026-05-15T13:06:01.712+0000] {logging_mixin.py:188} INFO - [2026-05-15T13:06:01.705+0000] {dagbag.py:355} ERROR - Failed to import: /opt/airflow/dags/main.py
Traceback (most recent call last):
  File "/home/airflow/.local/lib/python3.10/site-packages/airflow/models/dagbag.py", line 351, in parse
    loader.exec_module(new_module)
  File "<frozen importlib._bootstrap_external>", line 883, in exec_module
  File "<frozen importlib._bootstrap>", line 241, in _call_with_frames_removed
  File "/opt/airflow/dags/main.py", line 89, in <module>
    from dwh import staging_table, core_table
ModuleNotFoundError: No module named 'dwh'
[2026-05-15T13:06:01.715+0000] {processor.py:842} WARNING - No viable dags retrieved from /opt/airflow/dags/main.py
[2026-05-15T13:06:01.751+0000] {processor.py:183} INFO - Processing /opt/airflow/dags/main.py took 0.169 seconds
[2026-05-15T13:06:31.930+0000] {processor.py:161} INFO - Started process (PID=615) to work on /opt/airflow/dags/main.py
[2026-05-15T13:06:31.932+0000] {processor.py:830} INFO - Processing file /opt/airflow/dags/main.py for tasks to queue
[2026-05-15T13:06:31.935+0000] {logging_mixin.py:188} INFO - [2026-05-15T13:06:31.934+0000] {dagbag.py:545} INFO - Filling up the DagBag from /opt/airflow/dags/main.py
[2026-05-15T13:06:32.074+0000] {logging_mixin.py:188} INFO - [2026-05-15T13:06:32.065+0000] {dagbag.py:355} ERROR - Failed to import: /opt/airflow/dags/main.py
Traceback (most recent call last):
  File "/home/airflow/.local/lib/python3.10/site-packages/airflow/models/dagbag.py", line 351, in parse
    loader.exec_module(new_module)
  File "<frozen importlib._bootstrap_external>", line 883, in exec_module
  File "<frozen importlib._bootstrap>", line 241, in _call_with_frames_removed
  File "/opt/airflow/dags/main.py", line 89, in <module>
    from dwh import staging_table, core_table
ModuleNotFoundError: No module named 'dwh'
[2026-05-15T13:06:32.076+0000] {processor.py:842} WARNING - No viable dags retrieved from /opt/airflow/dags/main.py
[2026-05-15T13:06:32.115+0000] {processor.py:183} INFO - Processing /opt/airflow/dags/main.py took 0.198 seconds
[2026-05-15T13:07:02.317+0000] {processor.py:161} INFO - Started process (PID=622) to work on /opt/airflow/dags/main.py
[2026-05-15T13:07:02.319+0000] {processor.py:830} INFO - Processing file /opt/airflow/dags/main.py for tasks to queue
[2026-05-15T13:07:02.322+0000] {logging_mixin.py:188} INFO - [2026-05-15T13:07:02.321+0000] {dagbag.py:545} INFO - Filling up the DagBag from /opt/airflow/dags/main.py
[2026-05-15T13:07:02.451+0000] {logging_mixin.py:188} INFO - [2026-05-15T13:07:02.441+0000] {dagbag.py:355} ERROR - Failed to import: /opt/airflow/dags/main.py
Traceback (most recent call last):
  File "/home/airflow/.local/lib/python3.10/site-packages/airflow/models/dagbag.py", line 351, in parse
    loader.exec_module(new_module)
  File "<frozen importlib._bootstrap_external>", line 883, in exec_module
  File "<frozen importlib._bootstrap>", line 241, in _call_with_frames_removed
  File "/opt/airflow/dags/main.py", line 89, in <module>
    from dwh import staging_table, core_table
ModuleNotFoundError: No module named 'dwh'
[2026-05-15T13:07:02.454+0000] {processor.py:842} WARNING - No viable dags retrieved from /opt/airflow/dags/main.py
[2026-05-15T13:07:02.503+0000] {processor.py:183} INFO - Processing /opt/airflow/dags/main.py took 0.200 seconds
[2026-05-15T13:07:32.958+0000] {processor.py:161} INFO - Started process (PID=629) to work on /opt/airflow/dags/main.py
[2026-05-15T13:07:32.960+0000] {processor.py:830} INFO - Processing file /opt/airflow/dags/main.py for tasks to queue
[2026-05-15T13:07:32.963+0000] {logging_mixin.py:188} INFO - [2026-05-15T13:07:32.962+0000] {dagbag.py:545} INFO - Filling up the DagBag from /opt/airflow/dags/main.py
[2026-05-15T13:07:33.121+0000] {logging_mixin.py:188} INFO - [2026-05-15T13:07:33.111+0000] {dagbag.py:355} ERROR - Failed to import: /opt/airflow/dags/main.py
Traceback (most recent call last):
  File "/home/airflow/.local/lib/python3.10/site-packages/airflow/models/dagbag.py", line 351, in parse
    loader.exec_module(new_module)
  File "<frozen importlib._bootstrap_external>", line 883, in exec_module
  File "<frozen importlib._bootstrap>", line 241, in _call_with_frames_removed
  File "/opt/airflow/dags/main.py", line 89, in <module>
    from dwh import staging_table, core_table
ModuleNotFoundError: No module named 'dwh'
[2026-05-15T13:07:33.126+0000] {processor.py:842} WARNING - No viable dags retrieved from /opt/airflow/dags/main.py
[2026-05-15T13:07:33.183+0000] {processor.py:183} INFO - Processing /opt/airflow/dags/main.py took 0.241 seconds
[2026-05-15T13:08:03.614+0000] {processor.py:161} INFO - Started process (PID=636) to work on /opt/airflow/dags/main.py
[2026-05-15T13:08:03.618+0000] {processor.py:830} INFO - Processing file /opt/airflow/dags/main.py for tasks to queue
[2026-05-15T13:08:03.621+0000] {logging_mixin.py:188} INFO - [2026-05-15T13:08:03.620+0000] {dagbag.py:545} INFO - Filling up the DagBag from /opt/airflow/dags/main.py
[2026-05-15T13:08:03.774+0000] {logging_mixin.py:188} INFO - [2026-05-15T13:08:03.759+0000] {dagbag.py:355} ERROR - Failed to import: /opt/airflow/dags/main.py
Traceback (most recent call last):
  File "/home/airflow/.local/lib/python3.10/site-packages/airflow/models/dagbag.py", line 351, in parse
    loader.exec_module(new_module)
  File "<frozen importlib._bootstrap_external>", line 883, in exec_module
  File "<frozen importlib._bootstrap>", line 241, in _call_with_frames_removed
  File "/opt/airflow/dags/main.py", line 89, in <module>
    from dwh import staging_table, core_table
ModuleNotFoundError: No module named 'dwh'
[2026-05-15T13:08:03.777+0000] {processor.py:842} WARNING - No viable dags retrieved from /opt/airflow/dags/main.py
[2026-05-15T13:08:03.839+0000] {processor.py:183} INFO - Processing /opt/airflow/dags/main.py took 0.245 seconds
[2026-05-15T13:08:34.153+0000] {processor.py:161} INFO - Started process (PID=643) to work on /opt/airflow/dags/main.py
[2026-05-15T13:08:34.156+0000] {processor.py:830} INFO - Processing file /opt/airflow/dags/main.py for tasks to queue
[2026-05-15T13:08:34.158+0000] {logging_mixin.py:188} INFO - [2026-05-15T13:08:34.158+0000] {dagbag.py:545} INFO - Filling up the DagBag from /opt/airflow/dags/main.py
[2026-05-15T13:08:34.588+0000] {logging_mixin.py:188} INFO - [2026-05-15T13:08:34.524+0000] {dagbag.py:355} ERROR - Failed to import: /opt/airflow/dags/main.py
Traceback (most recent call last):
  File "/home/airflow/.local/lib/python3.10/site-packages/airflow/models/dagbag.py", line 351, in parse
    loader.exec_module(new_module)
  File "<frozen importlib._bootstrap_external>", line 883, in exec_module
  File "<frozen importlib._bootstrap>", line 241, in _call_with_frames_removed
  File "/opt/airflow/dags/main.py", line 89, in <module>
    from dwh import staging_table, core_table
ModuleNotFoundError: No module named 'dwh'
[2026-05-15T13:08:34.596+0000] {processor.py:842} WARNING - No viable dags retrieved from /opt/airflow/dags/main.py
[2026-05-15T13:08:34.692+0000] {processor.py:183} INFO - Processing /opt/airflow/dags/main.py took 0.551 seconds
[2026-05-15T13:09:05.052+0000] {processor.py:161} INFO - Started process (PID=650) to work on /opt/airflow/dags/main.py
[2026-05-15T13:09:05.054+0000] {processor.py:830} INFO - Processing file /opt/airflow/dags/main.py for tasks to queue
[2026-05-15T13:09:05.056+0000] {logging_mixin.py:188} INFO - [2026-05-15T13:09:05.056+0000] {dagbag.py:545} INFO - Filling up the DagBag from /opt/airflow/dags/main.py
[2026-05-15T13:09:05.193+0000] {logging_mixin.py:188} INFO - [2026-05-15T13:09:05.185+0000] {dagbag.py:355} ERROR - Failed to import: /opt/airflow/dags/main.py
Traceback (most recent call last):
  File "/home/airflow/.local/lib/python3.10/site-packages/airflow/models/dagbag.py", line 351, in parse
    loader.exec_module(new_module)
  File "<frozen importlib._bootstrap_external>", line 883, in exec_module
  File "<frozen importlib._bootstrap>", line 241, in _call_with_frames_removed
  File "/opt/airflow/dags/main.py", line 89, in <module>
    from dwh import staging_table, core_table
ModuleNotFoundError: No module named 'dwh'
[2026-05-15T13:09:05.195+0000] {processor.py:842} WARNING - No viable dags retrieved from /opt/airflow/dags/main.py
[2026-05-15T13:09:05.233+0000] {processor.py:183} INFO - Processing /opt/airflow/dags/main.py took 0.195 seconds
[2026-05-15T13:09:35.353+0000] {processor.py:161} INFO - Started process (PID=657) to work on /opt/airflow/dags/main.py
[2026-05-15T13:09:35.357+0000] {processor.py:830} INFO - Processing file /opt/airflow/dags/main.py for tasks to queue
[2026-05-15T13:09:35.360+0000] {logging_mixin.py:188} INFO - [2026-05-15T13:09:35.359+0000] {dagbag.py:545} INFO - Filling up the DagBag from /opt/airflow/dags/main.py
[2026-05-15T13:09:35.521+0000] {logging_mixin.py:188} INFO - [2026-05-15T13:09:35.514+0000] {dagbag.py:355} ERROR - Failed to import: /opt/airflow/dags/main.py
Traceback (most recent call last):
  File "/home/airflow/.local/lib/python3.10/site-packages/airflow/models/dagbag.py", line 351, in parse
    loader.exec_module(new_module)
  File "<frozen importlib._bootstrap_external>", line 883, in exec_module
  File "<frozen importlib._bootstrap>", line 241, in _call_with_frames_removed
  File "/opt/airflow/dags/main.py", line 89, in <module>
    from dwh import staging_table, core_table
ModuleNotFoundError: No module named 'dwh'
[2026-05-15T13:09:35.523+0000] {processor.py:842} WARNING - No viable dags retrieved from /opt/airflow/dags/main.py
[2026-05-15T13:09:35.560+0000] {processor.py:183} INFO - Processing /opt/airflow/dags/main.py took 0.226 seconds
[2026-05-15T13:10:05.824+0000] {processor.py:161} INFO - Started process (PID=664) to work on /opt/airflow/dags/main.py
[2026-05-15T13:10:05.827+0000] {processor.py:830} INFO - Processing file /opt/airflow/dags/main.py for tasks to queue
[2026-05-15T13:10:05.829+0000] {logging_mixin.py:188} INFO - [2026-05-15T13:10:05.828+0000] {dagbag.py:545} INFO - Filling up the DagBag from /opt/airflow/dags/main.py
[2026-05-15T13:10:05.954+0000] {logging_mixin.py:188} INFO - [2026-05-15T13:10:05.943+0000] {dagbag.py:355} ERROR - Failed to import: /opt/airflow/dags/main.py
Traceback (most recent call last):
  File "/home/airflow/.local/lib/python3.10/site-packages/airflow/models/dagbag.py", line 351, in parse
    loader.exec_module(new_module)
  File "<frozen importlib._bootstrap_external>", line 883, in exec_module
  File "<frozen importlib._bootstrap>", line 241, in _call_with_frames_removed
  File "/opt/airflow/dags/main.py", line 89, in <module>
    from dwh import staging_table, core_table
ModuleNotFoundError: No module named 'dwh'
[2026-05-15T13:10:05.958+0000] {processor.py:842} WARNING - No viable dags retrieved from /opt/airflow/dags/main.py
[2026-05-15T13:10:06.037+0000] {processor.py:183} INFO - Processing /opt/airflow/dags/main.py took 0.225 seconds
[2026-05-15T13:10:36.360+0000] {processor.py:161} INFO - Started process (PID=671) to work on /opt/airflow/dags/main.py
[2026-05-15T13:10:36.362+0000] {processor.py:830} INFO - Processing file /opt/airflow/dags/main.py for tasks to queue
[2026-05-15T13:10:36.365+0000] {logging_mixin.py:188} INFO - [2026-05-15T13:10:36.364+0000] {dagbag.py:545} INFO - Filling up the DagBag from /opt/airflow/dags/main.py
[2026-05-15T13:10:36.493+0000] {logging_mixin.py:188} INFO - [2026-05-15T13:10:36.484+0000] {dagbag.py:355} ERROR - Failed to import: /opt/airflow/dags/main.py
Traceback (most recent call last):
  File "/home/airflow/.local/lib/python3.10/site-packages/airflow/models/dagbag.py", line 351, in parse
    loader.exec_module(new_module)
  File "<frozen importlib._bootstrap_external>", line 883, in exec_module
  File "<frozen importlib._bootstrap>", line 241, in _call_with_frames_removed
  File "/opt/airflow/dags/main.py", line 89, in <module>
    from dwh import staging_table, core_table
ModuleNotFoundError: No module named 'dwh'
[2026-05-15T13:10:36.495+0000] {processor.py:842} WARNING - No viable dags retrieved from /opt/airflow/dags/main.py
[2026-05-15T13:10:36.558+0000] {processor.py:183} INFO - Processing /opt/airflow/dags/main.py took 0.211 seconds
[2026-05-15T13:11:06.738+0000] {processor.py:161} INFO - Started process (PID=678) to work on /opt/airflow/dags/main.py
[2026-05-15T13:11:06.740+0000] {processor.py:830} INFO - Processing file /opt/airflow/dags/main.py for tasks to queue
[2026-05-15T13:11:06.742+0000] {logging_mixin.py:188} INFO - [2026-05-15T13:11:06.742+0000] {dagbag.py:545} INFO - Filling up the DagBag from /opt/airflow/dags/main.py
[2026-05-15T13:11:06.892+0000] {logging_mixin.py:188} INFO - [2026-05-15T13:11:06.879+0000] {dagbag.py:355} ERROR - Failed to import: /opt/airflow/dags/main.py
Traceback (most recent call last):
  File "/home/airflow/.local/lib/python3.10/site-packages/airflow/models/dagbag.py", line 351, in parse
    loader.exec_module(new_module)
  File "<frozen importlib._bootstrap_external>", line 883, in exec_module
  File "<frozen importlib._bootstrap>", line 241, in _call_with_frames_removed
  File "/opt/airflow/dags/main.py", line 89, in <module>
    from dwh import staging_table, core_table
ModuleNotFoundError: No module named 'dwh'
[2026-05-15T13:11:06.895+0000] {processor.py:842} WARNING - No viable dags retrieved from /opt/airflow/dags/main.py
[2026-05-15T13:11:06.939+0000] {processor.py:183} INFO - Processing /opt/airflow/dags/main.py took 0.217 seconds
[2026-05-15T13:11:37.237+0000] {processor.py:161} INFO - Started process (PID=685) to work on /opt/airflow/dags/main.py
[2026-05-15T13:11:37.241+0000] {processor.py:830} INFO - Processing file /opt/airflow/dags/main.py for tasks to queue
[2026-05-15T13:11:37.244+0000] {logging_mixin.py:188} INFO - [2026-05-15T13:11:37.243+0000] {dagbag.py:545} INFO - Filling up the DagBag from /opt/airflow/dags/main.py
[2026-05-15T13:11:37.480+0000] {logging_mixin.py:188} INFO - [2026-05-15T13:11:37.468+0000] {dagbag.py:355} ERROR - Failed to import: /opt/airflow/dags/main.py
Traceback (most recent call last):
  File "/home/airflow/.local/lib/python3.10/site-packages/airflow/models/dagbag.py", line 351, in parse
    loader.exec_module(new_module)
  File "<frozen importlib._bootstrap_external>", line 883, in exec_module
  File "<frozen importlib._bootstrap>", line 241, in _call_with_frames_removed
  File "/opt/airflow/dags/main.py", line 89, in <module>
    from dwh import staging_table, core_table
ModuleNotFoundError: No module named 'dwh'
[2026-05-15T13:11:37.485+0000] {processor.py:842} WARNING - No viable dags retrieved from /opt/airflow/dags/main.py
[2026-05-15T13:11:37.538+0000] {processor.py:183} INFO - Processing /opt/airflow/dags/main.py took 0.323 seconds
[2026-05-15T13:12:07.895+0000] {processor.py:161} INFO - Started process (PID=692) to work on /opt/airflow/dags/main.py
[2026-05-15T13:12:07.898+0000] {processor.py:830} INFO - Processing file /opt/airflow/dags/main.py for tasks to queue
[2026-05-15T13:12:07.900+0000] {logging_mixin.py:188} INFO - [2026-05-15T13:12:07.900+0000] {dagbag.py:545} INFO - Filling up the DagBag from /opt/airflow/dags/main.py
[2026-05-15T13:12:08.054+0000] {logging_mixin.py:188} INFO - [2026-05-15T13:12:08.044+0000] {dagbag.py:355} ERROR - Failed to import: /opt/airflow/dags/main.py
Traceback (most recent call last):
  File "/home/airflow/.local/lib/python3.10/site-packages/airflow/models/dagbag.py", line 351, in parse
    loader.exec_module(new_module)
  File "<frozen importlib._bootstrap_external>", line 883, in exec_module
  File "<frozen importlib._bootstrap>", line 241, in _call_with_frames_removed
  File "/opt/airflow/dags/main.py", line 89, in <module>
    from dwh import staging_table, core_table
ModuleNotFoundError: No module named 'dwh'
[2026-05-15T13:12:08.057+0000] {processor.py:842} WARNING - No viable dags retrieved from /opt/airflow/dags/main.py
[2026-05-15T13:12:08.105+0000] {processor.py:183} INFO - Processing /opt/airflow/dags/main.py took 0.226 seconds
[2026-05-15T13:12:38.439+0000] {processor.py:161} INFO - Started process (PID=699) to work on /opt/airflow/dags/main.py
[2026-05-15T13:12:38.441+0000] {processor.py:830} INFO - Processing file /opt/airflow/dags/main.py for tasks to queue
[2026-05-15T13:12:38.443+0000] {logging_mixin.py:188} INFO - [2026-05-15T13:12:38.443+0000] {dagbag.py:545} INFO - Filling up the DagBag from /opt/airflow/dags/main.py
[2026-05-15T13:12:38.577+0000] {logging_mixin.py:188} INFO - [2026-05-15T13:12:38.566+0000] {dagbag.py:355} ERROR - Failed to import: /opt/airflow/dags/main.py
Traceback (most recent call last):
  File "/home/airflow/.local/lib/python3.10/site-packages/airflow/models/dagbag.py", line 351, in parse
    loader.exec_module(new_module)
  File "<frozen importlib._bootstrap_external>", line 883, in exec_module
  File "<frozen importlib._bootstrap>", line 241, in _call_with_frames_removed
  File "/opt/airflow/dags/main.py", line 89, in <module>
    from dwh import staging_table, core_table
ModuleNotFoundError: No module named 'dwh'
[2026-05-15T13:12:38.580+0000] {processor.py:842} WARNING - No viable dags retrieved from /opt/airflow/dags/main.py
[2026-05-15T13:12:38.623+0000] {processor.py:183} INFO - Processing /opt/airflow/dags/main.py took 0.196 seconds
[2026-05-15T13:13:08.940+0000] {processor.py:161} INFO - Started process (PID=706) to work on /opt/airflow/dags/main.py
[2026-05-15T13:13:08.942+0000] {processor.py:830} INFO - Processing file /opt/airflow/dags/main.py for tasks to queue
[2026-05-15T13:13:08.945+0000] {logging_mixin.py:188} INFO - [2026-05-15T13:13:08.944+0000] {dagbag.py:545} INFO - Filling up the DagBag from /opt/airflow/dags/main.py
[2026-05-15T13:13:09.067+0000] {logging_mixin.py:188} INFO - [2026-05-15T13:13:09.060+0000] {dagbag.py:355} ERROR - Failed to import: /opt/airflow/dags/main.py
Traceback (most recent call last):
  File "/home/airflow/.local/lib/python3.10/site-packages/airflow/models/dagbag.py", line 351, in parse
    loader.exec_module(new_module)
  File "<frozen importlib._bootstrap_external>", line 883, in exec_module
  File "<frozen importlib._bootstrap>", line 241, in _call_with_frames_removed
  File "/opt/airflow/dags/main.py", line 89, in <module>
    from dwh import staging_table, core_table
ModuleNotFoundError: No module named 'dwh'
[2026-05-15T13:13:09.070+0000] {processor.py:842} WARNING - No viable dags retrieved from /opt/airflow/dags/main.py
[2026-05-15T13:13:09.114+0000] {processor.py:183} INFO - Processing /opt/airflow/dags/main.py took 0.193 seconds
[2026-05-15T13:13:39.322+0000] {processor.py:161} INFO - Started process (PID=713) to work on /opt/airflow/dags/main.py
[2026-05-15T13:13:39.328+0000] {processor.py:830} INFO - Processing file /opt/airflow/dags/main.py for tasks to queue
[2026-05-15T13:13:39.333+0000] {logging_mixin.py:188} INFO - [2026-05-15T13:13:39.332+0000] {dagbag.py:545} INFO - Filling up the DagBag from /opt/airflow/dags/main.py
[2026-05-15T13:13:39.507+0000] {logging_mixin.py:188} INFO - [2026-05-15T13:13:39.498+0000] {dagbag.py:355} ERROR - Failed to import: /opt/airflow/dags/main.py
Traceback (most recent call last):
  File "/home/airflow/.local/lib/python3.10/site-packages/airflow/models/dagbag.py", line 351, in parse
    loader.exec_module(new_module)
  File "<frozen importlib._bootstrap_external>", line 883, in exec_module
  File "<frozen importlib._bootstrap>", line 241, in _call_with_frames_removed
  File "/opt/airflow/dags/main.py", line 89, in <module>
    from dwh import staging_table, core_table
ModuleNotFoundError: No module named 'dwh'
[2026-05-15T13:13:39.515+0000] {processor.py:842} WARNING - No viable dags retrieved from /opt/airflow/dags/main.py
[2026-05-15T13:13:39.580+0000] {processor.py:183} INFO - Processing /opt/airflow/dags/main.py took 0.288 seconds
[2026-05-15T13:14:09.944+0000] {processor.py:161} INFO - Started process (PID=726) to work on /opt/airflow/dags/main.py
[2026-05-15T13:14:09.947+0000] {processor.py:830} INFO - Processing file /opt/airflow/dags/main.py for tasks to queue
[2026-05-15T13:14:09.950+0000] {logging_mixin.py:188} INFO - [2026-05-15T13:14:09.949+0000] {dagbag.py:545} INFO - Filling up the DagBag from /opt/airflow/dags/main.py
[2026-05-15T13:14:10.079+0000] {logging_mixin.py:188} INFO - [2026-05-15T13:14:10.069+0000] {dagbag.py:355} ERROR - Failed to import: /opt/airflow/dags/main.py
Traceback (most recent call last):
  File "/home/airflow/.local/lib/python3.10/site-packages/airflow/models/dagbag.py", line 351, in parse
    loader.exec_module(new_module)
  File "<frozen importlib._bootstrap_external>", line 883, in exec_module
  File "<frozen importlib._bootstrap>", line 241, in _call_with_frames_removed
  File "/opt/airflow/dags/main.py", line 89, in <module>
    from dwh import staging_table, core_table
ModuleNotFoundError: No module named 'dwh'
[2026-05-15T13:14:10.082+0000] {processor.py:842} WARNING - No viable dags retrieved from /opt/airflow/dags/main.py
[2026-05-15T13:14:10.123+0000] {processor.py:183} INFO - Processing /opt/airflow/dags/main.py took 0.192 seconds
[2026-05-15T13:14:40.219+0000] {processor.py:161} INFO - Started process (PID=733) to work on /opt/airflow/dags/main.py
[2026-05-15T13:14:40.222+0000] {processor.py:830} INFO - Processing file /opt/airflow/dags/main.py for tasks to queue
[2026-05-15T13:14:40.224+0000] {logging_mixin.py:188} INFO - [2026-05-15T13:14:40.223+0000] {dagbag.py:545} INFO - Filling up the DagBag from /opt/airflow/dags/main.py
[2026-05-15T13:14:40.351+0000] {logging_mixin.py:188} INFO - [2026-05-15T13:14:40.341+0000] {dagbag.py:355} ERROR - Failed to import: /opt/airflow/dags/main.py
Traceback (most recent call last):
  File "/home/airflow/.local/lib/python3.10/site-packages/airflow/models/dagbag.py", line 351, in parse
    loader.exec_module(new_module)
  File "<frozen importlib._bootstrap_external>", line 883, in exec_module
  File "<frozen importlib._bootstrap>", line 241, in _call_with_frames_removed
  File "/opt/airflow/dags/main.py", line 89, in <module>
    from dwh import staging_table, core_table
ModuleNotFoundError: No module named 'dwh'
[2026-05-15T13:14:40.355+0000] {processor.py:842} WARNING - No viable dags retrieved from /opt/airflow/dags/main.py
[2026-05-15T13:14:40.394+0000] {processor.py:183} INFO - Processing /opt/airflow/dags/main.py took 0.188 seconds
[2026-05-15T13:15:10.714+0000] {processor.py:161} INFO - Started process (PID=740) to work on /opt/airflow/dags/main.py
[2026-05-15T13:15:10.716+0000] {processor.py:830} INFO - Processing file /opt/airflow/dags/main.py for tasks to queue
[2026-05-15T13:15:10.719+0000] {logging_mixin.py:188} INFO - [2026-05-15T13:15:10.718+0000] {dagbag.py:545} INFO - Filling up the DagBag from /opt/airflow/dags/main.py
[2026-05-15T13:15:10.836+0000] {logging_mixin.py:188} INFO - [2026-05-15T13:15:10.829+0000] {dagbag.py:355} ERROR - Failed to import: /opt/airflow/dags/main.py
Traceback (most recent call last):
  File "/home/airflow/.local/lib/python3.10/site-packages/airflow/models/dagbag.py", line 351, in parse
    loader.exec_module(new_module)
  File "<frozen importlib._bootstrap_external>", line 883, in exec_module
  File "<frozen importlib._bootstrap>", line 241, in _call_with_frames_removed
  File "/opt/airflow/dags/main.py", line 89, in <module>
    from dwh import staging_table, core_table
ModuleNotFoundError: No module named 'dwh'
[2026-05-15T13:15:10.839+0000] {processor.py:842} WARNING - No viable dags retrieved from /opt/airflow/dags/main.py
[2026-05-15T13:15:10.874+0000] {processor.py:183} INFO - Processing /opt/airflow/dags/main.py took 0.174 seconds
[2026-05-15T13:15:41.133+0000] {processor.py:161} INFO - Started process (PID=747) to work on /opt/airflow/dags/main.py
[2026-05-15T13:15:41.137+0000] {processor.py:830} INFO - Processing file /opt/airflow/dags/main.py for tasks to queue
[2026-05-15T13:15:41.140+0000] {logging_mixin.py:188} INFO - [2026-05-15T13:15:41.139+0000] {dagbag.py:545} INFO - Filling up the DagBag from /opt/airflow/dags/main.py
[2026-05-15T13:15:41.289+0000] {logging_mixin.py:188} INFO - [2026-05-15T13:15:41.276+0000] {dagbag.py:355} ERROR - Failed to import: /opt/airflow/dags/main.py
Traceback (most recent call last):
  File "/home/airflow/.local/lib/python3.10/site-packages/airflow/models/dagbag.py", line 351, in parse
    loader.exec_module(new_module)
  File "<frozen importlib._bootstrap_external>", line 883, in exec_module
  File "<frozen importlib._bootstrap>", line 241, in _call_with_frames_removed
  File "/opt/airflow/dags/main.py", line 89, in <module>
    from dwh import staging_table, core_table
ModuleNotFoundError: No module named 'dwh'
[2026-05-15T13:15:41.293+0000] {processor.py:842} WARNING - No viable dags retrieved from /opt/airflow/dags/main.py
[2026-05-15T13:15:41.350+0000] {processor.py:183} INFO - Processing /opt/airflow/dags/main.py took 0.238 seconds
[2026-05-15T13:16:11.450+0000] {processor.py:161} INFO - Started process (PID=754) to work on /opt/airflow/dags/main.py
[2026-05-15T13:16:11.453+0000] {processor.py:830} INFO - Processing file /opt/airflow/dags/main.py for tasks to queue
[2026-05-15T13:16:11.455+0000] {logging_mixin.py:188} INFO - [2026-05-15T13:16:11.455+0000] {dagbag.py:545} INFO - Filling up the DagBag from /opt/airflow/dags/main.py
[2026-05-15T13:16:11.585+0000] {logging_mixin.py:188} INFO - [2026-05-15T13:16:11.576+0000] {dagbag.py:355} ERROR - Failed to import: /opt/airflow/dags/main.py
Traceback (most recent call last):
  File "/home/airflow/.local/lib/python3.10/site-packages/airflow/models/dagbag.py", line 351, in parse
    loader.exec_module(new_module)
  File "<frozen importlib._bootstrap_external>", line 883, in exec_module
  File "<frozen importlib._bootstrap>", line 241, in _call_with_frames_removed
  File "/opt/airflow/dags/main.py", line 89, in <module>
    from dwh import staging_table, core_table
ModuleNotFoundError: No module named 'dwh'
[2026-05-15T13:16:11.589+0000] {processor.py:842} WARNING - No viable dags retrieved from /opt/airflow/dags/main.py
[2026-05-15T13:16:11.628+0000] {processor.py:183} INFO - Processing /opt/airflow/dags/main.py took 0.191 seconds
[2026-05-15T13:16:41.922+0000] {processor.py:161} INFO - Started process (PID=761) to work on /opt/airflow/dags/main.py
[2026-05-15T13:16:41.925+0000] {processor.py:830} INFO - Processing file /opt/airflow/dags/main.py for tasks to queue
[2026-05-15T13:16:41.927+0000] {logging_mixin.py:188} INFO - [2026-05-15T13:16:41.926+0000] {dagbag.py:545} INFO - Filling up the DagBag from /opt/airflow/dags/main.py
[2026-05-15T13:16:42.042+0000] {logging_mixin.py:188} INFO - [2026-05-15T13:16:42.031+0000] {dagbag.py:355} ERROR - Failed to import: /opt/airflow/dags/main.py
Traceback (most recent call last):
  File "/home/airflow/.local/lib/python3.10/site-packages/airflow/models/dagbag.py", line 351, in parse
    loader.exec_module(new_module)
  File "<frozen importlib._bootstrap_external>", line 883, in exec_module
  File "<frozen importlib._bootstrap>", line 241, in _call_with_frames_removed
  File "/opt/airflow/dags/main.py", line 89, in <module>
    from dwh import staging_table, core_table
ModuleNotFoundError: No module named 'dwh'
[2026-05-15T13:16:42.045+0000] {processor.py:842} WARNING - No viable dags retrieved from /opt/airflow/dags/main.py
[2026-05-15T13:16:42.082+0000] {processor.py:183} INFO - Processing /opt/airflow/dags/main.py took 0.172 seconds
[2026-05-15T13:17:12.249+0000] {processor.py:161} INFO - Started process (PID=768) to work on /opt/airflow/dags/main.py
[2026-05-15T13:17:12.252+0000] {processor.py:830} INFO - Processing file /opt/airflow/dags/main.py for tasks to queue
[2026-05-15T13:17:12.254+0000] {logging_mixin.py:188} INFO - [2026-05-15T13:17:12.254+0000] {dagbag.py:545} INFO - Filling up the DagBag from /opt/airflow/dags/main.py
[2026-05-15T13:17:12.383+0000] {logging_mixin.py:188} INFO - [2026-05-15T13:17:12.374+0000] {dagbag.py:355} ERROR - Failed to import: /opt/airflow/dags/main.py
Traceback (most recent call last):
  File "/home/airflow/.local/lib/python3.10/site-packages/airflow/models/dagbag.py", line 351, in parse
    loader.exec_module(new_module)
  File "<frozen importlib._bootstrap_external>", line 883, in exec_module
  File "<frozen importlib._bootstrap>", line 241, in _call_with_frames_removed
  File "/opt/airflow/dags/main.py", line 89, in <module>
    from dwh import staging_table, core_table
ModuleNotFoundError: No module named 'dwh'
[2026-05-15T13:17:12.386+0000] {processor.py:842} WARNING - No viable dags retrieved from /opt/airflow/dags/main.py
[2026-05-15T13:17:12.443+0000] {processor.py:183} INFO - Processing /opt/airflow/dags/main.py took 0.211 seconds
[2026-05-15T13:17:42.922+0000] {processor.py:161} INFO - Started process (PID=775) to work on /opt/airflow/dags/main.py
[2026-05-15T13:17:42.924+0000] {processor.py:830} INFO - Processing file /opt/airflow/dags/main.py for tasks to queue
[2026-05-15T13:17:42.926+0000] {logging_mixin.py:188} INFO - [2026-05-15T13:17:42.926+0000] {dagbag.py:545} INFO - Filling up the DagBag from /opt/airflow/dags/main.py
[2026-05-15T13:17:43.054+0000] {logging_mixin.py:188} INFO - [2026-05-15T13:17:43.043+0000] {dagbag.py:355} ERROR - Failed to import: /opt/airflow/dags/main.py
Traceback (most recent call last):
  File "/home/airflow/.local/lib/python3.10/site-packages/airflow/models/dagbag.py", line 351, in parse
    loader.exec_module(new_module)
  File "<frozen importlib._bootstrap_external>", line 883, in exec_module
  File "<frozen importlib._bootstrap>", line 241, in _call_with_frames_removed
  File "/opt/airflow/dags/main.py", line 89, in <module>
    from dwh import staging_table, core_table
ModuleNotFoundError: No module named 'dwh'
[2026-05-15T13:17:43.057+0000] {processor.py:842} WARNING - No viable dags retrieved from /opt/airflow/dags/main.py
[2026-05-15T13:17:43.095+0000] {processor.py:183} INFO - Processing /opt/airflow/dags/main.py took 0.185 seconds
[2026-05-15T13:18:13.259+0000] {processor.py:161} INFO - Started process (PID=782) to work on /opt/airflow/dags/main.py
[2026-05-15T13:18:13.262+0000] {processor.py:830} INFO - Processing file /opt/airflow/dags/main.py for tasks to queue
[2026-05-15T13:18:13.264+0000] {logging_mixin.py:188} INFO - [2026-05-15T13:18:13.264+0000] {dagbag.py:545} INFO - Filling up the DagBag from /opt/airflow/dags/main.py
[2026-05-15T13:18:13.384+0000] {logging_mixin.py:188} INFO - [2026-05-15T13:18:13.376+0000] {dagbag.py:355} ERROR - Failed to import: /opt/airflow/dags/main.py
Traceback (most recent call last):
  File "/home/airflow/.local/lib/python3.10/site-packages/airflow/models/dagbag.py", line 351, in parse
    loader.exec_module(new_module)
  File "<frozen importlib._bootstrap_external>", line 883, in exec_module
  File "<frozen importlib._bootstrap>", line 241, in _call_with_frames_removed
  File "/opt/airflow/dags/main.py", line 89, in <module>
    from dwh import staging_table, core_table
ModuleNotFoundError: No module named 'dwh'
[2026-05-15T13:18:13.386+0000] {processor.py:842} WARNING - No viable dags retrieved from /opt/airflow/dags/main.py
[2026-05-15T13:18:13.423+0000] {processor.py:183} INFO - Processing /opt/airflow/dags/main.py took 0.177 seconds
[2026-05-15T13:18:43.683+0000] {processor.py:161} INFO - Started process (PID=789) to work on /opt/airflow/dags/main.py
[2026-05-15T13:18:43.686+0000] {processor.py:830} INFO - Processing file /opt/airflow/dags/main.py for tasks to queue
[2026-05-15T13:18:43.688+0000] {logging_mixin.py:188} INFO - [2026-05-15T13:18:43.687+0000] {dagbag.py:545} INFO - Filling up the DagBag from /opt/airflow/dags/main.py
[2026-05-15T13:18:43.851+0000] {logging_mixin.py:188} INFO - [2026-05-15T13:18:43.843+0000] {dagbag.py:355} ERROR - Failed to import: /opt/airflow/dags/main.py
Traceback (most recent call last):
  File "/home/airflow/.local/lib/python3.10/site-packages/airflow/models/dagbag.py", line 351, in parse
    loader.exec_module(new_module)
  File "<frozen importlib._bootstrap_external>", line 883, in exec_module
  File "<frozen importlib._bootstrap>", line 241, in _call_with_frames_removed
  File "/opt/airflow/dags/main.py", line 89, in <module>
    from dwh import staging_table, core_table
ModuleNotFoundError: No module named 'dwh'
[2026-05-15T13:18:43.853+0000] {processor.py:842} WARNING - No viable dags retrieved from /opt/airflow/dags/main.py
[2026-05-15T13:18:43.921+0000] {processor.py:183} INFO - Processing /opt/airflow/dags/main.py took 0.250 seconds
[2026-05-15T13:19:14.275+0000] {processor.py:161} INFO - Started process (PID=795) to work on /opt/airflow/dags/main.py
[2026-05-15T13:19:14.278+0000] {processor.py:830} INFO - Processing file /opt/airflow/dags/main.py for tasks to queue
[2026-05-15T13:19:14.280+0000] {logging_mixin.py:188} INFO - [2026-05-15T13:19:14.280+0000] {dagbag.py:545} INFO - Filling up the DagBag from /opt/airflow/dags/main.py
[2026-05-15T13:19:14.386+0000] {logging_mixin.py:188} INFO - [2026-05-15T13:19:14.379+0000] {dagbag.py:355} ERROR - Failed to import: /opt/airflow/dags/main.py
Traceback (most recent call last):
  File "/home/airflow/.local/lib/python3.10/site-packages/airflow/models/dagbag.py", line 351, in parse
    loader.exec_module(new_module)
  File "<frozen importlib._bootstrap_external>", line 883, in exec_module
  File "<frozen importlib._bootstrap>", line 241, in _call_with_frames_removed
  File "/opt/airflow/dags/main.py", line 89, in <module>
    from dwh import staging_table, core_table
ModuleNotFoundError: No module named 'dwh'
[2026-05-15T13:19:14.389+0000] {processor.py:842} WARNING - No viable dags retrieved from /opt/airflow/dags/main.py
[2026-05-15T13:19:14.429+0000] {processor.py:183} INFO - Processing /opt/airflow/dags/main.py took 0.172 seconds
[2026-05-15T13:19:44.538+0000] {processor.py:161} INFO - Started process (PID=802) to work on /opt/airflow/dags/main.py
[2026-05-15T13:19:44.540+0000] {processor.py:830} INFO - Processing file /opt/airflow/dags/main.py for tasks to queue
[2026-05-15T13:19:44.543+0000] {logging_mixin.py:188} INFO - [2026-05-15T13:19:44.542+0000] {dagbag.py:545} INFO - Filling up the DagBag from /opt/airflow/dags/main.py
[2026-05-15T13:19:44.664+0000] {logging_mixin.py:188} INFO - [2026-05-15T13:19:44.657+0000] {dagbag.py:355} ERROR - Failed to import: /opt/airflow/dags/main.py
Traceback (most recent call last):
  File "/home/airflow/.local/lib/python3.10/site-packages/airflow/models/dagbag.py", line 351, in parse
    loader.exec_module(new_module)
  File "<frozen importlib._bootstrap_external>", line 883, in exec_module
  File "<frozen importlib._bootstrap>", line 241, in _call_with_frames_removed
  File "/opt/airflow/dags/main.py", line 89, in <module>
    from dwh import staging_table, core_table
ModuleNotFoundError: No module named 'dwh'
[2026-05-15T13:19:44.667+0000] {processor.py:842} WARNING - No viable dags retrieved from /opt/airflow/dags/main.py
[2026-05-15T13:19:44.716+0000] {processor.py:183} INFO - Processing /opt/airflow/dags/main.py took 0.191 seconds
[2026-05-15T13:20:15.035+0000] {processor.py:161} INFO - Started process (PID=809) to work on /opt/airflow/dags/main.py
[2026-05-15T13:20:15.038+0000] {processor.py:830} INFO - Processing file /opt/airflow/dags/main.py for tasks to queue
[2026-05-15T13:20:15.046+0000] {logging_mixin.py:188} INFO - [2026-05-15T13:20:15.045+0000] {dagbag.py:545} INFO - Filling up the DagBag from /opt/airflow/dags/main.py
[2026-05-15T13:20:15.362+0000] {logging_mixin.py:188} INFO - [2026-05-15T13:20:15.339+0000] {dagbag.py:355} ERROR - Failed to import: /opt/airflow/dags/main.py
Traceback (most recent call last):
  File "/home/airflow/.local/lib/python3.10/site-packages/airflow/models/dagbag.py", line 351, in parse
    loader.exec_module(new_module)
  File "<frozen importlib._bootstrap_external>", line 883, in exec_module
  File "<frozen importlib._bootstrap>", line 241, in _call_with_frames_removed
  File "/opt/airflow/dags/main.py", line 89, in <module>
    from dwh import staging_table, core_table
ModuleNotFoundError: No module named 'dwh'
[2026-05-15T13:20:15.368+0000] {processor.py:842} WARNING - No viable dags retrieved from /opt/airflow/dags/main.py
[2026-05-15T13:20:15.443+0000] {processor.py:183} INFO - Processing /opt/airflow/dags/main.py took 0.437 seconds
[2026-05-15T13:20:45.857+0000] {processor.py:161} INFO - Started process (PID=816) to work on /opt/airflow/dags/main.py
[2026-05-15T13:20:45.859+0000] {processor.py:830} INFO - Processing file /opt/airflow/dags/main.py for tasks to queue
[2026-05-15T13:20:45.862+0000] {logging_mixin.py:188} INFO - [2026-05-15T13:20:45.861+0000] {dagbag.py:545} INFO - Filling up the DagBag from /opt/airflow/dags/main.py
[2026-05-15T13:20:45.996+0000] {logging_mixin.py:188} INFO - [2026-05-15T13:20:45.987+0000] {dagbag.py:355} ERROR - Failed to import: /opt/airflow/dags/main.py
Traceback (most recent call last):
  File "/home/airflow/.local/lib/python3.10/site-packages/airflow/models/dagbag.py", line 351, in parse
    loader.exec_module(new_module)
  File "<frozen importlib._bootstrap_external>", line 883, in exec_module
  File "<frozen importlib._bootstrap>", line 241, in _call_with_frames_removed
  File "/opt/airflow/dags/main.py", line 89, in <module>
    from dwh import staging_table, core_table
ModuleNotFoundError: No module named 'dwh'
[2026-05-15T13:20:46.000+0000] {processor.py:842} WARNING - No viable dags retrieved from /opt/airflow/dags/main.py
[2026-05-15T13:20:46.049+0000] {processor.py:183} INFO - Processing /opt/airflow/dags/main.py took 0.213 seconds
[2026-05-15T13:21:16.150+0000] {processor.py:161} INFO - Started process (PID=823) to work on /opt/airflow/dags/main.py
[2026-05-15T13:21:16.152+0000] {processor.py:830} INFO - Processing file /opt/airflow/dags/main.py for tasks to queue
[2026-05-15T13:21:16.155+0000] {logging_mixin.py:188} INFO - [2026-05-15T13:21:16.154+0000] {dagbag.py:545} INFO - Filling up the DagBag from /opt/airflow/dags/main.py
[2026-05-15T13:21:16.326+0000] {logging_mixin.py:188} INFO - [2026-05-15T13:21:16.319+0000] {dagbag.py:355} ERROR - Failed to import: /opt/airflow/dags/main.py
Traceback (most recent call last):
  File "/home/airflow/.local/lib/python3.10/site-packages/airflow/models/dagbag.py", line 351, in parse
    loader.exec_module(new_module)
  File "<frozen importlib._bootstrap_external>", line 883, in exec_module
  File "<frozen importlib._bootstrap>", line 241, in _call_with_frames_removed
  File "/opt/airflow/dags/main.py", line 89, in <module>
    from dwh import staging_table, core_table
ModuleNotFoundError: No module named 'dwh'
[2026-05-15T13:21:16.329+0000] {processor.py:842} WARNING - No viable dags retrieved from /opt/airflow/dags/main.py
[2026-05-15T13:21:16.368+0000] {processor.py:183} INFO - Processing /opt/airflow/dags/main.py took 0.231 seconds
[2026-05-15T13:21:46.675+0000] {processor.py:161} INFO - Started process (PID=830) to work on /opt/airflow/dags/main.py
[2026-05-15T13:21:46.677+0000] {processor.py:830} INFO - Processing file /opt/airflow/dags/main.py for tasks to queue
[2026-05-15T13:21:46.680+0000] {logging_mixin.py:188} INFO - [2026-05-15T13:21:46.679+0000] {dagbag.py:545} INFO - Filling up the DagBag from /opt/airflow/dags/main.py
[2026-05-15T13:21:46.809+0000] {logging_mixin.py:188} INFO - [2026-05-15T13:21:46.798+0000] {dagbag.py:355} ERROR - Failed to import: /opt/airflow/dags/main.py
Traceback (most recent call last):
  File "/home/airflow/.local/lib/python3.10/site-packages/airflow/models/dagbag.py", line 351, in parse
    loader.exec_module(new_module)
  File "<frozen importlib._bootstrap_external>", line 883, in exec_module
  File "<frozen importlib._bootstrap>", line 241, in _call_with_frames_removed
  File "/opt/airflow/dags/main.py", line 89, in <module>
    from dwh import staging_table, core_table
ModuleNotFoundError: No module named 'dwh'
[2026-05-15T13:21:46.812+0000] {processor.py:842} WARNING - No viable dags retrieved from /opt/airflow/dags/main.py
[2026-05-15T13:21:46.849+0000] {processor.py:183} INFO - Processing /opt/airflow/dags/main.py took 0.186 seconds
[2026-05-15T13:22:17.029+0000] {processor.py:161} INFO - Started process (PID=837) to work on /opt/airflow/dags/main.py
[2026-05-15T13:22:17.032+0000] {processor.py:830} INFO - Processing file /opt/airflow/dags/main.py for tasks to queue
[2026-05-15T13:22:17.034+0000] {logging_mixin.py:188} INFO - [2026-05-15T13:22:17.033+0000] {dagbag.py:545} INFO - Filling up the DagBag from /opt/airflow/dags/main.py
[2026-05-15T13:22:17.167+0000] {logging_mixin.py:188} INFO - [2026-05-15T13:22:17.158+0000] {dagbag.py:355} ERROR - Failed to import: /opt/airflow/dags/main.py
Traceback (most recent call last):
  File "/home/airflow/.local/lib/python3.10/site-packages/airflow/models/dagbag.py", line 351, in parse
    loader.exec_module(new_module)
  File "<frozen importlib._bootstrap_external>", line 883, in exec_module
  File "<frozen importlib._bootstrap>", line 241, in _call_with_frames_removed
  File "/opt/airflow/dags/main.py", line 89, in <module>
    from dwh import staging_table, core_table
ModuleNotFoundError: No module named 'dwh'
[2026-05-15T13:22:17.171+0000] {processor.py:842} WARNING - No viable dags retrieved from /opt/airflow/dags/main.py
[2026-05-15T13:22:17.210+0000] {processor.py:183} INFO - Processing /opt/airflow/dags/main.py took 0.193 seconds
[2026-05-15T13:22:47.914+0000] {processor.py:161} INFO - Started process (PID=844) to work on /opt/airflow/dags/main.py
[2026-05-15T13:22:47.917+0000] {processor.py:830} INFO - Processing file /opt/airflow/dags/main.py for tasks to queue
[2026-05-15T13:22:47.919+0000] {logging_mixin.py:188} INFO - [2026-05-15T13:22:47.918+0000] {dagbag.py:545} INFO - Filling up the DagBag from /opt/airflow/dags/main.py
[2026-05-15T13:22:48.036+0000] {logging_mixin.py:188} INFO - [2026-05-15T13:22:48.028+0000] {dagbag.py:355} ERROR - Failed to import: /opt/airflow/dags/main.py
Traceback (most recent call last):
  File "/home/airflow/.local/lib/python3.10/site-packages/airflow/models/dagbag.py", line 351, in parse
    loader.exec_module(new_module)
  File "<frozen importlib._bootstrap_external>", line 883, in exec_module
  File "<frozen importlib._bootstrap>", line 241, in _call_with_frames_removed
  File "/opt/airflow/dags/main.py", line 89, in <module>
    from dwh import staging_table, core_table
ModuleNotFoundError: No module named 'dwh'
[2026-05-15T13:22:48.039+0000] {processor.py:842} WARNING - No viable dags retrieved from /opt/airflow/dags/main.py
[2026-05-15T13:22:48.082+0000] {processor.py:183} INFO - Processing /opt/airflow/dags/main.py took 0.180 seconds
[2026-05-15T13:23:18.188+0000] {processor.py:161} INFO - Started process (PID=851) to work on /opt/airflow/dags/main.py
[2026-05-15T13:23:18.190+0000] {processor.py:830} INFO - Processing file /opt/airflow/dags/main.py for tasks to queue
[2026-05-15T13:23:18.193+0000] {logging_mixin.py:188} INFO - [2026-05-15T13:23:18.192+0000] {dagbag.py:545} INFO - Filling up the DagBag from /opt/airflow/dags/main.py
[2026-05-15T13:23:18.309+0000] {logging_mixin.py:188} INFO - [2026-05-15T13:23:18.303+0000] {dagbag.py:355} ERROR - Failed to import: /opt/airflow/dags/main.py
Traceback (most recent call last):
  File "/home/airflow/.local/lib/python3.10/site-packages/airflow/models/dagbag.py", line 351, in parse
    loader.exec_module(new_module)
  File "<frozen importlib._bootstrap_external>", line 883, in exec_module
  File "<frozen importlib._bootstrap>", line 241, in _call_with_frames_removed
  File "/opt/airflow/dags/main.py", line 89, in <module>
    from dwh import staging_table, core_table
ModuleNotFoundError: No module named 'dwh'
[2026-05-15T13:23:18.311+0000] {processor.py:842} WARNING - No viable dags retrieved from /opt/airflow/dags/main.py
[2026-05-15T13:23:18.364+0000] {processor.py:183} INFO - Processing /opt/airflow/dags/main.py took 0.191 seconds
[2026-05-15T13:23:48.781+0000] {processor.py:161} INFO - Started process (PID=859) to work on /opt/airflow/dags/main.py
[2026-05-15T13:23:48.783+0000] {processor.py:830} INFO - Processing file /opt/airflow/dags/main.py for tasks to queue
[2026-05-15T13:23:48.785+0000] {logging_mixin.py:188} INFO - [2026-05-15T13:23:48.785+0000] {dagbag.py:545} INFO - Filling up the DagBag from /opt/airflow/dags/main.py
[2026-05-15T13:23:48.917+0000] {logging_mixin.py:188} INFO - [2026-05-15T13:23:48.907+0000] {dagbag.py:355} ERROR - Failed to import: /opt/airflow/dags/main.py
Traceback (most recent call last):
  File "/home/airflow/.local/lib/python3.10/site-packages/airflow/models/dagbag.py", line 351, in parse
    loader.exec_module(new_module)
  File "<frozen importlib._bootstrap_external>", line 883, in exec_module
  File "<frozen importlib._bootstrap>", line 241, in _call_with_frames_removed
  File "/opt/airflow/dags/main.py", line 89, in <module>
    from dwh import staging_table, core_table
ModuleNotFoundError: No module named 'dwh'
[2026-05-15T13:23:48.920+0000] {processor.py:842} WARNING - No viable dags retrieved from /opt/airflow/dags/main.py
[2026-05-15T13:23:48.962+0000] {processor.py:183} INFO - Processing /opt/airflow/dags/main.py took 0.196 seconds
[2026-05-15T13:24:19.105+0000] {processor.py:161} INFO - Started process (PID=866) to work on /opt/airflow/dags/main.py
[2026-05-15T13:24:19.108+0000] {processor.py:830} INFO - Processing file /opt/airflow/dags/main.py for tasks to queue
[2026-05-15T13:24:19.111+0000] {logging_mixin.py:188} INFO - [2026-05-15T13:24:19.110+0000] {dagbag.py:545} INFO - Filling up the DagBag from /opt/airflow/dags/main.py
[2026-05-15T13:24:19.263+0000] {logging_mixin.py:188} INFO - [2026-05-15T13:24:19.256+0000] {dagbag.py:355} ERROR - Failed to import: /opt/airflow/dags/main.py
Traceback (most recent call last):
  File "/home/airflow/.local/lib/python3.10/site-packages/airflow/models/dagbag.py", line 351, in parse
    loader.exec_module(new_module)
  File "<frozen importlib._bootstrap_external>", line 883, in exec_module
  File "<frozen importlib._bootstrap>", line 241, in _call_with_frames_removed
  File "/opt/airflow/dags/main.py", line 89, in <module>
    from dwh import staging_table, core_table
ModuleNotFoundError: No module named 'dwh'
[2026-05-15T13:24:19.266+0000] {processor.py:842} WARNING - No viable dags retrieved from /opt/airflow/dags/main.py
[2026-05-15T13:24:19.316+0000] {processor.py:183} INFO - Processing /opt/airflow/dags/main.py took 0.229 seconds
[2026-05-15T13:24:49.584+0000] {processor.py:161} INFO - Started process (PID=873) to work on /opt/airflow/dags/main.py
[2026-05-15T13:24:49.587+0000] {processor.py:830} INFO - Processing file /opt/airflow/dags/main.py for tasks to queue
[2026-05-15T13:24:49.591+0000] {logging_mixin.py:188} INFO - [2026-05-15T13:24:49.590+0000] {dagbag.py:545} INFO - Filling up the DagBag from /opt/airflow/dags/main.py
[2026-05-15T13:24:49.761+0000] {logging_mixin.py:188} INFO - [2026-05-15T13:24:49.754+0000] {dagbag.py:355} ERROR - Failed to import: /opt/airflow/dags/main.py
Traceback (most recent call last):
  File "/home/airflow/.local/lib/python3.10/site-packages/airflow/models/dagbag.py", line 351, in parse
    loader.exec_module(new_module)
  File "<frozen importlib._bootstrap_external>", line 883, in exec_module
  File "<frozen importlib._bootstrap>", line 241, in _call_with_frames_removed
  File "/opt/airflow/dags/main.py", line 89, in <module>
    from dwh import staging_table, core_table
ModuleNotFoundError: No module named 'dwh'
[2026-05-15T13:24:49.763+0000] {processor.py:842} WARNING - No viable dags retrieved from /opt/airflow/dags/main.py
[2026-05-15T13:24:49.798+0000] {processor.py:183} INFO - Processing /opt/airflow/dags/main.py took 0.228 seconds
[2026-05-15T13:25:20.221+0000] {processor.py:161} INFO - Started process (PID=880) to work on /opt/airflow/dags/main.py
[2026-05-15T13:25:20.228+0000] {processor.py:830} INFO - Processing file /opt/airflow/dags/main.py for tasks to queue
[2026-05-15T13:25:20.231+0000] {logging_mixin.py:188} INFO - [2026-05-15T13:25:20.230+0000] {dagbag.py:545} INFO - Filling up the DagBag from /opt/airflow/dags/main.py
[2026-05-15T13:25:20.364+0000] {logging_mixin.py:188} INFO - [2026-05-15T13:25:20.353+0000] {dagbag.py:355} ERROR - Failed to import: /opt/airflow/dags/main.py
Traceback (most recent call last):
  File "/home/airflow/.local/lib/python3.10/site-packages/airflow/models/dagbag.py", line 351, in parse
    loader.exec_module(new_module)
  File "<frozen importlib._bootstrap_external>", line 883, in exec_module
  File "<frozen importlib._bootstrap>", line 241, in _call_with_frames_removed
  File "/opt/airflow/dags/main.py", line 89, in <module>
    from dwh import staging_table, core_table
ModuleNotFoundError: No module named 'dwh'
[2026-05-15T13:25:20.367+0000] {processor.py:842} WARNING - No viable dags retrieved from /opt/airflow/dags/main.py
[2026-05-15T13:25:20.405+0000] {processor.py:183} INFO - Processing /opt/airflow/dags/main.py took 0.198 seconds
[2026-05-15T13:25:51.081+0000] {processor.py:161} INFO - Started process (PID=886) to work on /opt/airflow/dags/main.py
[2026-05-15T13:25:51.084+0000] {processor.py:830} INFO - Processing file /opt/airflow/dags/main.py for tasks to queue
[2026-05-15T13:25:51.086+0000] {logging_mixin.py:188} INFO - [2026-05-15T13:25:51.085+0000] {dagbag.py:545} INFO - Filling up the DagBag from /opt/airflow/dags/main.py
[2026-05-15T13:25:51.214+0000] {logging_mixin.py:188} INFO - [2026-05-15T13:25:51.204+0000] {dagbag.py:355} ERROR - Failed to import: /opt/airflow/dags/main.py
Traceback (most recent call last):
  File "/home/airflow/.local/lib/python3.10/site-packages/airflow/models/dagbag.py", line 351, in parse
    loader.exec_module(new_module)
  File "<frozen importlib._bootstrap_external>", line 883, in exec_module
  File "<frozen importlib._bootstrap>", line 241, in _call_with_frames_removed
  File "/opt/airflow/dags/main.py", line 89, in <module>
    from dwh import staging_table, core_table
ModuleNotFoundError: No module named 'dwh'
[2026-05-15T13:25:51.217+0000] {processor.py:842} WARNING - No viable dags retrieved from /opt/airflow/dags/main.py
[2026-05-15T13:25:51.255+0000] {processor.py:183} INFO - Processing /opt/airflow/dags/main.py took 0.188 seconds
[2026-05-15T13:26:22.051+0000] {processor.py:161} INFO - Started process (PID=893) to work on /opt/airflow/dags/main.py
[2026-05-15T13:26:22.054+0000] {processor.py:830} INFO - Processing file /opt/airflow/dags/main.py for tasks to queue
[2026-05-15T13:26:22.056+0000] {logging_mixin.py:188} INFO - [2026-05-15T13:26:22.056+0000] {dagbag.py:545} INFO - Filling up the DagBag from /opt/airflow/dags/main.py
[2026-05-15T13:26:22.342+0000] {logging_mixin.py:188} INFO - [2026-05-15T13:26:22.319+0000] {dagbag.py:355} ERROR - Failed to import: /opt/airflow/dags/main.py
Traceback (most recent call last):
  File "/home/airflow/.local/lib/python3.10/site-packages/airflow/models/dagbag.py", line 351, in parse
    loader.exec_module(new_module)
  File "<frozen importlib._bootstrap_external>", line 883, in exec_module
  File "<frozen importlib._bootstrap>", line 241, in _call_with_frames_removed
  File "/opt/airflow/dags/main.py", line 89, in <module>
    from dwh import staging_table, core_table
ModuleNotFoundError: No module named 'dwh'
[2026-05-15T13:26:22.350+0000] {processor.py:842} WARNING - No viable dags retrieved from /opt/airflow/dags/main.py
[2026-05-15T13:26:22.439+0000] {processor.py:183} INFO - Processing /opt/airflow/dags/main.py took 0.480 seconds
[2026-05-15T13:26:52.922+0000] {processor.py:161} INFO - Started process (PID=900) to work on /opt/airflow/dags/main.py
[2026-05-15T13:26:52.924+0000] {processor.py:830} INFO - Processing file /opt/airflow/dags/main.py for tasks to queue
[2026-05-15T13:26:52.928+0000] {logging_mixin.py:188} INFO - [2026-05-15T13:26:52.927+0000] {dagbag.py:545} INFO - Filling up the DagBag from /opt/airflow/dags/main.py
[2026-05-15T13:26:53.094+0000] {logging_mixin.py:188} INFO - [2026-05-15T13:26:53.068+0000] {dagbag.py:355} ERROR - Failed to import: /opt/airflow/dags/main.py
Traceback (most recent call last):
  File "/home/airflow/.local/lib/python3.10/site-packages/airflow/models/dagbag.py", line 351, in parse
    loader.exec_module(new_module)
  File "<frozen importlib._bootstrap_external>", line 883, in exec_module
  File "<frozen importlib._bootstrap>", line 241, in _call_with_frames_removed
  File "/opt/airflow/dags/main.py", line 89, in <module>
    from dwh import staging_table, core_table
ModuleNotFoundError: No module named 'dwh'
[2026-05-15T13:26:53.098+0000] {processor.py:842} WARNING - No viable dags retrieved from /opt/airflow/dags/main.py
[2026-05-15T13:26:53.165+0000] {processor.py:183} INFO - Processing /opt/airflow/dags/main.py took 0.256 seconds
[2026-05-15T13:27:23.352+0000] {processor.py:161} INFO - Started process (PID=907) to work on /opt/airflow/dags/main.py
[2026-05-15T13:27:23.355+0000] {processor.py:830} INFO - Processing file /opt/airflow/dags/main.py for tasks to queue
[2026-05-15T13:27:23.359+0000] {logging_mixin.py:188} INFO - [2026-05-15T13:27:23.358+0000] {dagbag.py:545} INFO - Filling up the DagBag from /opt/airflow/dags/main.py
[2026-05-15T13:27:23.523+0000] {logging_mixin.py:188} INFO - [2026-05-15T13:27:23.514+0000] {dagbag.py:355} ERROR - Failed to import: /opt/airflow/dags/main.py
Traceback (most recent call last):
  File "/home/airflow/.local/lib/python3.10/site-packages/airflow/models/dagbag.py", line 351, in parse
    loader.exec_module(new_module)
  File "<frozen importlib._bootstrap_external>", line 883, in exec_module
  File "<frozen importlib._bootstrap>", line 241, in _call_with_frames_removed
  File "/opt/airflow/dags/main.py", line 89, in <module>
    from dwh import staging_table, core_table
ModuleNotFoundError: No module named 'dwh'
[2026-05-15T13:27:23.526+0000] {processor.py:842} WARNING - No viable dags retrieved from /opt/airflow/dags/main.py
[2026-05-15T13:27:23.566+0000] {processor.py:183} INFO - Processing /opt/airflow/dags/main.py took 0.232 seconds
[2026-05-15T13:27:54.681+0000] {processor.py:161} INFO - Started process (PID=914) to work on /opt/airflow/dags/main.py
[2026-05-15T13:27:54.684+0000] {processor.py:830} INFO - Processing file /opt/airflow/dags/main.py for tasks to queue
[2026-05-15T13:27:54.687+0000] {logging_mixin.py:188} INFO - [2026-05-15T13:27:54.686+0000] {dagbag.py:545} INFO - Filling up the DagBag from /opt/airflow/dags/main.py
[2026-05-15T13:27:54.850+0000] {logging_mixin.py:188} INFO - [2026-05-15T13:27:54.843+0000] {dagbag.py:355} ERROR - Failed to import: /opt/airflow/dags/main.py
Traceback (most recent call last):
  File "/home/airflow/.local/lib/python3.10/site-packages/airflow/models/dagbag.py", line 351, in parse
    loader.exec_module(new_module)
  File "<frozen importlib._bootstrap_external>", line 883, in exec_module
  File "<frozen importlib._bootstrap>", line 241, in _call_with_frames_removed
  File "/opt/airflow/dags/main.py", line 89, in <module>
    from dwh import staging_table, core_table
ModuleNotFoundError: No module named 'dwh'
[2026-05-15T13:27:54.852+0000] {processor.py:842} WARNING - No viable dags retrieved from /opt/airflow/dags/main.py
[2026-05-15T13:27:54.887+0000] {processor.py:183} INFO - Processing /opt/airflow/dags/main.py took 0.229 seconds
[2026-05-15T13:28:25.242+0000] {processor.py:161} INFO - Started process (PID=921) to work on /opt/airflow/dags/main.py
[2026-05-15T13:28:25.244+0000] {processor.py:830} INFO - Processing file /opt/airflow/dags/main.py for tasks to queue
[2026-05-15T13:28:25.248+0000] {logging_mixin.py:188} INFO - [2026-05-15T13:28:25.247+0000] {dagbag.py:545} INFO - Filling up the DagBag from /opt/airflow/dags/main.py
[2026-05-15T13:28:25.406+0000] {logging_mixin.py:188} INFO - [2026-05-15T13:28:25.401+0000] {dagbag.py:355} ERROR - Failed to import: /opt/airflow/dags/main.py
Traceback (most recent call last):
  File "/home/airflow/.local/lib/python3.10/site-packages/airflow/models/dagbag.py", line 351, in parse
    loader.exec_module(new_module)
  File "<frozen importlib._bootstrap_external>", line 883, in exec_module
  File "<frozen importlib._bootstrap>", line 241, in _call_with_frames_removed
  File "/opt/airflow/dags/main.py", line 89, in <module>
    from dwh import staging_table, core_table
ModuleNotFoundError: No module named 'dwh'
[2026-05-15T13:28:25.408+0000] {processor.py:842} WARNING - No viable dags retrieved from /opt/airflow/dags/main.py
[2026-05-15T13:28:25.444+0000] {processor.py:183} INFO - Processing /opt/airflow/dags/main.py took 0.218 seconds
[2026-05-15T13:28:55.977+0000] {processor.py:161} INFO - Started process (PID=928) to work on /opt/airflow/dags/main.py
[2026-05-15T13:28:55.981+0000] {processor.py:830} INFO - Processing file /opt/airflow/dags/main.py for tasks to queue
[2026-05-15T13:28:55.998+0000] {logging_mixin.py:188} INFO - [2026-05-15T13:28:55.987+0000] {dagbag.py:545} INFO - Filling up the DagBag from /opt/airflow/dags/main.py
[2026-05-15T13:28:56.356+0000] {logging_mixin.py:188} INFO - [2026-05-15T13:28:56.291+0000] {dagbag.py:355} ERROR - Failed to import: /opt/airflow/dags/main.py
Traceback (most recent call last):
  File "/home/airflow/.local/lib/python3.10/site-packages/airflow/models/dagbag.py", line 351, in parse
    loader.exec_module(new_module)
  File "<frozen importlib._bootstrap_external>", line 883, in exec_module
  File "<frozen importlib._bootstrap>", line 241, in _call_with_frames_removed
  File "/opt/airflow/dags/main.py", line 89, in <module>
    from dwh import staging_table, core_table
ModuleNotFoundError: No module named 'dwh'
[2026-05-15T13:28:56.367+0000] {processor.py:842} WARNING - No viable dags retrieved from /opt/airflow/dags/main.py
[2026-05-15T13:28:56.488+0000] {processor.py:183} INFO - Processing /opt/airflow/dags/main.py took 0.559 seconds
[2026-05-15T13:29:27.272+0000] {processor.py:161} INFO - Started process (PID=935) to work on /opt/airflow/dags/main.py
[2026-05-15T13:29:27.294+0000] {processor.py:830} INFO - Processing file /opt/airflow/dags/main.py for tasks to queue
[2026-05-15T13:29:27.297+0000] {logging_mixin.py:188} INFO - [2026-05-15T13:29:27.297+0000] {dagbag.py:545} INFO - Filling up the DagBag from /opt/airflow/dags/main.py
[2026-05-15T13:29:27.496+0000] {logging_mixin.py:188} INFO - [2026-05-15T13:29:27.486+0000] {dagbag.py:355} ERROR - Failed to import: /opt/airflow/dags/main.py
Traceback (most recent call last):
  File "/home/airflow/.local/lib/python3.10/site-packages/airflow/models/dagbag.py", line 351, in parse
    loader.exec_module(new_module)
  File "<frozen importlib._bootstrap_external>", line 883, in exec_module
  File "<frozen importlib._bootstrap>", line 241, in _call_with_frames_removed
  File "/opt/airflow/dags/main.py", line 89, in <module>
    from dwh import staging_table, core_table
ModuleNotFoundError: No module named 'dwh'
[2026-05-15T13:29:27.512+0000] {processor.py:842} WARNING - No viable dags retrieved from /opt/airflow/dags/main.py
[2026-05-15T13:29:27.871+0000] {processor.py:183} INFO - Processing /opt/airflow/dags/main.py took 0.637 seconds
[2026-05-15T13:29:58.631+0000] {processor.py:161} INFO - Started process (PID=942) to work on /opt/airflow/dags/main.py
[2026-05-15T13:29:58.638+0000] {processor.py:830} INFO - Processing file /opt/airflow/dags/main.py for tasks to queue
[2026-05-15T13:29:58.643+0000] {logging_mixin.py:188} INFO - [2026-05-15T13:29:58.642+0000] {dagbag.py:545} INFO - Filling up the DagBag from /opt/airflow/dags/main.py
[2026-05-15T13:29:58.839+0000] {logging_mixin.py:188} INFO - [2026-05-15T13:29:58.823+0000] {dagbag.py:355} ERROR - Failed to import: /opt/airflow/dags/main.py
Traceback (most recent call last):
  File "/home/airflow/.local/lib/python3.10/site-packages/airflow/models/dagbag.py", line 351, in parse
    loader.exec_module(new_module)
  File "<frozen importlib._bootstrap_external>", line 883, in exec_module
  File "<frozen importlib._bootstrap>", line 241, in _call_with_frames_removed
  File "/opt/airflow/dags/main.py", line 89, in <module>
    from dwh import staging_table, core_table
ModuleNotFoundError: No module named 'dwh'
[2026-05-15T13:29:58.842+0000] {processor.py:842} WARNING - No viable dags retrieved from /opt/airflow/dags/main.py
[2026-05-15T13:29:58.900+0000] {processor.py:183} INFO - Processing /opt/airflow/dags/main.py took 0.297 seconds
[2026-05-15T13:30:29.298+0000] {processor.py:161} INFO - Started process (PID=949) to work on /opt/airflow/dags/main.py
[2026-05-15T13:30:29.301+0000] {processor.py:830} INFO - Processing file /opt/airflow/dags/main.py for tasks to queue
[2026-05-15T13:30:29.303+0000] {logging_mixin.py:188} INFO - [2026-05-15T13:30:29.302+0000] {dagbag.py:545} INFO - Filling up the DagBag from /opt/airflow/dags/main.py
[2026-05-15T13:30:29.419+0000] {logging_mixin.py:188} INFO - [2026-05-15T13:30:29.412+0000] {dagbag.py:355} ERROR - Failed to import: /opt/airflow/dags/main.py
Traceback (most recent call last):
  File "/home/airflow/.local/lib/python3.10/site-packages/airflow/models/dagbag.py", line 351, in parse
    loader.exec_module(new_module)
  File "<frozen importlib._bootstrap_external>", line 883, in exec_module
  File "<frozen importlib._bootstrap>", line 241, in _call_with_frames_removed
  File "/opt/airflow/dags/main.py", line 89, in <module>
    from dwh import staging_table, core_table
ModuleNotFoundError: No module named 'dwh'
[2026-05-15T13:30:29.422+0000] {processor.py:842} WARNING - No viable dags retrieved from /opt/airflow/dags/main.py
[2026-05-15T13:30:29.463+0000] {processor.py:183} INFO - Processing /opt/airflow/dags/main.py took 0.179 seconds
[2026-05-15T13:30:59.653+0000] {processor.py:161} INFO - Started process (PID=956) to work on /opt/airflow/dags/main.py
[2026-05-15T13:30:59.655+0000] {processor.py:830} INFO - Processing file /opt/airflow/dags/main.py for tasks to queue
[2026-05-15T13:30:59.658+0000] {logging_mixin.py:188} INFO - [2026-05-15T13:30:59.657+0000] {dagbag.py:545} INFO - Filling up the DagBag from /opt/airflow/dags/main.py
[2026-05-15T13:30:59.808+0000] {logging_mixin.py:188} INFO - [2026-05-15T13:30:59.799+0000] {dagbag.py:355} ERROR - Failed to import: /opt/airflow/dags/main.py
Traceback (most recent call last):
  File "/home/airflow/.local/lib/python3.10/site-packages/airflow/models/dagbag.py", line 351, in parse
    loader.exec_module(new_module)
  File "<frozen importlib._bootstrap_external>", line 883, in exec_module
  File "<frozen importlib._bootstrap>", line 241, in _call_with_frames_removed
  File "/opt/airflow/dags/main.py", line 89, in <module>
    from dwh import staging_table, core_table
ModuleNotFoundError: No module named 'dwh'
[2026-05-15T13:30:59.811+0000] {processor.py:842} WARNING - No viable dags retrieved from /opt/airflow/dags/main.py
[2026-05-15T13:30:59.854+0000] {processor.py:183} INFO - Processing /opt/airflow/dags/main.py took 0.217 seconds
[2026-05-15T13:31:30.229+0000] {processor.py:161} INFO - Started process (PID=963) to work on /opt/airflow/dags/main.py
[2026-05-15T13:31:30.232+0000] {processor.py:830} INFO - Processing file /opt/airflow/dags/main.py for tasks to queue
[2026-05-15T13:31:30.235+0000] {logging_mixin.py:188} INFO - [2026-05-15T13:31:30.234+0000] {dagbag.py:545} INFO - Filling up the DagBag from /opt/airflow/dags/main.py
[2026-05-15T13:31:30.392+0000] {logging_mixin.py:188} INFO - [2026-05-15T13:31:30.384+0000] {dagbag.py:355} ERROR - Failed to import: /opt/airflow/dags/main.py
Traceback (most recent call last):
  File "/home/airflow/.local/lib/python3.10/site-packages/airflow/models/dagbag.py", line 351, in parse
    loader.exec_module(new_module)
  File "<frozen importlib._bootstrap_external>", line 883, in exec_module
  File "<frozen importlib._bootstrap>", line 241, in _call_with_frames_removed
  File "/opt/airflow/dags/main.py", line 89, in <module>
    from dwh import staging_table, core_table
ModuleNotFoundError: No module named 'dwh'
[2026-05-15T13:31:30.395+0000] {processor.py:842} WARNING - No viable dags retrieved from /opt/airflow/dags/main.py
[2026-05-15T13:31:30.455+0000] {processor.py:183} INFO - Processing /opt/airflow/dags/main.py took 0.242 seconds
[2026-05-15T13:32:00.645+0000] {processor.py:161} INFO - Started process (PID=970) to work on /opt/airflow/dags/main.py
[2026-05-15T13:32:00.652+0000] {processor.py:830} INFO - Processing file /opt/airflow/dags/main.py for tasks to queue
[2026-05-15T13:32:00.664+0000] {logging_mixin.py:188} INFO - [2026-05-15T13:32:00.663+0000] {dagbag.py:545} INFO - Filling up the DagBag from /opt/airflow/dags/main.py
[2026-05-15T13:32:00.886+0000] {logging_mixin.py:188} INFO - [2026-05-15T13:32:00.876+0000] {dagbag.py:355} ERROR - Failed to import: /opt/airflow/dags/main.py
Traceback (most recent call last):
  File "/home/airflow/.local/lib/python3.10/site-packages/airflow/models/dagbag.py", line 351, in parse
    loader.exec_module(new_module)
  File "<frozen importlib._bootstrap_external>", line 883, in exec_module
  File "<frozen importlib._bootstrap>", line 241, in _call_with_frames_removed
  File "/opt/airflow/dags/main.py", line 89, in <module>
    from dwh import staging_table, core_table
ModuleNotFoundError: No module named 'dwh'
[2026-05-15T13:32:00.889+0000] {processor.py:842} WARNING - No viable dags retrieved from /opt/airflow/dags/main.py
[2026-05-15T13:32:00.934+0000] {processor.py:183} INFO - Processing /opt/airflow/dags/main.py took 0.314 seconds
[2026-05-15T13:32:31.029+0000] {processor.py:161} INFO - Started process (PID=977) to work on /opt/airflow/dags/main.py
[2026-05-15T13:32:31.032+0000] {processor.py:830} INFO - Processing file /opt/airflow/dags/main.py for tasks to queue
[2026-05-15T13:32:31.035+0000] {logging_mixin.py:188} INFO - [2026-05-15T13:32:31.034+0000] {dagbag.py:545} INFO - Filling up the DagBag from /opt/airflow/dags/main.py
[2026-05-15T13:32:31.261+0000] {logging_mixin.py:188} INFO - [2026-05-15T13:32:31.251+0000] {dagbag.py:355} ERROR - Failed to import: /opt/airflow/dags/main.py
Traceback (most recent call last):
  File "/home/airflow/.local/lib/python3.10/site-packages/airflow/models/dagbag.py", line 351, in parse
    loader.exec_module(new_module)
  File "<frozen importlib._bootstrap_external>", line 883, in exec_module
  File "<frozen importlib._bootstrap>", line 241, in _call_with_frames_removed
  File "/opt/airflow/dags/main.py", line 89, in <module>
    from dwh import staging_table, core_table
ModuleNotFoundError: No module named 'dwh'
[2026-05-15T13:32:31.264+0000] {processor.py:842} WARNING - No viable dags retrieved from /opt/airflow/dags/main.py
[2026-05-15T13:32:31.350+0000] {processor.py:183} INFO - Processing /opt/airflow/dags/main.py took 0.337 seconds
[2026-05-15T13:33:01.970+0000] {processor.py:161} INFO - Started process (PID=984) to work on /opt/airflow/dags/main.py
[2026-05-15T13:33:01.974+0000] {processor.py:830} INFO - Processing file /opt/airflow/dags/main.py for tasks to queue
[2026-05-15T13:33:01.977+0000] {logging_mixin.py:188} INFO - [2026-05-15T13:33:01.976+0000] {dagbag.py:545} INFO - Filling up the DagBag from /opt/airflow/dags/main.py
[2026-05-15T13:33:02.616+0000] {logging_mixin.py:188} INFO - [2026-05-15T13:33:02.607+0000] {dagbag.py:355} ERROR - Failed to import: /opt/airflow/dags/main.py
Traceback (most recent call last):
  File "/home/airflow/.local/lib/python3.10/site-packages/airflow/models/dagbag.py", line 351, in parse
    loader.exec_module(new_module)
  File "<frozen importlib._bootstrap_external>", line 883, in exec_module
  File "<frozen importlib._bootstrap>", line 241, in _call_with_frames_removed
  File "/opt/airflow/dags/main.py", line 89, in <module>
    from dwh import staging_table, core_table
ModuleNotFoundError: No module named 'dwh'
[2026-05-15T13:33:02.620+0000] {processor.py:842} WARNING - No viable dags retrieved from /opt/airflow/dags/main.py
[2026-05-15T13:33:02.698+0000] {processor.py:183} INFO - Processing /opt/airflow/dags/main.py took 0.779 seconds
[2026-05-15T14:28:44.075+0000] {processor.py:161} INFO - Started process (PID=991) to work on /opt/airflow/dags/main.py
[2026-05-15T14:28:44.125+0000] {processor.py:830} INFO - Processing file /opt/airflow/dags/main.py for tasks to queue
[2026-05-15T14:28:44.224+0000] {logging_mixin.py:188} INFO - [2026-05-15T14:28:44.223+0000] {dagbag.py:545} INFO - Filling up the DagBag from /opt/airflow/dags/main.py
[2026-05-15T14:28:46.401+0000] {logging_mixin.py:188} INFO - [2026-05-15T14:28:46.348+0000] {dagbag.py:355} ERROR - Failed to import: /opt/airflow/dags/main.py
Traceback (most recent call last):
  File "/home/airflow/.local/lib/python3.10/site-packages/airflow/models/dagbag.py", line 351, in parse
    loader.exec_module(new_module)
  File "<frozen importlib._bootstrap_external>", line 883, in exec_module
  File "<frozen importlib._bootstrap>", line 241, in _call_with_frames_removed
  File "/opt/airflow/dags/main.py", line 89, in <module>
    from dwh import staging_table, core_table
ModuleNotFoundError: No module named 'dwh'
[2026-05-15T14:28:46.419+0000] {processor.py:842} WARNING - No viable dags retrieved from /opt/airflow/dags/main.py
[2026-05-15T14:28:46.566+0000] {processor.py:183} INFO - Processing /opt/airflow/dags/main.py took 2.569 seconds
[2026-05-15T14:32:55.809+0000] {processor.py:161} INFO - Started process (PID=60) to work on /opt/airflow/dags/main.py
[2026-05-15T14:32:55.834+0000] {processor.py:830} INFO - Processing file /opt/airflow/dags/main.py for tasks to queue
[2026-05-15T14:32:55.849+0000] {logging_mixin.py:188} INFO - [2026-05-15T14:32:55.845+0000] {dagbag.py:545} INFO - Filling up the DagBag from /opt/airflow/dags/main.py
[2026-05-15T14:32:56.661+0000] {logging_mixin.py:188} INFO - [2026-05-15T14:32:56.646+0000] {dagbag.py:355} ERROR - Failed to import: /opt/airflow/dags/main.py
Traceback (most recent call last):
  File "/home/airflow/.local/lib/python3.10/site-packages/airflow/models/dagbag.py", line 351, in parse
    loader.exec_module(new_module)
  File "<frozen importlib._bootstrap_external>", line 883, in exec_module
  File "<frozen importlib._bootstrap>", line 241, in _call_with_frames_removed
  File "/opt/airflow/dags/main.py", line 89, in <module>
    from dwh import staging_table, core_table
ModuleNotFoundError: No module named 'dwh'
[2026-05-15T14:32:56.664+0000] {processor.py:842} WARNING - No viable dags retrieved from /opt/airflow/dags/main.py
[2026-05-15T14:32:56.783+0000] {processor.py:183} INFO - Processing /opt/airflow/dags/main.py took 1.047 seconds
[2026-05-15T14:33:27.726+0000] {processor.py:161} INFO - Started process (PID=73) to work on /opt/airflow/dags/main.py
[2026-05-15T14:33:27.731+0000] {processor.py:830} INFO - Processing file /opt/airflow/dags/main.py for tasks to queue
[2026-05-15T14:33:27.740+0000] {logging_mixin.py:188} INFO - [2026-05-15T14:33:27.739+0000] {dagbag.py:545} INFO - Filling up the DagBag from /opt/airflow/dags/main.py
[2026-05-15T14:33:27.886+0000] {logging_mixin.py:188} INFO - [2026-05-15T14:33:27.879+0000] {dagbag.py:355} ERROR - Failed to import: /opt/airflow/dags/main.py
Traceback (most recent call last):
  File "/home/airflow/.local/lib/python3.10/site-packages/airflow/models/dagbag.py", line 351, in parse
    loader.exec_module(new_module)
  File "<frozen importlib._bootstrap_external>", line 883, in exec_module
  File "<frozen importlib._bootstrap>", line 241, in _call_with_frames_removed
  File "/opt/airflow/dags/main.py", line 89, in <module>
    from dwh import staging_table, core_table
ModuleNotFoundError: No module named 'dwh'
[2026-05-15T14:33:27.890+0000] {processor.py:842} WARNING - No viable dags retrieved from /opt/airflow/dags/main.py
[2026-05-15T14:33:27.945+0000] {processor.py:183} INFO - Processing /opt/airflow/dags/main.py took 0.256 seconds
[2026-05-15T14:33:58.376+0000] {processor.py:161} INFO - Started process (PID=80) to work on /opt/airflow/dags/main.py
[2026-05-15T14:33:58.379+0000] {processor.py:830} INFO - Processing file /opt/airflow/dags/main.py for tasks to queue
[2026-05-15T14:33:58.384+0000] {logging_mixin.py:188} INFO - [2026-05-15T14:33:58.383+0000] {dagbag.py:545} INFO - Filling up the DagBag from /opt/airflow/dags/main.py
[2026-05-15T14:33:58.562+0000] {logging_mixin.py:188} INFO - [2026-05-15T14:33:58.553+0000] {dagbag.py:355} ERROR - Failed to import: /opt/airflow/dags/main.py
Traceback (most recent call last):
  File "/home/airflow/.local/lib/python3.10/site-packages/airflow/models/dagbag.py", line 351, in parse
    loader.exec_module(new_module)
  File "<frozen importlib._bootstrap_external>", line 883, in exec_module
  File "<frozen importlib._bootstrap>", line 241, in _call_with_frames_removed
  File "/opt/airflow/dags/main.py", line 89, in <module>
    from dwh import staging_table, core_table
ModuleNotFoundError: No module named 'dwh'
[2026-05-15T14:33:58.565+0000] {processor.py:842} WARNING - No viable dags retrieved from /opt/airflow/dags/main.py
[2026-05-15T14:33:58.647+0000] {processor.py:183} INFO - Processing /opt/airflow/dags/main.py took 0.287 seconds
[2026-05-15T14:34:28.851+0000] {processor.py:161} INFO - Started process (PID=87) to work on /opt/airflow/dags/main.py
[2026-05-15T14:34:28.854+0000] {processor.py:830} INFO - Processing file /opt/airflow/dags/main.py for tasks to queue
[2026-05-15T14:34:28.861+0000] {logging_mixin.py:188} INFO - [2026-05-15T14:34:28.859+0000] {dagbag.py:545} INFO - Filling up the DagBag from /opt/airflow/dags/main.py
[2026-05-15T14:34:29.003+0000] {logging_mixin.py:188} INFO - [2026-05-15T14:34:28.995+0000] {dagbag.py:355} ERROR - Failed to import: /opt/airflow/dags/main.py
Traceback (most recent call last):
  File "/home/airflow/.local/lib/python3.10/site-packages/airflow/models/dagbag.py", line 351, in parse
    loader.exec_module(new_module)
  File "<frozen importlib._bootstrap_external>", line 883, in exec_module
  File "<frozen importlib._bootstrap>", line 241, in _call_with_frames_removed
  File "/opt/airflow/dags/main.py", line 89, in <module>
    from dwh import staging_table, core_table
ModuleNotFoundError: No module named 'dwh'
[2026-05-15T14:34:29.006+0000] {processor.py:842} WARNING - No viable dags retrieved from /opt/airflow/dags/main.py
[2026-05-15T14:34:29.072+0000] {processor.py:183} INFO - Processing /opt/airflow/dags/main.py took 0.246 seconds
[2026-05-15T14:34:59.477+0000] {processor.py:161} INFO - Started process (PID=94) to work on /opt/airflow/dags/main.py
[2026-05-15T14:34:59.479+0000] {processor.py:830} INFO - Processing file /opt/airflow/dags/main.py for tasks to queue
[2026-05-15T14:34:59.485+0000] {logging_mixin.py:188} INFO - [2026-05-15T14:34:59.485+0000] {dagbag.py:545} INFO - Filling up the DagBag from /opt/airflow/dags/main.py
[2026-05-15T14:34:59.601+0000] {logging_mixin.py:188} INFO - [2026-05-15T14:34:59.593+0000] {dagbag.py:355} ERROR - Failed to import: /opt/airflow/dags/main.py
Traceback (most recent call last):
  File "/home/airflow/.local/lib/python3.10/site-packages/airflow/models/dagbag.py", line 351, in parse
    loader.exec_module(new_module)
  File "<frozen importlib._bootstrap_external>", line 883, in exec_module
  File "<frozen importlib._bootstrap>", line 241, in _call_with_frames_removed
  File "/opt/airflow/dags/main.py", line 89, in <module>
    from dwh import staging_table, core_table
ModuleNotFoundError: No module named 'dwh'
[2026-05-15T14:34:59.603+0000] {processor.py:842} WARNING - No viable dags retrieved from /opt/airflow/dags/main.py
[2026-05-15T14:34:59.641+0000] {processor.py:183} INFO - Processing /opt/airflow/dags/main.py took 0.184 seconds
[2026-05-15T14:35:29.382+0000] {processor.py:161} INFO - Started process (PID=100) to work on /opt/airflow/dags/main.py
[2026-05-15T14:35:29.398+0000] {processor.py:830} INFO - Processing file /opt/airflow/dags/main.py for tasks to queue
[2026-05-15T14:35:29.416+0000] {logging_mixin.py:188} INFO - [2026-05-15T14:35:29.415+0000] {dagbag.py:545} INFO - Filling up the DagBag from /opt/airflow/dags/main.py
[2026-05-15T14:35:29.528+0000] {logging_mixin.py:188} INFO - [2026-05-15T14:35:29.511+0000] {dagbag.py:355} ERROR - Failed to import: /opt/airflow/dags/main.py
Traceback (most recent call last):
  File "/home/airflow/.local/lib/python3.10/site-packages/airflow/models/dagbag.py", line 351, in parse
    loader.exec_module(new_module)
  File "<frozen importlib._bootstrap_external>", line 883, in exec_module
  File "<frozen importlib._bootstrap>", line 241, in _call_with_frames_removed
  File "/opt/airflow/dags/main.py", line 5, in <module>
    from dwh import staging_table, core_table
ModuleNotFoundError: No module named 'dwh'
[2026-05-15T14:35:29.540+0000] {processor.py:842} WARNING - No viable dags retrieved from /opt/airflow/dags/main.py
[2026-05-15T14:35:29.660+0000] {processor.py:183} INFO - Processing /opt/airflow/dags/main.py took 0.388 seconds
[2026-05-15T14:35:59.890+0000] {processor.py:161} INFO - Started process (PID=107) to work on /opt/airflow/dags/main.py
[2026-05-15T14:35:59.893+0000] {processor.py:830} INFO - Processing file /opt/airflow/dags/main.py for tasks to queue
[2026-05-15T14:35:59.901+0000] {logging_mixin.py:188} INFO - [2026-05-15T14:35:59.900+0000] {dagbag.py:545} INFO - Filling up the DagBag from /opt/airflow/dags/main.py
[2026-05-15T14:35:59.973+0000] {logging_mixin.py:188} INFO - [2026-05-15T14:35:59.941+0000] {dagbag.py:355} ERROR - Failed to import: /opt/airflow/dags/main.py
Traceback (most recent call last):
  File "/home/airflow/.local/lib/python3.10/site-packages/airflow/models/dagbag.py", line 351, in parse
    loader.exec_module(new_module)
  File "<frozen importlib._bootstrap_external>", line 883, in exec_module
  File "<frozen importlib._bootstrap>", line 241, in _call_with_frames_removed
  File "/opt/airflow/dags/main.py", line 5, in <module>
    from dwh import staging_table, core_table
ModuleNotFoundError: No module named 'dwh'
[2026-05-15T14:35:59.978+0000] {processor.py:842} WARNING - No viable dags retrieved from /opt/airflow/dags/main.py
[2026-05-15T14:36:00.067+0000] {processor.py:183} INFO - Processing /opt/airflow/dags/main.py took 0.207 seconds
[2026-05-15T14:36:30.330+0000] {processor.py:161} INFO - Started process (PID=114) to work on /opt/airflow/dags/main.py
[2026-05-15T14:36:30.333+0000] {processor.py:830} INFO - Processing file /opt/airflow/dags/main.py for tasks to queue
[2026-05-15T14:36:30.340+0000] {logging_mixin.py:188} INFO - [2026-05-15T14:36:30.340+0000] {dagbag.py:545} INFO - Filling up the DagBag from /opt/airflow/dags/main.py
[2026-05-15T14:36:30.385+0000] {logging_mixin.py:188} INFO - [2026-05-15T14:36:30.377+0000] {dagbag.py:355} ERROR - Failed to import: /opt/airflow/dags/main.py
Traceback (most recent call last):
  File "/home/airflow/.local/lib/python3.10/site-packages/airflow/models/dagbag.py", line 351, in parse
    loader.exec_module(new_module)
  File "<frozen importlib._bootstrap_external>", line 883, in exec_module
  File "<frozen importlib._bootstrap>", line 241, in _call_with_frames_removed
  File "/opt/airflow/dags/main.py", line 5, in <module>
    from dwh import staging_table, core_table
ModuleNotFoundError: No module named 'dwh'
[2026-05-15T14:36:30.387+0000] {processor.py:842} WARNING - No viable dags retrieved from /opt/airflow/dags/main.py
[2026-05-15T14:36:30.450+0000] {processor.py:183} INFO - Processing /opt/airflow/dags/main.py took 0.146 seconds
[2026-05-15T14:37:00.599+0000] {processor.py:161} INFO - Started process (PID=121) to work on /opt/airflow/dags/main.py
[2026-05-15T14:37:00.602+0000] {processor.py:830} INFO - Processing file /opt/airflow/dags/main.py for tasks to queue
[2026-05-15T14:37:00.607+0000] {logging_mixin.py:188} INFO - [2026-05-15T14:37:00.606+0000] {dagbag.py:545} INFO - Filling up the DagBag from /opt/airflow/dags/main.py
[2026-05-15T14:37:00.648+0000] {logging_mixin.py:188} INFO - [2026-05-15T14:37:00.638+0000] {dagbag.py:355} ERROR - Failed to import: /opt/airflow/dags/main.py
Traceback (most recent call last):
  File "/home/airflow/.local/lib/python3.10/site-packages/airflow/models/dagbag.py", line 351, in parse
    loader.exec_module(new_module)
  File "<frozen importlib._bootstrap_external>", line 883, in exec_module
  File "<frozen importlib._bootstrap>", line 241, in _call_with_frames_removed
  File "/opt/airflow/dags/main.py", line 5, in <module>
    from dwh import staging_table, core_table
ModuleNotFoundError: No module named 'dwh'
[2026-05-15T14:37:00.653+0000] {processor.py:842} WARNING - No viable dags retrieved from /opt/airflow/dags/main.py
[2026-05-15T14:37:00.703+0000] {processor.py:183} INFO - Processing /opt/airflow/dags/main.py took 0.126 seconds
[2026-05-15T14:37:31.058+0000] {processor.py:161} INFO - Started process (PID=129) to work on /opt/airflow/dags/main.py
[2026-05-15T14:37:31.060+0000] {processor.py:830} INFO - Processing file /opt/airflow/dags/main.py for tasks to queue
[2026-05-15T14:37:31.065+0000] {logging_mixin.py:188} INFO - [2026-05-15T14:37:31.064+0000] {dagbag.py:545} INFO - Filling up the DagBag from /opt/airflow/dags/main.py
[2026-05-15T14:37:31.108+0000] {logging_mixin.py:188} INFO - [2026-05-15T14:37:31.095+0000] {dagbag.py:355} ERROR - Failed to import: /opt/airflow/dags/main.py
Traceback (most recent call last):
  File "/home/airflow/.local/lib/python3.10/site-packages/airflow/models/dagbag.py", line 351, in parse
    loader.exec_module(new_module)
  File "<frozen importlib._bootstrap_external>", line 883, in exec_module
  File "<frozen importlib._bootstrap>", line 241, in _call_with_frames_removed
  File "/opt/airflow/dags/main.py", line 5, in <module>
    from dwh import staging_table, core_table
ModuleNotFoundError: No module named 'dwh'
[2026-05-15T14:37:31.111+0000] {processor.py:842} WARNING - No viable dags retrieved from /opt/airflow/dags/main.py
[2026-05-15T14:37:31.158+0000] {processor.py:183} INFO - Processing /opt/airflow/dags/main.py took 0.116 seconds
[2026-05-15T14:38:01.745+0000] {processor.py:161} INFO - Started process (PID=136) to work on /opt/airflow/dags/main.py
[2026-05-15T14:38:01.749+0000] {processor.py:830} INFO - Processing file /opt/airflow/dags/main.py for tasks to queue
[2026-05-15T14:38:01.755+0000] {logging_mixin.py:188} INFO - [2026-05-15T14:38:01.754+0000] {dagbag.py:545} INFO - Filling up the DagBag from /opt/airflow/dags/main.py
[2026-05-15T14:38:01.795+0000] {logging_mixin.py:188} INFO - [2026-05-15T14:38:01.787+0000] {dagbag.py:355} ERROR - Failed to import: /opt/airflow/dags/main.py
Traceback (most recent call last):
  File "/home/airflow/.local/lib/python3.10/site-packages/airflow/models/dagbag.py", line 351, in parse
    loader.exec_module(new_module)
  File "<frozen importlib._bootstrap_external>", line 883, in exec_module
  File "<frozen importlib._bootstrap>", line 241, in _call_with_frames_removed
  File "/opt/airflow/dags/main.py", line 5, in <module>
    from dwh import staging_table, core_table
ModuleNotFoundError: No module named 'dwh'
[2026-05-15T14:38:01.799+0000] {processor.py:842} WARNING - No viable dags retrieved from /opt/airflow/dags/main.py
[2026-05-15T14:38:01.847+0000] {processor.py:183} INFO - Processing /opt/airflow/dags/main.py took 0.120 seconds
[2026-05-15T14:38:32.136+0000] {processor.py:161} INFO - Started process (PID=143) to work on /opt/airflow/dags/main.py
[2026-05-15T14:38:32.141+0000] {processor.py:830} INFO - Processing file /opt/airflow/dags/main.py for tasks to queue
[2026-05-15T14:38:32.150+0000] {logging_mixin.py:188} INFO - [2026-05-15T14:38:32.148+0000] {dagbag.py:545} INFO - Filling up the DagBag from /opt/airflow/dags/main.py
[2026-05-15T14:38:32.195+0000] {logging_mixin.py:188} INFO - [2026-05-15T14:38:32.185+0000] {dagbag.py:355} ERROR - Failed to import: /opt/airflow/dags/main.py
Traceback (most recent call last):
  File "/home/airflow/.local/lib/python3.10/site-packages/airflow/models/dagbag.py", line 351, in parse
    loader.exec_module(new_module)
  File "<frozen importlib._bootstrap_external>", line 883, in exec_module
  File "<frozen importlib._bootstrap>", line 241, in _call_with_frames_removed
  File "/opt/airflow/dags/main.py", line 5, in <module>
    from dwh import staging_table, core_table
ModuleNotFoundError: No module named 'dwh'
[2026-05-15T14:38:32.198+0000] {processor.py:842} WARNING - No viable dags retrieved from /opt/airflow/dags/main.py
[2026-05-15T14:38:32.263+0000] {processor.py:183} INFO - Processing /opt/airflow/dags/main.py took 0.149 seconds
[2026-05-15T14:39:02.500+0000] {processor.py:161} INFO - Started process (PID=150) to work on /opt/airflow/dags/main.py
[2026-05-15T14:39:02.502+0000] {processor.py:830} INFO - Processing file /opt/airflow/dags/main.py for tasks to queue
[2026-05-15T14:39:02.507+0000] {logging_mixin.py:188} INFO - [2026-05-15T14:39:02.507+0000] {dagbag.py:545} INFO - Filling up the DagBag from /opt/airflow/dags/main.py
[2026-05-15T14:39:02.545+0000] {logging_mixin.py:188} INFO - [2026-05-15T14:39:02.536+0000] {dagbag.py:355} ERROR - Failed to import: /opt/airflow/dags/main.py
Traceback (most recent call last):
  File "/home/airflow/.local/lib/python3.10/site-packages/airflow/models/dagbag.py", line 351, in parse
    loader.exec_module(new_module)
  File "<frozen importlib._bootstrap_external>", line 883, in exec_module
  File "<frozen importlib._bootstrap>", line 241, in _call_with_frames_removed
  File "/opt/airflow/dags/main.py", line 5, in <module>
    from dwh import staging_table, core_table
ModuleNotFoundError: No module named 'dwh'
[2026-05-15T14:39:02.548+0000] {processor.py:842} WARNING - No viable dags retrieved from /opt/airflow/dags/main.py
[2026-05-15T14:39:02.615+0000] {processor.py:183} INFO - Processing /opt/airflow/dags/main.py took 0.129 seconds
[2026-05-15T14:39:33.383+0000] {processor.py:161} INFO - Started process (PID=157) to work on /opt/airflow/dags/main.py
[2026-05-15T14:39:33.385+0000] {processor.py:830} INFO - Processing file /opt/airflow/dags/main.py for tasks to queue
[2026-05-15T14:39:33.390+0000] {logging_mixin.py:188} INFO - [2026-05-15T14:39:33.390+0000] {dagbag.py:545} INFO - Filling up the DagBag from /opt/airflow/dags/main.py
[2026-05-15T14:39:33.428+0000] {logging_mixin.py:188} INFO - [2026-05-15T14:39:33.420+0000] {dagbag.py:355} ERROR - Failed to import: /opt/airflow/dags/main.py
Traceback (most recent call last):
  File "/home/airflow/.local/lib/python3.10/site-packages/airflow/models/dagbag.py", line 351, in parse
    loader.exec_module(new_module)
  File "<frozen importlib._bootstrap_external>", line 883, in exec_module
  File "<frozen importlib._bootstrap>", line 241, in _call_with_frames_removed
  File "/opt/airflow/dags/main.py", line 5, in <module>
    from dwh import staging_table, core_table
ModuleNotFoundError: No module named 'dwh'
[2026-05-15T14:39:33.430+0000] {processor.py:842} WARNING - No viable dags retrieved from /opt/airflow/dags/main.py
[2026-05-15T14:39:33.473+0000] {processor.py:183} INFO - Processing /opt/airflow/dags/main.py took 0.111 seconds
[2026-05-15T14:40:03.871+0000] {processor.py:161} INFO - Started process (PID=164) to work on /opt/airflow/dags/main.py
[2026-05-15T14:40:03.875+0000] {processor.py:830} INFO - Processing file /opt/airflow/dags/main.py for tasks to queue
[2026-05-15T14:40:03.881+0000] {logging_mixin.py:188} INFO - [2026-05-15T14:40:03.880+0000] {dagbag.py:545} INFO - Filling up the DagBag from /opt/airflow/dags/main.py
[2026-05-15T14:40:03.930+0000] {logging_mixin.py:188} INFO - [2026-05-15T14:40:03.919+0000] {dagbag.py:355} ERROR - Failed to import: /opt/airflow/dags/main.py
Traceback (most recent call last):
  File "/home/airflow/.local/lib/python3.10/site-packages/airflow/models/dagbag.py", line 351, in parse
    loader.exec_module(new_module)
  File "<frozen importlib._bootstrap_external>", line 883, in exec_module
  File "<frozen importlib._bootstrap>", line 241, in _call_with_frames_removed
  File "/opt/airflow/dags/main.py", line 5, in <module>
    from dwh import staging_table, core_table
ModuleNotFoundError: No module named 'dwh'
[2026-05-15T14:40:03.934+0000] {processor.py:842} WARNING - No viable dags retrieved from /opt/airflow/dags/main.py
[2026-05-15T14:40:04.002+0000] {processor.py:183} INFO - Processing /opt/airflow/dags/main.py took 0.153 seconds
[2026-05-15T14:40:34.301+0000] {processor.py:161} INFO - Started process (PID=171) to work on /opt/airflow/dags/main.py
[2026-05-15T14:40:34.303+0000] {processor.py:830} INFO - Processing file /opt/airflow/dags/main.py for tasks to queue
[2026-05-15T14:40:34.308+0000] {logging_mixin.py:188} INFO - [2026-05-15T14:40:34.307+0000] {dagbag.py:545} INFO - Filling up the DagBag from /opt/airflow/dags/main.py
[2026-05-15T14:40:34.353+0000] {logging_mixin.py:188} INFO - [2026-05-15T14:40:34.344+0000] {dagbag.py:355} ERROR - Failed to import: /opt/airflow/dags/main.py
Traceback (most recent call last):
  File "/home/airflow/.local/lib/python3.10/site-packages/airflow/models/dagbag.py", line 351, in parse
    loader.exec_module(new_module)
  File "<frozen importlib._bootstrap_external>", line 883, in exec_module
  File "<frozen importlib._bootstrap>", line 241, in _call_with_frames_removed
  File "/opt/airflow/dags/main.py", line 5, in <module>
    from dwh import staging_table, core_table
ModuleNotFoundError: No module named 'dwh'
[2026-05-15T14:40:34.356+0000] {processor.py:842} WARNING - No viable dags retrieved from /opt/airflow/dags/main.py
[2026-05-15T14:40:34.437+0000] {processor.py:183} INFO - Processing /opt/airflow/dags/main.py took 0.150 seconds
[2026-05-15T14:41:04.817+0000] {processor.py:161} INFO - Started process (PID=178) to work on /opt/airflow/dags/main.py
[2026-05-15T14:41:04.820+0000] {processor.py:830} INFO - Processing file /opt/airflow/dags/main.py for tasks to queue
[2026-05-15T14:41:04.824+0000] {logging_mixin.py:188} INFO - [2026-05-15T14:41:04.824+0000] {dagbag.py:545} INFO - Filling up the DagBag from /opt/airflow/dags/main.py
[2026-05-15T14:41:04.864+0000] {logging_mixin.py:188} INFO - [2026-05-15T14:41:04.857+0000] {dagbag.py:355} ERROR - Failed to import: /opt/airflow/dags/main.py
Traceback (most recent call last):
  File "/home/airflow/.local/lib/python3.10/site-packages/airflow/models/dagbag.py", line 351, in parse
    loader.exec_module(new_module)
  File "<frozen importlib._bootstrap_external>", line 883, in exec_module
  File "<frozen importlib._bootstrap>", line 241, in _call_with_frames_removed
  File "/opt/airflow/dags/main.py", line 5, in <module>
    from dwh import staging_table, core_table
ModuleNotFoundError: No module named 'dwh'
[2026-05-15T14:41:04.867+0000] {processor.py:842} WARNING - No viable dags retrieved from /opt/airflow/dags/main.py
[2026-05-15T14:41:04.912+0000] {processor.py:183} INFO - Processing /opt/airflow/dags/main.py took 0.117 seconds
[2026-05-15T14:41:35.273+0000] {processor.py:161} INFO - Started process (PID=185) to work on /opt/airflow/dags/main.py
[2026-05-15T14:41:35.278+0000] {processor.py:830} INFO - Processing file /opt/airflow/dags/main.py for tasks to queue
[2026-05-15T14:41:35.286+0000] {logging_mixin.py:188} INFO - [2026-05-15T14:41:35.284+0000] {dagbag.py:545} INFO - Filling up the DagBag from /opt/airflow/dags/main.py
[2026-05-15T14:41:35.361+0000] {logging_mixin.py:188} INFO - [2026-05-15T14:41:35.348+0000] {dagbag.py:355} ERROR - Failed to import: /opt/airflow/dags/main.py
Traceback (most recent call last):
  File "/home/airflow/.local/lib/python3.10/site-packages/airflow/models/dagbag.py", line 351, in parse
    loader.exec_module(new_module)
  File "<frozen importlib._bootstrap_external>", line 883, in exec_module
  File "<frozen importlib._bootstrap>", line 241, in _call_with_frames_removed
  File "/opt/airflow/dags/main.py", line 5, in <module>
    from dwh import staging_table, core_table
ModuleNotFoundError: No module named 'dwh'
[2026-05-15T14:41:35.365+0000] {processor.py:842} WARNING - No viable dags retrieved from /opt/airflow/dags/main.py
[2026-05-15T14:41:35.457+0000] {processor.py:183} INFO - Processing /opt/airflow/dags/main.py took 0.217 seconds
[2026-05-15T14:42:05.638+0000] {processor.py:161} INFO - Started process (PID=192) to work on /opt/airflow/dags/main.py
[2026-05-15T14:42:05.640+0000] {processor.py:830} INFO - Processing file /opt/airflow/dags/main.py for tasks to queue
[2026-05-15T14:42:05.645+0000] {logging_mixin.py:188} INFO - [2026-05-15T14:42:05.644+0000] {dagbag.py:545} INFO - Filling up the DagBag from /opt/airflow/dags/main.py
[2026-05-15T14:42:05.691+0000] {logging_mixin.py:188} INFO - [2026-05-15T14:42:05.682+0000] {dagbag.py:355} ERROR - Failed to import: /opt/airflow/dags/main.py
Traceback (most recent call last):
  File "/home/airflow/.local/lib/python3.10/site-packages/airflow/models/dagbag.py", line 351, in parse
    loader.exec_module(new_module)
  File "<frozen importlib._bootstrap_external>", line 883, in exec_module
  File "<frozen importlib._bootstrap>", line 241, in _call_with_frames_removed
  File "/opt/airflow/dags/main.py", line 5, in <module>
    from dwh import staging_table, core_table
ModuleNotFoundError: No module named 'dwh'
[2026-05-15T14:42:05.694+0000] {processor.py:842} WARNING - No viable dags retrieved from /opt/airflow/dags/main.py
[2026-05-15T14:42:05.740+0000] {processor.py:183} INFO - Processing /opt/airflow/dags/main.py took 0.118 seconds
[2026-05-15T14:42:36.234+0000] {processor.py:161} INFO - Started process (PID=199) to work on /opt/airflow/dags/main.py
[2026-05-15T14:42:36.238+0000] {processor.py:830} INFO - Processing file /opt/airflow/dags/main.py for tasks to queue
[2026-05-15T14:42:36.252+0000] {logging_mixin.py:188} INFO - [2026-05-15T14:42:36.251+0000] {dagbag.py:545} INFO - Filling up the DagBag from /opt/airflow/dags/main.py
[2026-05-15T14:42:36.504+0000] {logging_mixin.py:188} INFO - [2026-05-15T14:42:36.421+0000] {dagbag.py:355} ERROR - Failed to import: /opt/airflow/dags/main.py
Traceback (most recent call last):
  File "/home/airflow/.local/lib/python3.10/site-packages/airflow/models/dagbag.py", line 351, in parse
    loader.exec_module(new_module)
  File "<frozen importlib._bootstrap_external>", line 883, in exec_module
  File "<frozen importlib._bootstrap>", line 241, in _call_with_frames_removed
  File "/opt/airflow/dags/main.py", line 5, in <module>
    from dwh import staging_table, core_table
ModuleNotFoundError: No module named 'dwh'
[2026-05-15T14:42:36.508+0000] {processor.py:842} WARNING - No viable dags retrieved from /opt/airflow/dags/main.py
[2026-05-15T14:42:36.651+0000] {processor.py:183} INFO - Processing /opt/airflow/dags/main.py took 0.455 seconds
[2026-05-15T14:43:06.922+0000] {processor.py:161} INFO - Started process (PID=206) to work on /opt/airflow/dags/main.py
[2026-05-15T14:43:06.925+0000] {processor.py:830} INFO - Processing file /opt/airflow/dags/main.py for tasks to queue
[2026-05-15T14:43:06.930+0000] {logging_mixin.py:188} INFO - [2026-05-15T14:43:06.929+0000] {dagbag.py:545} INFO - Filling up the DagBag from /opt/airflow/dags/main.py
[2026-05-15T14:43:06.972+0000] {logging_mixin.py:188} INFO - [2026-05-15T14:43:06.964+0000] {dagbag.py:355} ERROR - Failed to import: /opt/airflow/dags/main.py
Traceback (most recent call last):
  File "/home/airflow/.local/lib/python3.10/site-packages/airflow/models/dagbag.py", line 351, in parse
    loader.exec_module(new_module)
  File "<frozen importlib._bootstrap_external>", line 883, in exec_module
  File "<frozen importlib._bootstrap>", line 241, in _call_with_frames_removed
  File "/opt/airflow/dags/main.py", line 5, in <module>
    from dwh import staging_table, core_table
ModuleNotFoundError: No module named 'dwh'
[2026-05-15T14:43:06.976+0000] {processor.py:842} WARNING - No viable dags retrieved from /opt/airflow/dags/main.py
[2026-05-15T14:43:07.032+0000] {processor.py:183} INFO - Processing /opt/airflow/dags/main.py took 0.128 seconds
[2026-05-15T14:43:37.303+0000] {processor.py:161} INFO - Started process (PID=213) to work on /opt/airflow/dags/main.py
[2026-05-15T14:43:37.305+0000] {processor.py:830} INFO - Processing file /opt/airflow/dags/main.py for tasks to queue
[2026-05-15T14:43:37.311+0000] {logging_mixin.py:188} INFO - [2026-05-15T14:43:37.310+0000] {dagbag.py:545} INFO - Filling up the DagBag from /opt/airflow/dags/main.py
[2026-05-15T14:43:37.392+0000] {logging_mixin.py:188} INFO - [2026-05-15T14:43:37.375+0000] {dagbag.py:355} ERROR - Failed to import: /opt/airflow/dags/main.py
Traceback (most recent call last):
  File "/home/airflow/.local/lib/python3.10/site-packages/airflow/models/dagbag.py", line 351, in parse
    loader.exec_module(new_module)
  File "<frozen importlib._bootstrap_external>", line 883, in exec_module
  File "<frozen importlib._bootstrap>", line 241, in _call_with_frames_removed
  File "/opt/airflow/dags/main.py", line 5, in <module>
    from dwh import staging_table, core_table
ModuleNotFoundError: No module named 'dwh'
[2026-05-15T14:43:37.396+0000] {processor.py:842} WARNING - No viable dags retrieved from /opt/airflow/dags/main.py
[2026-05-15T14:43:37.509+0000] {processor.py:183} INFO - Processing /opt/airflow/dags/main.py took 0.231 seconds
[2026-05-15T14:44:08.387+0000] {processor.py:161} INFO - Started process (PID=219) to work on /opt/airflow/dags/main.py
[2026-05-15T14:44:08.389+0000] {processor.py:830} INFO - Processing file /opt/airflow/dags/main.py for tasks to queue
[2026-05-15T14:44:08.394+0000] {logging_mixin.py:188} INFO - [2026-05-15T14:44:08.393+0000] {dagbag.py:545} INFO - Filling up the DagBag from /opt/airflow/dags/main.py
[2026-05-15T14:44:08.497+0000] {logging_mixin.py:188} INFO - [2026-05-15T14:44:08.478+0000] {dagbag.py:355} ERROR - Failed to import: /opt/airflow/dags/main.py
Traceback (most recent call last):
  File "/home/airflow/.local/lib/python3.10/site-packages/airflow/models/dagbag.py", line 351, in parse
    loader.exec_module(new_module)
  File "<frozen importlib._bootstrap_external>", line 883, in exec_module
  File "<frozen importlib._bootstrap>", line 241, in _call_with_frames_removed
  File "/opt/airflow/dags/main.py", line 5, in <module>
    from dwh import staging_table, core_table
ModuleNotFoundError: No module named 'dwh'
[2026-05-15T14:44:08.507+0000] {processor.py:842} WARNING - No viable dags retrieved from /opt/airflow/dags/main.py
[2026-05-15T14:44:08.638+0000] {processor.py:183} INFO - Processing /opt/airflow/dags/main.py took 0.273 seconds
[2026-05-15T14:44:38.786+0000] {processor.py:161} INFO - Started process (PID=226) to work on /opt/airflow/dags/main.py
[2026-05-15T14:44:38.789+0000] {processor.py:830} INFO - Processing file /opt/airflow/dags/main.py for tasks to queue
[2026-05-15T14:44:38.794+0000] {logging_mixin.py:188} INFO - [2026-05-15T14:44:38.793+0000] {dagbag.py:545} INFO - Filling up the DagBag from /opt/airflow/dags/main.py
[2026-05-15T14:44:38.835+0000] {logging_mixin.py:188} INFO - [2026-05-15T14:44:38.826+0000] {dagbag.py:355} ERROR - Failed to import: /opt/airflow/dags/main.py
Traceback (most recent call last):
  File "/home/airflow/.local/lib/python3.10/site-packages/airflow/models/dagbag.py", line 351, in parse
    loader.exec_module(new_module)
  File "<frozen importlib._bootstrap_external>", line 883, in exec_module
  File "<frozen importlib._bootstrap>", line 241, in _call_with_frames_removed
  File "/opt/airflow/dags/main.py", line 5, in <module>
    from dwh import staging_table, core_table
ModuleNotFoundError: No module named 'dwh'
[2026-05-15T14:44:38.838+0000] {processor.py:842} WARNING - No viable dags retrieved from /opt/airflow/dags/main.py
[2026-05-15T14:44:38.903+0000] {processor.py:183} INFO - Processing /opt/airflow/dags/main.py took 0.133 seconds
[2026-05-15T14:45:09.051+0000] {processor.py:161} INFO - Started process (PID=233) to work on /opt/airflow/dags/main.py
[2026-05-15T14:45:09.055+0000] {processor.py:830} INFO - Processing file /opt/airflow/dags/main.py for tasks to queue
[2026-05-15T14:45:09.062+0000] {logging_mixin.py:188} INFO - [2026-05-15T14:45:09.061+0000] {dagbag.py:545} INFO - Filling up the DagBag from /opt/airflow/dags/main.py
[2026-05-15T14:45:09.115+0000] {logging_mixin.py:188} INFO - [2026-05-15T14:45:09.104+0000] {dagbag.py:355} ERROR - Failed to import: /opt/airflow/dags/main.py
Traceback (most recent call last):
  File "/home/airflow/.local/lib/python3.10/site-packages/airflow/models/dagbag.py", line 351, in parse
    loader.exec_module(new_module)
  File "<frozen importlib._bootstrap_external>", line 883, in exec_module
  File "<frozen importlib._bootstrap>", line 241, in _call_with_frames_removed
  File "/opt/airflow/dags/main.py", line 5, in <module>
    from dwh import staging_table, core_table
ModuleNotFoundError: No module named 'dwh'
[2026-05-15T14:45:09.119+0000] {processor.py:842} WARNING - No viable dags retrieved from /opt/airflow/dags/main.py
[2026-05-15T14:45:09.217+0000] {processor.py:183} INFO - Processing /opt/airflow/dags/main.py took 0.190 seconds
[2026-05-15T14:45:39.654+0000] {processor.py:161} INFO - Started process (PID=240) to work on /opt/airflow/dags/main.py
[2026-05-15T14:45:39.657+0000] {processor.py:830} INFO - Processing file /opt/airflow/dags/main.py for tasks to queue
[2026-05-15T14:45:39.661+0000] {logging_mixin.py:188} INFO - [2026-05-15T14:45:39.661+0000] {dagbag.py:545} INFO - Filling up the DagBag from /opt/airflow/dags/main.py
[2026-05-15T14:45:39.713+0000] {logging_mixin.py:188} INFO - [2026-05-15T14:45:39.694+0000] {dagbag.py:355} ERROR - Failed to import: /opt/airflow/dags/main.py
Traceback (most recent call last):
  File "/home/airflow/.local/lib/python3.10/site-packages/airflow/models/dagbag.py", line 351, in parse
    loader.exec_module(new_module)
  File "<frozen importlib._bootstrap_external>", line 883, in exec_module
  File "<frozen importlib._bootstrap>", line 241, in _call_with_frames_removed
  File "/opt/airflow/dags/main.py", line 5, in <module>
    from dwh import staging_table, core_table
ModuleNotFoundError: No module named 'dwh'
[2026-05-15T14:45:39.720+0000] {processor.py:842} WARNING - No viable dags retrieved from /opt/airflow/dags/main.py
[2026-05-15T14:45:39.843+0000] {processor.py:183} INFO - Processing /opt/airflow/dags/main.py took 0.207 seconds
[2026-05-15T14:46:10.076+0000] {processor.py:161} INFO - Started process (PID=247) to work on /opt/airflow/dags/main.py
[2026-05-15T14:46:10.078+0000] {processor.py:830} INFO - Processing file /opt/airflow/dags/main.py for tasks to queue
[2026-05-15T14:46:10.083+0000] {logging_mixin.py:188} INFO - [2026-05-15T14:46:10.083+0000] {dagbag.py:545} INFO - Filling up the DagBag from /opt/airflow/dags/main.py
[2026-05-15T14:46:10.127+0000] {logging_mixin.py:188} INFO - [2026-05-15T14:46:10.117+0000] {dagbag.py:355} ERROR - Failed to import: /opt/airflow/dags/main.py
Traceback (most recent call last):
  File "/home/airflow/.local/lib/python3.10/site-packages/airflow/models/dagbag.py", line 351, in parse
    loader.exec_module(new_module)
  File "<frozen importlib._bootstrap_external>", line 883, in exec_module
  File "<frozen importlib._bootstrap>", line 241, in _call_with_frames_removed
  File "/opt/airflow/dags/main.py", line 5, in <module>
    from dwh import staging_table, core_table
ModuleNotFoundError: No module named 'dwh'
[2026-05-15T14:46:10.130+0000] {processor.py:842} WARNING - No viable dags retrieved from /opt/airflow/dags/main.py
[2026-05-15T14:46:10.171+0000] {processor.py:183} INFO - Processing /opt/airflow/dags/main.py took 0.109 seconds
[2026-05-15T14:46:40.524+0000] {processor.py:161} INFO - Started process (PID=254) to work on /opt/airflow/dags/main.py
[2026-05-15T14:46:40.528+0000] {processor.py:830} INFO - Processing file /opt/airflow/dags/main.py for tasks to queue
[2026-05-15T14:46:40.534+0000] {logging_mixin.py:188} INFO - [2026-05-15T14:46:40.533+0000] {dagbag.py:545} INFO - Filling up the DagBag from /opt/airflow/dags/main.py
[2026-05-15T14:46:40.578+0000] {logging_mixin.py:188} INFO - [2026-05-15T14:46:40.569+0000] {dagbag.py:355} ERROR - Failed to import: /opt/airflow/dags/main.py
Traceback (most recent call last):
  File "/home/airflow/.local/lib/python3.10/site-packages/airflow/models/dagbag.py", line 351, in parse
    loader.exec_module(new_module)
  File "<frozen importlib._bootstrap_external>", line 883, in exec_module
  File "<frozen importlib._bootstrap>", line 241, in _call_with_frames_removed
  File "/opt/airflow/dags/main.py", line 5, in <module>
    from dwh import staging_table, core_table
ModuleNotFoundError: No module named 'dwh'
[2026-05-15T14:46:40.581+0000] {processor.py:842} WARNING - No viable dags retrieved from /opt/airflow/dags/main.py
[2026-05-15T14:46:40.630+0000] {processor.py:183} INFO - Processing /opt/airflow/dags/main.py took 0.128 seconds
[2026-05-15T14:47:11.330+0000] {processor.py:161} INFO - Started process (PID=261) to work on /opt/airflow/dags/main.py
[2026-05-15T14:47:11.344+0000] {processor.py:830} INFO - Processing file /opt/airflow/dags/main.py for tasks to queue
[2026-05-15T14:47:11.352+0000] {logging_mixin.py:188} INFO - [2026-05-15T14:47:11.351+0000] {dagbag.py:545} INFO - Filling up the DagBag from /opt/airflow/dags/main.py
[2026-05-15T14:47:11.408+0000] {logging_mixin.py:188} INFO - [2026-05-15T14:47:11.398+0000] {dagbag.py:355} ERROR - Failed to import: /opt/airflow/dags/main.py
Traceback (most recent call last):
  File "/home/airflow/.local/lib/python3.10/site-packages/airflow/models/dagbag.py", line 351, in parse
    loader.exec_module(new_module)
  File "<frozen importlib._bootstrap_external>", line 883, in exec_module
  File "<frozen importlib._bootstrap>", line 241, in _call_with_frames_removed
  File "/opt/airflow/dags/main.py", line 5, in <module>
    from dwh import staging_table, core_table
ModuleNotFoundError: No module named 'dwh'
[2026-05-15T14:47:11.413+0000] {processor.py:842} WARNING - No viable dags retrieved from /opt/airflow/dags/main.py
[2026-05-15T14:47:11.495+0000] {processor.py:183} INFO - Processing /opt/airflow/dags/main.py took 0.223 seconds
[2026-05-15T14:47:41.846+0000] {processor.py:161} INFO - Started process (PID=268) to work on /opt/airflow/dags/main.py
[2026-05-15T14:47:41.849+0000] {processor.py:830} INFO - Processing file /opt/airflow/dags/main.py for tasks to queue
[2026-05-15T14:47:41.854+0000] {logging_mixin.py:188} INFO - [2026-05-15T14:47:41.853+0000] {dagbag.py:545} INFO - Filling up the DagBag from /opt/airflow/dags/main.py
[2026-05-15T14:47:41.888+0000] {logging_mixin.py:188} INFO - [2026-05-15T14:47:41.880+0000] {dagbag.py:355} ERROR - Failed to import: /opt/airflow/dags/main.py
Traceback (most recent call last):
  File "/home/airflow/.local/lib/python3.10/site-packages/airflow/models/dagbag.py", line 351, in parse
    loader.exec_module(new_module)
  File "<frozen importlib._bootstrap_external>", line 883, in exec_module
  File "<frozen importlib._bootstrap>", line 241, in _call_with_frames_removed
  File "/opt/airflow/dags/main.py", line 5, in <module>
    from dwh import staging_table, core_table
ModuleNotFoundError: No module named 'dwh'
[2026-05-15T14:47:41.891+0000] {processor.py:842} WARNING - No viable dags retrieved from /opt/airflow/dags/main.py
[2026-05-15T14:47:41.938+0000] {processor.py:183} INFO - Processing /opt/airflow/dags/main.py took 0.107 seconds
[2026-05-15T14:48:12.287+0000] {processor.py:161} INFO - Started process (PID=275) to work on /opt/airflow/dags/main.py
[2026-05-15T14:48:12.290+0000] {processor.py:830} INFO - Processing file /opt/airflow/dags/main.py for tasks to queue
[2026-05-15T14:48:12.294+0000] {logging_mixin.py:188} INFO - [2026-05-15T14:48:12.294+0000] {dagbag.py:545} INFO - Filling up the DagBag from /opt/airflow/dags/main.py
[2026-05-15T14:48:12.343+0000] {logging_mixin.py:188} INFO - [2026-05-15T14:48:12.333+0000] {dagbag.py:355} ERROR - Failed to import: /opt/airflow/dags/main.py
Traceback (most recent call last):
  File "/home/airflow/.local/lib/python3.10/site-packages/airflow/models/dagbag.py", line 351, in parse
    loader.exec_module(new_module)
  File "<frozen importlib._bootstrap_external>", line 883, in exec_module
  File "<frozen importlib._bootstrap>", line 241, in _call_with_frames_removed
  File "/opt/airflow/dags/main.py", line 5, in <module>
    from dwh import staging_table, core_table
ModuleNotFoundError: No module named 'dwh'
[2026-05-15T14:48:12.347+0000] {processor.py:842} WARNING - No viable dags retrieved from /opt/airflow/dags/main.py
[2026-05-15T14:48:12.400+0000] {processor.py:183} INFO - Processing /opt/airflow/dags/main.py took 0.126 seconds
[2026-05-15T14:48:42.852+0000] {processor.py:161} INFO - Started process (PID=282) to work on /opt/airflow/dags/main.py
[2026-05-15T14:48:42.855+0000] {processor.py:830} INFO - Processing file /opt/airflow/dags/main.py for tasks to queue
[2026-05-15T14:48:42.860+0000] {logging_mixin.py:188} INFO - [2026-05-15T14:48:42.860+0000] {dagbag.py:545} INFO - Filling up the DagBag from /opt/airflow/dags/main.py
[2026-05-15T14:48:42.908+0000] {logging_mixin.py:188} INFO - [2026-05-15T14:48:42.898+0000] {dagbag.py:355} ERROR - Failed to import: /opt/airflow/dags/main.py
Traceback (most recent call last):
  File "/home/airflow/.local/lib/python3.10/site-packages/airflow/models/dagbag.py", line 351, in parse
    loader.exec_module(new_module)
  File "<frozen importlib._bootstrap_external>", line 883, in exec_module
  File "<frozen importlib._bootstrap>", line 241, in _call_with_frames_removed
  File "/opt/airflow/dags/main.py", line 5, in <module>
    from dwh import staging_table, core_table
ModuleNotFoundError: No module named 'dwh'
[2026-05-15T14:48:42.911+0000] {processor.py:842} WARNING - No viable dags retrieved from /opt/airflow/dags/main.py
[2026-05-15T14:48:42.955+0000] {processor.py:183} INFO - Processing /opt/airflow/dags/main.py took 0.118 seconds
[2026-05-15T14:49:13.264+0000] {processor.py:161} INFO - Started process (PID=289) to work on /opt/airflow/dags/main.py
[2026-05-15T14:49:13.266+0000] {processor.py:830} INFO - Processing file /opt/airflow/dags/main.py for tasks to queue
[2026-05-15T14:49:13.271+0000] {logging_mixin.py:188} INFO - [2026-05-15T14:49:13.270+0000] {dagbag.py:545} INFO - Filling up the DagBag from /opt/airflow/dags/main.py
[2026-05-15T14:49:13.314+0000] {logging_mixin.py:188} INFO - [2026-05-15T14:49:13.304+0000] {dagbag.py:355} ERROR - Failed to import: /opt/airflow/dags/main.py
Traceback (most recent call last):
  File "/home/airflow/.local/lib/python3.10/site-packages/airflow/models/dagbag.py", line 351, in parse
    loader.exec_module(new_module)
  File "<frozen importlib._bootstrap_external>", line 883, in exec_module
  File "<frozen importlib._bootstrap>", line 241, in _call_with_frames_removed
  File "/opt/airflow/dags/main.py", line 5, in <module>
    from dwh import staging_table, core_table
ModuleNotFoundError: No module named 'dwh'
[2026-05-15T14:49:13.316+0000] {processor.py:842} WARNING - No viable dags retrieved from /opt/airflow/dags/main.py
[2026-05-15T14:49:13.359+0000] {processor.py:183} INFO - Processing /opt/airflow/dags/main.py took 0.112 seconds
[2026-05-15T14:49:43.756+0000] {processor.py:161} INFO - Started process (PID=296) to work on /opt/airflow/dags/main.py
[2026-05-15T14:49:43.762+0000] {processor.py:830} INFO - Processing file /opt/airflow/dags/main.py for tasks to queue
[2026-05-15T14:49:43.768+0000] {logging_mixin.py:188} INFO - [2026-05-15T14:49:43.767+0000] {dagbag.py:545} INFO - Filling up the DagBag from /opt/airflow/dags/main.py
[2026-05-15T14:49:43.822+0000] {logging_mixin.py:188} INFO - [2026-05-15T14:49:43.812+0000] {dagbag.py:355} ERROR - Failed to import: /opt/airflow/dags/main.py
Traceback (most recent call last):
  File "/home/airflow/.local/lib/python3.10/site-packages/airflow/models/dagbag.py", line 351, in parse
    loader.exec_module(new_module)
  File "<frozen importlib._bootstrap_external>", line 883, in exec_module
  File "<frozen importlib._bootstrap>", line 241, in _call_with_frames_removed
  File "/opt/airflow/dags/main.py", line 5, in <module>
    from dwh import staging_table, core_table
ModuleNotFoundError: No module named 'dwh'
[2026-05-15T14:49:43.841+0000] {processor.py:842} WARNING - No viable dags retrieved from /opt/airflow/dags/main.py
[2026-05-15T14:49:43.905+0000] {processor.py:183} INFO - Processing /opt/airflow/dags/main.py took 0.173 seconds
[2026-05-15T14:50:14.144+0000] {processor.py:161} INFO - Started process (PID=303) to work on /opt/airflow/dags/main.py
[2026-05-15T14:50:14.146+0000] {processor.py:830} INFO - Processing file /opt/airflow/dags/main.py for tasks to queue
[2026-05-15T14:50:14.151+0000] {logging_mixin.py:188} INFO - [2026-05-15T14:50:14.150+0000] {dagbag.py:545} INFO - Filling up the DagBag from /opt/airflow/dags/main.py
[2026-05-15T14:50:14.190+0000] {logging_mixin.py:188} INFO - [2026-05-15T14:50:14.183+0000] {dagbag.py:355} ERROR - Failed to import: /opt/airflow/dags/main.py
Traceback (most recent call last):
  File "/home/airflow/.local/lib/python3.10/site-packages/airflow/models/dagbag.py", line 351, in parse
    loader.exec_module(new_module)
  File "<frozen importlib._bootstrap_external>", line 883, in exec_module
  File "<frozen importlib._bootstrap>", line 241, in _call_with_frames_removed
  File "/opt/airflow/dags/main.py", line 5, in <module>
    from dwh import staging_table, core_table
ModuleNotFoundError: No module named 'dwh'
[2026-05-15T14:50:14.193+0000] {processor.py:842} WARNING - No viable dags retrieved from /opt/airflow/dags/main.py
[2026-05-15T14:50:14.240+0000] {processor.py:183} INFO - Processing /opt/airflow/dags/main.py took 0.110 seconds
[2026-05-15T14:50:44.945+0000] {processor.py:161} INFO - Started process (PID=310) to work on /opt/airflow/dags/main.py
[2026-05-15T14:50:44.951+0000] {processor.py:830} INFO - Processing file /opt/airflow/dags/main.py for tasks to queue
[2026-05-15T14:50:44.959+0000] {logging_mixin.py:188} INFO - [2026-05-15T14:50:44.957+0000] {dagbag.py:545} INFO - Filling up the DagBag from /opt/airflow/dags/main.py
[2026-05-15T14:50:45.006+0000] {logging_mixin.py:188} INFO - [2026-05-15T14:50:44.998+0000] {dagbag.py:355} ERROR - Failed to import: /opt/airflow/dags/main.py
Traceback (most recent call last):
  File "/home/airflow/.local/lib/python3.10/site-packages/airflow/models/dagbag.py", line 351, in parse
    loader.exec_module(new_module)
  File "<frozen importlib._bootstrap_external>", line 883, in exec_module
  File "<frozen importlib._bootstrap>", line 241, in _call_with_frames_removed
  File "/opt/airflow/dags/main.py", line 5, in <module>
    from dwh import staging_table, core_table
ModuleNotFoundError: No module named 'dwh'
[2026-05-15T14:50:45.009+0000] {processor.py:842} WARNING - No viable dags retrieved from /opt/airflow/dags/main.py
[2026-05-15T14:50:45.060+0000] {processor.py:183} INFO - Processing /opt/airflow/dags/main.py took 0.130 seconds
[2026-05-15T14:50:54.073+0000] {processor.py:161} INFO - Started process (PID=311) to work on /opt/airflow/dags/main.py
[2026-05-15T14:50:54.075+0000] {processor.py:830} INFO - Processing file /opt/airflow/dags/main.py for tasks to queue
[2026-05-15T14:50:54.081+0000] {logging_mixin.py:188} INFO - [2026-05-15T14:50:54.080+0000] {dagbag.py:545} INFO - Filling up the DagBag from /opt/airflow/dags/main.py
[2026-05-15T14:50:54.132+0000] {logging_mixin.py:188} INFO - [2026-05-15T14:50:54.124+0000] {dagbag.py:355} ERROR - Failed to import: /opt/airflow/dags/main.py
Traceback (most recent call last):
  File "/home/airflow/.local/lib/python3.10/site-packages/airflow/models/dagbag.py", line 351, in parse
    loader.exec_module(new_module)
  File "<frozen importlib._bootstrap_external>", line 883, in exec_module
  File "<frozen importlib._bootstrap>", line 241, in _call_with_frames_removed
  File "/opt/airflow/dags/main.py", line 5, in <module>
    from dwh import staging_table, core_table
ModuleNotFoundError: No module named 'dwh'
[2026-05-15T14:50:54.135+0000] {processor.py:842} WARNING - No viable dags retrieved from /opt/airflow/dags/main.py
[2026-05-15T14:50:54.180+0000] {processor.py:183} INFO - Processing /opt/airflow/dags/main.py took 0.120 seconds
[2026-05-15T14:51:24.684+0000] {processor.py:161} INFO - Started process (PID=318) to work on /opt/airflow/dags/main.py
[2026-05-15T14:51:24.686+0000] {processor.py:830} INFO - Processing file /opt/airflow/dags/main.py for tasks to queue
[2026-05-15T14:51:24.690+0000] {logging_mixin.py:188} INFO - [2026-05-15T14:51:24.690+0000] {dagbag.py:545} INFO - Filling up the DagBag from /opt/airflow/dags/main.py
[2026-05-15T14:51:24.720+0000] {logging_mixin.py:188} INFO - [2026-05-15T14:51:24.714+0000] {dagbag.py:355} ERROR - Failed to import: /opt/airflow/dags/main.py
Traceback (most recent call last):
  File "/home/airflow/.local/lib/python3.10/site-packages/airflow/models/dagbag.py", line 351, in parse
    loader.exec_module(new_module)
  File "<frozen importlib._bootstrap_external>", line 883, in exec_module
  File "<frozen importlib._bootstrap>", line 241, in _call_with_frames_removed
  File "/opt/airflow/dags/main.py", line 5, in <module>
    from dwh import staging_table, core_table
ModuleNotFoundError: No module named 'dwh'
[2026-05-15T14:51:24.723+0000] {processor.py:842} WARNING - No viable dags retrieved from /opt/airflow/dags/main.py
[2026-05-15T14:51:24.763+0000] {processor.py:183} INFO - Processing /opt/airflow/dags/main.py took 0.093 seconds
[2026-05-15T14:51:55.173+0000] {processor.py:161} INFO - Started process (PID=325) to work on /opt/airflow/dags/main.py
[2026-05-15T14:51:55.176+0000] {processor.py:830} INFO - Processing file /opt/airflow/dags/main.py for tasks to queue
[2026-05-15T14:51:55.180+0000] {logging_mixin.py:188} INFO - [2026-05-15T14:51:55.179+0000] {dagbag.py:545} INFO - Filling up the DagBag from /opt/airflow/dags/main.py
[2026-05-15T14:51:55.227+0000] {logging_mixin.py:188} INFO - [2026-05-15T14:51:55.217+0000] {dagbag.py:355} ERROR - Failed to import: /opt/airflow/dags/main.py
Traceback (most recent call last):
  File "/home/airflow/.local/lib/python3.10/site-packages/airflow/models/dagbag.py", line 351, in parse
    loader.exec_module(new_module)
  File "<frozen importlib._bootstrap_external>", line 883, in exec_module
  File "<frozen importlib._bootstrap>", line 241, in _call_with_frames_removed
  File "/opt/airflow/dags/main.py", line 5, in <module>
    from dwh import staging_table, core_table
ModuleNotFoundError: No module named 'dwh'
[2026-05-15T14:51:55.230+0000] {processor.py:842} WARNING - No viable dags retrieved from /opt/airflow/dags/main.py
[2026-05-15T14:51:55.295+0000] {processor.py:183} INFO - Processing /opt/airflow/dags/main.py took 0.135 seconds
[2026-05-15T14:52:25.540+0000] {processor.py:161} INFO - Started process (PID=332) to work on /opt/airflow/dags/main.py
[2026-05-15T14:52:25.542+0000] {processor.py:830} INFO - Processing file /opt/airflow/dags/main.py for tasks to queue
[2026-05-15T14:52:25.547+0000] {logging_mixin.py:188} INFO - [2026-05-15T14:52:25.546+0000] {dagbag.py:545} INFO - Filling up the DagBag from /opt/airflow/dags/main.py
[2026-05-15T14:52:25.589+0000] {logging_mixin.py:188} INFO - [2026-05-15T14:52:25.582+0000] {dagbag.py:355} ERROR - Failed to import: /opt/airflow/dags/main.py
Traceback (most recent call last):
  File "/home/airflow/.local/lib/python3.10/site-packages/airflow/models/dagbag.py", line 351, in parse
    loader.exec_module(new_module)
  File "<frozen importlib._bootstrap_external>", line 883, in exec_module
  File "<frozen importlib._bootstrap>", line 241, in _call_with_frames_removed
  File "/opt/airflow/dags/main.py", line 5, in <module>
    from dwh import staging_table, core_table
ModuleNotFoundError: No module named 'dwh'
[2026-05-15T14:52:25.592+0000] {processor.py:842} WARNING - No viable dags retrieved from /opt/airflow/dags/main.py
[2026-05-15T14:52:25.638+0000] {processor.py:183} INFO - Processing /opt/airflow/dags/main.py took 0.112 seconds
[2026-05-15T14:52:56.301+0000] {processor.py:161} INFO - Started process (PID=339) to work on /opt/airflow/dags/main.py
[2026-05-15T14:52:56.304+0000] {processor.py:830} INFO - Processing file /opt/airflow/dags/main.py for tasks to queue
[2026-05-15T14:52:56.309+0000] {logging_mixin.py:188} INFO - [2026-05-15T14:52:56.308+0000] {dagbag.py:545} INFO - Filling up the DagBag from /opt/airflow/dags/main.py
[2026-05-15T14:52:56.352+0000] {logging_mixin.py:188} INFO - [2026-05-15T14:52:56.341+0000] {dagbag.py:355} ERROR - Failed to import: /opt/airflow/dags/main.py
Traceback (most recent call last):
  File "/home/airflow/.local/lib/python3.10/site-packages/airflow/models/dagbag.py", line 351, in parse
    loader.exec_module(new_module)
  File "<frozen importlib._bootstrap_external>", line 883, in exec_module
  File "<frozen importlib._bootstrap>", line 241, in _call_with_frames_removed
  File "/opt/airflow/dags/main.py", line 5, in <module>
    from dwh import staging_table, core_table
ModuleNotFoundError: No module named 'dwh'
[2026-05-15T14:52:56.381+0000] {processor.py:842} WARNING - No viable dags retrieved from /opt/airflow/dags/main.py
[2026-05-15T14:52:56.472+0000] {processor.py:183} INFO - Processing /opt/airflow/dags/main.py took 0.188 seconds
[2026-05-15T14:53:26.990+0000] {processor.py:161} INFO - Started process (PID=346) to work on /opt/airflow/dags/main.py
[2026-05-15T14:53:27.000+0000] {processor.py:830} INFO - Processing file /opt/airflow/dags/main.py for tasks to queue
[2026-05-15T14:53:27.009+0000] {logging_mixin.py:188} INFO - [2026-05-15T14:53:27.008+0000] {dagbag.py:545} INFO - Filling up the DagBag from /opt/airflow/dags/main.py
[2026-05-15T14:53:27.110+0000] {logging_mixin.py:188} INFO - [2026-05-15T14:53:27.086+0000] {dagbag.py:355} ERROR - Failed to import: /opt/airflow/dags/main.py
Traceback (most recent call last):
  File "/home/airflow/.local/lib/python3.10/site-packages/airflow/models/dagbag.py", line 351, in parse
    loader.exec_module(new_module)
  File "<frozen importlib._bootstrap_external>", line 883, in exec_module
  File "<frozen importlib._bootstrap>", line 241, in _call_with_frames_removed
  File "/opt/airflow/dags/main.py", line 5, in <module>
    from dwh import staging_table, core_table
ModuleNotFoundError: No module named 'dwh'
[2026-05-15T14:53:27.119+0000] {processor.py:842} WARNING - No viable dags retrieved from /opt/airflow/dags/main.py
[2026-05-15T14:53:27.228+0000] {processor.py:183} INFO - Processing /opt/airflow/dags/main.py took 0.293 seconds
[2026-05-15T14:53:57.735+0000] {processor.py:161} INFO - Started process (PID=353) to work on /opt/airflow/dags/main.py
[2026-05-15T14:53:57.738+0000] {processor.py:830} INFO - Processing file /opt/airflow/dags/main.py for tasks to queue
[2026-05-15T14:53:57.742+0000] {logging_mixin.py:188} INFO - [2026-05-15T14:53:57.742+0000] {dagbag.py:545} INFO - Filling up the DagBag from /opt/airflow/dags/main.py
[2026-05-15T14:53:57.774+0000] {logging_mixin.py:188} INFO - [2026-05-15T14:53:57.768+0000] {dagbag.py:355} ERROR - Failed to import: /opt/airflow/dags/main.py
Traceback (most recent call last):
  File "/home/airflow/.local/lib/python3.10/site-packages/airflow/models/dagbag.py", line 351, in parse
    loader.exec_module(new_module)
  File "<frozen importlib._bootstrap_external>", line 883, in exec_module
  File "<frozen importlib._bootstrap>", line 241, in _call_with_frames_removed
  File "/opt/airflow/dags/main.py", line 5, in <module>
    from dwh import staging_table, core_table
ModuleNotFoundError: No module named 'dwh'
[2026-05-15T14:53:57.777+0000] {processor.py:842} WARNING - No viable dags retrieved from /opt/airflow/dags/main.py
[2026-05-15T14:53:57.824+0000] {processor.py:183} INFO - Processing /opt/airflow/dags/main.py took 0.103 seconds
[2026-05-15T14:54:28.164+0000] {processor.py:161} INFO - Started process (PID=360) to work on /opt/airflow/dags/main.py
[2026-05-15T14:54:28.166+0000] {processor.py:830} INFO - Processing file /opt/airflow/dags/main.py for tasks to queue
[2026-05-15T14:54:28.172+0000] {logging_mixin.py:188} INFO - [2026-05-15T14:54:28.171+0000] {dagbag.py:545} INFO - Filling up the DagBag from /opt/airflow/dags/main.py
[2026-05-15T14:54:28.214+0000] {logging_mixin.py:188} INFO - [2026-05-15T14:54:28.205+0000] {dagbag.py:355} ERROR - Failed to import: /opt/airflow/dags/main.py
Traceback (most recent call last):
  File "/home/airflow/.local/lib/python3.10/site-packages/airflow/models/dagbag.py", line 351, in parse
    loader.exec_module(new_module)
  File "<frozen importlib._bootstrap_external>", line 883, in exec_module
  File "<frozen importlib._bootstrap>", line 241, in _call_with_frames_removed
  File "/opt/airflow/dags/main.py", line 5, in <module>
    from dwh import staging_table, core_table
ModuleNotFoundError: No module named 'dwh'
[2026-05-15T14:54:28.216+0000] {processor.py:842} WARNING - No viable dags retrieved from /opt/airflow/dags/main.py
[2026-05-15T14:54:28.257+0000] {processor.py:183} INFO - Processing /opt/airflow/dags/main.py took 0.111 seconds
[2026-05-15T14:54:59.035+0000] {processor.py:161} INFO - Started process (PID=367) to work on /opt/airflow/dags/main.py
[2026-05-15T14:54:59.039+0000] {processor.py:830} INFO - Processing file /opt/airflow/dags/main.py for tasks to queue
[2026-05-15T14:54:59.044+0000] {logging_mixin.py:188} INFO - [2026-05-15T14:54:59.043+0000] {dagbag.py:545} INFO - Filling up the DagBag from /opt/airflow/dags/main.py
[2026-05-15T14:55:01.735+0000] {processor.py:840} INFO - DAG(s) 'update_staging_json', 'youtube_dwh_update', 'produce_json' retrieved from /opt/airflow/dags/main.py
[2026-05-15T14:55:02.713+0000] {logging_mixin.py:188} INFO - [2026-05-15T14:55:02.712+0000] {override.py:1829} INFO - Created Permission View: can read on DAG:update_staging_json
[2026-05-15T14:55:02.738+0000] {logging_mixin.py:188} INFO - [2026-05-15T14:55:02.738+0000] {override.py:1829} INFO - Created Permission View: can edit on DAG:update_staging_json
[2026-05-15T14:55:02.753+0000] {logging_mixin.py:188} INFO - [2026-05-15T14:55:02.752+0000] {override.py:1829} INFO - Created Permission View: can delete on DAG:update_staging_json
[2026-05-15T14:55:02.779+0000] {logging_mixin.py:188} INFO - [2026-05-15T14:55:02.779+0000] {override.py:1829} INFO - Created Permission View: can read on DAG:youtube_dwh_update
[2026-05-15T14:55:02.795+0000] {logging_mixin.py:188} INFO - [2026-05-15T14:55:02.794+0000] {override.py:1829} INFO - Created Permission View: can edit on DAG:youtube_dwh_update
[2026-05-15T14:55:02.809+0000] {logging_mixin.py:188} INFO - [2026-05-15T14:55:02.809+0000] {override.py:1829} INFO - Created Permission View: can delete on DAG:youtube_dwh_update
[2026-05-15T14:55:02.843+0000] {logging_mixin.py:188} INFO - [2026-05-15T14:55:02.842+0000] {override.py:1829} INFO - Created Permission View: can read on DAG:produce_json
[2026-05-15T14:55:02.862+0000] {logging_mixin.py:188} INFO - [2026-05-15T14:55:02.862+0000] {override.py:1829} INFO - Created Permission View: can edit on DAG:produce_json
[2026-05-15T14:55:02.882+0000] {logging_mixin.py:188} INFO - [2026-05-15T14:55:02.881+0000] {override.py:1829} INFO - Created Permission View: can delete on DAG:produce_json
[2026-05-15T14:55:02.884+0000] {logging_mixin.py:188} INFO - [2026-05-15T14:55:02.883+0000] {dag.py:3096} INFO - Sync 3 DAGs
[2026-05-15T14:55:02.909+0000] {logging_mixin.py:188} INFO - [2026-05-15T14:55:02.909+0000] {dag.py:3118} INFO - Creating ORM DAG for update_staging_json
[2026-05-15T14:55:02.911+0000] {logging_mixin.py:188} INFO - [2026-05-15T14:55:02.911+0000] {dag.py:3118} INFO - Creating ORM DAG for produce_json
[2026-05-15T14:55:02.913+0000] {logging_mixin.py:188} INFO - [2026-05-15T14:55:02.912+0000] {dag.py:3118} INFO - Creating ORM DAG for youtube_dwh_update
[2026-05-15T14:55:02.938+0000] {logging_mixin.py:188} INFO - [2026-05-15T14:55:02.938+0000] {dag.py:3954} INFO - Setting next_dagrun for produce_json to 2026-05-14 13:00:00+00:00, run_after=2026-05-15 13:00:00+00:00
[2026-05-15T14:55:02.944+0000] {logging_mixin.py:188} INFO - [2026-05-15T14:55:02.943+0000] {dag.py:3954} INFO - Setting next_dagrun for update_staging_json to 2026-05-14 13:00:00+00:00, run_after=2026-05-15 13:00:00+00:00
[2026-05-15T14:55:02.949+0000] {logging_mixin.py:188} INFO - [2026-05-15T14:55:02.948+0000] {dag.py:3954} INFO - Setting next_dagrun for youtube_dwh_update to 2026-05-14 13:30:00+00:00, run_after=2026-05-15 13:30:00+00:00
[2026-05-15T14:55:03.005+0000] {processor.py:183} INFO - Processing /opt/airflow/dags/main.py took 4.001 seconds
[2026-05-15T14:55:33.273+0000] {processor.py:161} INFO - Started process (PID=374) to work on /opt/airflow/dags/main.py
[2026-05-15T14:55:33.275+0000] {processor.py:830} INFO - Processing file /opt/airflow/dags/main.py for tasks to queue
[2026-05-15T14:55:33.280+0000] {logging_mixin.py:188} INFO - [2026-05-15T14:55:33.279+0000] {dagbag.py:545} INFO - Filling up the DagBag from /opt/airflow/dags/main.py
[2026-05-15T14:55:33.543+0000] {processor.py:840} INFO - DAG(s) 'produce_json', 'update_staging_json', 'youtube_dwh_update' retrieved from /opt/airflow/dags/main.py
[2026-05-15T14:55:33.607+0000] {logging_mixin.py:188} INFO - [2026-05-15T14:55:33.607+0000] {dag.py:3096} INFO - Sync 3 DAGs
[2026-05-15T14:55:33.653+0000] {logging_mixin.py:188} INFO - [2026-05-15T14:55:33.653+0000] {dag.py:3954} INFO - Setting next_dagrun for produce_json to 2026-05-14 13:00:00+00:00, run_after=2026-05-15 13:00:00+00:00
[2026-05-15T14:55:33.664+0000] {logging_mixin.py:188} INFO - [2026-05-15T14:55:33.663+0000] {dag.py:3954} INFO - Setting next_dagrun for update_staging_json to 2026-05-14 13:00:00+00:00, run_after=2026-05-15 13:00:00+00:00
[2026-05-15T14:55:33.670+0000] {logging_mixin.py:188} INFO - [2026-05-15T14:55:33.670+0000] {dag.py:3954} INFO - Setting next_dagrun for youtube_dwh_update to 2026-05-14 13:30:00+00:00, run_after=2026-05-15 13:30:00+00:00
[2026-05-15T14:55:33.713+0000] {processor.py:183} INFO - Processing /opt/airflow/dags/main.py took 0.454 seconds
[2026-05-15T14:56:03.979+0000] {processor.py:161} INFO - Started process (PID=381) to work on /opt/airflow/dags/main.py
[2026-05-15T14:56:03.981+0000] {processor.py:830} INFO - Processing file /opt/airflow/dags/main.py for tasks to queue
[2026-05-15T14:56:03.987+0000] {logging_mixin.py:188} INFO - [2026-05-15T14:56:03.986+0000] {dagbag.py:545} INFO - Filling up the DagBag from /opt/airflow/dags/main.py
[2026-05-15T14:56:04.248+0000] {processor.py:840} INFO - DAG(s) 'youtube_dwh_update', 'produce_json', 'update_staging_json' retrieved from /opt/airflow/dags/main.py
[2026-05-15T14:56:04.308+0000] {logging_mixin.py:188} INFO - [2026-05-15T14:56:04.307+0000] {dag.py:3096} INFO - Sync 3 DAGs
[2026-05-15T14:56:04.351+0000] {logging_mixin.py:188} INFO - [2026-05-15T14:56:04.350+0000] {dag.py:3954} INFO - Setting next_dagrun for produce_json to 2026-05-14 13:00:00+00:00, run_after=2026-05-15 13:00:00+00:00
[2026-05-15T14:56:04.361+0000] {logging_mixin.py:188} INFO - [2026-05-15T14:56:04.360+0000] {dag.py:3954} INFO - Setting next_dagrun for update_staging_json to 2026-05-14 13:00:00+00:00, run_after=2026-05-15 13:00:00+00:00
[2026-05-15T14:56:04.367+0000] {logging_mixin.py:188} INFO - [2026-05-15T14:56:04.367+0000] {dag.py:3954} INFO - Setting next_dagrun for youtube_dwh_update to 2026-05-14 13:30:00+00:00, run_after=2026-05-15 13:30:00+00:00
[2026-05-15T14:56:04.409+0000] {processor.py:183} INFO - Processing /opt/airflow/dags/main.py took 0.445 seconds
[2026-05-15T14:56:34.519+0000] {processor.py:161} INFO - Started process (PID=388) to work on /opt/airflow/dags/main.py
[2026-05-15T14:56:34.523+0000] {processor.py:830} INFO - Processing file /opt/airflow/dags/main.py for tasks to queue
[2026-05-15T14:56:34.531+0000] {logging_mixin.py:188} INFO - [2026-05-15T14:56:34.530+0000] {dagbag.py:545} INFO - Filling up the DagBag from /opt/airflow/dags/main.py
[2026-05-15T14:56:34.789+0000] {processor.py:840} INFO - DAG(s) 'update_staging_json', 'youtube_dwh_update', 'produce_json' retrieved from /opt/airflow/dags/main.py
[2026-05-15T14:56:34.872+0000] {logging_mixin.py:188} INFO - [2026-05-15T14:56:34.872+0000] {dag.py:3096} INFO - Sync 3 DAGs
[2026-05-15T14:56:34.931+0000] {logging_mixin.py:188} INFO - [2026-05-15T14:56:34.930+0000] {dag.py:3954} INFO - Setting next_dagrun for produce_json to 2026-05-14 13:00:00+00:00, run_after=2026-05-15 13:00:00+00:00
[2026-05-15T14:56:34.945+0000] {logging_mixin.py:188} INFO - [2026-05-15T14:56:34.944+0000] {dag.py:3954} INFO - Setting next_dagrun for update_staging_json to 2026-05-14 13:00:00+00:00, run_after=2026-05-15 13:00:00+00:00
[2026-05-15T14:56:34.951+0000] {logging_mixin.py:188} INFO - [2026-05-15T14:56:34.951+0000] {dag.py:3954} INFO - Setting next_dagrun for youtube_dwh_update to 2026-05-14 13:30:00+00:00, run_after=2026-05-15 13:30:00+00:00
[2026-05-15T14:56:35.004+0000] {processor.py:183} INFO - Processing /opt/airflow/dags/main.py took 0.509 seconds
[2026-05-15T14:57:05.407+0000] {processor.py:161} INFO - Started process (PID=395) to work on /opt/airflow/dags/main.py
[2026-05-15T14:57:05.410+0000] {processor.py:830} INFO - Processing file /opt/airflow/dags/main.py for tasks to queue
[2026-05-15T14:57:05.415+0000] {logging_mixin.py:188} INFO - [2026-05-15T14:57:05.414+0000] {dagbag.py:545} INFO - Filling up the DagBag from /opt/airflow/dags/main.py
[2026-05-15T14:57:05.674+0000] {processor.py:840} INFO - DAG(s) 'update_staging_json', 'youtube_dwh_update', 'produce_json' retrieved from /opt/airflow/dags/main.py
[2026-05-15T14:57:05.732+0000] {logging_mixin.py:188} INFO - [2026-05-15T14:57:05.731+0000] {dag.py:3096} INFO - Sync 3 DAGs
[2026-05-15T14:57:05.774+0000] {logging_mixin.py:188} INFO - [2026-05-15T14:57:05.774+0000] {dag.py:3954} INFO - Setting next_dagrun for produce_json to 2026-05-14 13:00:00+00:00, run_after=2026-05-15 13:00:00+00:00
[2026-05-15T14:57:05.788+0000] {logging_mixin.py:188} INFO - [2026-05-15T14:57:05.787+0000] {dag.py:3954} INFO - Setting next_dagrun for update_staging_json to 2026-05-14 13:00:00+00:00, run_after=2026-05-15 13:00:00+00:00
[2026-05-15T14:57:05.794+0000] {logging_mixin.py:188} INFO - [2026-05-15T14:57:05.794+0000] {dag.py:3954} INFO - Setting next_dagrun for youtube_dwh_update to 2026-05-14 13:30:00+00:00, run_after=2026-05-15 13:30:00+00:00
[2026-05-15T14:57:05.835+0000] {processor.py:183} INFO - Processing /opt/airflow/dags/main.py took 0.442 seconds
[2026-05-15T14:57:36.031+0000] {processor.py:161} INFO - Started process (PID=402) to work on /opt/airflow/dags/main.py
[2026-05-15T14:57:36.033+0000] {processor.py:830} INFO - Processing file /opt/airflow/dags/main.py for tasks to queue
[2026-05-15T14:57:36.038+0000] {logging_mixin.py:188} INFO - [2026-05-15T14:57:36.037+0000] {dagbag.py:545} INFO - Filling up the DagBag from /opt/airflow/dags/main.py
[2026-05-15T14:57:36.269+0000] {processor.py:840} INFO - DAG(s) 'youtube_dwh_update', 'produce_json', 'update_staging_json' retrieved from /opt/airflow/dags/main.py
[2026-05-15T14:57:36.344+0000] {logging_mixin.py:188} INFO - [2026-05-15T14:57:36.343+0000] {dag.py:3096} INFO - Sync 3 DAGs
[2026-05-15T14:57:36.389+0000] {logging_mixin.py:188} INFO - [2026-05-15T14:57:36.388+0000] {dag.py:3954} INFO - Setting next_dagrun for produce_json to 2026-05-14 13:00:00+00:00, run_after=2026-05-15 13:00:00+00:00
[2026-05-15T14:57:36.399+0000] {logging_mixin.py:188} INFO - [2026-05-15T14:57:36.398+0000] {dag.py:3954} INFO - Setting next_dagrun for update_staging_json to 2026-05-14 13:00:00+00:00, run_after=2026-05-15 13:00:00+00:00
[2026-05-15T14:57:36.405+0000] {logging_mixin.py:188} INFO - [2026-05-15T14:57:36.404+0000] {dag.py:3954} INFO - Setting next_dagrun for youtube_dwh_update to 2026-05-14 13:30:00+00:00, run_after=2026-05-15 13:30:00+00:00
[2026-05-15T14:57:36.442+0000] {processor.py:183} INFO - Processing /opt/airflow/dags/main.py took 0.425 seconds
[2026-05-15T14:58:07.646+0000] {processor.py:161} INFO - Started process (PID=409) to work on /opt/airflow/dags/main.py
[2026-05-15T14:58:07.653+0000] {processor.py:830} INFO - Processing file /opt/airflow/dags/main.py for tasks to queue
[2026-05-15T14:58:07.669+0000] {logging_mixin.py:188} INFO - [2026-05-15T14:58:07.667+0000] {dagbag.py:545} INFO - Filling up the DagBag from /opt/airflow/dags/main.py
[2026-05-15T14:58:08.465+0000] {processor.py:840} INFO - DAG(s) 'update_staging_json', 'produce_json', 'youtube_dwh_update' retrieved from /opt/airflow/dags/main.py
[2026-05-15T14:58:08.649+0000] {logging_mixin.py:188} INFO - [2026-05-15T14:58:08.648+0000] {dag.py:3096} INFO - Sync 3 DAGs
[2026-05-15T14:58:08.841+0000] {logging_mixin.py:188} INFO - [2026-05-15T14:58:08.841+0000] {dag.py:3954} INFO - Setting next_dagrun for produce_json to 2026-05-14 13:00:00+00:00, run_after=2026-05-15 13:00:00+00:00
[2026-05-15T14:58:08.925+0000] {logging_mixin.py:188} INFO - [2026-05-15T14:58:08.924+0000] {dag.py:3954} INFO - Setting next_dagrun for update_staging_json to 2026-05-14 13:00:00+00:00, run_after=2026-05-15 13:00:00+00:00
[2026-05-15T14:58:09.020+0000] {logging_mixin.py:188} INFO - [2026-05-15T14:58:09.019+0000] {dag.py:3954} INFO - Setting next_dagrun for youtube_dwh_update to 2026-05-14 13:30:00+00:00, run_after=2026-05-15 13:30:00+00:00
[2026-05-15T14:58:09.210+0000] {processor.py:183} INFO - Processing /opt/airflow/dags/main.py took 1.628 seconds
[2026-05-15T14:58:39.925+0000] {processor.py:161} INFO - Started process (PID=422) to work on /opt/airflow/dags/main.py
[2026-05-15T14:58:39.930+0000] {processor.py:830} INFO - Processing file /opt/airflow/dags/main.py for tasks to queue
[2026-05-15T14:58:39.939+0000] {logging_mixin.py:188} INFO - [2026-05-15T14:58:39.937+0000] {dagbag.py:545} INFO - Filling up the DagBag from /opt/airflow/dags/main.py
[2026-05-15T14:58:40.291+0000] {processor.py:840} INFO - DAG(s) 'youtube_dwh_update', 'produce_json', 'update_staging_json' retrieved from /opt/airflow/dags/main.py
[2026-05-15T14:58:40.401+0000] {logging_mixin.py:188} INFO - [2026-05-15T14:58:40.400+0000] {dag.py:3096} INFO - Sync 3 DAGs
[2026-05-15T14:58:40.631+0000] {logging_mixin.py:188} INFO - [2026-05-15T14:58:40.630+0000] {dag.py:3954} INFO - Setting next_dagrun for produce_json to 2026-05-14 13:00:00+00:00, run_after=2026-05-15 13:00:00+00:00
[2026-05-15T14:58:40.778+0000] {logging_mixin.py:188} INFO - [2026-05-15T14:58:40.777+0000] {dag.py:3954} INFO - Setting next_dagrun for update_staging_json to 2026-05-14 13:00:00+00:00, run_after=2026-05-15 13:00:00+00:00
[2026-05-15T14:58:40.809+0000] {logging_mixin.py:188} INFO - [2026-05-15T14:58:40.808+0000] {dag.py:3954} INFO - Setting next_dagrun for youtube_dwh_update to 2026-05-14 13:30:00+00:00, run_after=2026-05-15 13:30:00+00:00
[2026-05-15T14:58:40.918+0000] {processor.py:183} INFO - Processing /opt/airflow/dags/main.py took 1.016 seconds
[2026-05-15T14:59:11.438+0000] {processor.py:161} INFO - Started process (PID=429) to work on /opt/airflow/dags/main.py
[2026-05-15T14:59:11.441+0000] {processor.py:830} INFO - Processing file /opt/airflow/dags/main.py for tasks to queue
[2026-05-15T14:59:11.445+0000] {logging_mixin.py:188} INFO - [2026-05-15T14:59:11.444+0000] {dagbag.py:545} INFO - Filling up the DagBag from /opt/airflow/dags/main.py
[2026-05-15T14:59:11.708+0000] {processor.py:840} INFO - DAG(s) 'produce_json', 'update_staging_json', 'youtube_dwh_update' retrieved from /opt/airflow/dags/main.py
[2026-05-15T14:59:11.793+0000] {logging_mixin.py:188} INFO - [2026-05-15T14:59:11.793+0000] {dag.py:3096} INFO - Sync 3 DAGs
[2026-05-15T14:59:11.838+0000] {logging_mixin.py:188} INFO - [2026-05-15T14:59:11.837+0000] {dag.py:3954} INFO - Setting next_dagrun for produce_json to 2026-05-14 13:00:00+00:00, run_after=2026-05-15 13:00:00+00:00
[2026-05-15T14:59:11.848+0000] {logging_mixin.py:188} INFO - [2026-05-15T14:59:11.848+0000] {dag.py:3954} INFO - Setting next_dagrun for update_staging_json to 2026-05-14 13:00:00+00:00, run_after=2026-05-15 13:00:00+00:00
[2026-05-15T14:59:11.854+0000] {logging_mixin.py:188} INFO - [2026-05-15T14:59:11.854+0000] {dag.py:3954} INFO - Setting next_dagrun for youtube_dwh_update to 2026-05-14 13:30:00+00:00, run_after=2026-05-15 13:30:00+00:00
[2026-05-15T14:59:11.888+0000] {processor.py:183} INFO - Processing /opt/airflow/dags/main.py took 0.464 seconds
[2026-05-15T14:59:42.050+0000] {processor.py:161} INFO - Started process (PID=436) to work on /opt/airflow/dags/main.py
[2026-05-15T14:59:42.053+0000] {processor.py:830} INFO - Processing file /opt/airflow/dags/main.py for tasks to queue
[2026-05-15T14:59:42.060+0000] {logging_mixin.py:188} INFO - [2026-05-15T14:59:42.058+0000] {dagbag.py:545} INFO - Filling up the DagBag from /opt/airflow/dags/main.py
[2026-05-15T14:59:42.367+0000] {processor.py:840} INFO - DAG(s) 'update_staging_json', 'produce_json', 'youtube_dwh_update' retrieved from /opt/airflow/dags/main.py
[2026-05-15T14:59:42.442+0000] {logging_mixin.py:188} INFO - [2026-05-15T14:59:42.442+0000] {dag.py:3096} INFO - Sync 3 DAGs
[2026-05-15T14:59:42.499+0000] {logging_mixin.py:188} INFO - [2026-05-15T14:59:42.499+0000] {dag.py:3954} INFO - Setting next_dagrun for produce_json to 2026-05-14 13:00:00+00:00, run_after=2026-05-15 13:00:00+00:00
[2026-05-15T14:59:42.511+0000] {logging_mixin.py:188} INFO - [2026-05-15T14:59:42.511+0000] {dag.py:3954} INFO - Setting next_dagrun for update_staging_json to 2026-05-14 13:00:00+00:00, run_after=2026-05-15 13:00:00+00:00
[2026-05-15T14:59:42.518+0000] {logging_mixin.py:188} INFO - [2026-05-15T14:59:42.518+0000] {dag.py:3954} INFO - Setting next_dagrun for youtube_dwh_update to 2026-05-14 13:30:00+00:00, run_after=2026-05-15 13:30:00+00:00
[2026-05-15T14:59:42.594+0000] {processor.py:183} INFO - Processing /opt/airflow/dags/main.py took 0.562 seconds
[2026-05-15T15:00:12.943+0000] {processor.py:161} INFO - Started process (PID=444) to work on /opt/airflow/dags/main.py
[2026-05-15T15:00:12.948+0000] {processor.py:830} INFO - Processing file /opt/airflow/dags/main.py for tasks to queue
[2026-05-15T15:00:12.954+0000] {logging_mixin.py:188} INFO - [2026-05-15T15:00:12.953+0000] {dagbag.py:545} INFO - Filling up the DagBag from /opt/airflow/dags/main.py
[2026-05-15T15:00:13.346+0000] {processor.py:840} INFO - DAG(s) 'youtube_dwh_update', 'update_staging_json', 'produce_json' retrieved from /opt/airflow/dags/main.py
[2026-05-15T15:00:13.467+0000] {logging_mixin.py:188} INFO - [2026-05-15T15:00:13.466+0000] {dag.py:3096} INFO - Sync 3 DAGs
[2026-05-15T15:00:13.552+0000] {logging_mixin.py:188} INFO - [2026-05-15T15:00:13.551+0000] {dag.py:3954} INFO - Setting next_dagrun for produce_json to 2026-05-14 13:00:00+00:00, run_after=2026-05-15 13:00:00+00:00
[2026-05-15T15:00:13.573+0000] {logging_mixin.py:188} INFO - [2026-05-15T15:00:13.572+0000] {dag.py:3954} INFO - Setting next_dagrun for update_staging_json to 2026-05-14 13:00:00+00:00, run_after=2026-05-15 13:00:00+00:00
[2026-05-15T15:00:13.589+0000] {logging_mixin.py:188} INFO - [2026-05-15T15:00:13.588+0000] {dag.py:3954} INFO - Setting next_dagrun for youtube_dwh_update to 2026-05-14 13:30:00+00:00, run_after=2026-05-15 13:30:00+00:00
[2026-05-15T15:00:13.685+0000] {processor.py:183} INFO - Processing /opt/airflow/dags/main.py took 0.761 seconds
[2026-05-15T15:00:43.988+0000] {processor.py:161} INFO - Started process (PID=451) to work on /opt/airflow/dags/main.py
[2026-05-15T15:00:43.991+0000] {processor.py:830} INFO - Processing file /opt/airflow/dags/main.py for tasks to queue
[2026-05-15T15:00:43.997+0000] {logging_mixin.py:188} INFO - [2026-05-15T15:00:43.996+0000] {dagbag.py:545} INFO - Filling up the DagBag from /opt/airflow/dags/main.py
[2026-05-15T15:00:44.245+0000] {processor.py:840} INFO - DAG(s) 'update_staging_json', 'youtube_dwh_update', 'produce_json' retrieved from /opt/airflow/dags/main.py
[2026-05-15T15:00:44.353+0000] {logging_mixin.py:188} INFO - [2026-05-15T15:00:44.351+0000] {dag.py:3096} INFO - Sync 3 DAGs
[2026-05-15T15:00:44.413+0000] {logging_mixin.py:188} INFO - [2026-05-15T15:00:44.413+0000] {dag.py:3954} INFO - Setting next_dagrun for produce_json to 2026-05-14 13:00:00+00:00, run_after=2026-05-15 13:00:00+00:00
[2026-05-15T15:00:44.426+0000] {logging_mixin.py:188} INFO - [2026-05-15T15:00:44.425+0000] {dag.py:3954} INFO - Setting next_dagrun for update_staging_json to 2026-05-14 13:00:00+00:00, run_after=2026-05-15 13:00:00+00:00
[2026-05-15T15:00:44.432+0000] {logging_mixin.py:188} INFO - [2026-05-15T15:00:44.431+0000] {dag.py:3954} INFO - Setting next_dagrun for youtube_dwh_update to 2026-05-14 13:30:00+00:00, run_after=2026-05-15 13:30:00+00:00
[2026-05-15T15:00:44.467+0000] {processor.py:183} INFO - Processing /opt/airflow/dags/main.py took 0.497 seconds
[2026-05-15T15:01:14.903+0000] {processor.py:161} INFO - Started process (PID=473) to work on /opt/airflow/dags/main.py
[2026-05-15T15:01:14.906+0000] {processor.py:830} INFO - Processing file /opt/airflow/dags/main.py for tasks to queue
[2026-05-15T15:01:14.911+0000] {logging_mixin.py:188} INFO - [2026-05-15T15:01:14.909+0000] {dagbag.py:545} INFO - Filling up the DagBag from /opt/airflow/dags/main.py
[2026-05-15T15:01:15.404+0000] {processor.py:840} INFO - DAG(s) 'youtube_dwh_update', 'update_staging_json', 'produce_json' retrieved from /opt/airflow/dags/main.py
[2026-05-15T15:01:15.513+0000] {logging_mixin.py:188} INFO - [2026-05-15T15:01:15.512+0000] {dag.py:3096} INFO - Sync 3 DAGs
[2026-05-15T15:01:15.607+0000] {logging_mixin.py:188} INFO - [2026-05-15T15:01:15.606+0000] {dag.py:3954} INFO - Setting next_dagrun for produce_json to 2026-05-15 13:00:00+00:00, run_after=2026-05-16 13:00:00+00:00
[2026-05-15T15:01:15.621+0000] {logging_mixin.py:188} INFO - [2026-05-15T15:01:15.621+0000] {dag.py:3954} INFO - Setting next_dagrun for update_staging_json to 2026-05-14 13:00:00+00:00, run_after=2026-05-15 13:00:00+00:00
[2026-05-15T15:01:15.648+0000] {logging_mixin.py:188} INFO - [2026-05-15T15:01:15.647+0000] {dag.py:3954} INFO - Setting next_dagrun for youtube_dwh_update to 2026-05-14 13:30:00+00:00, run_after=2026-05-15 13:30:00+00:00
[2026-05-15T15:01:15.787+0000] {processor.py:183} INFO - Processing /opt/airflow/dags/main.py took 0.906 seconds
[2026-05-15T15:01:45.986+0000] {processor.py:161} INFO - Started process (PID=484) to work on /opt/airflow/dags/main.py
[2026-05-15T15:01:45.988+0000] {processor.py:830} INFO - Processing file /opt/airflow/dags/main.py for tasks to queue
[2026-05-15T15:01:45.995+0000] {logging_mixin.py:188} INFO - [2026-05-15T15:01:45.994+0000] {dagbag.py:545} INFO - Filling up the DagBag from /opt/airflow/dags/main.py
[2026-05-15T15:01:46.230+0000] {processor.py:840} INFO - DAG(s) 'youtube_dwh_update', 'update_staging_json', 'produce_json' retrieved from /opt/airflow/dags/main.py
[2026-05-15T15:01:46.317+0000] {logging_mixin.py:188} INFO - [2026-05-15T15:01:46.313+0000] {dag.py:3096} INFO - Sync 3 DAGs
[2026-05-15T15:01:46.410+0000] {logging_mixin.py:188} INFO - [2026-05-15T15:01:46.410+0000] {dag.py:3954} INFO - Setting next_dagrun for produce_json to 2026-05-15 13:00:00+00:00, run_after=2026-05-16 13:00:00+00:00
[2026-05-15T15:01:46.429+0000] {logging_mixin.py:188} INFO - [2026-05-15T15:01:46.429+0000] {dag.py:3954} INFO - Setting next_dagrun for update_staging_json to 2026-05-14 13:00:00+00:00, run_after=2026-05-15 13:00:00+00:00
[2026-05-15T15:01:46.441+0000] {logging_mixin.py:188} INFO - [2026-05-15T15:01:46.440+0000] {dag.py:3954} INFO - Setting next_dagrun for youtube_dwh_update to 2026-05-14 13:30:00+00:00, run_after=2026-05-15 13:30:00+00:00
[2026-05-15T15:01:46.483+0000] {processor.py:183} INFO - Processing /opt/airflow/dags/main.py took 0.514 seconds
[2026-05-15T15:02:17.269+0000] {processor.py:161} INFO - Started process (PID=494) to work on /opt/airflow/dags/main.py
[2026-05-15T15:02:17.274+0000] {processor.py:830} INFO - Processing file /opt/airflow/dags/main.py for tasks to queue
[2026-05-15T15:02:17.302+0000] {logging_mixin.py:188} INFO - [2026-05-15T15:02:17.290+0000] {dagbag.py:545} INFO - Filling up the DagBag from /opt/airflow/dags/main.py
[2026-05-15T15:02:18.638+0000] {processor.py:840} INFO - DAG(s) 'youtube_dwh_update', 'produce_json', 'update_staging_json' retrieved from /opt/airflow/dags/main.py
[2026-05-15T15:02:18.834+0000] {logging_mixin.py:188} INFO - [2026-05-15T15:02:18.833+0000] {dag.py:3096} INFO - Sync 3 DAGs
[2026-05-15T15:02:19.090+0000] {logging_mixin.py:188} INFO - [2026-05-15T15:02:19.089+0000] {dag.py:3954} INFO - Setting next_dagrun for produce_json to 2026-05-15 13:00:00+00:00, run_after=2026-05-16 13:00:00+00:00
[2026-05-15T15:02:19.138+0000] {logging_mixin.py:188} INFO - [2026-05-15T15:02:19.137+0000] {dag.py:3954} INFO - Setting next_dagrun for update_staging_json to 2026-05-14 13:00:00+00:00, run_after=2026-05-15 13:00:00+00:00
[2026-05-15T15:02:19.168+0000] {logging_mixin.py:188} INFO - [2026-05-15T15:02:19.167+0000] {dag.py:3954} INFO - Setting next_dagrun for youtube_dwh_update to 2026-05-14 13:30:00+00:00, run_after=2026-05-15 13:30:00+00:00
[2026-05-15T15:02:19.283+0000] {processor.py:183} INFO - Processing /opt/airflow/dags/main.py took 2.077 seconds
[2026-05-15T15:02:50.087+0000] {processor.py:161} INFO - Started process (PID=501) to work on /opt/airflow/dags/main.py
[2026-05-15T15:02:50.109+0000] {processor.py:830} INFO - Processing file /opt/airflow/dags/main.py for tasks to queue
[2026-05-15T15:02:50.118+0000] {logging_mixin.py:188} INFO - [2026-05-15T15:02:50.117+0000] {dagbag.py:545} INFO - Filling up the DagBag from /opt/airflow/dags/main.py
[2026-05-15T15:02:51.865+0000] {processor.py:840} INFO - DAG(s) 'update_staging_json', 'youtube_dwh_update', 'produce_json' retrieved from /opt/airflow/dags/main.py
[2026-05-15T15:02:52.176+0000] {logging_mixin.py:188} INFO - [2026-05-15T15:02:52.166+0000] {dag.py:3096} INFO - Sync 3 DAGs
[2026-05-15T15:02:52.376+0000] {logging_mixin.py:188} INFO - [2026-05-15T15:02:52.375+0000] {dag.py:3954} INFO - Setting next_dagrun for produce_json to 2026-05-15 13:00:00+00:00, run_after=2026-05-16 13:00:00+00:00
[2026-05-15T15:02:52.408+0000] {logging_mixin.py:188} INFO - [2026-05-15T15:02:52.407+0000] {dag.py:3954} INFO - Setting next_dagrun for update_staging_json to 2026-05-14 13:00:00+00:00, run_after=2026-05-15 13:00:00+00:00
[2026-05-15T15:02:52.455+0000] {logging_mixin.py:188} INFO - [2026-05-15T15:02:52.444+0000] {dag.py:3954} INFO - Setting next_dagrun for youtube_dwh_update to 2026-05-14 13:30:00+00:00, run_after=2026-05-15 13:30:00+00:00
[2026-05-15T15:02:52.576+0000] {processor.py:183} INFO - Processing /opt/airflow/dags/main.py took 2.543 seconds
[2026-05-15T15:03:23.449+0000] {processor.py:161} INFO - Started process (PID=516) to work on /opt/airflow/dags/main.py
[2026-05-15T15:03:23.451+0000] {processor.py:830} INFO - Processing file /opt/airflow/dags/main.py for tasks to queue
[2026-05-15T15:03:23.462+0000] {logging_mixin.py:188} INFO - [2026-05-15T15:03:23.461+0000] {dagbag.py:545} INFO - Filling up the DagBag from /opt/airflow/dags/main.py
[2026-05-15T15:03:23.815+0000] {processor.py:840} INFO - DAG(s) 'youtube_dwh_update', 'update_staging_json', 'produce_json' retrieved from /opt/airflow/dags/main.py
[2026-05-15T15:03:23.965+0000] {logging_mixin.py:188} INFO - [2026-05-15T15:03:23.964+0000] {dag.py:3096} INFO - Sync 3 DAGs
[2026-05-15T15:03:24.135+0000] {logging_mixin.py:188} INFO - [2026-05-15T15:03:24.134+0000] {dag.py:3954} INFO - Setting next_dagrun for produce_json to 2026-05-15 13:00:00+00:00, run_after=2026-05-16 13:00:00+00:00
[2026-05-15T15:03:24.163+0000] {logging_mixin.py:188} INFO - [2026-05-15T15:03:24.163+0000] {dag.py:3954} INFO - Setting next_dagrun for update_staging_json to 2026-05-15 13:00:00+00:00, run_after=2026-05-16 13:00:00+00:00
[2026-05-15T15:03:24.195+0000] {logging_mixin.py:188} INFO - [2026-05-15T15:03:24.194+0000] {dag.py:3954} INFO - Setting next_dagrun for youtube_dwh_update to 2026-05-14 13:30:00+00:00, run_after=2026-05-15 13:30:00+00:00
[2026-05-15T15:03:24.368+0000] {processor.py:183} INFO - Processing /opt/airflow/dags/main.py took 0.954 seconds
[2026-05-15T15:03:54.926+0000] {processor.py:161} INFO - Started process (PID=528) to work on /opt/airflow/dags/main.py
[2026-05-15T15:03:54.929+0000] {processor.py:830} INFO - Processing file /opt/airflow/dags/main.py for tasks to queue
[2026-05-15T15:03:54.933+0000] {logging_mixin.py:188} INFO - [2026-05-15T15:03:54.932+0000] {dagbag.py:545} INFO - Filling up the DagBag from /opt/airflow/dags/main.py
[2026-05-15T15:03:55.167+0000] {processor.py:840} INFO - DAG(s) 'produce_json', 'youtube_dwh_update', 'update_staging_json' retrieved from /opt/airflow/dags/main.py
[2026-05-15T15:03:55.230+0000] {logging_mixin.py:188} INFO - [2026-05-15T15:03:55.229+0000] {dag.py:3096} INFO - Sync 3 DAGs
[2026-05-15T15:03:55.283+0000] {logging_mixin.py:188} INFO - [2026-05-15T15:03:55.282+0000] {dag.py:3954} INFO - Setting next_dagrun for produce_json to 2026-05-15 13:00:00+00:00, run_after=2026-05-16 13:00:00+00:00
[2026-05-15T15:03:55.298+0000] {logging_mixin.py:188} INFO - [2026-05-15T15:03:55.297+0000] {dag.py:3954} INFO - Setting next_dagrun for update_staging_json to 2026-05-15 13:00:00+00:00, run_after=2026-05-16 13:00:00+00:00
[2026-05-15T15:03:55.309+0000] {logging_mixin.py:188} INFO - [2026-05-15T15:03:55.308+0000] {dag.py:3954} INFO - Setting next_dagrun for youtube_dwh_update to 2026-05-14 13:30:00+00:00, run_after=2026-05-15 13:30:00+00:00
[2026-05-15T15:03:55.354+0000] {processor.py:183} INFO - Processing /opt/airflow/dags/main.py took 0.441 seconds
[2026-05-15T15:04:26.357+0000] {processor.py:161} INFO - Started process (PID=539) to work on /opt/airflow/dags/main.py
[2026-05-15T15:04:26.494+0000] {processor.py:830} INFO - Processing file /opt/airflow/dags/main.py for tasks to queue
[2026-05-15T15:04:26.559+0000] {logging_mixin.py:188} INFO - [2026-05-15T15:04:26.558+0000] {dagbag.py:545} INFO - Filling up the DagBag from /opt/airflow/dags/main.py
[2026-05-15T15:04:28.382+0000] {processor.py:840} INFO - DAG(s) 'produce_json', 'update_staging_json', 'youtube_dwh_update' retrieved from /opt/airflow/dags/main.py
[2026-05-15T15:04:28.486+0000] {logging_mixin.py:188} INFO - [2026-05-15T15:04:28.485+0000] {dag.py:3096} INFO - Sync 3 DAGs
[2026-05-15T15:04:28.567+0000] {logging_mixin.py:188} INFO - [2026-05-15T15:04:28.566+0000] {dag.py:3954} INFO - Setting next_dagrun for produce_json to 2026-05-15 13:00:00+00:00, run_after=2026-05-16 13:00:00+00:00
[2026-05-15T15:04:28.584+0000] {logging_mixin.py:188} INFO - [2026-05-15T15:04:28.583+0000] {dag.py:3954} INFO - Setting next_dagrun for update_staging_json to 2026-05-15 13:00:00+00:00, run_after=2026-05-16 13:00:00+00:00
[2026-05-15T15:04:28.600+0000] {logging_mixin.py:188} INFO - [2026-05-15T15:04:28.599+0000] {dag.py:3954} INFO - Setting next_dagrun for youtube_dwh_update to 2026-05-15 13:30:00+00:00, run_after=2026-05-16 13:30:00+00:00
[2026-05-15T15:04:28.669+0000] {processor.py:183} INFO - Processing /opt/airflow/dags/main.py took 2.456 seconds
[2026-05-15T15:04:58.949+0000] {processor.py:161} INFO - Started process (PID=546) to work on /opt/airflow/dags/main.py
[2026-05-15T15:04:58.954+0000] {processor.py:830} INFO - Processing file /opt/airflow/dags/main.py for tasks to queue
[2026-05-15T15:04:58.965+0000] {logging_mixin.py:188} INFO - [2026-05-15T15:04:58.964+0000] {dagbag.py:545} INFO - Filling up the DagBag from /opt/airflow/dags/main.py
[2026-05-15T15:04:59.389+0000] {processor.py:840} INFO - DAG(s) 'youtube_dwh_update', 'produce_json', 'update_staging_json' retrieved from /opt/airflow/dags/main.py
[2026-05-15T15:04:59.504+0000] {logging_mixin.py:188} INFO - [2026-05-15T15:04:59.504+0000] {dag.py:3096} INFO - Sync 3 DAGs
[2026-05-15T15:04:59.687+0000] {logging_mixin.py:188} INFO - [2026-05-15T15:04:59.683+0000] {dag.py:3954} INFO - Setting next_dagrun for produce_json to 2026-05-15 13:00:00+00:00, run_after=2026-05-16 13:00:00+00:00
[2026-05-15T15:04:59.708+0000] {logging_mixin.py:188} INFO - [2026-05-15T15:04:59.707+0000] {dag.py:3954} INFO - Setting next_dagrun for update_staging_json to 2026-05-15 13:00:00+00:00, run_after=2026-05-16 13:00:00+00:00
[2026-05-15T15:04:59.733+0000] {logging_mixin.py:188} INFO - [2026-05-15T15:04:59.723+0000] {dag.py:3954} INFO - Setting next_dagrun for youtube_dwh_update to 2026-05-15 13:30:00+00:00, run_after=2026-05-16 13:30:00+00:00
[2026-05-15T15:04:59.900+0000] {processor.py:183} INFO - Processing /opt/airflow/dags/main.py took 0.984 seconds
[2026-05-15T15:05:30.226+0000] {processor.py:161} INFO - Started process (PID=553) to work on /opt/airflow/dags/main.py
[2026-05-15T15:05:30.229+0000] {processor.py:830} INFO - Processing file /opt/airflow/dags/main.py for tasks to queue
[2026-05-15T15:05:30.235+0000] {logging_mixin.py:188} INFO - [2026-05-15T15:05:30.234+0000] {dagbag.py:545} INFO - Filling up the DagBag from /opt/airflow/dags/main.py
[2026-05-15T15:05:30.454+0000] {processor.py:840} INFO - DAG(s) 'youtube_dwh_update', 'produce_json', 'update_staging_json' retrieved from /opt/airflow/dags/main.py
[2026-05-15T15:05:30.515+0000] {logging_mixin.py:188} INFO - [2026-05-15T15:05:30.514+0000] {dag.py:3096} INFO - Sync 3 DAGs
[2026-05-15T15:05:30.561+0000] {logging_mixin.py:188} INFO - [2026-05-15T15:05:30.561+0000] {dag.py:3954} INFO - Setting next_dagrun for produce_json to 2026-05-15 13:00:00+00:00, run_after=2026-05-16 13:00:00+00:00
[2026-05-15T15:05:30.573+0000] {logging_mixin.py:188} INFO - [2026-05-15T15:05:30.572+0000] {dag.py:3954} INFO - Setting next_dagrun for update_staging_json to 2026-05-15 13:00:00+00:00, run_after=2026-05-16 13:00:00+00:00
[2026-05-15T15:05:30.580+0000] {logging_mixin.py:188} INFO - [2026-05-15T15:05:30.579+0000] {dag.py:3954} INFO - Setting next_dagrun for youtube_dwh_update to 2026-05-15 13:30:00+00:00, run_after=2026-05-16 13:30:00+00:00
[2026-05-15T15:05:30.631+0000] {processor.py:183} INFO - Processing /opt/airflow/dags/main.py took 0.420 seconds
[2026-05-15T15:06:01.028+0000] {processor.py:161} INFO - Started process (PID=560) to work on /opt/airflow/dags/main.py
[2026-05-15T15:06:01.030+0000] {processor.py:830} INFO - Processing file /opt/airflow/dags/main.py for tasks to queue
[2026-05-15T15:06:01.035+0000] {logging_mixin.py:188} INFO - [2026-05-15T15:06:01.035+0000] {dagbag.py:545} INFO - Filling up the DagBag from /opt/airflow/dags/main.py
[2026-05-15T15:06:01.301+0000] {processor.py:840} INFO - DAG(s) 'youtube_dwh_update', 'update_staging_json', 'produce_json' retrieved from /opt/airflow/dags/main.py
[2026-05-15T15:06:01.382+0000] {logging_mixin.py:188} INFO - [2026-05-15T15:06:01.382+0000] {dag.py:3096} INFO - Sync 3 DAGs
[2026-05-15T15:06:01.445+0000] {logging_mixin.py:188} INFO - [2026-05-15T15:06:01.445+0000] {dag.py:3954} INFO - Setting next_dagrun for produce_json to 2026-05-15 13:00:00+00:00, run_after=2026-05-16 13:00:00+00:00
[2026-05-15T15:06:01.462+0000] {logging_mixin.py:188} INFO - [2026-05-15T15:06:01.461+0000] {dag.py:3954} INFO - Setting next_dagrun for update_staging_json to 2026-05-15 13:00:00+00:00, run_after=2026-05-16 13:00:00+00:00
[2026-05-15T15:06:01.473+0000] {logging_mixin.py:188} INFO - [2026-05-15T15:06:01.473+0000] {dag.py:3954} INFO - Setting next_dagrun for youtube_dwh_update to 2026-05-15 13:30:00+00:00, run_after=2026-05-16 13:30:00+00:00
[2026-05-15T15:06:01.518+0000] {processor.py:183} INFO - Processing /opt/airflow/dags/main.py took 0.505 seconds
[2026-05-15T15:06:31.915+0000] {processor.py:161} INFO - Started process (PID=567) to work on /opt/airflow/dags/main.py
[2026-05-15T15:06:31.919+0000] {processor.py:830} INFO - Processing file /opt/airflow/dags/main.py for tasks to queue
[2026-05-15T15:06:31.925+0000] {logging_mixin.py:188} INFO - [2026-05-15T15:06:31.924+0000] {dagbag.py:545} INFO - Filling up the DagBag from /opt/airflow/dags/main.py
[2026-05-15T15:06:32.198+0000] {processor.py:840} INFO - DAG(s) 'produce_json', 'youtube_dwh_update', 'update_staging_json' retrieved from /opt/airflow/dags/main.py
[2026-05-15T15:06:32.280+0000] {logging_mixin.py:188} INFO - [2026-05-15T15:06:32.279+0000] {dag.py:3096} INFO - Sync 3 DAGs
[2026-05-15T15:06:32.336+0000] {logging_mixin.py:188} INFO - [2026-05-15T15:06:32.336+0000] {dag.py:3954} INFO - Setting next_dagrun for produce_json to 2026-05-15 13:00:00+00:00, run_after=2026-05-16 13:00:00+00:00
[2026-05-15T15:06:32.350+0000] {logging_mixin.py:188} INFO - [2026-05-15T15:06:32.349+0000] {dag.py:3954} INFO - Setting next_dagrun for update_staging_json to 2026-05-15 13:00:00+00:00, run_after=2026-05-16 13:00:00+00:00
[2026-05-15T15:06:32.357+0000] {logging_mixin.py:188} INFO - [2026-05-15T15:06:32.357+0000] {dag.py:3954} INFO - Setting next_dagrun for youtube_dwh_update to 2026-05-15 13:30:00+00:00, run_after=2026-05-16 13:30:00+00:00
[2026-05-15T15:06:32.404+0000] {processor.py:183} INFO - Processing /opt/airflow/dags/main.py took 0.514 seconds
[2026-05-15T15:07:03.220+0000] {processor.py:161} INFO - Started process (PID=574) to work on /opt/airflow/dags/main.py
[2026-05-15T15:07:03.229+0000] {processor.py:830} INFO - Processing file /opt/airflow/dags/main.py for tasks to queue
[2026-05-15T15:07:03.240+0000] {logging_mixin.py:188} INFO - [2026-05-15T15:07:03.239+0000] {dagbag.py:545} INFO - Filling up the DagBag from /opt/airflow/dags/main.py
[2026-05-15T15:07:03.627+0000] {processor.py:840} INFO - DAG(s) 'youtube_dwh_update', 'update_staging_json', 'produce_json' retrieved from /opt/airflow/dags/main.py
[2026-05-15T15:07:03.718+0000] {logging_mixin.py:188} INFO - [2026-05-15T15:07:03.717+0000] {dag.py:3096} INFO - Sync 3 DAGs
[2026-05-15T15:07:03.791+0000] {logging_mixin.py:188} INFO - [2026-05-15T15:07:03.790+0000] {dag.py:3954} INFO - Setting next_dagrun for produce_json to 2026-05-15 13:00:00+00:00, run_after=2026-05-16 13:00:00+00:00
[2026-05-15T15:07:03.807+0000] {logging_mixin.py:188} INFO - [2026-05-15T15:07:03.807+0000] {dag.py:3954} INFO - Setting next_dagrun for update_staging_json to 2026-05-15 13:00:00+00:00, run_after=2026-05-16 13:00:00+00:00
[2026-05-15T15:07:03.818+0000] {logging_mixin.py:188} INFO - [2026-05-15T15:07:03.817+0000] {dag.py:3954} INFO - Setting next_dagrun for youtube_dwh_update to 2026-05-15 13:30:00+00:00, run_after=2026-05-16 13:30:00+00:00
[2026-05-15T15:07:03.902+0000] {processor.py:183} INFO - Processing /opt/airflow/dags/main.py took 0.734 seconds
[2026-05-15T15:07:34.761+0000] {processor.py:161} INFO - Started process (PID=581) to work on /opt/airflow/dags/main.py
[2026-05-15T15:07:34.767+0000] {processor.py:830} INFO - Processing file /opt/airflow/dags/main.py for tasks to queue
[2026-05-15T15:07:34.777+0000] {logging_mixin.py:188} INFO - [2026-05-15T15:07:34.776+0000] {dagbag.py:545} INFO - Filling up the DagBag from /opt/airflow/dags/main.py
[2026-05-15T15:07:35.119+0000] {processor.py:840} INFO - DAG(s) 'produce_json', 'update_staging_json', 'youtube_dwh_update' retrieved from /opt/airflow/dags/main.py
[2026-05-15T15:07:35.223+0000] {logging_mixin.py:188} INFO - [2026-05-15T15:07:35.223+0000] {dag.py:3096} INFO - Sync 3 DAGs
[2026-05-15T15:07:35.295+0000] {logging_mixin.py:188} INFO - [2026-05-15T15:07:35.294+0000] {dag.py:3954} INFO - Setting next_dagrun for produce_json to 2026-05-15 13:00:00+00:00, run_after=2026-05-16 13:00:00+00:00
[2026-05-15T15:07:35.310+0000] {logging_mixin.py:188} INFO - [2026-05-15T15:07:35.309+0000] {dag.py:3954} INFO - Setting next_dagrun for update_staging_json to 2026-05-15 13:00:00+00:00, run_after=2026-05-16 13:00:00+00:00
[2026-05-15T15:07:35.319+0000] {logging_mixin.py:188} INFO - [2026-05-15T15:07:35.319+0000] {dag.py:3954} INFO - Setting next_dagrun for youtube_dwh_update to 2026-05-15 13:30:00+00:00, run_after=2026-05-16 13:30:00+00:00
[2026-05-15T15:07:35.409+0000] {processor.py:183} INFO - Processing /opt/airflow/dags/main.py took 0.683 seconds
[2026-05-15T15:08:06.500+0000] {processor.py:161} INFO - Started process (PID=588) to work on /opt/airflow/dags/main.py
[2026-05-15T15:08:06.503+0000] {processor.py:830} INFO - Processing file /opt/airflow/dags/main.py for tasks to queue
[2026-05-15T15:08:06.509+0000] {logging_mixin.py:188} INFO - [2026-05-15T15:08:06.508+0000] {dagbag.py:545} INFO - Filling up the DagBag from /opt/airflow/dags/main.py
[2026-05-15T15:08:06.812+0000] {processor.py:840} INFO - DAG(s) 'youtube_dwh_update', 'produce_json', 'update_staging_json' retrieved from /opt/airflow/dags/main.py
[2026-05-15T15:08:06.928+0000] {logging_mixin.py:188} INFO - [2026-05-15T15:08:06.927+0000] {dag.py:3096} INFO - Sync 3 DAGs
[2026-05-15T15:08:07.012+0000] {logging_mixin.py:188} INFO - [2026-05-15T15:08:07.011+0000] {dag.py:3954} INFO - Setting next_dagrun for produce_json to 2026-05-15 13:00:00+00:00, run_after=2026-05-16 13:00:00+00:00
[2026-05-15T15:08:07.024+0000] {logging_mixin.py:188} INFO - [2026-05-15T15:08:07.024+0000] {dag.py:3954} INFO - Setting next_dagrun for update_staging_json to 2026-05-15 13:00:00+00:00, run_after=2026-05-16 13:00:00+00:00
[2026-05-15T15:08:07.033+0000] {logging_mixin.py:188} INFO - [2026-05-15T15:08:07.032+0000] {dag.py:3954} INFO - Setting next_dagrun for youtube_dwh_update to 2026-05-15 13:30:00+00:00, run_after=2026-05-16 13:30:00+00:00
[2026-05-15T15:08:07.088+0000] {processor.py:183} INFO - Processing /opt/airflow/dags/main.py took 0.605 seconds
[2026-05-15T15:08:37.969+0000] {processor.py:161} INFO - Started process (PID=594) to work on /opt/airflow/dags/main.py
[2026-05-15T15:08:37.976+0000] {processor.py:830} INFO - Processing file /opt/airflow/dags/main.py for tasks to queue
[2026-05-15T15:08:37.982+0000] {logging_mixin.py:188} INFO - [2026-05-15T15:08:37.981+0000] {dagbag.py:545} INFO - Filling up the DagBag from /opt/airflow/dags/main.py
[2026-05-15T15:08:38.214+0000] {processor.py:840} INFO - DAG(s) 'produce_json', 'youtube_dwh_update', 'update_staging_json' retrieved from /opt/airflow/dags/main.py
[2026-05-15T15:08:38.275+0000] {logging_mixin.py:188} INFO - [2026-05-15T15:08:38.274+0000] {dag.py:3096} INFO - Sync 3 DAGs
[2026-05-15T15:08:38.325+0000] {logging_mixin.py:188} INFO - [2026-05-15T15:08:38.324+0000] {dag.py:3954} INFO - Setting next_dagrun for produce_json to 2026-05-15 13:00:00+00:00, run_after=2026-05-16 13:00:00+00:00
[2026-05-15T15:08:38.337+0000] {logging_mixin.py:188} INFO - [2026-05-15T15:08:38.336+0000] {dag.py:3954} INFO - Setting next_dagrun for update_staging_json to 2026-05-15 13:00:00+00:00, run_after=2026-05-16 13:00:00+00:00
[2026-05-15T15:08:38.344+0000] {logging_mixin.py:188} INFO - [2026-05-15T15:08:38.344+0000] {dag.py:3954} INFO - Setting next_dagrun for youtube_dwh_update to 2026-05-15 13:30:00+00:00, run_after=2026-05-16 13:30:00+00:00
[2026-05-15T15:08:38.394+0000] {processor.py:183} INFO - Processing /opt/airflow/dags/main.py took 0.447 seconds
[2026-05-15T15:09:08.553+0000] {processor.py:161} INFO - Started process (PID=601) to work on /opt/airflow/dags/main.py
[2026-05-15T15:09:08.557+0000] {processor.py:830} INFO - Processing file /opt/airflow/dags/main.py for tasks to queue
[2026-05-15T15:09:08.563+0000] {logging_mixin.py:188} INFO - [2026-05-15T15:09:08.562+0000] {dagbag.py:545} INFO - Filling up the DagBag from /opt/airflow/dags/main.py
[2026-05-15T15:09:09.009+0000] {processor.py:840} INFO - DAG(s) 'youtube_dwh_update', 'produce_json', 'update_staging_json' retrieved from /opt/airflow/dags/main.py
[2026-05-15T15:09:09.153+0000] {logging_mixin.py:188} INFO - [2026-05-15T15:09:09.153+0000] {dag.py:3096} INFO - Sync 3 DAGs
[2026-05-15T15:09:09.264+0000] {logging_mixin.py:188} INFO - [2026-05-15T15:09:09.263+0000] {dag.py:3954} INFO - Setting next_dagrun for produce_json to 2026-05-15 13:00:00+00:00, run_after=2026-05-16 13:00:00+00:00
[2026-05-15T15:09:09.289+0000] {logging_mixin.py:188} INFO - [2026-05-15T15:09:09.289+0000] {dag.py:3954} INFO - Setting next_dagrun for update_staging_json to 2026-05-15 13:00:00+00:00, run_after=2026-05-16 13:00:00+00:00
[2026-05-15T15:09:09.307+0000] {logging_mixin.py:188} INFO - [2026-05-15T15:09:09.306+0000] {dag.py:3954} INFO - Setting next_dagrun for youtube_dwh_update to 2026-05-15 13:30:00+00:00, run_after=2026-05-16 13:30:00+00:00
[2026-05-15T15:09:09.393+0000] {processor.py:183} INFO - Processing /opt/airflow/dags/main.py took 0.863 seconds
[2026-05-15T15:09:39.715+0000] {processor.py:161} INFO - Started process (PID=608) to work on /opt/airflow/dags/main.py
[2026-05-15T15:09:39.720+0000] {processor.py:830} INFO - Processing file /opt/airflow/dags/main.py for tasks to queue
[2026-05-15T15:09:39.750+0000] {logging_mixin.py:188} INFO - [2026-05-15T15:09:39.732+0000] {dagbag.py:545} INFO - Filling up the DagBag from /opt/airflow/dags/main.py
[2026-05-15T15:09:40.405+0000] {processor.py:840} INFO - DAG(s) 'produce_json', 'youtube_dwh_update', 'update_staging_json' retrieved from /opt/airflow/dags/main.py
[2026-05-15T15:09:40.608+0000] {logging_mixin.py:188} INFO - [2026-05-15T15:09:40.607+0000] {dag.py:3096} INFO - Sync 3 DAGs
[2026-05-15T15:09:40.795+0000] {logging_mixin.py:188} INFO - [2026-05-15T15:09:40.794+0000] {dag.py:3954} INFO - Setting next_dagrun for produce_json to 2026-05-15 13:00:00+00:00, run_after=2026-05-16 13:00:00+00:00
[2026-05-15T15:09:40.837+0000] {logging_mixin.py:188} INFO - [2026-05-15T15:09:40.837+0000] {dag.py:3954} INFO - Setting next_dagrun for update_staging_json to 2026-05-15 13:00:00+00:00, run_after=2026-05-16 13:00:00+00:00
[2026-05-15T15:09:40.872+0000] {logging_mixin.py:188} INFO - [2026-05-15T15:09:40.871+0000] {dag.py:3954} INFO - Setting next_dagrun for youtube_dwh_update to 2026-05-15 13:30:00+00:00, run_after=2026-05-16 13:30:00+00:00
[2026-05-15T15:09:40.991+0000] {processor.py:183} INFO - Processing /opt/airflow/dags/main.py took 1.329 seconds
[2026-05-15T15:10:11.734+0000] {processor.py:161} INFO - Started process (PID=616) to work on /opt/airflow/dags/main.py
[2026-05-15T15:10:11.741+0000] {processor.py:830} INFO - Processing file /opt/airflow/dags/main.py for tasks to queue
[2026-05-15T15:10:11.754+0000] {logging_mixin.py:188} INFO - [2026-05-15T15:10:11.752+0000] {dagbag.py:545} INFO - Filling up the DagBag from /opt/airflow/dags/main.py
[2026-05-15T15:10:12.191+0000] {processor.py:840} INFO - DAG(s) 'youtube_dwh_update', 'produce_json', 'update_staging_json' retrieved from /opt/airflow/dags/main.py
[2026-05-15T15:10:12.277+0000] {logging_mixin.py:188} INFO - [2026-05-15T15:10:12.276+0000] {dag.py:3096} INFO - Sync 3 DAGs
[2026-05-15T15:10:12.352+0000] {logging_mixin.py:188} INFO - [2026-05-15T15:10:12.352+0000] {dag.py:3954} INFO - Setting next_dagrun for produce_json to 2026-05-15 13:00:00+00:00, run_after=2026-05-16 13:00:00+00:00
[2026-05-15T15:10:12.368+0000] {logging_mixin.py:188} INFO - [2026-05-15T15:10:12.368+0000] {dag.py:3954} INFO - Setting next_dagrun for update_staging_json to 2026-05-15 13:00:00+00:00, run_after=2026-05-16 13:00:00+00:00
[2026-05-15T15:10:12.380+0000] {logging_mixin.py:188} INFO - [2026-05-15T15:10:12.379+0000] {dag.py:3954} INFO - Setting next_dagrun for youtube_dwh_update to 2026-05-15 13:30:00+00:00, run_after=2026-05-16 13:30:00+00:00
[2026-05-15T15:10:12.424+0000] {processor.py:183} INFO - Processing /opt/airflow/dags/main.py took 0.733 seconds
[2026-05-15T15:10:43.167+0000] {processor.py:161} INFO - Started process (PID=623) to work on /opt/airflow/dags/main.py
[2026-05-15T15:10:43.173+0000] {processor.py:830} INFO - Processing file /opt/airflow/dags/main.py for tasks to queue
[2026-05-15T15:10:43.184+0000] {logging_mixin.py:188} INFO - [2026-05-15T15:10:43.182+0000] {dagbag.py:545} INFO - Filling up the DagBag from /opt/airflow/dags/main.py
[2026-05-15T15:10:43.797+0000] {processor.py:840} INFO - DAG(s) 'produce_json', 'youtube_dwh_update', 'update_staging_json' retrieved from /opt/airflow/dags/main.py
[2026-05-15T15:10:43.899+0000] {logging_mixin.py:188} INFO - [2026-05-15T15:10:43.898+0000] {dag.py:3096} INFO - Sync 3 DAGs
[2026-05-15T15:10:43.955+0000] {logging_mixin.py:188} INFO - [2026-05-15T15:10:43.954+0000] {dag.py:3954} INFO - Setting next_dagrun for produce_json to 2026-05-15 13:00:00+00:00, run_after=2026-05-16 13:00:00+00:00
[2026-05-15T15:10:43.971+0000] {logging_mixin.py:188} INFO - [2026-05-15T15:10:43.970+0000] {dag.py:3954} INFO - Setting next_dagrun for update_staging_json to 2026-05-15 13:00:00+00:00, run_after=2026-05-16 13:00:00+00:00
[2026-05-15T15:10:43.982+0000] {logging_mixin.py:188} INFO - [2026-05-15T15:10:43.981+0000] {dag.py:3954} INFO - Setting next_dagrun for youtube_dwh_update to 2026-05-15 13:30:00+00:00, run_after=2026-05-16 13:30:00+00:00
[2026-05-15T15:10:44.042+0000] {processor.py:183} INFO - Processing /opt/airflow/dags/main.py took 0.924 seconds
[2026-05-15T15:11:14.805+0000] {processor.py:161} INFO - Started process (PID=630) to work on /opt/airflow/dags/main.py
[2026-05-15T15:11:14.816+0000] {processor.py:830} INFO - Processing file /opt/airflow/dags/main.py for tasks to queue
[2026-05-15T15:11:14.832+0000] {logging_mixin.py:188} INFO - [2026-05-15T15:11:14.831+0000] {dagbag.py:545} INFO - Filling up the DagBag from /opt/airflow/dags/main.py
[2026-05-15T15:11:15.159+0000] {processor.py:840} INFO - DAG(s) 'produce_json', 'update_staging_json', 'youtube_dwh_update' retrieved from /opt/airflow/dags/main.py
[2026-05-15T15:11:15.244+0000] {logging_mixin.py:188} INFO - [2026-05-15T15:11:15.243+0000] {dag.py:3096} INFO - Sync 3 DAGs
[2026-05-15T15:11:15.338+0000] {logging_mixin.py:188} INFO - [2026-05-15T15:11:15.337+0000] {dag.py:3954} INFO - Setting next_dagrun for produce_json to 2026-05-15 13:00:00+00:00, run_after=2026-05-16 13:00:00+00:00
[2026-05-15T15:11:15.370+0000] {logging_mixin.py:188} INFO - [2026-05-15T15:11:15.368+0000] {dag.py:3954} INFO - Setting next_dagrun for update_staging_json to 2026-05-15 13:00:00+00:00, run_after=2026-05-16 13:00:00+00:00
[2026-05-15T15:11:15.390+0000] {logging_mixin.py:188} INFO - [2026-05-15T15:11:15.390+0000] {dag.py:3954} INFO - Setting next_dagrun for youtube_dwh_update to 2026-05-15 13:30:00+00:00, run_after=2026-05-16 13:30:00+00:00
[2026-05-15T15:11:15.454+0000] {processor.py:183} INFO - Processing /opt/airflow/dags/main.py took 0.687 seconds
[2026-05-15T15:11:46.293+0000] {processor.py:161} INFO - Started process (PID=637) to work on /opt/airflow/dags/main.py
[2026-05-15T15:11:46.298+0000] {processor.py:830} INFO - Processing file /opt/airflow/dags/main.py for tasks to queue
[2026-05-15T15:11:46.307+0000] {logging_mixin.py:188} INFO - [2026-05-15T15:11:46.304+0000] {dagbag.py:545} INFO - Filling up the DagBag from /opt/airflow/dags/main.py
[2026-05-15T15:11:46.589+0000] {processor.py:840} INFO - DAG(s) 'produce_json', 'youtube_dwh_update', 'update_staging_json' retrieved from /opt/airflow/dags/main.py
[2026-05-15T15:11:46.724+0000] {logging_mixin.py:188} INFO - [2026-05-15T15:11:46.724+0000] {dag.py:3096} INFO - Sync 3 DAGs
[2026-05-15T15:11:46.870+0000] {logging_mixin.py:188} INFO - [2026-05-15T15:11:46.870+0000] {dag.py:3954} INFO - Setting next_dagrun for produce_json to 2026-05-15 13:00:00+00:00, run_after=2026-05-16 13:00:00+00:00
[2026-05-15T15:11:46.885+0000] {logging_mixin.py:188} INFO - [2026-05-15T15:11:46.885+0000] {dag.py:3954} INFO - Setting next_dagrun for update_staging_json to 2026-05-15 13:00:00+00:00, run_after=2026-05-16 13:00:00+00:00
[2026-05-15T15:11:46.901+0000] {logging_mixin.py:188} INFO - [2026-05-15T15:11:46.900+0000] {dag.py:3954} INFO - Setting next_dagrun for youtube_dwh_update to 2026-05-15 13:30:00+00:00, run_after=2026-05-16 13:30:00+00:00
[2026-05-15T15:11:46.958+0000] {processor.py:183} INFO - Processing /opt/airflow/dags/main.py took 0.695 seconds
[2026-05-15T15:12:18.087+0000] {processor.py:161} INFO - Started process (PID=649) to work on /opt/airflow/dags/main.py
[2026-05-15T15:12:18.092+0000] {processor.py:830} INFO - Processing file /opt/airflow/dags/main.py for tasks to queue
[2026-05-15T15:12:18.108+0000] {logging_mixin.py:188} INFO - [2026-05-15T15:12:18.107+0000] {dagbag.py:545} INFO - Filling up the DagBag from /opt/airflow/dags/main.py
[2026-05-15T15:12:18.730+0000] {processor.py:840} INFO - DAG(s) 'update_staging_json', 'produce_json', 'youtube_dwh_update' retrieved from /opt/airflow/dags/main.py
[2026-05-15T15:12:18.833+0000] {logging_mixin.py:188} INFO - [2026-05-15T15:12:18.833+0000] {dag.py:3096} INFO - Sync 3 DAGs
[2026-05-15T15:12:18.918+0000] {logging_mixin.py:188} INFO - [2026-05-15T15:12:18.918+0000] {dag.py:3954} INFO - Setting next_dagrun for produce_json to 2026-05-15 13:00:00+00:00, run_after=2026-05-16 13:00:00+00:00
[2026-05-15T15:12:18.930+0000] {logging_mixin.py:188} INFO - [2026-05-15T15:12:18.929+0000] {dag.py:3954} INFO - Setting next_dagrun for update_staging_json to 2026-05-15 13:00:00+00:00, run_after=2026-05-16 13:00:00+00:00
[2026-05-15T15:12:18.940+0000] {logging_mixin.py:188} INFO - [2026-05-15T15:12:18.939+0000] {dag.py:3954} INFO - Setting next_dagrun for youtube_dwh_update to 2026-05-15 13:30:00+00:00, run_after=2026-05-16 13:30:00+00:00
[2026-05-15T15:12:18.994+0000] {processor.py:183} INFO - Processing /opt/airflow/dags/main.py took 0.959 seconds
[2026-05-15T15:12:49.641+0000] {processor.py:161} INFO - Started process (PID=656) to work on /opt/airflow/dags/main.py
[2026-05-15T15:12:49.646+0000] {processor.py:830} INFO - Processing file /opt/airflow/dags/main.py for tasks to queue
[2026-05-15T15:12:49.654+0000] {logging_mixin.py:188} INFO - [2026-05-15T15:12:49.653+0000] {dagbag.py:545} INFO - Filling up the DagBag from /opt/airflow/dags/main.py
[2026-05-15T15:12:49.999+0000] {processor.py:840} INFO - DAG(s) 'produce_json', 'update_staging_json', 'youtube_dwh_update' retrieved from /opt/airflow/dags/main.py
[2026-05-15T15:12:50.118+0000] {logging_mixin.py:188} INFO - [2026-05-15T15:12:50.117+0000] {dag.py:3096} INFO - Sync 3 DAGs
[2026-05-15T15:12:50.190+0000] {logging_mixin.py:188} INFO - [2026-05-15T15:12:50.189+0000] {dag.py:3954} INFO - Setting next_dagrun for produce_json to 2026-05-15 13:00:00+00:00, run_after=2026-05-16 13:00:00+00:00
[2026-05-15T15:12:50.207+0000] {logging_mixin.py:188} INFO - [2026-05-15T15:12:50.206+0000] {dag.py:3954} INFO - Setting next_dagrun for update_staging_json to 2026-05-15 13:00:00+00:00, run_after=2026-05-16 13:00:00+00:00
[2026-05-15T15:12:50.219+0000] {logging_mixin.py:188} INFO - [2026-05-15T15:12:50.218+0000] {dag.py:3954} INFO - Setting next_dagrun for youtube_dwh_update to 2026-05-15 13:30:00+00:00, run_after=2026-05-16 13:30:00+00:00
[2026-05-15T15:12:50.280+0000] {processor.py:183} INFO - Processing /opt/airflow/dags/main.py took 0.687 seconds
[2026-05-15T15:13:20.964+0000] {processor.py:161} INFO - Started process (PID=662) to work on /opt/airflow/dags/main.py
[2026-05-15T15:13:20.968+0000] {processor.py:830} INFO - Processing file /opt/airflow/dags/main.py for tasks to queue
[2026-05-15T15:13:20.978+0000] {logging_mixin.py:188} INFO - [2026-05-15T15:13:20.977+0000] {dagbag.py:545} INFO - Filling up the DagBag from /opt/airflow/dags/main.py
[2026-05-15T15:13:21.341+0000] {processor.py:840} INFO - DAG(s) 'produce_json', 'youtube_dwh_update', 'update_staging_json' retrieved from /opt/airflow/dags/main.py
[2026-05-15T15:13:21.450+0000] {logging_mixin.py:188} INFO - [2026-05-15T15:13:21.450+0000] {dag.py:3096} INFO - Sync 3 DAGs
[2026-05-15T15:13:21.525+0000] {logging_mixin.py:188} INFO - [2026-05-15T15:13:21.524+0000] {dag.py:3954} INFO - Setting next_dagrun for produce_json to 2026-05-15 13:00:00+00:00, run_after=2026-05-16 13:00:00+00:00
[2026-05-15T15:13:21.542+0000] {logging_mixin.py:188} INFO - [2026-05-15T15:13:21.542+0000] {dag.py:3954} INFO - Setting next_dagrun for update_staging_json to 2026-05-15 13:00:00+00:00, run_after=2026-05-16 13:00:00+00:00
[2026-05-15T15:13:21.551+0000] {logging_mixin.py:188} INFO - [2026-05-15T15:13:21.551+0000] {dag.py:3954} INFO - Setting next_dagrun for youtube_dwh_update to 2026-05-15 13:30:00+00:00, run_after=2026-05-16 13:30:00+00:00
[2026-05-15T15:13:21.603+0000] {processor.py:183} INFO - Processing /opt/airflow/dags/main.py took 0.669 seconds
[2026-05-15T15:13:52.313+0000] {processor.py:161} INFO - Started process (PID=669) to work on /opt/airflow/dags/main.py
[2026-05-15T15:13:52.317+0000] {processor.py:830} INFO - Processing file /opt/airflow/dags/main.py for tasks to queue
[2026-05-15T15:13:52.326+0000] {logging_mixin.py:188} INFO - [2026-05-15T15:13:52.324+0000] {dagbag.py:545} INFO - Filling up the DagBag from /opt/airflow/dags/main.py
[2026-05-15T15:13:52.665+0000] {processor.py:840} INFO - DAG(s) 'produce_json', 'youtube_dwh_update', 'update_staging_json' retrieved from /opt/airflow/dags/main.py
[2026-05-15T15:13:52.768+0000] {logging_mixin.py:188} INFO - [2026-05-15T15:13:52.767+0000] {dag.py:3096} INFO - Sync 3 DAGs
[2026-05-15T15:13:52.829+0000] {logging_mixin.py:188} INFO - [2026-05-15T15:13:52.829+0000] {dag.py:3954} INFO - Setting next_dagrun for produce_json to 2026-05-15 13:00:00+00:00, run_after=2026-05-16 13:00:00+00:00
[2026-05-15T15:13:52.844+0000] {logging_mixin.py:188} INFO - [2026-05-15T15:13:52.844+0000] {dag.py:3954} INFO - Setting next_dagrun for update_staging_json to 2026-05-15 13:00:00+00:00, run_after=2026-05-16 13:00:00+00:00
[2026-05-15T15:13:52.851+0000] {logging_mixin.py:188} INFO - [2026-05-15T15:13:52.851+0000] {dag.py:3954} INFO - Setting next_dagrun for youtube_dwh_update to 2026-05-15 13:30:00+00:00, run_after=2026-05-16 13:30:00+00:00
[2026-05-15T15:13:52.919+0000] {processor.py:183} INFO - Processing /opt/airflow/dags/main.py took 0.632 seconds
[2026-05-15T15:14:23.362+0000] {processor.py:161} INFO - Started process (PID=676) to work on /opt/airflow/dags/main.py
[2026-05-15T15:14:23.370+0000] {processor.py:830} INFO - Processing file /opt/airflow/dags/main.py for tasks to queue
[2026-05-15T15:14:23.382+0000] {logging_mixin.py:188} INFO - [2026-05-15T15:14:23.379+0000] {dagbag.py:545} INFO - Filling up the DagBag from /opt/airflow/dags/main.py
[2026-05-15T15:14:23.838+0000] {processor.py:840} INFO - DAG(s) 'update_staging_json', 'produce_json', 'youtube_dwh_update' retrieved from /opt/airflow/dags/main.py
[2026-05-15T15:14:23.924+0000] {logging_mixin.py:188} INFO - [2026-05-15T15:14:23.924+0000] {dag.py:3096} INFO - Sync 3 DAGs
[2026-05-15T15:14:23.995+0000] {logging_mixin.py:188} INFO - [2026-05-15T15:14:23.995+0000] {dag.py:3954} INFO - Setting next_dagrun for produce_json to 2026-05-15 13:00:00+00:00, run_after=2026-05-16 13:00:00+00:00
[2026-05-15T15:14:24.011+0000] {logging_mixin.py:188} INFO - [2026-05-15T15:14:24.011+0000] {dag.py:3954} INFO - Setting next_dagrun for update_staging_json to 2026-05-15 13:00:00+00:00, run_after=2026-05-16 13:00:00+00:00
[2026-05-15T15:14:24.024+0000] {logging_mixin.py:188} INFO - [2026-05-15T15:14:24.023+0000] {dag.py:3954} INFO - Setting next_dagrun for youtube_dwh_update to 2026-05-15 13:30:00+00:00, run_after=2026-05-16 13:30:00+00:00
[2026-05-15T15:14:24.084+0000] {processor.py:183} INFO - Processing /opt/airflow/dags/main.py took 0.781 seconds
[2026-05-15T15:14:54.827+0000] {processor.py:161} INFO - Started process (PID=683) to work on /opt/airflow/dags/main.py
[2026-05-15T15:14:54.836+0000] {processor.py:830} INFO - Processing file /opt/airflow/dags/main.py for tasks to queue
[2026-05-15T15:14:54.856+0000] {logging_mixin.py:188} INFO - [2026-05-15T15:14:54.853+0000] {dagbag.py:545} INFO - Filling up the DagBag from /opt/airflow/dags/main.py
[2026-05-15T15:14:55.436+0000] {processor.py:840} INFO - DAG(s) 'youtube_dwh_update', 'update_staging_json', 'produce_json' retrieved from /opt/airflow/dags/main.py
[2026-05-15T15:14:55.520+0000] {logging_mixin.py:188} INFO - [2026-05-15T15:14:55.520+0000] {dag.py:3096} INFO - Sync 3 DAGs
[2026-05-15T15:14:55.582+0000] {logging_mixin.py:188} INFO - [2026-05-15T15:14:55.581+0000] {dag.py:3954} INFO - Setting next_dagrun for produce_json to 2026-05-15 13:00:00+00:00, run_after=2026-05-16 13:00:00+00:00
[2026-05-15T15:14:55.598+0000] {logging_mixin.py:188} INFO - [2026-05-15T15:14:55.598+0000] {dag.py:3954} INFO - Setting next_dagrun for update_staging_json to 2026-05-15 13:00:00+00:00, run_after=2026-05-16 13:00:00+00:00
[2026-05-15T15:14:55.608+0000] {logging_mixin.py:188} INFO - [2026-05-15T15:14:55.608+0000] {dag.py:3954} INFO - Setting next_dagrun for youtube_dwh_update to 2026-05-15 13:30:00+00:00, run_after=2026-05-16 13:30:00+00:00
[2026-05-15T15:14:55.664+0000] {processor.py:183} INFO - Processing /opt/airflow/dags/main.py took 0.883 seconds
[2026-05-15T15:15:26.001+0000] {processor.py:161} INFO - Started process (PID=690) to work on /opt/airflow/dags/main.py
[2026-05-15T15:15:26.008+0000] {processor.py:830} INFO - Processing file /opt/airflow/dags/main.py for tasks to queue
[2026-05-15T15:15:26.026+0000] {logging_mixin.py:188} INFO - [2026-05-15T15:15:26.018+0000] {dagbag.py:545} INFO - Filling up the DagBag from /opt/airflow/dags/main.py
[2026-05-15T15:15:26.343+0000] {processor.py:840} INFO - DAG(s) 'produce_json', 'update_staging_json', 'youtube_dwh_update' retrieved from /opt/airflow/dags/main.py
[2026-05-15T15:15:26.442+0000] {logging_mixin.py:188} INFO - [2026-05-15T15:15:26.442+0000] {dag.py:3096} INFO - Sync 3 DAGs
[2026-05-15T15:15:26.510+0000] {logging_mixin.py:188} INFO - [2026-05-15T15:15:26.509+0000] {dag.py:3954} INFO - Setting next_dagrun for produce_json to 2026-05-15 13:00:00+00:00, run_after=2026-05-16 13:00:00+00:00
[2026-05-15T15:15:26.526+0000] {logging_mixin.py:188} INFO - [2026-05-15T15:15:26.525+0000] {dag.py:3954} INFO - Setting next_dagrun for update_staging_json to 2026-05-15 13:00:00+00:00, run_after=2026-05-16 13:00:00+00:00
[2026-05-15T15:15:26.537+0000] {logging_mixin.py:188} INFO - [2026-05-15T15:15:26.537+0000] {dag.py:3954} INFO - Setting next_dagrun for youtube_dwh_update to 2026-05-15 13:30:00+00:00, run_after=2026-05-16 13:30:00+00:00
[2026-05-15T15:15:26.595+0000] {processor.py:183} INFO - Processing /opt/airflow/dags/main.py took 0.661 seconds
[2026-05-15T15:15:57.020+0000] {processor.py:161} INFO - Started process (PID=698) to work on /opt/airflow/dags/main.py
[2026-05-15T15:15:57.024+0000] {processor.py:830} INFO - Processing file /opt/airflow/dags/main.py for tasks to queue
[2026-05-15T15:15:57.030+0000] {logging_mixin.py:188} INFO - [2026-05-15T15:15:57.029+0000] {dagbag.py:545} INFO - Filling up the DagBag from /opt/airflow/dags/main.py
[2026-05-15T15:15:57.427+0000] {processor.py:840} INFO - DAG(s) 'youtube_dwh_update', 'produce_json', 'update_staging_json' retrieved from /opt/airflow/dags/main.py
[2026-05-15T15:15:57.565+0000] {logging_mixin.py:188} INFO - [2026-05-15T15:15:57.564+0000] {dag.py:3096} INFO - Sync 3 DAGs
[2026-05-15T15:15:57.729+0000] {logging_mixin.py:188} INFO - [2026-05-15T15:15:57.728+0000] {dag.py:3954} INFO - Setting next_dagrun for produce_json to 2026-05-15 13:00:00+00:00, run_after=2026-05-16 13:00:00+00:00
[2026-05-15T15:15:57.760+0000] {logging_mixin.py:188} INFO - [2026-05-15T15:15:57.759+0000] {dag.py:3954} INFO - Setting next_dagrun for update_staging_json to 2026-05-15 13:00:00+00:00, run_after=2026-05-16 13:00:00+00:00
[2026-05-15T15:15:57.776+0000] {logging_mixin.py:188} INFO - [2026-05-15T15:15:57.776+0000] {dag.py:3954} INFO - Setting next_dagrun for youtube_dwh_update to 2026-05-15 13:30:00+00:00, run_after=2026-05-16 13:30:00+00:00
[2026-05-15T15:15:57.864+0000] {processor.py:183} INFO - Processing /opt/airflow/dags/main.py took 0.888 seconds
[2026-05-15T15:16:28.300+0000] {processor.py:161} INFO - Started process (PID=705) to work on /opt/airflow/dags/main.py
[2026-05-15T15:16:28.310+0000] {processor.py:830} INFO - Processing file /opt/airflow/dags/main.py for tasks to queue
[2026-05-15T15:16:28.323+0000] {logging_mixin.py:188} INFO - [2026-05-15T15:16:28.322+0000] {dagbag.py:545} INFO - Filling up the DagBag from /opt/airflow/dags/main.py
[2026-05-15T15:16:28.720+0000] {processor.py:840} INFO - DAG(s) 'update_staging_json', 'youtube_dwh_update', 'produce_json' retrieved from /opt/airflow/dags/main.py
[2026-05-15T15:16:28.794+0000] {logging_mixin.py:188} INFO - [2026-05-15T15:16:28.793+0000] {dag.py:3096} INFO - Sync 3 DAGs
[2026-05-15T15:16:28.860+0000] {logging_mixin.py:188} INFO - [2026-05-15T15:16:28.859+0000] {dag.py:3954} INFO - Setting next_dagrun for produce_json to 2026-05-15 13:00:00+00:00, run_after=2026-05-16 13:00:00+00:00
[2026-05-15T15:16:28.878+0000] {logging_mixin.py:188} INFO - [2026-05-15T15:16:28.877+0000] {dag.py:3954} INFO - Setting next_dagrun for update_staging_json to 2026-05-15 13:00:00+00:00, run_after=2026-05-16 13:00:00+00:00
[2026-05-15T15:16:28.885+0000] {logging_mixin.py:188} INFO - [2026-05-15T15:16:28.885+0000] {dag.py:3954} INFO - Setting next_dagrun for youtube_dwh_update to 2026-05-15 13:30:00+00:00, run_after=2026-05-16 13:30:00+00:00
[2026-05-15T15:16:28.934+0000] {processor.py:183} INFO - Processing /opt/airflow/dags/main.py took 0.684 seconds
[2026-05-15T15:16:59.251+0000] {processor.py:161} INFO - Started process (PID=713) to work on /opt/airflow/dags/main.py
[2026-05-15T15:16:59.256+0000] {processor.py:830} INFO - Processing file /opt/airflow/dags/main.py for tasks to queue
[2026-05-15T15:16:59.264+0000] {logging_mixin.py:188} INFO - [2026-05-15T15:16:59.263+0000] {dagbag.py:545} INFO - Filling up the DagBag from /opt/airflow/dags/main.py
[2026-05-15T15:16:59.579+0000] {processor.py:840} INFO - DAG(s) 'update_staging_json', 'produce_json', 'youtube_dwh_update' retrieved from /opt/airflow/dags/main.py
[2026-05-15T15:16:59.736+0000] {logging_mixin.py:188} INFO - [2026-05-15T15:16:59.736+0000] {dag.py:3096} INFO - Sync 3 DAGs
[2026-05-15T15:16:59.800+0000] {logging_mixin.py:188} INFO - [2026-05-15T15:16:59.800+0000] {dag.py:3954} INFO - Setting next_dagrun for produce_json to 2026-05-15 13:00:00+00:00, run_after=2026-05-16 13:00:00+00:00
[2026-05-15T15:16:59.813+0000] {logging_mixin.py:188} INFO - [2026-05-15T15:16:59.813+0000] {dag.py:3954} INFO - Setting next_dagrun for update_staging_json to 2026-05-15 13:00:00+00:00, run_after=2026-05-16 13:00:00+00:00
[2026-05-15T15:16:59.822+0000] {logging_mixin.py:188} INFO - [2026-05-15T15:16:59.821+0000] {dag.py:3954} INFO - Setting next_dagrun for youtube_dwh_update to 2026-05-15 13:30:00+00:00, run_after=2026-05-16 13:30:00+00:00
[2026-05-15T15:16:59.917+0000] {processor.py:183} INFO - Processing /opt/airflow/dags/main.py took 0.687 seconds
[2026-05-15T15:17:30.407+0000] {processor.py:161} INFO - Started process (PID=720) to work on /opt/airflow/dags/main.py
[2026-05-15T15:17:30.412+0000] {processor.py:830} INFO - Processing file /opt/airflow/dags/main.py for tasks to queue
[2026-05-15T15:17:30.419+0000] {logging_mixin.py:188} INFO - [2026-05-15T15:17:30.418+0000] {dagbag.py:545} INFO - Filling up the DagBag from /opt/airflow/dags/main.py
[2026-05-15T15:17:30.772+0000] {processor.py:840} INFO - DAG(s) 'update_staging_json', 'youtube_dwh_update', 'produce_json' retrieved from /opt/airflow/dags/main.py
[2026-05-15T15:17:30.873+0000] {logging_mixin.py:188} INFO - [2026-05-15T15:17:30.872+0000] {dag.py:3096} INFO - Sync 3 DAGs
[2026-05-15T15:17:30.970+0000] {logging_mixin.py:188} INFO - [2026-05-15T15:17:30.970+0000] {dag.py:3954} INFO - Setting next_dagrun for produce_json to 2026-05-15 13:00:00+00:00, run_after=2026-05-16 13:00:00+00:00
[2026-05-15T15:17:31.000+0000] {logging_mixin.py:188} INFO - [2026-05-15T15:17:31.000+0000] {dag.py:3954} INFO - Setting next_dagrun for update_staging_json to 2026-05-15 13:00:00+00:00, run_after=2026-05-16 13:00:00+00:00
[2026-05-15T15:17:31.021+0000] {logging_mixin.py:188} INFO - [2026-05-15T15:17:31.021+0000] {dag.py:3954} INFO - Setting next_dagrun for youtube_dwh_update to 2026-05-15 13:30:00+00:00, run_after=2026-05-16 13:30:00+00:00
[2026-05-15T15:17:31.067+0000] {processor.py:183} INFO - Processing /opt/airflow/dags/main.py took 0.701 seconds
[2026-05-15T15:18:02.232+0000] {processor.py:161} INFO - Started process (PID=727) to work on /opt/airflow/dags/main.py
[2026-05-15T15:18:02.236+0000] {processor.py:830} INFO - Processing file /opt/airflow/dags/main.py for tasks to queue
[2026-05-15T15:18:02.242+0000] {logging_mixin.py:188} INFO - [2026-05-15T15:18:02.241+0000] {dagbag.py:545} INFO - Filling up the DagBag from /opt/airflow/dags/main.py
[2026-05-15T15:18:02.528+0000] {processor.py:840} INFO - DAG(s) 'update_staging_json', 'produce_json', 'youtube_dwh_update' retrieved from /opt/airflow/dags/main.py
[2026-05-15T15:18:02.599+0000] {logging_mixin.py:188} INFO - [2026-05-15T15:18:02.599+0000] {dag.py:3096} INFO - Sync 3 DAGs
[2026-05-15T15:18:02.674+0000] {logging_mixin.py:188} INFO - [2026-05-15T15:18:02.673+0000] {dag.py:3954} INFO - Setting next_dagrun for produce_json to 2026-05-15 13:00:00+00:00, run_after=2026-05-16 13:00:00+00:00
[2026-05-15T15:18:02.697+0000] {logging_mixin.py:188} INFO - [2026-05-15T15:18:02.696+0000] {dag.py:3954} INFO - Setting next_dagrun for update_staging_json to 2026-05-15 13:00:00+00:00, run_after=2026-05-16 13:00:00+00:00
[2026-05-15T15:18:02.707+0000] {logging_mixin.py:188} INFO - [2026-05-15T15:18:02.706+0000] {dag.py:3954} INFO - Setting next_dagrun for youtube_dwh_update to 2026-05-15 13:30:00+00:00, run_after=2026-05-16 13:30:00+00:00
[2026-05-15T15:18:02.763+0000] {processor.py:183} INFO - Processing /opt/airflow/dags/main.py took 0.573 seconds
[2026-05-15T15:18:33.595+0000] {processor.py:161} INFO - Started process (PID=734) to work on /opt/airflow/dags/main.py
[2026-05-15T15:18:33.599+0000] {processor.py:830} INFO - Processing file /opt/airflow/dags/main.py for tasks to queue
[2026-05-15T15:18:33.607+0000] {logging_mixin.py:188} INFO - [2026-05-15T15:18:33.606+0000] {dagbag.py:545} INFO - Filling up the DagBag from /opt/airflow/dags/main.py
[2026-05-15T15:18:33.922+0000] {processor.py:840} INFO - DAG(s) 'produce_json', 'youtube_dwh_update', 'update_staging_json' retrieved from /opt/airflow/dags/main.py
[2026-05-15T15:18:34.021+0000] {logging_mixin.py:188} INFO - [2026-05-15T15:18:34.020+0000] {dag.py:3096} INFO - Sync 3 DAGs
[2026-05-15T15:18:34.091+0000] {logging_mixin.py:188} INFO - [2026-05-15T15:18:34.091+0000] {dag.py:3954} INFO - Setting next_dagrun for produce_json to 2026-05-15 13:00:00+00:00, run_after=2026-05-16 13:00:00+00:00
[2026-05-15T15:18:34.111+0000] {logging_mixin.py:188} INFO - [2026-05-15T15:18:34.111+0000] {dag.py:3954} INFO - Setting next_dagrun for update_staging_json to 2026-05-15 13:00:00+00:00, run_after=2026-05-16 13:00:00+00:00
[2026-05-15T15:18:34.121+0000] {logging_mixin.py:188} INFO - [2026-05-15T15:18:34.121+0000] {dag.py:3954} INFO - Setting next_dagrun for youtube_dwh_update to 2026-05-15 13:30:00+00:00, run_after=2026-05-16 13:30:00+00:00
[2026-05-15T15:18:34.173+0000] {processor.py:183} INFO - Processing /opt/airflow/dags/main.py took 0.642 seconds
[2026-05-15T15:19:04.514+0000] {processor.py:161} INFO - Started process (PID=742) to work on /opt/airflow/dags/main.py
[2026-05-15T15:19:04.521+0000] {processor.py:830} INFO - Processing file /opt/airflow/dags/main.py for tasks to queue
[2026-05-15T15:19:04.534+0000] {logging_mixin.py:188} INFO - [2026-05-15T15:19:04.532+0000] {dagbag.py:545} INFO - Filling up the DagBag from /opt/airflow/dags/main.py
[2026-05-15T15:19:04.962+0000] {processor.py:840} INFO - DAG(s) 'youtube_dwh_update', 'update_staging_json', 'produce_json' retrieved from /opt/airflow/dags/main.py
[2026-05-15T15:19:05.047+0000] {logging_mixin.py:188} INFO - [2026-05-15T15:19:05.046+0000] {dag.py:3096} INFO - Sync 3 DAGs
[2026-05-15T15:19:05.113+0000] {logging_mixin.py:188} INFO - [2026-05-15T15:19:05.112+0000] {dag.py:3954} INFO - Setting next_dagrun for produce_json to 2026-05-15 13:00:00+00:00, run_after=2026-05-16 13:00:00+00:00
[2026-05-15T15:19:05.129+0000] {logging_mixin.py:188} INFO - [2026-05-15T15:19:05.129+0000] {dag.py:3954} INFO - Setting next_dagrun for update_staging_json to 2026-05-15 13:00:00+00:00, run_after=2026-05-16 13:00:00+00:00
[2026-05-15T15:19:05.140+0000] {logging_mixin.py:188} INFO - [2026-05-15T15:19:05.139+0000] {dag.py:3954} INFO - Setting next_dagrun for youtube_dwh_update to 2026-05-15 13:30:00+00:00, run_after=2026-05-16 13:30:00+00:00
[2026-05-15T15:19:05.193+0000] {processor.py:183} INFO - Processing /opt/airflow/dags/main.py took 0.729 seconds
[2026-05-15T15:19:35.456+0000] {processor.py:161} INFO - Started process (PID=750) to work on /opt/airflow/dags/main.py
[2026-05-15T15:19:35.460+0000] {processor.py:830} INFO - Processing file /opt/airflow/dags/main.py for tasks to queue
[2026-05-15T15:19:35.468+0000] {logging_mixin.py:188} INFO - [2026-05-15T15:19:35.467+0000] {dagbag.py:545} INFO - Filling up the DagBag from /opt/airflow/dags/main.py
[2026-05-15T15:19:35.774+0000] {processor.py:840} INFO - DAG(s) 'youtube_dwh_update', 'update_staging_json', 'produce_json' retrieved from /opt/airflow/dags/main.py
[2026-05-15T15:19:35.867+0000] {logging_mixin.py:188} INFO - [2026-05-15T15:19:35.866+0000] {dag.py:3096} INFO - Sync 3 DAGs
[2026-05-15T15:19:35.929+0000] {logging_mixin.py:188} INFO - [2026-05-15T15:19:35.929+0000] {dag.py:3954} INFO - Setting next_dagrun for produce_json to 2026-05-15 13:00:00+00:00, run_after=2026-05-16 13:00:00+00:00
[2026-05-15T15:19:35.949+0000] {logging_mixin.py:188} INFO - [2026-05-15T15:19:35.948+0000] {dag.py:3954} INFO - Setting next_dagrun for update_staging_json to 2026-05-15 13:00:00+00:00, run_after=2026-05-16 13:00:00+00:00
[2026-05-15T15:19:35.958+0000] {logging_mixin.py:188} INFO - [2026-05-15T15:19:35.958+0000] {dag.py:3954} INFO - Setting next_dagrun for youtube_dwh_update to 2026-05-15 13:30:00+00:00, run_after=2026-05-16 13:30:00+00:00
[2026-05-15T15:19:36.008+0000] {processor.py:183} INFO - Processing /opt/airflow/dags/main.py took 0.573 seconds
[2026-05-15T15:20:06.472+0000] {processor.py:161} INFO - Started process (PID=757) to work on /opt/airflow/dags/main.py
[2026-05-15T15:20:06.475+0000] {processor.py:830} INFO - Processing file /opt/airflow/dags/main.py for tasks to queue
[2026-05-15T15:20:06.481+0000] {logging_mixin.py:188} INFO - [2026-05-15T15:20:06.480+0000] {dagbag.py:545} INFO - Filling up the DagBag from /opt/airflow/dags/main.py
[2026-05-15T15:20:06.912+0000] {processor.py:840} INFO - DAG(s) 'youtube_dwh_update', 'update_staging_json', 'produce_json' retrieved from /opt/airflow/dags/main.py
[2026-05-15T15:20:07.025+0000] {logging_mixin.py:188} INFO - [2026-05-15T15:20:07.025+0000] {dag.py:3096} INFO - Sync 3 DAGs
[2026-05-15T15:20:07.088+0000] {logging_mixin.py:188} INFO - [2026-05-15T15:20:07.087+0000] {dag.py:3954} INFO - Setting next_dagrun for produce_json to 2026-05-15 13:00:00+00:00, run_after=2026-05-16 13:00:00+00:00
[2026-05-15T15:20:07.104+0000] {logging_mixin.py:188} INFO - [2026-05-15T15:20:07.103+0000] {dag.py:3954} INFO - Setting next_dagrun for update_staging_json to 2026-05-15 13:00:00+00:00, run_after=2026-05-16 13:00:00+00:00
[2026-05-15T15:20:07.114+0000] {logging_mixin.py:188} INFO - [2026-05-15T15:20:07.114+0000] {dag.py:3954} INFO - Setting next_dagrun for youtube_dwh_update to 2026-05-15 13:30:00+00:00, run_after=2026-05-16 13:30:00+00:00
[2026-05-15T15:20:07.170+0000] {processor.py:183} INFO - Processing /opt/airflow/dags/main.py took 0.717 seconds
[2026-05-15T15:20:37.430+0000] {processor.py:161} INFO - Started process (PID=764) to work on /opt/airflow/dags/main.py
[2026-05-15T15:20:37.434+0000] {processor.py:830} INFO - Processing file /opt/airflow/dags/main.py for tasks to queue
[2026-05-15T15:20:37.440+0000] {logging_mixin.py:188} INFO - [2026-05-15T15:20:37.439+0000] {dagbag.py:545} INFO - Filling up the DagBag from /opt/airflow/dags/main.py
[2026-05-15T15:20:37.985+0000] {processor.py:840} INFO - DAG(s) 'produce_json', 'youtube_dwh_update', 'update_staging_json' retrieved from /opt/airflow/dags/main.py
[2026-05-15T15:20:38.143+0000] {logging_mixin.py:188} INFO - [2026-05-15T15:20:38.142+0000] {dag.py:3096} INFO - Sync 3 DAGs
[2026-05-15T15:20:38.306+0000] {logging_mixin.py:188} INFO - [2026-05-15T15:20:38.305+0000] {dag.py:3954} INFO - Setting next_dagrun for produce_json to 2026-05-15 13:00:00+00:00, run_after=2026-05-16 13:00:00+00:00
[2026-05-15T15:20:38.355+0000] {logging_mixin.py:188} INFO - [2026-05-15T15:20:38.355+0000] {dag.py:3954} INFO - Setting next_dagrun for update_staging_json to 2026-05-15 13:00:00+00:00, run_after=2026-05-16 13:00:00+00:00
[2026-05-15T15:20:38.419+0000] {logging_mixin.py:188} INFO - [2026-05-15T15:20:38.418+0000] {dag.py:3954} INFO - Setting next_dagrun for youtube_dwh_update to 2026-05-15 13:30:00+00:00, run_after=2026-05-16 13:30:00+00:00
[2026-05-15T15:20:38.544+0000] {processor.py:183} INFO - Processing /opt/airflow/dags/main.py took 1.136 seconds
[2026-05-15T15:21:08.984+0000] {processor.py:161} INFO - Started process (PID=772) to work on /opt/airflow/dags/main.py
[2026-05-15T15:21:08.987+0000] {processor.py:830} INFO - Processing file /opt/airflow/dags/main.py for tasks to queue
[2026-05-15T15:21:08.997+0000] {logging_mixin.py:188} INFO - [2026-05-15T15:21:08.996+0000] {dagbag.py:545} INFO - Filling up the DagBag from /opt/airflow/dags/main.py
[2026-05-15T15:21:09.288+0000] {processor.py:840} INFO - DAG(s) 'youtube_dwh_update', 'update_staging_json', 'produce_json' retrieved from /opt/airflow/dags/main.py
[2026-05-15T15:21:09.377+0000] {logging_mixin.py:188} INFO - [2026-05-15T15:21:09.376+0000] {dag.py:3096} INFO - Sync 3 DAGs
[2026-05-15T15:21:09.444+0000] {logging_mixin.py:188} INFO - [2026-05-15T15:21:09.443+0000] {dag.py:3954} INFO - Setting next_dagrun for produce_json to 2026-05-15 13:00:00+00:00, run_after=2026-05-16 13:00:00+00:00
[2026-05-15T15:21:09.481+0000] {logging_mixin.py:188} INFO - [2026-05-15T15:21:09.480+0000] {dag.py:3954} INFO - Setting next_dagrun for update_staging_json to 2026-05-15 13:00:00+00:00, run_after=2026-05-16 13:00:00+00:00
[2026-05-15T15:21:09.499+0000] {logging_mixin.py:188} INFO - [2026-05-15T15:21:09.498+0000] {dag.py:3954} INFO - Setting next_dagrun for youtube_dwh_update to 2026-05-15 13:30:00+00:00, run_after=2026-05-16 13:30:00+00:00
[2026-05-15T15:21:09.564+0000] {processor.py:183} INFO - Processing /opt/airflow/dags/main.py took 0.609 seconds
[2026-05-15T15:21:39.833+0000] {processor.py:161} INFO - Started process (PID=779) to work on /opt/airflow/dags/main.py
[2026-05-15T15:21:39.840+0000] {processor.py:830} INFO - Processing file /opt/airflow/dags/main.py for tasks to queue
[2026-05-15T15:21:39.855+0000] {logging_mixin.py:188} INFO - [2026-05-15T15:21:39.853+0000] {dagbag.py:545} INFO - Filling up the DagBag from /opt/airflow/dags/main.py
[2026-05-15T15:21:40.346+0000] {processor.py:840} INFO - DAG(s) 'youtube_dwh_update', 'update_staging_json', 'produce_json' retrieved from /opt/airflow/dags/main.py
[2026-05-15T15:21:40.423+0000] {logging_mixin.py:188} INFO - [2026-05-15T15:21:40.422+0000] {dag.py:3096} INFO - Sync 3 DAGs
[2026-05-15T15:21:40.499+0000] {logging_mixin.py:188} INFO - [2026-05-15T15:21:40.497+0000] {dag.py:3954} INFO - Setting next_dagrun for produce_json to 2026-05-15 13:00:00+00:00, run_after=2026-05-16 13:00:00+00:00
[2026-05-15T15:21:40.553+0000] {logging_mixin.py:188} INFO - [2026-05-15T15:21:40.552+0000] {dag.py:3954} INFO - Setting next_dagrun for update_staging_json to 2026-05-15 13:00:00+00:00, run_after=2026-05-16 13:00:00+00:00
[2026-05-15T15:21:40.598+0000] {logging_mixin.py:188} INFO - [2026-05-15T15:21:40.597+0000] {dag.py:3954} INFO - Setting next_dagrun for youtube_dwh_update to 2026-05-15 13:30:00+00:00, run_after=2026-05-16 13:30:00+00:00
[2026-05-15T15:21:40.649+0000] {processor.py:183} INFO - Processing /opt/airflow/dags/main.py took 0.864 seconds
[2026-05-15T15:22:10.940+0000] {processor.py:161} INFO - Started process (PID=786) to work on /opt/airflow/dags/main.py
[2026-05-15T15:22:10.943+0000] {processor.py:830} INFO - Processing file /opt/airflow/dags/main.py for tasks to queue
[2026-05-15T15:22:10.951+0000] {logging_mixin.py:188} INFO - [2026-05-15T15:22:10.950+0000] {dagbag.py:545} INFO - Filling up the DagBag from /opt/airflow/dags/main.py
[2026-05-15T15:22:11.210+0000] {processor.py:840} INFO - DAG(s) 'youtube_dwh_update', 'produce_json', 'update_staging_json' retrieved from /opt/airflow/dags/main.py
[2026-05-15T15:22:11.306+0000] {logging_mixin.py:188} INFO - [2026-05-15T15:22:11.306+0000] {dag.py:3096} INFO - Sync 3 DAGs
[2026-05-15T15:22:11.373+0000] {logging_mixin.py:188} INFO - [2026-05-15T15:22:11.373+0000] {dag.py:3954} INFO - Setting next_dagrun for produce_json to 2026-05-15 13:00:00+00:00, run_after=2026-05-16 13:00:00+00:00
[2026-05-15T15:22:11.391+0000] {logging_mixin.py:188} INFO - [2026-05-15T15:22:11.390+0000] {dag.py:3954} INFO - Setting next_dagrun for update_staging_json to 2026-05-15 13:00:00+00:00, run_after=2026-05-16 13:00:00+00:00
[2026-05-15T15:22:11.403+0000] {logging_mixin.py:188} INFO - [2026-05-15T15:22:11.402+0000] {dag.py:3954} INFO - Setting next_dagrun for youtube_dwh_update to 2026-05-15 13:30:00+00:00, run_after=2026-05-16 13:30:00+00:00
[2026-05-15T15:22:11.458+0000] {processor.py:183} INFO - Processing /opt/airflow/dags/main.py took 0.544 seconds
[2026-05-15T15:22:42.064+0000] {processor.py:161} INFO - Started process (PID=793) to work on /opt/airflow/dags/main.py
[2026-05-15T15:22:42.077+0000] {processor.py:830} INFO - Processing file /opt/airflow/dags/main.py for tasks to queue
[2026-05-15T15:22:42.093+0000] {logging_mixin.py:188} INFO - [2026-05-15T15:22:42.092+0000] {dagbag.py:545} INFO - Filling up the DagBag from /opt/airflow/dags/main.py
[2026-05-15T15:22:42.463+0000] {processor.py:840} INFO - DAG(s) 'produce_json', 'update_staging_json', 'youtube_dwh_update' retrieved from /opt/airflow/dags/main.py
[2026-05-15T15:22:42.568+0000] {logging_mixin.py:188} INFO - [2026-05-15T15:22:42.568+0000] {dag.py:3096} INFO - Sync 3 DAGs
[2026-05-15T15:22:42.721+0000] {logging_mixin.py:188} INFO - [2026-05-15T15:22:42.719+0000] {dag.py:3954} INFO - Setting next_dagrun for produce_json to 2026-05-15 13:00:00+00:00, run_after=2026-05-16 13:00:00+00:00
[2026-05-15T15:22:42.749+0000] {logging_mixin.py:188} INFO - [2026-05-15T15:22:42.749+0000] {dag.py:3954} INFO - Setting next_dagrun for update_staging_json to 2026-05-15 13:00:00+00:00, run_after=2026-05-16 13:00:00+00:00
[2026-05-15T15:22:42.764+0000] {logging_mixin.py:188} INFO - [2026-05-15T15:22:42.764+0000] {dag.py:3954} INFO - Setting next_dagrun for youtube_dwh_update to 2026-05-15 13:30:00+00:00, run_after=2026-05-16 13:30:00+00:00
[2026-05-15T15:22:42.836+0000] {processor.py:183} INFO - Processing /opt/airflow/dags/main.py took 0.809 seconds
[2026-05-15T15:23:13.109+0000] {processor.py:161} INFO - Started process (PID=801) to work on /opt/airflow/dags/main.py
[2026-05-15T15:23:13.111+0000] {processor.py:830} INFO - Processing file /opt/airflow/dags/main.py for tasks to queue
[2026-05-15T15:23:13.115+0000] {logging_mixin.py:188} INFO - [2026-05-15T15:23:13.115+0000] {dagbag.py:545} INFO - Filling up the DagBag from /opt/airflow/dags/main.py
[2026-05-15T15:23:13.358+0000] {processor.py:840} INFO - DAG(s) 'produce_json', 'youtube_dwh_update', 'update_staging_json' retrieved from /opt/airflow/dags/main.py
[2026-05-15T15:23:13.415+0000] {logging_mixin.py:188} INFO - [2026-05-15T15:23:13.415+0000] {dag.py:3096} INFO - Sync 3 DAGs
[2026-05-15T15:23:13.478+0000] {logging_mixin.py:188} INFO - [2026-05-15T15:23:13.478+0000] {dag.py:3954} INFO - Setting next_dagrun for produce_json to 2026-05-15 13:00:00+00:00, run_after=2026-05-16 13:00:00+00:00
[2026-05-15T15:23:13.489+0000] {logging_mixin.py:188} INFO - [2026-05-15T15:23:13.488+0000] {dag.py:3954} INFO - Setting next_dagrun for update_staging_json to 2026-05-15 13:00:00+00:00, run_after=2026-05-16 13:00:00+00:00
[2026-05-15T15:23:13.495+0000] {logging_mixin.py:188} INFO - [2026-05-15T15:23:13.495+0000] {dag.py:3954} INFO - Setting next_dagrun for youtube_dwh_update to 2026-05-15 13:30:00+00:00, run_after=2026-05-16 13:30:00+00:00
[2026-05-15T15:23:13.532+0000] {processor.py:183} INFO - Processing /opt/airflow/dags/main.py took 0.435 seconds
[2026-05-15T15:23:43.910+0000] {processor.py:161} INFO - Started process (PID=808) to work on /opt/airflow/dags/main.py
[2026-05-15T15:23:43.913+0000] {processor.py:830} INFO - Processing file /opt/airflow/dags/main.py for tasks to queue
[2026-05-15T15:23:43.917+0000] {logging_mixin.py:188} INFO - [2026-05-15T15:23:43.916+0000] {dagbag.py:545} INFO - Filling up the DagBag from /opt/airflow/dags/main.py
[2026-05-15T15:23:44.172+0000] {processor.py:840} INFO - DAG(s) 'update_staging_json', 'youtube_dwh_update', 'produce_json' retrieved from /opt/airflow/dags/main.py
[2026-05-15T15:23:44.236+0000] {logging_mixin.py:188} INFO - [2026-05-15T15:23:44.236+0000] {dag.py:3096} INFO - Sync 3 DAGs
[2026-05-15T15:23:44.281+0000] {logging_mixin.py:188} INFO - [2026-05-15T15:23:44.280+0000] {dag.py:3954} INFO - Setting next_dagrun for produce_json to 2026-05-15 13:00:00+00:00, run_after=2026-05-16 13:00:00+00:00
[2026-05-15T15:23:44.292+0000] {logging_mixin.py:188} INFO - [2026-05-15T15:23:44.291+0000] {dag.py:3954} INFO - Setting next_dagrun for update_staging_json to 2026-05-15 13:00:00+00:00, run_after=2026-05-16 13:00:00+00:00
[2026-05-15T15:23:44.298+0000] {logging_mixin.py:188} INFO - [2026-05-15T15:23:44.298+0000] {dag.py:3954} INFO - Setting next_dagrun for youtube_dwh_update to 2026-05-15 13:30:00+00:00, run_after=2026-05-16 13:30:00+00:00
[2026-05-15T15:23:44.337+0000] {processor.py:183} INFO - Processing /opt/airflow/dags/main.py took 0.441 seconds
[2026-05-15T15:24:14.740+0000] {processor.py:161} INFO - Started process (PID=815) to work on /opt/airflow/dags/main.py
[2026-05-15T15:24:14.743+0000] {processor.py:830} INFO - Processing file /opt/airflow/dags/main.py for tasks to queue
[2026-05-15T15:24:14.749+0000] {logging_mixin.py:188} INFO - [2026-05-15T15:24:14.748+0000] {dagbag.py:545} INFO - Filling up the DagBag from /opt/airflow/dags/main.py
[2026-05-15T15:24:15.028+0000] {processor.py:840} INFO - DAG(s) 'produce_json', 'youtube_dwh_update', 'update_staging_json' retrieved from /opt/airflow/dags/main.py
[2026-05-15T15:24:15.115+0000] {logging_mixin.py:188} INFO - [2026-05-15T15:24:15.114+0000] {dag.py:3096} INFO - Sync 3 DAGs
[2026-05-15T15:24:15.186+0000] {logging_mixin.py:188} INFO - [2026-05-15T15:24:15.185+0000] {dag.py:3954} INFO - Setting next_dagrun for produce_json to 2026-05-15 13:00:00+00:00, run_after=2026-05-16 13:00:00+00:00
[2026-05-15T15:24:15.200+0000] {logging_mixin.py:188} INFO - [2026-05-15T15:24:15.200+0000] {dag.py:3954} INFO - Setting next_dagrun for update_staging_json to 2026-05-15 13:00:00+00:00, run_after=2026-05-16 13:00:00+00:00
[2026-05-15T15:24:15.208+0000] {logging_mixin.py:188} INFO - [2026-05-15T15:24:15.207+0000] {dag.py:3954} INFO - Setting next_dagrun for youtube_dwh_update to 2026-05-15 13:30:00+00:00, run_after=2026-05-16 13:30:00+00:00
[2026-05-15T15:24:15.255+0000] {processor.py:183} INFO - Processing /opt/airflow/dags/main.py took 0.531 seconds
[2026-05-15T15:24:45.567+0000] {processor.py:161} INFO - Started process (PID=822) to work on /opt/airflow/dags/main.py
[2026-05-15T15:24:45.570+0000] {processor.py:830} INFO - Processing file /opt/airflow/dags/main.py for tasks to queue
[2026-05-15T15:24:45.574+0000] {logging_mixin.py:188} INFO - [2026-05-15T15:24:45.574+0000] {dagbag.py:545} INFO - Filling up the DagBag from /opt/airflow/dags/main.py
[2026-05-15T15:24:45.840+0000] {processor.py:840} INFO - DAG(s) 'produce_json', 'youtube_dwh_update', 'update_staging_json' retrieved from /opt/airflow/dags/main.py
[2026-05-15T15:24:46.321+0000] {logging_mixin.py:188} INFO - [2026-05-15T15:24:46.320+0000] {dag.py:3096} INFO - Sync 3 DAGs
[2026-05-15T15:24:46.369+0000] {logging_mixin.py:188} INFO - [2026-05-15T15:24:46.369+0000] {dag.py:3954} INFO - Setting next_dagrun for produce_json to 2026-05-15 13:00:00+00:00, run_after=2026-05-16 13:00:00+00:00
[2026-05-15T15:24:46.380+0000] {logging_mixin.py:188} INFO - [2026-05-15T15:24:46.380+0000] {dag.py:3954} INFO - Setting next_dagrun for update_staging_json to 2026-05-15 13:00:00+00:00, run_after=2026-05-16 13:00:00+00:00
[2026-05-15T15:24:46.387+0000] {logging_mixin.py:188} INFO - [2026-05-15T15:24:46.386+0000] {dag.py:3954} INFO - Setting next_dagrun for youtube_dwh_update to 2026-05-15 13:30:00+00:00, run_after=2026-05-16 13:30:00+00:00
[2026-05-15T15:24:46.423+0000] {processor.py:183} INFO - Processing /opt/airflow/dags/main.py took 0.874 seconds
[2026-05-15T15:25:16.872+0000] {processor.py:161} INFO - Started process (PID=828) to work on /opt/airflow/dags/main.py
[2026-05-15T15:25:16.874+0000] {processor.py:830} INFO - Processing file /opt/airflow/dags/main.py for tasks to queue
[2026-05-15T15:25:16.881+0000] {logging_mixin.py:188} INFO - [2026-05-15T15:25:16.880+0000] {dagbag.py:545} INFO - Filling up the DagBag from /opt/airflow/dags/main.py
[2026-05-15T15:25:17.085+0000] {processor.py:840} INFO - DAG(s) 'produce_json', 'youtube_dwh_update', 'update_staging_json' retrieved from /opt/airflow/dags/main.py
[2026-05-15T15:25:17.147+0000] {logging_mixin.py:188} INFO - [2026-05-15T15:25:17.147+0000] {dag.py:3096} INFO - Sync 3 DAGs
[2026-05-15T15:25:17.190+0000] {logging_mixin.py:188} INFO - [2026-05-15T15:25:17.190+0000] {dag.py:3954} INFO - Setting next_dagrun for produce_json to 2026-05-15 13:00:00+00:00, run_after=2026-05-16 13:00:00+00:00
[2026-05-15T15:25:17.200+0000] {logging_mixin.py:188} INFO - [2026-05-15T15:25:17.200+0000] {dag.py:3954} INFO - Setting next_dagrun for update_staging_json to 2026-05-15 13:00:00+00:00, run_after=2026-05-16 13:00:00+00:00
[2026-05-15T15:25:17.208+0000] {logging_mixin.py:188} INFO - [2026-05-15T15:25:17.207+0000] {dag.py:3954} INFO - Setting next_dagrun for youtube_dwh_update to 2026-05-15 13:30:00+00:00, run_after=2026-05-16 13:30:00+00:00
[2026-05-15T15:25:17.245+0000] {processor.py:183} INFO - Processing /opt/airflow/dags/main.py took 0.387 seconds
[2026-05-15T15:25:47.611+0000] {processor.py:161} INFO - Started process (PID=835) to work on /opt/airflow/dags/main.py
[2026-05-15T15:25:47.614+0000] {processor.py:830} INFO - Processing file /opt/airflow/dags/main.py for tasks to queue
[2026-05-15T15:25:47.619+0000] {logging_mixin.py:188} INFO - [2026-05-15T15:25:47.619+0000] {dagbag.py:545} INFO - Filling up the DagBag from /opt/airflow/dags/main.py
[2026-05-15T15:25:47.851+0000] {processor.py:840} INFO - DAG(s) 'update_staging_json', 'youtube_dwh_update', 'produce_json' retrieved from /opt/airflow/dags/main.py
[2026-05-15T15:25:47.908+0000] {logging_mixin.py:188} INFO - [2026-05-15T15:25:47.907+0000] {dag.py:3096} INFO - Sync 3 DAGs
[2026-05-15T15:25:47.951+0000] {logging_mixin.py:188} INFO - [2026-05-15T15:25:47.951+0000] {dag.py:3954} INFO - Setting next_dagrun for produce_json to 2026-05-15 13:00:00+00:00, run_after=2026-05-16 13:00:00+00:00
[2026-05-15T15:25:47.980+0000] {logging_mixin.py:188} INFO - [2026-05-15T15:25:47.980+0000] {dag.py:3954} INFO - Setting next_dagrun for update_staging_json to 2026-05-15 13:00:00+00:00, run_after=2026-05-16 13:00:00+00:00
[2026-05-15T15:25:47.992+0000] {logging_mixin.py:188} INFO - [2026-05-15T15:25:47.991+0000] {dag.py:3954} INFO - Setting next_dagrun for youtube_dwh_update to 2026-05-15 13:30:00+00:00, run_after=2026-05-16 13:30:00+00:00
[2026-05-15T15:25:48.051+0000] {processor.py:183} INFO - Processing /opt/airflow/dags/main.py took 0.452 seconds
[2026-05-15T15:26:18.569+0000] {processor.py:161} INFO - Started process (PID=842) to work on /opt/airflow/dags/main.py
[2026-05-15T15:26:18.578+0000] {processor.py:830} INFO - Processing file /opt/airflow/dags/main.py for tasks to queue
[2026-05-15T15:26:18.585+0000] {logging_mixin.py:188} INFO - [2026-05-15T15:26:18.584+0000] {dagbag.py:545} INFO - Filling up the DagBag from /opt/airflow/dags/main.py
[2026-05-15T15:26:19.003+0000] {processor.py:840} INFO - DAG(s) 'update_staging_json', 'produce_json', 'youtube_dwh_update' retrieved from /opt/airflow/dags/main.py
[2026-05-15T15:26:19.067+0000] {logging_mixin.py:188} INFO - [2026-05-15T15:26:19.066+0000] {dag.py:3096} INFO - Sync 3 DAGs
[2026-05-15T15:26:19.117+0000] {logging_mixin.py:188} INFO - [2026-05-15T15:26:19.116+0000] {dag.py:3954} INFO - Setting next_dagrun for produce_json to 2026-05-15 13:00:00+00:00, run_after=2026-05-16 13:00:00+00:00
[2026-05-15T15:26:19.126+0000] {logging_mixin.py:188} INFO - [2026-05-15T15:26:19.126+0000] {dag.py:3954} INFO - Setting next_dagrun for update_staging_json to 2026-05-15 13:00:00+00:00, run_after=2026-05-16 13:00:00+00:00
[2026-05-15T15:26:19.133+0000] {logging_mixin.py:188} INFO - [2026-05-15T15:26:19.133+0000] {dag.py:3954} INFO - Setting next_dagrun for youtube_dwh_update to 2026-05-15 13:30:00+00:00, run_after=2026-05-16 13:30:00+00:00
[2026-05-15T15:26:19.171+0000] {processor.py:183} INFO - Processing /opt/airflow/dags/main.py took 0.636 seconds
[2026-05-15T15:26:49.514+0000] {processor.py:161} INFO - Started process (PID=849) to work on /opt/airflow/dags/main.py
[2026-05-15T15:26:49.516+0000] {processor.py:830} INFO - Processing file /opt/airflow/dags/main.py for tasks to queue
[2026-05-15T15:26:49.520+0000] {logging_mixin.py:188} INFO - [2026-05-15T15:26:49.520+0000] {dagbag.py:545} INFO - Filling up the DagBag from /opt/airflow/dags/main.py
[2026-05-15T15:26:49.807+0000] {processor.py:840} INFO - DAG(s) 'produce_json', 'youtube_dwh_update', 'update_staging_json' retrieved from /opt/airflow/dags/main.py
[2026-05-15T15:26:49.881+0000] {logging_mixin.py:188} INFO - [2026-05-15T15:26:49.881+0000] {dag.py:3096} INFO - Sync 3 DAGs
[2026-05-15T15:26:49.947+0000] {logging_mixin.py:188} INFO - [2026-05-15T15:26:49.946+0000] {dag.py:3954} INFO - Setting next_dagrun for produce_json to 2026-05-15 13:00:00+00:00, run_after=2026-05-16 13:00:00+00:00
[2026-05-15T15:26:49.959+0000] {logging_mixin.py:188} INFO - [2026-05-15T15:26:49.958+0000] {dag.py:3954} INFO - Setting next_dagrun for update_staging_json to 2026-05-15 13:00:00+00:00, run_after=2026-05-16 13:00:00+00:00
[2026-05-15T15:26:49.967+0000] {logging_mixin.py:188} INFO - [2026-05-15T15:26:49.966+0000] {dag.py:3954} INFO - Setting next_dagrun for youtube_dwh_update to 2026-05-15 13:30:00+00:00, run_after=2026-05-16 13:30:00+00:00
[2026-05-15T15:26:50.011+0000] {processor.py:183} INFO - Processing /opt/airflow/dags/main.py took 0.524 seconds
[2026-05-15T15:27:20.371+0000] {processor.py:161} INFO - Started process (PID=856) to work on /opt/airflow/dags/main.py
[2026-05-15T15:27:20.373+0000] {processor.py:830} INFO - Processing file /opt/airflow/dags/main.py for tasks to queue
[2026-05-15T15:27:20.378+0000] {logging_mixin.py:188} INFO - [2026-05-15T15:27:20.377+0000] {dagbag.py:545} INFO - Filling up the DagBag from /opt/airflow/dags/main.py
[2026-05-15T15:27:20.839+0000] {processor.py:840} INFO - DAG(s) 'youtube_dwh_update', 'update_staging_json', 'produce_json' retrieved from /opt/airflow/dags/main.py
[2026-05-15T15:27:20.940+0000] {logging_mixin.py:188} INFO - [2026-05-15T15:27:20.939+0000] {dag.py:3096} INFO - Sync 3 DAGs
[2026-05-15T15:27:21.055+0000] {logging_mixin.py:188} INFO - [2026-05-15T15:27:21.054+0000] {dag.py:3954} INFO - Setting next_dagrun for produce_json to 2026-05-15 13:00:00+00:00, run_after=2026-05-16 13:00:00+00:00
[2026-05-15T15:27:21.066+0000] {logging_mixin.py:188} INFO - [2026-05-15T15:27:21.066+0000] {dag.py:3954} INFO - Setting next_dagrun for update_staging_json to 2026-05-15 13:00:00+00:00, run_after=2026-05-16 13:00:00+00:00
[2026-05-15T15:27:21.073+0000] {logging_mixin.py:188} INFO - [2026-05-15T15:27:21.072+0000] {dag.py:3954} INFO - Setting next_dagrun for youtube_dwh_update to 2026-05-15 13:30:00+00:00, run_after=2026-05-16 13:30:00+00:00
[2026-05-15T15:27:21.116+0000] {processor.py:183} INFO - Processing /opt/airflow/dags/main.py took 0.761 seconds
[2026-05-15T15:27:51.438+0000] {processor.py:161} INFO - Started process (PID=863) to work on /opt/airflow/dags/main.py
[2026-05-15T15:27:51.440+0000] {processor.py:830} INFO - Processing file /opt/airflow/dags/main.py for tasks to queue
[2026-05-15T15:27:51.445+0000] {logging_mixin.py:188} INFO - [2026-05-15T15:27:51.444+0000] {dagbag.py:545} INFO - Filling up the DagBag from /opt/airflow/dags/main.py
[2026-05-15T15:27:51.682+0000] {processor.py:840} INFO - DAG(s) 'update_staging_json', 'produce_json', 'youtube_dwh_update' retrieved from /opt/airflow/dags/main.py
[2026-05-15T15:27:51.738+0000] {logging_mixin.py:188} INFO - [2026-05-15T15:27:51.737+0000] {dag.py:3096} INFO - Sync 3 DAGs
[2026-05-15T15:27:51.780+0000] {logging_mixin.py:188} INFO - [2026-05-15T15:27:51.780+0000] {dag.py:3954} INFO - Setting next_dagrun for produce_json to 2026-05-15 13:00:00+00:00, run_after=2026-05-16 13:00:00+00:00
[2026-05-15T15:27:51.790+0000] {logging_mixin.py:188} INFO - [2026-05-15T15:27:51.790+0000] {dag.py:3954} INFO - Setting next_dagrun for update_staging_json to 2026-05-15 13:00:00+00:00, run_after=2026-05-16 13:00:00+00:00
[2026-05-15T15:27:51.797+0000] {logging_mixin.py:188} INFO - [2026-05-15T15:27:51.797+0000] {dag.py:3954} INFO - Setting next_dagrun for youtube_dwh_update to 2026-05-15 13:30:00+00:00, run_after=2026-05-16 13:30:00+00:00
[2026-05-15T15:27:51.836+0000] {processor.py:183} INFO - Processing /opt/airflow/dags/main.py took 0.412 seconds
[2026-05-15T15:28:22.428+0000] {processor.py:161} INFO - Started process (PID=870) to work on /opt/airflow/dags/main.py
[2026-05-15T15:28:22.430+0000] {processor.py:830} INFO - Processing file /opt/airflow/dags/main.py for tasks to queue
[2026-05-15T15:28:22.434+0000] {logging_mixin.py:188} INFO - [2026-05-15T15:28:22.434+0000] {dagbag.py:545} INFO - Filling up the DagBag from /opt/airflow/dags/main.py
[2026-05-15T15:28:22.676+0000] {processor.py:840} INFO - DAG(s) 'produce_json', 'youtube_dwh_update', 'update_staging_json' retrieved from /opt/airflow/dags/main.py
[2026-05-15T15:28:22.733+0000] {logging_mixin.py:188} INFO - [2026-05-15T15:28:22.732+0000] {dag.py:3096} INFO - Sync 3 DAGs
[2026-05-15T15:28:22.775+0000] {logging_mixin.py:188} INFO - [2026-05-15T15:28:22.774+0000] {dag.py:3954} INFO - Setting next_dagrun for produce_json to 2026-05-15 13:00:00+00:00, run_after=2026-05-16 13:00:00+00:00
[2026-05-15T15:28:22.788+0000] {logging_mixin.py:188} INFO - [2026-05-15T15:28:22.787+0000] {dag.py:3954} INFO - Setting next_dagrun for update_staging_json to 2026-05-15 13:00:00+00:00, run_after=2026-05-16 13:00:00+00:00
[2026-05-15T15:28:22.794+0000] {logging_mixin.py:188} INFO - [2026-05-15T15:28:22.794+0000] {dag.py:3954} INFO - Setting next_dagrun for youtube_dwh_update to 2026-05-15 13:30:00+00:00, run_after=2026-05-16 13:30:00+00:00
[2026-05-15T15:28:22.834+0000] {processor.py:183} INFO - Processing /opt/airflow/dags/main.py took 0.419 seconds
[2026-05-15T15:28:53.158+0000] {processor.py:161} INFO - Started process (PID=877) to work on /opt/airflow/dags/main.py
[2026-05-15T15:28:53.162+0000] {processor.py:830} INFO - Processing file /opt/airflow/dags/main.py for tasks to queue
[2026-05-15T15:28:53.166+0000] {logging_mixin.py:188} INFO - [2026-05-15T15:28:53.166+0000] {dagbag.py:545} INFO - Filling up the DagBag from /opt/airflow/dags/main.py
[2026-05-15T15:28:53.429+0000] {processor.py:840} INFO - DAG(s) 'update_staging_json', 'youtube_dwh_update', 'produce_json' retrieved from /opt/airflow/dags/main.py
[2026-05-15T15:28:53.503+0000] {logging_mixin.py:188} INFO - [2026-05-15T15:28:53.502+0000] {dag.py:3096} INFO - Sync 3 DAGs
[2026-05-15T15:28:53.565+0000] {logging_mixin.py:188} INFO - [2026-05-15T15:28:53.564+0000] {dag.py:3954} INFO - Setting next_dagrun for produce_json to 2026-05-15 13:00:00+00:00, run_after=2026-05-16 13:00:00+00:00
[2026-05-15T15:28:53.578+0000] {logging_mixin.py:188} INFO - [2026-05-15T15:28:53.578+0000] {dag.py:3954} INFO - Setting next_dagrun for update_staging_json to 2026-05-15 13:00:00+00:00, run_after=2026-05-16 13:00:00+00:00
[2026-05-15T15:28:53.587+0000] {logging_mixin.py:188} INFO - [2026-05-15T15:28:53.587+0000] {dag.py:3954} INFO - Setting next_dagrun for youtube_dwh_update to 2026-05-15 13:30:00+00:00, run_after=2026-05-16 13:30:00+00:00
[2026-05-15T15:28:53.634+0000] {processor.py:183} INFO - Processing /opt/airflow/dags/main.py took 0.494 seconds
[2026-05-15T15:29:24.006+0000] {processor.py:161} INFO - Started process (PID=884) to work on /opt/airflow/dags/main.py
[2026-05-15T15:29:24.009+0000] {processor.py:830} INFO - Processing file /opt/airflow/dags/main.py for tasks to queue
[2026-05-15T15:29:24.020+0000] {logging_mixin.py:188} INFO - [2026-05-15T15:29:24.019+0000] {dagbag.py:545} INFO - Filling up the DagBag from /opt/airflow/dags/main.py
[2026-05-15T15:29:24.467+0000] {processor.py:840} INFO - DAG(s) 'produce_json', 'update_staging_json', 'youtube_dwh_update' retrieved from /opt/airflow/dags/main.py
[2026-05-15T15:29:24.595+0000] {logging_mixin.py:188} INFO - [2026-05-15T15:29:24.594+0000] {dag.py:3096} INFO - Sync 3 DAGs
[2026-05-15T15:29:24.700+0000] {logging_mixin.py:188} INFO - [2026-05-15T15:29:24.699+0000] {dag.py:3954} INFO - Setting next_dagrun for produce_json to 2026-05-15 13:00:00+00:00, run_after=2026-05-16 13:00:00+00:00
[2026-05-15T15:29:24.723+0000] {logging_mixin.py:188} INFO - [2026-05-15T15:29:24.723+0000] {dag.py:3954} INFO - Setting next_dagrun for update_staging_json to 2026-05-15 13:00:00+00:00, run_after=2026-05-16 13:00:00+00:00
[2026-05-15T15:29:24.751+0000] {logging_mixin.py:188} INFO - [2026-05-15T15:29:24.750+0000] {dag.py:3954} INFO - Setting next_dagrun for youtube_dwh_update to 2026-05-15 13:30:00+00:00, run_after=2026-05-16 13:30:00+00:00
[2026-05-15T15:29:24.827+0000] {processor.py:183} INFO - Processing /opt/airflow/dags/main.py took 0.841 seconds
[2026-05-15T15:29:55.232+0000] {processor.py:161} INFO - Started process (PID=891) to work on /opt/airflow/dags/main.py
[2026-05-15T15:29:55.235+0000] {processor.py:830} INFO - Processing file /opt/airflow/dags/main.py for tasks to queue
[2026-05-15T15:29:55.240+0000] {logging_mixin.py:188} INFO - [2026-05-15T15:29:55.240+0000] {dagbag.py:545} INFO - Filling up the DagBag from /opt/airflow/dags/main.py
[2026-05-15T15:29:55.494+0000] {processor.py:840} INFO - DAG(s) 'produce_json', 'youtube_dwh_update', 'update_staging_json' retrieved from /opt/airflow/dags/main.py
[2026-05-15T15:29:55.559+0000] {logging_mixin.py:188} INFO - [2026-05-15T15:29:55.559+0000] {dag.py:3096} INFO - Sync 3 DAGs
[2026-05-15T15:29:55.619+0000] {logging_mixin.py:188} INFO - [2026-05-15T15:29:55.619+0000] {dag.py:3954} INFO - Setting next_dagrun for produce_json to 2026-05-15 13:00:00+00:00, run_after=2026-05-16 13:00:00+00:00
[2026-05-15T15:29:55.632+0000] {logging_mixin.py:188} INFO - [2026-05-15T15:29:55.631+0000] {dag.py:3954} INFO - Setting next_dagrun for update_staging_json to 2026-05-15 13:00:00+00:00, run_after=2026-05-16 13:00:00+00:00
[2026-05-15T15:29:55.638+0000] {logging_mixin.py:188} INFO - [2026-05-15T15:29:55.638+0000] {dag.py:3954} INFO - Setting next_dagrun for youtube_dwh_update to 2026-05-15 13:30:00+00:00, run_after=2026-05-16 13:30:00+00:00
[2026-05-15T15:29:55.681+0000] {processor.py:183} INFO - Processing /opt/airflow/dags/main.py took 0.464 seconds
[2026-05-15T15:30:26.095+0000] {processor.py:161} INFO - Started process (PID=904) to work on /opt/airflow/dags/main.py
[2026-05-15T15:30:26.098+0000] {processor.py:830} INFO - Processing file /opt/airflow/dags/main.py for tasks to queue
[2026-05-15T15:30:26.102+0000] {logging_mixin.py:188} INFO - [2026-05-15T15:30:26.101+0000] {dagbag.py:545} INFO - Filling up the DagBag from /opt/airflow/dags/main.py
[2026-05-15T15:30:26.354+0000] {processor.py:840} INFO - DAG(s) 'produce_json', 'youtube_dwh_update', 'update_staging_json' retrieved from /opt/airflow/dags/main.py
[2026-05-15T15:30:26.410+0000] {logging_mixin.py:188} INFO - [2026-05-15T15:30:26.410+0000] {dag.py:3096} INFO - Sync 3 DAGs
[2026-05-15T15:30:26.459+0000] {logging_mixin.py:188} INFO - [2026-05-15T15:30:26.458+0000] {dag.py:3954} INFO - Setting next_dagrun for produce_json to 2026-05-15 13:00:00+00:00, run_after=2026-05-16 13:00:00+00:00
[2026-05-15T15:30:26.468+0000] {logging_mixin.py:188} INFO - [2026-05-15T15:30:26.468+0000] {dag.py:3954} INFO - Setting next_dagrun for update_staging_json to 2026-05-15 13:00:00+00:00, run_after=2026-05-16 13:00:00+00:00
[2026-05-15T15:30:26.475+0000] {logging_mixin.py:188} INFO - [2026-05-15T15:30:26.475+0000] {dag.py:3954} INFO - Setting next_dagrun for youtube_dwh_update to 2026-05-15 13:30:00+00:00, run_after=2026-05-16 13:30:00+00:00
[2026-05-15T15:30:26.514+0000] {processor.py:183} INFO - Processing /opt/airflow/dags/main.py took 0.433 seconds
[2026-05-15T15:30:56.812+0000] {processor.py:161} INFO - Started process (PID=912) to work on /opt/airflow/dags/main.py
[2026-05-15T15:30:56.814+0000] {processor.py:830} INFO - Processing file /opt/airflow/dags/main.py for tasks to queue
[2026-05-15T15:30:56.819+0000] {logging_mixin.py:188} INFO - [2026-05-15T15:30:56.819+0000] {dagbag.py:545} INFO - Filling up the DagBag from /opt/airflow/dags/main.py
[2026-05-15T15:30:57.077+0000] {processor.py:840} INFO - DAG(s) 'youtube_dwh_update', 'update_staging_json', 'produce_json' retrieved from /opt/airflow/dags/main.py
[2026-05-15T15:30:57.134+0000] {logging_mixin.py:188} INFO - [2026-05-15T15:30:57.133+0000] {dag.py:3096} INFO - Sync 3 DAGs
[2026-05-15T15:30:57.176+0000] {logging_mixin.py:188} INFO - [2026-05-15T15:30:57.175+0000] {dag.py:3954} INFO - Setting next_dagrun for produce_json to 2026-05-15 13:00:00+00:00, run_after=2026-05-16 13:00:00+00:00
[2026-05-15T15:30:57.186+0000] {logging_mixin.py:188} INFO - [2026-05-15T15:30:57.186+0000] {dag.py:3954} INFO - Setting next_dagrun for update_staging_json to 2026-05-15 13:00:00+00:00, run_after=2026-05-16 13:00:00+00:00
[2026-05-15T15:30:57.193+0000] {logging_mixin.py:188} INFO - [2026-05-15T15:30:57.192+0000] {dag.py:3954} INFO - Setting next_dagrun for youtube_dwh_update to 2026-05-15 13:30:00+00:00, run_after=2026-05-16 13:30:00+00:00
[2026-05-15T15:30:57.229+0000] {processor.py:183} INFO - Processing /opt/airflow/dags/main.py took 0.431 seconds
[2026-05-15T15:31:27.552+0000] {processor.py:161} INFO - Started process (PID=919) to work on /opt/airflow/dags/main.py
[2026-05-15T15:31:27.554+0000] {processor.py:830} INFO - Processing file /opt/airflow/dags/main.py for tasks to queue
[2026-05-15T15:31:27.559+0000] {logging_mixin.py:188} INFO - [2026-05-15T15:31:27.559+0000] {dagbag.py:545} INFO - Filling up the DagBag from /opt/airflow/dags/main.py
[2026-05-15T15:31:27.808+0000] {processor.py:840} INFO - DAG(s) 'youtube_dwh_update', 'produce_json', 'update_staging_json' retrieved from /opt/airflow/dags/main.py
[2026-05-15T15:31:27.865+0000] {logging_mixin.py:188} INFO - [2026-05-15T15:31:27.864+0000] {dag.py:3096} INFO - Sync 3 DAGs
[2026-05-15T15:31:27.909+0000] {logging_mixin.py:188} INFO - [2026-05-15T15:31:27.908+0000] {dag.py:3954} INFO - Setting next_dagrun for produce_json to 2026-05-15 13:00:00+00:00, run_after=2026-05-16 13:00:00+00:00
[2026-05-15T15:31:27.919+0000] {logging_mixin.py:188} INFO - [2026-05-15T15:31:27.918+0000] {dag.py:3954} INFO - Setting next_dagrun for update_staging_json to 2026-05-15 13:00:00+00:00, run_after=2026-05-16 13:00:00+00:00
[2026-05-15T15:31:27.925+0000] {logging_mixin.py:188} INFO - [2026-05-15T15:31:27.925+0000] {dag.py:3954} INFO - Setting next_dagrun for youtube_dwh_update to 2026-05-15 13:30:00+00:00, run_after=2026-05-16 13:30:00+00:00
[2026-05-15T15:31:27.967+0000] {processor.py:183} INFO - Processing /opt/airflow/dags/main.py took 0.434 seconds
[2026-05-15T15:31:58.287+0000] {processor.py:161} INFO - Started process (PID=926) to work on /opt/airflow/dags/main.py
[2026-05-15T15:31:58.290+0000] {processor.py:830} INFO - Processing file /opt/airflow/dags/main.py for tasks to queue
[2026-05-15T15:31:58.294+0000] {logging_mixin.py:188} INFO - [2026-05-15T15:31:58.293+0000] {dagbag.py:545} INFO - Filling up the DagBag from /opt/airflow/dags/main.py
[2026-05-15T15:31:58.984+0000] {processor.py:840} INFO - DAG(s) 'produce_json', 'update_staging_json', 'youtube_dwh_update' retrieved from /opt/airflow/dags/main.py
[2026-05-15T15:31:59.150+0000] {logging_mixin.py:188} INFO - [2026-05-15T15:31:59.149+0000] {dag.py:3096} INFO - Sync 3 DAGs
[2026-05-15T15:31:59.279+0000] {logging_mixin.py:188} INFO - [2026-05-15T15:31:59.279+0000] {dag.py:3954} INFO - Setting next_dagrun for produce_json to 2026-05-15 13:00:00+00:00, run_after=2026-05-16 13:00:00+00:00
[2026-05-15T15:31:59.294+0000] {logging_mixin.py:188} INFO - [2026-05-15T15:31:59.294+0000] {dag.py:3954} INFO - Setting next_dagrun for update_staging_json to 2026-05-15 13:00:00+00:00, run_after=2026-05-16 13:00:00+00:00
[2026-05-15T15:31:59.302+0000] {logging_mixin.py:188} INFO - [2026-05-15T15:31:59.302+0000] {dag.py:3954} INFO - Setting next_dagrun for youtube_dwh_update to 2026-05-15 13:30:00+00:00, run_after=2026-05-16 13:30:00+00:00
[2026-05-15T15:31:59.342+0000] {processor.py:183} INFO - Processing /opt/airflow/dags/main.py took 1.070 seconds
[2026-05-15T15:32:29.597+0000] {processor.py:161} INFO - Started process (PID=933) to work on /opt/airflow/dags/main.py
[2026-05-15T15:32:29.599+0000] {processor.py:830} INFO - Processing file /opt/airflow/dags/main.py for tasks to queue
[2026-05-15T15:32:29.603+0000] {logging_mixin.py:188} INFO - [2026-05-15T15:32:29.603+0000] {dagbag.py:545} INFO - Filling up the DagBag from /opt/airflow/dags/main.py
[2026-05-15T15:32:29.816+0000] {processor.py:840} INFO - DAG(s) 'produce_json', 'update_staging_json', 'youtube_dwh_update' retrieved from /opt/airflow/dags/main.py
[2026-05-15T15:32:29.874+0000] {logging_mixin.py:188} INFO - [2026-05-15T15:32:29.874+0000] {dag.py:3096} INFO - Sync 3 DAGs
[2026-05-15T15:32:29.917+0000] {logging_mixin.py:188} INFO - [2026-05-15T15:32:29.916+0000] {dag.py:3954} INFO - Setting next_dagrun for produce_json to 2026-05-15 13:00:00+00:00, run_after=2026-05-16 13:00:00+00:00
[2026-05-15T15:32:29.926+0000] {logging_mixin.py:188} INFO - [2026-05-15T15:32:29.926+0000] {dag.py:3954} INFO - Setting next_dagrun for update_staging_json to 2026-05-15 13:00:00+00:00, run_after=2026-05-16 13:00:00+00:00
[2026-05-15T15:32:29.933+0000] {logging_mixin.py:188} INFO - [2026-05-15T15:32:29.933+0000] {dag.py:3954} INFO - Setting next_dagrun for youtube_dwh_update to 2026-05-15 13:30:00+00:00, run_after=2026-05-16 13:30:00+00:00
[2026-05-15T15:32:29.971+0000] {processor.py:183} INFO - Processing /opt/airflow/dags/main.py took 0.390 seconds
[2026-05-15T15:33:00.343+0000] {processor.py:161} INFO - Started process (PID=940) to work on /opt/airflow/dags/main.py
[2026-05-15T15:33:00.345+0000] {processor.py:830} INFO - Processing file /opt/airflow/dags/main.py for tasks to queue
[2026-05-15T15:33:00.350+0000] {logging_mixin.py:188} INFO - [2026-05-15T15:33:00.349+0000] {dagbag.py:545} INFO - Filling up the DagBag from /opt/airflow/dags/main.py
[2026-05-15T15:33:00.619+0000] {processor.py:840} INFO - DAG(s) 'produce_json', 'youtube_dwh_update', 'update_staging_json' retrieved from /opt/airflow/dags/main.py
[2026-05-15T15:33:00.676+0000] {logging_mixin.py:188} INFO - [2026-05-15T15:33:00.676+0000] {dag.py:3096} INFO - Sync 3 DAGs
[2026-05-15T15:33:00.723+0000] {logging_mixin.py:188} INFO - [2026-05-15T15:33:00.722+0000] {dag.py:3954} INFO - Setting next_dagrun for produce_json to 2026-05-15 13:00:00+00:00, run_after=2026-05-16 13:00:00+00:00
[2026-05-15T15:33:00.734+0000] {logging_mixin.py:188} INFO - [2026-05-15T15:33:00.733+0000] {dag.py:3954} INFO - Setting next_dagrun for update_staging_json to 2026-05-15 13:00:00+00:00, run_after=2026-05-16 13:00:00+00:00
[2026-05-15T15:33:00.740+0000] {logging_mixin.py:188} INFO - [2026-05-15T15:33:00.740+0000] {dag.py:3954} INFO - Setting next_dagrun for youtube_dwh_update to 2026-05-15 13:30:00+00:00, run_after=2026-05-16 13:30:00+00:00
[2026-05-15T15:33:00.773+0000] {processor.py:183} INFO - Processing /opt/airflow/dags/main.py took 0.443 seconds
[2026-05-15T15:33:31.153+0000] {processor.py:161} INFO - Started process (PID=948) to work on /opt/airflow/dags/main.py
[2026-05-15T15:33:31.156+0000] {processor.py:830} INFO - Processing file /opt/airflow/dags/main.py for tasks to queue
[2026-05-15T15:33:31.163+0000] {logging_mixin.py:188} INFO - [2026-05-15T15:33:31.162+0000] {dagbag.py:545} INFO - Filling up the DagBag from /opt/airflow/dags/main.py
[2026-05-15T15:33:31.460+0000] {processor.py:840} INFO - DAG(s) 'produce_json', 'youtube_dwh_update', 'update_staging_json' retrieved from /opt/airflow/dags/main.py
[2026-05-15T15:33:31.514+0000] {logging_mixin.py:188} INFO - [2026-05-15T15:33:31.514+0000] {dag.py:3096} INFO - Sync 3 DAGs
[2026-05-15T15:33:31.556+0000] {logging_mixin.py:188} INFO - [2026-05-15T15:33:31.555+0000] {dag.py:3954} INFO - Setting next_dagrun for produce_json to 2026-05-15 13:00:00+00:00, run_after=2026-05-16 13:00:00+00:00
[2026-05-15T15:33:31.566+0000] {logging_mixin.py:188} INFO - [2026-05-15T15:33:31.565+0000] {dag.py:3954} INFO - Setting next_dagrun for update_staging_json to 2026-05-15 13:00:00+00:00, run_after=2026-05-16 13:00:00+00:00
[2026-05-15T15:33:31.577+0000] {logging_mixin.py:188} INFO - [2026-05-15T15:33:31.577+0000] {dag.py:3954} INFO - Setting next_dagrun for youtube_dwh_update to 2026-05-15 13:30:00+00:00, run_after=2026-05-16 13:30:00+00:00
[2026-05-15T15:33:31.631+0000] {processor.py:183} INFO - Processing /opt/airflow/dags/main.py took 0.495 seconds
[2026-05-15T15:34:01.914+0000] {processor.py:161} INFO - Started process (PID=955) to work on /opt/airflow/dags/main.py
[2026-05-15T15:34:01.917+0000] {processor.py:830} INFO - Processing file /opt/airflow/dags/main.py for tasks to queue
[2026-05-15T15:34:01.921+0000] {logging_mixin.py:188} INFO - [2026-05-15T15:34:01.921+0000] {dagbag.py:545} INFO - Filling up the DagBag from /opt/airflow/dags/main.py
[2026-05-15T15:34:02.173+0000] {processor.py:840} INFO - DAG(s) 'produce_json', 'youtube_dwh_update', 'update_staging_json' retrieved from /opt/airflow/dags/main.py
[2026-05-15T15:34:02.228+0000] {logging_mixin.py:188} INFO - [2026-05-15T15:34:02.228+0000] {dag.py:3096} INFO - Sync 3 DAGs
[2026-05-15T15:34:02.272+0000] {logging_mixin.py:188} INFO - [2026-05-15T15:34:02.271+0000] {dag.py:3954} INFO - Setting next_dagrun for produce_json to 2026-05-15 13:00:00+00:00, run_after=2026-05-16 13:00:00+00:00
[2026-05-15T15:34:02.283+0000] {logging_mixin.py:188} INFO - [2026-05-15T15:34:02.282+0000] {dag.py:3954} INFO - Setting next_dagrun for update_staging_json to 2026-05-15 13:00:00+00:00, run_after=2026-05-16 13:00:00+00:00
[2026-05-15T15:34:02.290+0000] {logging_mixin.py:188} INFO - [2026-05-15T15:34:02.290+0000] {dag.py:3954} INFO - Setting next_dagrun for youtube_dwh_update to 2026-05-15 13:30:00+00:00, run_after=2026-05-16 13:30:00+00:00
[2026-05-15T15:34:02.329+0000] {processor.py:183} INFO - Processing /opt/airflow/dags/main.py took 0.428 seconds
[2026-05-15T15:34:32.689+0000] {processor.py:161} INFO - Started process (PID=962) to work on /opt/airflow/dags/main.py
[2026-05-15T15:34:32.692+0000] {processor.py:830} INFO - Processing file /opt/airflow/dags/main.py for tasks to queue
[2026-05-15T15:34:32.696+0000] {logging_mixin.py:188} INFO - [2026-05-15T15:34:32.696+0000] {dagbag.py:545} INFO - Filling up the DagBag from /opt/airflow/dags/main.py
[2026-05-15T15:34:32.938+0000] {processor.py:840} INFO - DAG(s) 'update_staging_json', 'produce_json', 'youtube_dwh_update' retrieved from /opt/airflow/dags/main.py
[2026-05-15T15:34:32.993+0000] {logging_mixin.py:188} INFO - [2026-05-15T15:34:32.993+0000] {dag.py:3096} INFO - Sync 3 DAGs
[2026-05-15T15:34:33.038+0000] {logging_mixin.py:188} INFO - [2026-05-15T15:34:33.037+0000] {dag.py:3954} INFO - Setting next_dagrun for produce_json to 2026-05-15 13:00:00+00:00, run_after=2026-05-16 13:00:00+00:00
[2026-05-15T15:34:33.048+0000] {logging_mixin.py:188} INFO - [2026-05-15T15:34:33.048+0000] {dag.py:3954} INFO - Setting next_dagrun for update_staging_json to 2026-05-15 13:00:00+00:00, run_after=2026-05-16 13:00:00+00:00
[2026-05-15T15:34:33.055+0000] {logging_mixin.py:188} INFO - [2026-05-15T15:34:33.055+0000] {dag.py:3954} INFO - Setting next_dagrun for youtube_dwh_update to 2026-05-15 13:30:00+00:00, run_after=2026-05-16 13:30:00+00:00
[2026-05-15T15:34:33.092+0000] {processor.py:183} INFO - Processing /opt/airflow/dags/main.py took 0.416 seconds
[2026-05-15T15:35:03.463+0000] {processor.py:161} INFO - Started process (PID=969) to work on /opt/airflow/dags/main.py
[2026-05-15T15:35:03.466+0000] {processor.py:830} INFO - Processing file /opt/airflow/dags/main.py for tasks to queue
[2026-05-15T15:35:03.470+0000] {logging_mixin.py:188} INFO - [2026-05-15T15:35:03.469+0000] {dagbag.py:545} INFO - Filling up the DagBag from /opt/airflow/dags/main.py
[2026-05-15T15:35:03.742+0000] {processor.py:840} INFO - DAG(s) 'update_staging_json', 'youtube_dwh_update', 'produce_json' retrieved from /opt/airflow/dags/main.py
[2026-05-15T15:35:03.799+0000] {logging_mixin.py:188} INFO - [2026-05-15T15:35:03.799+0000] {dag.py:3096} INFO - Sync 3 DAGs
[2026-05-15T15:35:03.844+0000] {logging_mixin.py:188} INFO - [2026-05-15T15:35:03.844+0000] {dag.py:3954} INFO - Setting next_dagrun for produce_json to 2026-05-15 13:00:00+00:00, run_after=2026-05-16 13:00:00+00:00
[2026-05-15T15:35:03.856+0000] {logging_mixin.py:188} INFO - [2026-05-15T15:35:03.855+0000] {dag.py:3954} INFO - Setting next_dagrun for update_staging_json to 2026-05-15 13:00:00+00:00, run_after=2026-05-16 13:00:00+00:00
[2026-05-15T15:35:03.862+0000] {logging_mixin.py:188} INFO - [2026-05-15T15:35:03.862+0000] {dag.py:3954} INFO - Setting next_dagrun for youtube_dwh_update to 2026-05-15 13:30:00+00:00, run_after=2026-05-16 13:30:00+00:00
[2026-05-15T15:35:03.899+0000] {processor.py:183} INFO - Processing /opt/airflow/dags/main.py took 0.449 seconds
[2026-05-15T15:35:35.748+0000] {processor.py:161} INFO - Started process (PID=976) to work on /opt/airflow/dags/main.py
[2026-05-15T15:35:35.752+0000] {processor.py:830} INFO - Processing file /opt/airflow/dags/main.py for tasks to queue
[2026-05-15T15:35:35.768+0000] {logging_mixin.py:188} INFO - [2026-05-15T15:35:35.767+0000] {dagbag.py:545} INFO - Filling up the DagBag from /opt/airflow/dags/main.py
[2026-05-15T15:35:36.925+0000] {processor.py:840} INFO - DAG(s) 'produce_json', 'youtube_dwh_update', 'update_staging_json' retrieved from /opt/airflow/dags/main.py
[2026-05-15T15:35:37.152+0000] {logging_mixin.py:188} INFO - [2026-05-15T15:35:37.151+0000] {dag.py:3096} INFO - Sync 3 DAGs
[2026-05-15T15:35:37.310+0000] {logging_mixin.py:188} INFO - [2026-05-15T15:35:37.309+0000] {dag.py:3954} INFO - Setting next_dagrun for produce_json to 2026-05-15 13:00:00+00:00, run_after=2026-05-16 13:00:00+00:00
[2026-05-15T15:35:37.362+0000] {logging_mixin.py:188} INFO - [2026-05-15T15:35:37.361+0000] {dag.py:3954} INFO - Setting next_dagrun for update_staging_json to 2026-05-15 13:00:00+00:00, run_after=2026-05-16 13:00:00+00:00
[2026-05-15T15:35:37.386+0000] {logging_mixin.py:188} INFO - [2026-05-15T15:35:37.385+0000] {dag.py:3954} INFO - Setting next_dagrun for youtube_dwh_update to 2026-05-15 13:30:00+00:00, run_after=2026-05-16 13:30:00+00:00
[2026-05-15T15:35:37.473+0000] {processor.py:183} INFO - Processing /opt/airflow/dags/main.py took 1.776 seconds
[2026-05-15T15:36:07.837+0000] {processor.py:161} INFO - Started process (PID=983) to work on /opt/airflow/dags/main.py
[2026-05-15T15:36:07.840+0000] {processor.py:830} INFO - Processing file /opt/airflow/dags/main.py for tasks to queue
[2026-05-15T15:36:07.845+0000] {logging_mixin.py:188} INFO - [2026-05-15T15:36:07.844+0000] {dagbag.py:545} INFO - Filling up the DagBag from /opt/airflow/dags/main.py
[2026-05-15T15:36:08.087+0000] {processor.py:840} INFO - DAG(s) 'youtube_dwh_update', 'update_staging_json', 'produce_json' retrieved from /opt/airflow/dags/main.py
[2026-05-15T15:36:08.153+0000] {logging_mixin.py:188} INFO - [2026-05-15T15:36:08.152+0000] {dag.py:3096} INFO - Sync 3 DAGs
[2026-05-15T15:36:08.208+0000] {logging_mixin.py:188} INFO - [2026-05-15T15:36:08.208+0000] {dag.py:3954} INFO - Setting next_dagrun for produce_json to 2026-05-15 13:00:00+00:00, run_after=2026-05-16 13:00:00+00:00
[2026-05-15T15:36:08.222+0000] {logging_mixin.py:188} INFO - [2026-05-15T15:36:08.222+0000] {dag.py:3954} INFO - Setting next_dagrun for update_staging_json to 2026-05-15 13:00:00+00:00, run_after=2026-05-16 13:00:00+00:00
[2026-05-15T15:36:08.229+0000] {logging_mixin.py:188} INFO - [2026-05-15T15:36:08.229+0000] {dag.py:3954} INFO - Setting next_dagrun for youtube_dwh_update to 2026-05-15 13:30:00+00:00, run_after=2026-05-16 13:30:00+00:00
[2026-05-15T15:36:08.266+0000] {processor.py:183} INFO - Processing /opt/airflow/dags/main.py took 0.444 seconds
[2026-05-15T15:36:38.452+0000] {processor.py:161} INFO - Started process (PID=990) to work on /opt/airflow/dags/main.py
[2026-05-15T15:36:38.454+0000] {processor.py:830} INFO - Processing file /opt/airflow/dags/main.py for tasks to queue
[2026-05-15T15:36:38.460+0000] {logging_mixin.py:188} INFO - [2026-05-15T15:36:38.460+0000] {dagbag.py:545} INFO - Filling up the DagBag from /opt/airflow/dags/main.py
[2026-05-15T15:36:38.883+0000] {processor.py:840} INFO - DAG(s) 'produce_json', 'update_staging_json', 'youtube_dwh_update' retrieved from /opt/airflow/dags/main.py
[2026-05-15T15:36:39.014+0000] {logging_mixin.py:188} INFO - [2026-05-15T15:36:39.013+0000] {dag.py:3096} INFO - Sync 3 DAGs
[2026-05-15T15:36:39.166+0000] {logging_mixin.py:188} INFO - [2026-05-15T15:36:39.166+0000] {dag.py:3954} INFO - Setting next_dagrun for produce_json to 2026-05-15 13:00:00+00:00, run_after=2026-05-16 13:00:00+00:00
[2026-05-15T15:36:39.210+0000] {logging_mixin.py:188} INFO - [2026-05-15T15:36:39.209+0000] {dag.py:3954} INFO - Setting next_dagrun for update_staging_json to 2026-05-15 13:00:00+00:00, run_after=2026-05-16 13:00:00+00:00
[2026-05-15T15:36:39.227+0000] {logging_mixin.py:188} INFO - [2026-05-15T15:36:39.226+0000] {dag.py:3954} INFO - Setting next_dagrun for youtube_dwh_update to 2026-05-15 13:30:00+00:00, run_after=2026-05-16 13:30:00+00:00
[2026-05-15T15:36:39.290+0000] {processor.py:183} INFO - Processing /opt/airflow/dags/main.py took 0.854 seconds
[2026-05-15T15:37:09.623+0000] {processor.py:161} INFO - Started process (PID=997) to work on /opt/airflow/dags/main.py
[2026-05-15T15:37:09.625+0000] {processor.py:830} INFO - Processing file /opt/airflow/dags/main.py for tasks to queue
[2026-05-15T15:37:09.630+0000] {logging_mixin.py:188} INFO - [2026-05-15T15:37:09.629+0000] {dagbag.py:545} INFO - Filling up the DagBag from /opt/airflow/dags/main.py
[2026-05-15T15:37:09.865+0000] {processor.py:840} INFO - DAG(s) 'youtube_dwh_update', 'update_staging_json', 'produce_json' retrieved from /opt/airflow/dags/main.py
[2026-05-15T15:37:09.940+0000] {logging_mixin.py:188} INFO - [2026-05-15T15:37:09.939+0000] {dag.py:3096} INFO - Sync 3 DAGs
[2026-05-15T15:37:10.007+0000] {logging_mixin.py:188} INFO - [2026-05-15T15:37:10.006+0000] {dag.py:3954} INFO - Setting next_dagrun for produce_json to 2026-05-15 13:00:00+00:00, run_after=2026-05-16 13:00:00+00:00
[2026-05-15T15:37:10.021+0000] {logging_mixin.py:188} INFO - [2026-05-15T15:37:10.020+0000] {dag.py:3954} INFO - Setting next_dagrun for update_staging_json to 2026-05-15 13:00:00+00:00, run_after=2026-05-16 13:00:00+00:00
[2026-05-15T15:37:10.027+0000] {logging_mixin.py:188} INFO - [2026-05-15T15:37:10.027+0000] {dag.py:3954} INFO - Setting next_dagrun for youtube_dwh_update to 2026-05-15 13:30:00+00:00, run_after=2026-05-16 13:30:00+00:00
[2026-05-15T15:37:10.073+0000] {processor.py:183} INFO - Processing /opt/airflow/dags/main.py took 0.466 seconds
[2026-05-15T15:37:40.218+0000] {processor.py:161} INFO - Started process (PID=1004) to work on /opt/airflow/dags/main.py
[2026-05-15T15:37:40.221+0000] {processor.py:830} INFO - Processing file /opt/airflow/dags/main.py for tasks to queue
[2026-05-15T15:37:40.227+0000] {logging_mixin.py:188} INFO - [2026-05-15T15:37:40.226+0000] {dagbag.py:545} INFO - Filling up the DagBag from /opt/airflow/dags/main.py
[2026-05-15T15:37:40.489+0000] {processor.py:840} INFO - DAG(s) 'produce_json', 'youtube_dwh_update', 'update_staging_json' retrieved from /opt/airflow/dags/main.py
[2026-05-15T15:37:40.546+0000] {logging_mixin.py:188} INFO - [2026-05-15T15:37:40.546+0000] {dag.py:3096} INFO - Sync 3 DAGs
[2026-05-15T15:37:40.591+0000] {logging_mixin.py:188} INFO - [2026-05-15T15:37:40.590+0000] {dag.py:3954} INFO - Setting next_dagrun for produce_json to 2026-05-15 13:00:00+00:00, run_after=2026-05-16 13:00:00+00:00
[2026-05-15T15:37:40.601+0000] {logging_mixin.py:188} INFO - [2026-05-15T15:37:40.601+0000] {dag.py:3954} INFO - Setting next_dagrun for update_staging_json to 2026-05-15 13:00:00+00:00, run_after=2026-05-16 13:00:00+00:00
[2026-05-15T15:37:40.608+0000] {logging_mixin.py:188} INFO - [2026-05-15T15:37:40.607+0000] {dag.py:3954} INFO - Setting next_dagrun for youtube_dwh_update to 2026-05-15 13:30:00+00:00, run_after=2026-05-16 13:30:00+00:00
[2026-05-15T15:37:40.643+0000] {processor.py:183} INFO - Processing /opt/airflow/dags/main.py took 0.438 seconds
[2026-05-15T15:38:10.909+0000] {processor.py:161} INFO - Started process (PID=1011) to work on /opt/airflow/dags/main.py
[2026-05-15T15:38:10.911+0000] {processor.py:830} INFO - Processing file /opt/airflow/dags/main.py for tasks to queue
[2026-05-15T15:38:10.915+0000] {logging_mixin.py:188} INFO - [2026-05-15T15:38:10.915+0000] {dagbag.py:545} INFO - Filling up the DagBag from /opt/airflow/dags/main.py
[2026-05-15T15:38:11.183+0000] {processor.py:840} INFO - DAG(s) 'produce_json', 'youtube_dwh_update', 'update_staging_json' retrieved from /opt/airflow/dags/main.py
[2026-05-15T15:38:11.314+0000] {logging_mixin.py:188} INFO - [2026-05-15T15:38:11.314+0000] {dag.py:3096} INFO - Sync 3 DAGs
[2026-05-15T15:38:11.366+0000] {logging_mixin.py:188} INFO - [2026-05-15T15:38:11.365+0000] {dag.py:3954} INFO - Setting next_dagrun for produce_json to 2026-05-15 13:00:00+00:00, run_after=2026-05-16 13:00:00+00:00
[2026-05-15T15:38:11.383+0000] {logging_mixin.py:188} INFO - [2026-05-15T15:38:11.382+0000] {dag.py:3954} INFO - Setting next_dagrun for update_staging_json to 2026-05-15 13:00:00+00:00, run_after=2026-05-16 13:00:00+00:00
[2026-05-15T15:38:11.395+0000] {logging_mixin.py:188} INFO - [2026-05-15T15:38:11.394+0000] {dag.py:3954} INFO - Setting next_dagrun for youtube_dwh_update to 2026-05-15 13:30:00+00:00, run_after=2026-05-16 13:30:00+00:00
[2026-05-15T15:38:11.438+0000] {processor.py:183} INFO - Processing /opt/airflow/dags/main.py took 0.542 seconds
[2026-05-15T15:38:41.762+0000] {processor.py:161} INFO - Started process (PID=1018) to work on /opt/airflow/dags/main.py
[2026-05-15T15:38:41.765+0000] {processor.py:830} INFO - Processing file /opt/airflow/dags/main.py for tasks to queue
[2026-05-15T15:38:41.769+0000] {logging_mixin.py:188} INFO - [2026-05-15T15:38:41.768+0000] {dagbag.py:545} INFO - Filling up the DagBag from /opt/airflow/dags/main.py
[2026-05-15T15:38:42.002+0000] {processor.py:840} INFO - DAG(s) 'youtube_dwh_update', 'produce_json', 'update_staging_json' retrieved from /opt/airflow/dags/main.py
[2026-05-15T15:38:42.061+0000] {logging_mixin.py:188} INFO - [2026-05-15T15:38:42.060+0000] {dag.py:3096} INFO - Sync 3 DAGs
[2026-05-15T15:38:42.102+0000] {logging_mixin.py:188} INFO - [2026-05-15T15:38:42.102+0000] {dag.py:3954} INFO - Setting next_dagrun for produce_json to 2026-05-15 13:00:00+00:00, run_after=2026-05-16 13:00:00+00:00
[2026-05-15T15:38:42.113+0000] {logging_mixin.py:188} INFO - [2026-05-15T15:38:42.112+0000] {dag.py:3954} INFO - Setting next_dagrun for update_staging_json to 2026-05-15 13:00:00+00:00, run_after=2026-05-16 13:00:00+00:00
[2026-05-15T15:38:42.120+0000] {logging_mixin.py:188} INFO - [2026-05-15T15:38:42.119+0000] {dag.py:3954} INFO - Setting next_dagrun for youtube_dwh_update to 2026-05-15 13:30:00+00:00, run_after=2026-05-16 13:30:00+00:00
[2026-05-15T15:38:42.157+0000] {processor.py:183} INFO - Processing /opt/airflow/dags/main.py took 0.408 seconds
[2026-05-15T15:39:12.492+0000] {processor.py:161} INFO - Started process (PID=1025) to work on /opt/airflow/dags/main.py
[2026-05-15T15:39:12.495+0000] {processor.py:830} INFO - Processing file /opt/airflow/dags/main.py for tasks to queue
[2026-05-15T15:39:12.500+0000] {logging_mixin.py:188} INFO - [2026-05-15T15:39:12.499+0000] {dagbag.py:545} INFO - Filling up the DagBag from /opt/airflow/dags/main.py
[2026-05-15T15:39:12.739+0000] {processor.py:840} INFO - DAG(s) 'youtube_dwh_update', 'update_staging_json', 'produce_json' retrieved from /opt/airflow/dags/main.py
[2026-05-15T15:39:12.795+0000] {logging_mixin.py:188} INFO - [2026-05-15T15:39:12.795+0000] {dag.py:3096} INFO - Sync 3 DAGs
[2026-05-15T15:39:12.840+0000] {logging_mixin.py:188} INFO - [2026-05-15T15:39:12.839+0000] {dag.py:3954} INFO - Setting next_dagrun for produce_json to 2026-05-15 13:00:00+00:00, run_after=2026-05-16 13:00:00+00:00
[2026-05-15T15:39:12.850+0000] {logging_mixin.py:188} INFO - [2026-05-15T15:39:12.850+0000] {dag.py:3954} INFO - Setting next_dagrun for update_staging_json to 2026-05-15 13:00:00+00:00, run_after=2026-05-16 13:00:00+00:00
[2026-05-15T15:39:12.857+0000] {logging_mixin.py:188} INFO - [2026-05-15T15:39:12.857+0000] {dag.py:3954} INFO - Setting next_dagrun for youtube_dwh_update to 2026-05-15 13:30:00+00:00, run_after=2026-05-16 13:30:00+00:00
[2026-05-15T15:39:12.893+0000] {processor.py:183} INFO - Processing /opt/airflow/dags/main.py took 0.412 seconds
[2026-05-15T15:39:43.236+0000] {processor.py:161} INFO - Started process (PID=1031) to work on /opt/airflow/dags/main.py
[2026-05-15T15:39:43.238+0000] {processor.py:830} INFO - Processing file /opt/airflow/dags/main.py for tasks to queue
[2026-05-15T15:39:43.243+0000] {logging_mixin.py:188} INFO - [2026-05-15T15:39:43.242+0000] {dagbag.py:545} INFO - Filling up the DagBag from /opt/airflow/dags/main.py
[2026-05-15T15:39:43.509+0000] {processor.py:840} INFO - DAG(s) 'youtube_dwh_update', 'produce_json', 'update_staging_json' retrieved from /opt/airflow/dags/main.py
[2026-05-15T15:39:43.567+0000] {logging_mixin.py:188} INFO - [2026-05-15T15:39:43.567+0000] {dag.py:3096} INFO - Sync 3 DAGs
[2026-05-15T15:39:43.609+0000] {logging_mixin.py:188} INFO - [2026-05-15T15:39:43.609+0000] {dag.py:3954} INFO - Setting next_dagrun for produce_json to 2026-05-15 13:00:00+00:00, run_after=2026-05-16 13:00:00+00:00
[2026-05-15T15:39:43.619+0000] {logging_mixin.py:188} INFO - [2026-05-15T15:39:43.619+0000] {dag.py:3954} INFO - Setting next_dagrun for update_staging_json to 2026-05-15 13:00:00+00:00, run_after=2026-05-16 13:00:00+00:00
[2026-05-15T15:39:43.625+0000] {logging_mixin.py:188} INFO - [2026-05-15T15:39:43.625+0000] {dag.py:3954} INFO - Setting next_dagrun for youtube_dwh_update to 2026-05-15 13:30:00+00:00, run_after=2026-05-16 13:30:00+00:00
[2026-05-15T15:39:43.664+0000] {processor.py:183} INFO - Processing /opt/airflow/dags/main.py took 0.442 seconds
[2026-05-15T15:40:13.992+0000] {processor.py:161} INFO - Started process (PID=1038) to work on /opt/airflow/dags/main.py
[2026-05-15T15:40:13.994+0000] {processor.py:830} INFO - Processing file /opt/airflow/dags/main.py for tasks to queue
[2026-05-15T15:40:13.999+0000] {logging_mixin.py:188} INFO - [2026-05-15T15:40:13.998+0000] {dagbag.py:545} INFO - Filling up the DagBag from /opt/airflow/dags/main.py
[2026-05-15T15:40:14.240+0000] {processor.py:840} INFO - DAG(s) 'update_staging_json', 'youtube_dwh_update', 'produce_json' retrieved from /opt/airflow/dags/main.py
[2026-05-15T15:40:14.310+0000] {logging_mixin.py:188} INFO - [2026-05-15T15:40:14.309+0000] {dag.py:3096} INFO - Sync 3 DAGs
[2026-05-15T15:40:14.378+0000] {logging_mixin.py:188} INFO - [2026-05-15T15:40:14.377+0000] {dag.py:3954} INFO - Setting next_dagrun for produce_json to 2026-05-15 13:00:00+00:00, run_after=2026-05-16 13:00:00+00:00
[2026-05-15T15:40:14.395+0000] {logging_mixin.py:188} INFO - [2026-05-15T15:40:14.395+0000] {dag.py:3954} INFO - Setting next_dagrun for update_staging_json to 2026-05-15 13:00:00+00:00, run_after=2026-05-16 13:00:00+00:00
[2026-05-15T15:40:14.403+0000] {logging_mixin.py:188} INFO - [2026-05-15T15:40:14.403+0000] {dag.py:3954} INFO - Setting next_dagrun for youtube_dwh_update to 2026-05-15 13:30:00+00:00, run_after=2026-05-16 13:30:00+00:00
[2026-05-15T15:40:14.451+0000] {processor.py:183} INFO - Processing /opt/airflow/dags/main.py took 0.472 seconds
[2026-05-15T15:40:44.781+0000] {processor.py:161} INFO - Started process (PID=1045) to work on /opt/airflow/dags/main.py
[2026-05-15T15:40:44.783+0000] {processor.py:830} INFO - Processing file /opt/airflow/dags/main.py for tasks to queue
[2026-05-15T15:40:44.787+0000] {logging_mixin.py:188} INFO - [2026-05-15T15:40:44.787+0000] {dagbag.py:545} INFO - Filling up the DagBag from /opt/airflow/dags/main.py
[2026-05-15T15:40:45.028+0000] {processor.py:840} INFO - DAG(s) 'youtube_dwh_update', 'produce_json', 'update_staging_json' retrieved from /opt/airflow/dags/main.py
[2026-05-15T15:40:45.091+0000] {logging_mixin.py:188} INFO - [2026-05-15T15:40:45.091+0000] {dag.py:3096} INFO - Sync 3 DAGs
[2026-05-15T15:40:45.134+0000] {logging_mixin.py:188} INFO - [2026-05-15T15:40:45.134+0000] {dag.py:3954} INFO - Setting next_dagrun for produce_json to 2026-05-15 13:00:00+00:00, run_after=2026-05-16 13:00:00+00:00
[2026-05-15T15:40:45.144+0000] {logging_mixin.py:188} INFO - [2026-05-15T15:40:45.144+0000] {dag.py:3954} INFO - Setting next_dagrun for update_staging_json to 2026-05-15 13:00:00+00:00, run_after=2026-05-16 13:00:00+00:00
[2026-05-15T15:40:45.151+0000] {logging_mixin.py:188} INFO - [2026-05-15T15:40:45.150+0000] {dag.py:3954} INFO - Setting next_dagrun for youtube_dwh_update to 2026-05-15 13:30:00+00:00, run_after=2026-05-16 13:30:00+00:00
[2026-05-15T15:40:45.192+0000] {processor.py:183} INFO - Processing /opt/airflow/dags/main.py took 0.424 seconds
[2026-05-15T15:41:15.551+0000] {processor.py:161} INFO - Started process (PID=1052) to work on /opt/airflow/dags/main.py
[2026-05-15T15:41:15.554+0000] {processor.py:830} INFO - Processing file /opt/airflow/dags/main.py for tasks to queue
[2026-05-15T15:41:15.558+0000] {logging_mixin.py:188} INFO - [2026-05-15T15:41:15.557+0000] {dagbag.py:545} INFO - Filling up the DagBag from /opt/airflow/dags/main.py
[2026-05-15T15:41:15.836+0000] {processor.py:840} INFO - DAG(s) 'youtube_dwh_update', 'update_staging_json', 'produce_json' retrieved from /opt/airflow/dags/main.py
[2026-05-15T15:41:15.894+0000] {logging_mixin.py:188} INFO - [2026-05-15T15:41:15.894+0000] {dag.py:3096} INFO - Sync 3 DAGs
[2026-05-15T15:41:15.937+0000] {logging_mixin.py:188} INFO - [2026-05-15T15:41:15.937+0000] {dag.py:3954} INFO - Setting next_dagrun for produce_json to 2026-05-15 13:00:00+00:00, run_after=2026-05-16 13:00:00+00:00
[2026-05-15T15:41:15.947+0000] {logging_mixin.py:188} INFO - [2026-05-15T15:41:15.946+0000] {dag.py:3954} INFO - Setting next_dagrun for update_staging_json to 2026-05-15 13:00:00+00:00, run_after=2026-05-16 13:00:00+00:00
[2026-05-15T15:41:15.953+0000] {logging_mixin.py:188} INFO - [2026-05-15T15:41:15.953+0000] {dag.py:3954} INFO - Setting next_dagrun for youtube_dwh_update to 2026-05-15 13:30:00+00:00, run_after=2026-05-16 13:30:00+00:00
[2026-05-15T15:41:15.994+0000] {processor.py:183} INFO - Processing /opt/airflow/dags/main.py took 0.456 seconds
[2026-05-15T15:41:46.369+0000] {processor.py:161} INFO - Started process (PID=1059) to work on /opt/airflow/dags/main.py
[2026-05-15T15:41:46.372+0000] {processor.py:830} INFO - Processing file /opt/airflow/dags/main.py for tasks to queue
[2026-05-15T15:41:46.377+0000] {logging_mixin.py:188} INFO - [2026-05-15T15:41:46.376+0000] {dagbag.py:545} INFO - Filling up the DagBag from /opt/airflow/dags/main.py
[2026-05-15T15:41:46.663+0000] {processor.py:840} INFO - DAG(s) 'produce_json', 'update_staging_json', 'youtube_dwh_update' retrieved from /opt/airflow/dags/main.py
[2026-05-15T15:41:46.737+0000] {logging_mixin.py:188} INFO - [2026-05-15T15:41:46.736+0000] {dag.py:3096} INFO - Sync 3 DAGs
[2026-05-15T15:41:46.802+0000] {logging_mixin.py:188} INFO - [2026-05-15T15:41:46.801+0000] {dag.py:3954} INFO - Setting next_dagrun for produce_json to 2026-05-15 13:00:00+00:00, run_after=2026-05-16 13:00:00+00:00
[2026-05-15T15:41:46.816+0000] {logging_mixin.py:188} INFO - [2026-05-15T15:41:46.816+0000] {dag.py:3954} INFO - Setting next_dagrun for update_staging_json to 2026-05-15 13:00:00+00:00, run_after=2026-05-16 13:00:00+00:00
[2026-05-15T15:41:46.824+0000] {logging_mixin.py:188} INFO - [2026-05-15T15:41:46.824+0000] {dag.py:3954} INFO - Setting next_dagrun for youtube_dwh_update to 2026-05-15 13:30:00+00:00, run_after=2026-05-16 13:30:00+00:00
[2026-05-15T15:41:46.877+0000] {processor.py:183} INFO - Processing /opt/airflow/dags/main.py took 0.530 seconds
[2026-05-15T15:42:17.251+0000] {processor.py:161} INFO - Started process (PID=1066) to work on /opt/airflow/dags/main.py
[2026-05-15T15:42:17.254+0000] {processor.py:830} INFO - Processing file /opt/airflow/dags/main.py for tasks to queue
[2026-05-15T15:42:17.259+0000] {logging_mixin.py:188} INFO - [2026-05-15T15:42:17.258+0000] {dagbag.py:545} INFO - Filling up the DagBag from /opt/airflow/dags/main.py
[2026-05-15T15:42:17.496+0000] {processor.py:840} INFO - DAG(s) 'youtube_dwh_update', 'produce_json', 'update_staging_json' retrieved from /opt/airflow/dags/main.py
[2026-05-15T15:42:17.553+0000] {logging_mixin.py:188} INFO - [2026-05-15T15:42:17.552+0000] {dag.py:3096} INFO - Sync 3 DAGs
[2026-05-15T15:42:17.596+0000] {logging_mixin.py:188} INFO - [2026-05-15T15:42:17.595+0000] {dag.py:3954} INFO - Setting next_dagrun for produce_json to 2026-05-15 13:00:00+00:00, run_after=2026-05-16 13:00:00+00:00
[2026-05-15T15:42:17.606+0000] {logging_mixin.py:188} INFO - [2026-05-15T15:42:17.605+0000] {dag.py:3954} INFO - Setting next_dagrun for update_staging_json to 2026-05-15 13:00:00+00:00, run_after=2026-05-16 13:00:00+00:00
[2026-05-15T15:42:17.614+0000] {logging_mixin.py:188} INFO - [2026-05-15T15:42:17.614+0000] {dag.py:3954} INFO - Setting next_dagrun for youtube_dwh_update to 2026-05-15 13:30:00+00:00, run_after=2026-05-16 13:30:00+00:00
[2026-05-15T15:42:17.661+0000] {processor.py:183} INFO - Processing /opt/airflow/dags/main.py took 0.424 seconds
[2026-05-15T15:42:47.942+0000] {processor.py:161} INFO - Started process (PID=1073) to work on /opt/airflow/dags/main.py
[2026-05-15T15:42:47.944+0000] {processor.py:830} INFO - Processing file /opt/airflow/dags/main.py for tasks to queue
[2026-05-15T15:42:47.949+0000] {logging_mixin.py:188} INFO - [2026-05-15T15:42:47.949+0000] {dagbag.py:545} INFO - Filling up the DagBag from /opt/airflow/dags/main.py
[2026-05-15T15:42:48.209+0000] {processor.py:840} INFO - DAG(s) 'produce_json', 'update_staging_json', 'youtube_dwh_update' retrieved from /opt/airflow/dags/main.py
[2026-05-15T15:42:48.263+0000] {logging_mixin.py:188} INFO - [2026-05-15T15:42:48.263+0000] {dag.py:3096} INFO - Sync 3 DAGs
[2026-05-15T15:42:48.307+0000] {logging_mixin.py:188} INFO - [2026-05-15T15:42:48.306+0000] {dag.py:3954} INFO - Setting next_dagrun for produce_json to 2026-05-15 13:00:00+00:00, run_after=2026-05-16 13:00:00+00:00
[2026-05-15T15:42:48.320+0000] {logging_mixin.py:188} INFO - [2026-05-15T15:42:48.318+0000] {dag.py:3954} INFO - Setting next_dagrun for update_staging_json to 2026-05-15 13:00:00+00:00, run_after=2026-05-16 13:00:00+00:00
[2026-05-15T15:42:48.326+0000] {logging_mixin.py:188} INFO - [2026-05-15T15:42:48.326+0000] {dag.py:3954} INFO - Setting next_dagrun for youtube_dwh_update to 2026-05-15 13:30:00+00:00, run_after=2026-05-16 13:30:00+00:00
[2026-05-15T15:42:48.362+0000] {processor.py:183} INFO - Processing /opt/airflow/dags/main.py took 0.432 seconds
[2026-05-15T15:43:19.332+0000] {processor.py:161} INFO - Started process (PID=1079) to work on /opt/airflow/dags/main.py
[2026-05-15T15:43:19.341+0000] {processor.py:830} INFO - Processing file /opt/airflow/dags/main.py for tasks to queue
[2026-05-15T15:43:19.348+0000] {logging_mixin.py:188} INFO - [2026-05-15T15:43:19.347+0000] {dagbag.py:545} INFO - Filling up the DagBag from /opt/airflow/dags/main.py
[2026-05-15T15:43:19.844+0000] {processor.py:840} INFO - DAG(s) 'youtube_dwh_update', 'update_staging_json', 'produce_json' retrieved from /opt/airflow/dags/main.py
[2026-05-15T15:43:19.898+0000] {logging_mixin.py:188} INFO - [2026-05-15T15:43:19.898+0000] {dag.py:3096} INFO - Sync 3 DAGs
[2026-05-15T15:43:19.946+0000] {logging_mixin.py:188} INFO - [2026-05-15T15:43:19.945+0000] {dag.py:3954} INFO - Setting next_dagrun for produce_json to 2026-05-15 13:00:00+00:00, run_after=2026-05-16 13:00:00+00:00
[2026-05-15T15:43:19.957+0000] {logging_mixin.py:188} INFO - [2026-05-15T15:43:19.957+0000] {dag.py:3954} INFO - Setting next_dagrun for update_staging_json to 2026-05-15 13:00:00+00:00, run_after=2026-05-16 13:00:00+00:00
[2026-05-15T15:43:19.965+0000] {logging_mixin.py:188} INFO - [2026-05-15T15:43:19.965+0000] {dag.py:3954} INFO - Setting next_dagrun for youtube_dwh_update to 2026-05-15 13:30:00+00:00, run_after=2026-05-16 13:30:00+00:00
[2026-05-15T15:43:20.009+0000] {processor.py:183} INFO - Processing /opt/airflow/dags/main.py took 0.716 seconds
[2026-05-15T15:43:50.462+0000] {processor.py:161} INFO - Started process (PID=1086) to work on /opt/airflow/dags/main.py
[2026-05-15T15:43:50.465+0000] {processor.py:830} INFO - Processing file /opt/airflow/dags/main.py for tasks to queue
[2026-05-15T15:43:50.469+0000] {logging_mixin.py:188} INFO - [2026-05-15T15:43:50.468+0000] {dagbag.py:545} INFO - Filling up the DagBag from /opt/airflow/dags/main.py
[2026-05-15T15:43:50.723+0000] {processor.py:840} INFO - DAG(s) 'youtube_dwh_update', 'update_staging_json', 'produce_json' retrieved from /opt/airflow/dags/main.py
[2026-05-15T15:43:50.780+0000] {logging_mixin.py:188} INFO - [2026-05-15T15:43:50.780+0000] {dag.py:3096} INFO - Sync 3 DAGs
[2026-05-15T15:43:50.822+0000] {logging_mixin.py:188} INFO - [2026-05-15T15:43:50.821+0000] {dag.py:3954} INFO - Setting next_dagrun for produce_json to 2026-05-15 13:00:00+00:00, run_after=2026-05-16 13:00:00+00:00
[2026-05-15T15:43:50.832+0000] {logging_mixin.py:188} INFO - [2026-05-15T15:43:50.831+0000] {dag.py:3954} INFO - Setting next_dagrun for update_staging_json to 2026-05-15 13:00:00+00:00, run_after=2026-05-16 13:00:00+00:00
[2026-05-15T15:43:50.839+0000] {logging_mixin.py:188} INFO - [2026-05-15T15:43:50.839+0000] {dag.py:3954} INFO - Setting next_dagrun for youtube_dwh_update to 2026-05-15 13:30:00+00:00, run_after=2026-05-16 13:30:00+00:00
[2026-05-15T15:43:50.875+0000] {processor.py:183} INFO - Processing /opt/airflow/dags/main.py took 0.435 seconds
[2026-05-15T15:44:21.196+0000] {processor.py:161} INFO - Started process (PID=1093) to work on /opt/airflow/dags/main.py
[2026-05-15T15:44:21.199+0000] {processor.py:830} INFO - Processing file /opt/airflow/dags/main.py for tasks to queue
[2026-05-15T15:44:21.203+0000] {logging_mixin.py:188} INFO - [2026-05-15T15:44:21.202+0000] {dagbag.py:545} INFO - Filling up the DagBag from /opt/airflow/dags/main.py
[2026-05-15T15:44:21.468+0000] {processor.py:840} INFO - DAG(s) 'update_staging_json', 'youtube_dwh_update', 'produce_json' retrieved from /opt/airflow/dags/main.py
[2026-05-15T15:44:21.527+0000] {logging_mixin.py:188} INFO - [2026-05-15T15:44:21.526+0000] {dag.py:3096} INFO - Sync 3 DAGs
[2026-05-15T15:44:21.649+0000] {logging_mixin.py:188} INFO - [2026-05-15T15:44:21.649+0000] {dag.py:3954} INFO - Setting next_dagrun for produce_json to 2026-05-15 13:00:00+00:00, run_after=2026-05-16 13:00:00+00:00
[2026-05-15T15:44:21.664+0000] {logging_mixin.py:188} INFO - [2026-05-15T15:44:21.663+0000] {dag.py:3954} INFO - Setting next_dagrun for update_staging_json to 2026-05-15 13:00:00+00:00, run_after=2026-05-16 13:00:00+00:00
[2026-05-15T15:44:21.676+0000] {logging_mixin.py:188} INFO - [2026-05-15T15:44:21.676+0000] {dag.py:3954} INFO - Setting next_dagrun for youtube_dwh_update to 2026-05-15 13:30:00+00:00, run_after=2026-05-16 13:30:00+00:00
[2026-05-15T15:44:21.718+0000] {processor.py:183} INFO - Processing /opt/airflow/dags/main.py took 0.535 seconds
[2026-05-15T15:44:52.052+0000] {processor.py:161} INFO - Started process (PID=1100) to work on /opt/airflow/dags/main.py
[2026-05-15T15:44:52.055+0000] {processor.py:830} INFO - Processing file /opt/airflow/dags/main.py for tasks to queue
[2026-05-15T15:44:52.059+0000] {logging_mixin.py:188} INFO - [2026-05-15T15:44:52.058+0000] {dagbag.py:545} INFO - Filling up the DagBag from /opt/airflow/dags/main.py
[2026-05-15T15:44:52.271+0000] {processor.py:840} INFO - DAG(s) 'produce_json', 'update_staging_json', 'youtube_dwh_update' retrieved from /opt/airflow/dags/main.py
[2026-05-15T15:44:52.349+0000] {logging_mixin.py:188} INFO - [2026-05-15T15:44:52.348+0000] {dag.py:3096} INFO - Sync 3 DAGs
[2026-05-15T15:44:52.423+0000] {logging_mixin.py:188} INFO - [2026-05-15T15:44:52.422+0000] {dag.py:3954} INFO - Setting next_dagrun for produce_json to 2026-05-15 13:00:00+00:00, run_after=2026-05-16 13:00:00+00:00
[2026-05-15T15:44:52.438+0000] {logging_mixin.py:188} INFO - [2026-05-15T15:44:52.438+0000] {dag.py:3954} INFO - Setting next_dagrun for update_staging_json to 2026-05-15 13:00:00+00:00, run_after=2026-05-16 13:00:00+00:00
[2026-05-15T15:44:52.452+0000] {logging_mixin.py:188} INFO - [2026-05-15T15:44:52.452+0000] {dag.py:3954} INFO - Setting next_dagrun for youtube_dwh_update to 2026-05-15 13:30:00+00:00, run_after=2026-05-16 13:30:00+00:00
[2026-05-15T15:44:52.508+0000] {processor.py:183} INFO - Processing /opt/airflow/dags/main.py took 0.468 seconds
[2026-05-15T15:45:22.848+0000] {processor.py:161} INFO - Started process (PID=1107) to work on /opt/airflow/dags/main.py
[2026-05-15T15:45:22.851+0000] {processor.py:830} INFO - Processing file /opt/airflow/dags/main.py for tasks to queue
[2026-05-15T15:45:22.856+0000] {logging_mixin.py:188} INFO - [2026-05-15T15:45:22.855+0000] {dagbag.py:545} INFO - Filling up the DagBag from /opt/airflow/dags/main.py
[2026-05-15T15:45:23.069+0000] {processor.py:840} INFO - DAG(s) 'update_staging_json', 'produce_json', 'youtube_dwh_update' retrieved from /opt/airflow/dags/main.py
[2026-05-15T15:45:23.130+0000] {logging_mixin.py:188} INFO - [2026-05-15T15:45:23.129+0000] {dag.py:3096} INFO - Sync 3 DAGs
[2026-05-15T15:45:23.172+0000] {logging_mixin.py:188} INFO - [2026-05-15T15:45:23.171+0000] {dag.py:3954} INFO - Setting next_dagrun for produce_json to 2026-05-15 13:00:00+00:00, run_after=2026-05-16 13:00:00+00:00
[2026-05-15T15:45:23.182+0000] {logging_mixin.py:188} INFO - [2026-05-15T15:45:23.181+0000] {dag.py:3954} INFO - Setting next_dagrun for update_staging_json to 2026-05-15 13:00:00+00:00, run_after=2026-05-16 13:00:00+00:00
[2026-05-15T15:45:23.189+0000] {logging_mixin.py:188} INFO - [2026-05-15T15:45:23.188+0000] {dag.py:3954} INFO - Setting next_dagrun for youtube_dwh_update to 2026-05-15 13:30:00+00:00, run_after=2026-05-16 13:30:00+00:00
[2026-05-15T15:45:23.226+0000] {processor.py:183} INFO - Processing /opt/airflow/dags/main.py took 0.395 seconds
[2026-05-15T15:45:53.577+0000] {processor.py:161} INFO - Started process (PID=1115) to work on /opt/airflow/dags/main.py
[2026-05-15T15:45:53.580+0000] {processor.py:830} INFO - Processing file /opt/airflow/dags/main.py for tasks to queue
[2026-05-15T15:45:53.585+0000] {logging_mixin.py:188} INFO - [2026-05-15T15:45:53.584+0000] {dagbag.py:545} INFO - Filling up the DagBag from /opt/airflow/dags/main.py
[2026-05-15T15:45:53.824+0000] {processor.py:840} INFO - DAG(s) 'update_staging_json', 'produce_json', 'youtube_dwh_update' retrieved from /opt/airflow/dags/main.py
[2026-05-15T15:45:53.881+0000] {logging_mixin.py:188} INFO - [2026-05-15T15:45:53.880+0000] {dag.py:3096} INFO - Sync 3 DAGs
[2026-05-15T15:45:53.926+0000] {logging_mixin.py:188} INFO - [2026-05-15T15:45:53.925+0000] {dag.py:3954} INFO - Setting next_dagrun for produce_json to 2026-05-15 13:00:00+00:00, run_after=2026-05-16 13:00:00+00:00
[2026-05-15T15:45:53.936+0000] {logging_mixin.py:188} INFO - [2026-05-15T15:45:53.935+0000] {dag.py:3954} INFO - Setting next_dagrun for update_staging_json to 2026-05-15 13:00:00+00:00, run_after=2026-05-16 13:00:00+00:00
[2026-05-15T15:45:53.942+0000] {logging_mixin.py:188} INFO - [2026-05-15T15:45:53.942+0000] {dag.py:3954} INFO - Setting next_dagrun for youtube_dwh_update to 2026-05-15 13:30:00+00:00, run_after=2026-05-16 13:30:00+00:00
[2026-05-15T15:45:53.982+0000] {processor.py:183} INFO - Processing /opt/airflow/dags/main.py took 0.418 seconds
[2026-05-15T15:46:24.318+0000] {processor.py:161} INFO - Started process (PID=1123) to work on /opt/airflow/dags/main.py
[2026-05-15T15:46:24.321+0000] {processor.py:830} INFO - Processing file /opt/airflow/dags/main.py for tasks to queue
[2026-05-15T15:46:24.328+0000] {logging_mixin.py:188} INFO - [2026-05-15T15:46:24.327+0000] {dagbag.py:545} INFO - Filling up the DagBag from /opt/airflow/dags/main.py
[2026-05-15T15:46:24.572+0000] {processor.py:840} INFO - DAG(s) 'produce_json', 'youtube_dwh_update', 'update_staging_json' retrieved from /opt/airflow/dags/main.py
[2026-05-15T15:46:24.638+0000] {logging_mixin.py:188} INFO - [2026-05-15T15:46:24.637+0000] {dag.py:3096} INFO - Sync 3 DAGs
[2026-05-15T15:46:24.692+0000] {logging_mixin.py:188} INFO - [2026-05-15T15:46:24.691+0000] {dag.py:3954} INFO - Setting next_dagrun for produce_json to 2026-05-15 13:00:00+00:00, run_after=2026-05-16 13:00:00+00:00
[2026-05-15T15:46:24.710+0000] {logging_mixin.py:188} INFO - [2026-05-15T15:46:24.709+0000] {dag.py:3954} INFO - Setting next_dagrun for update_staging_json to 2026-05-15 13:00:00+00:00, run_after=2026-05-16 13:00:00+00:00
[2026-05-15T15:46:24.720+0000] {logging_mixin.py:188} INFO - [2026-05-15T15:46:24.720+0000] {dag.py:3954} INFO - Setting next_dagrun for youtube_dwh_update to 2026-05-15 13:30:00+00:00, run_after=2026-05-16 13:30:00+00:00
[2026-05-15T15:46:24.763+0000] {processor.py:183} INFO - Processing /opt/airflow/dags/main.py took 0.464 seconds
[2026-05-15T15:46:55.074+0000] {processor.py:161} INFO - Started process (PID=1130) to work on /opt/airflow/dags/main.py
[2026-05-15T15:46:55.077+0000] {processor.py:830} INFO - Processing file /opt/airflow/dags/main.py for tasks to queue
[2026-05-15T15:46:55.081+0000] {logging_mixin.py:188} INFO - [2026-05-15T15:46:55.081+0000] {dagbag.py:545} INFO - Filling up the DagBag from /opt/airflow/dags/main.py
[2026-05-15T15:46:55.358+0000] {processor.py:840} INFO - DAG(s) 'youtube_dwh_update', 'produce_json', 'update_staging_json' retrieved from /opt/airflow/dags/main.py
[2026-05-15T15:46:55.416+0000] {logging_mixin.py:188} INFO - [2026-05-15T15:46:55.415+0000] {dag.py:3096} INFO - Sync 3 DAGs
[2026-05-15T15:46:55.457+0000] {logging_mixin.py:188} INFO - [2026-05-15T15:46:55.457+0000] {dag.py:3954} INFO - Setting next_dagrun for produce_json to 2026-05-15 13:00:00+00:00, run_after=2026-05-16 13:00:00+00:00
[2026-05-15T15:46:55.468+0000] {logging_mixin.py:188} INFO - [2026-05-15T15:46:55.468+0000] {dag.py:3954} INFO - Setting next_dagrun for update_staging_json to 2026-05-15 13:00:00+00:00, run_after=2026-05-16 13:00:00+00:00
[2026-05-15T15:46:55.474+0000] {logging_mixin.py:188} INFO - [2026-05-15T15:46:55.474+0000] {dag.py:3954} INFO - Setting next_dagrun for youtube_dwh_update to 2026-05-15 13:30:00+00:00, run_after=2026-05-16 13:30:00+00:00
[2026-05-15T15:46:55.511+0000] {processor.py:183} INFO - Processing /opt/airflow/dags/main.py took 0.452 seconds
[2026-05-15T15:47:25.859+0000] {processor.py:161} INFO - Started process (PID=1138) to work on /opt/airflow/dags/main.py
[2026-05-15T15:47:25.861+0000] {processor.py:830} INFO - Processing file /opt/airflow/dags/main.py for tasks to queue
[2026-05-15T15:47:25.865+0000] {logging_mixin.py:188} INFO - [2026-05-15T15:47:25.865+0000] {dagbag.py:545} INFO - Filling up the DagBag from /opt/airflow/dags/main.py
[2026-05-15T15:47:26.106+0000] {processor.py:840} INFO - DAG(s) 'update_staging_json', 'youtube_dwh_update', 'produce_json' retrieved from /opt/airflow/dags/main.py
[2026-05-15T15:47:26.163+0000] {logging_mixin.py:188} INFO - [2026-05-15T15:47:26.162+0000] {dag.py:3096} INFO - Sync 3 DAGs
[2026-05-15T15:47:26.204+0000] {logging_mixin.py:188} INFO - [2026-05-15T15:47:26.204+0000] {dag.py:3954} INFO - Setting next_dagrun for produce_json to 2026-05-15 13:00:00+00:00, run_after=2026-05-16 13:00:00+00:00
[2026-05-15T15:47:26.215+0000] {logging_mixin.py:188} INFO - [2026-05-15T15:47:26.214+0000] {dag.py:3954} INFO - Setting next_dagrun for update_staging_json to 2026-05-15 13:00:00+00:00, run_after=2026-05-16 13:00:00+00:00
[2026-05-15T15:47:26.222+0000] {logging_mixin.py:188} INFO - [2026-05-15T15:47:26.221+0000] {dag.py:3954} INFO - Setting next_dagrun for youtube_dwh_update to 2026-05-15 13:30:00+00:00, run_after=2026-05-16 13:30:00+00:00
[2026-05-15T15:47:26.258+0000] {processor.py:183} INFO - Processing /opt/airflow/dags/main.py took 0.412 seconds
[2026-05-15T15:47:56.662+0000] {processor.py:161} INFO - Started process (PID=1145) to work on /opt/airflow/dags/main.py
[2026-05-15T15:47:56.665+0000] {processor.py:830} INFO - Processing file /opt/airflow/dags/main.py for tasks to queue
[2026-05-15T15:47:56.670+0000] {logging_mixin.py:188} INFO - [2026-05-15T15:47:56.669+0000] {dagbag.py:545} INFO - Filling up the DagBag from /opt/airflow/dags/main.py
[2026-05-15T15:47:56.910+0000] {processor.py:840} INFO - DAG(s) 'update_staging_json', 'produce_json', 'youtube_dwh_update' retrieved from /opt/airflow/dags/main.py
[2026-05-15T15:47:56.966+0000] {logging_mixin.py:188} INFO - [2026-05-15T15:47:56.965+0000] {dag.py:3096} INFO - Sync 3 DAGs
[2026-05-15T15:47:57.008+0000] {logging_mixin.py:188} INFO - [2026-05-15T15:47:57.007+0000] {dag.py:3954} INFO - Setting next_dagrun for produce_json to 2026-05-15 13:00:00+00:00, run_after=2026-05-16 13:00:00+00:00
[2026-05-15T15:47:57.018+0000] {logging_mixin.py:188} INFO - [2026-05-15T15:47:57.018+0000] {dag.py:3954} INFO - Setting next_dagrun for update_staging_json to 2026-05-15 13:00:00+00:00, run_after=2026-05-16 13:00:00+00:00
[2026-05-15T15:47:57.024+0000] {logging_mixin.py:188} INFO - [2026-05-15T15:47:57.024+0000] {dag.py:3954} INFO - Setting next_dagrun for youtube_dwh_update to 2026-05-15 13:30:00+00:00, run_after=2026-05-16 13:30:00+00:00
[2026-05-15T15:47:57.070+0000] {processor.py:183} INFO - Processing /opt/airflow/dags/main.py took 0.424 seconds
[2026-05-15T15:48:27.663+0000] {processor.py:161} INFO - Started process (PID=1152) to work on /opt/airflow/dags/main.py
[2026-05-15T15:48:27.666+0000] {processor.py:830} INFO - Processing file /opt/airflow/dags/main.py for tasks to queue
[2026-05-15T15:48:27.671+0000] {logging_mixin.py:188} INFO - [2026-05-15T15:48:27.670+0000] {dagbag.py:545} INFO - Filling up the DagBag from /opt/airflow/dags/main.py
[2026-05-15T15:48:27.871+0000] {processor.py:840} INFO - DAG(s) 'update_staging_json', 'youtube_dwh_update', 'produce_json' retrieved from /opt/airflow/dags/main.py
[2026-05-15T15:48:27.925+0000] {logging_mixin.py:188} INFO - [2026-05-15T15:48:27.924+0000] {dag.py:3096} INFO - Sync 3 DAGs
[2026-05-15T15:48:27.966+0000] {logging_mixin.py:188} INFO - [2026-05-15T15:48:27.966+0000] {dag.py:3954} INFO - Setting next_dagrun for produce_json to 2026-05-15 13:00:00+00:00, run_after=2026-05-16 13:00:00+00:00
[2026-05-15T15:48:27.978+0000] {logging_mixin.py:188} INFO - [2026-05-15T15:48:27.978+0000] {dag.py:3954} INFO - Setting next_dagrun for update_staging_json to 2026-05-15 13:00:00+00:00, run_after=2026-05-16 13:00:00+00:00
[2026-05-15T15:48:27.985+0000] {logging_mixin.py:188} INFO - [2026-05-15T15:48:27.984+0000] {dag.py:3954} INFO - Setting next_dagrun for youtube_dwh_update to 2026-05-15 13:30:00+00:00, run_after=2026-05-16 13:30:00+00:00
[2026-05-15T15:48:28.021+0000] {processor.py:183} INFO - Processing /opt/airflow/dags/main.py took 0.372 seconds
[2026-05-15T15:48:58.335+0000] {processor.py:161} INFO - Started process (PID=1159) to work on /opt/airflow/dags/main.py
[2026-05-15T15:48:58.338+0000] {processor.py:830} INFO - Processing file /opt/airflow/dags/main.py for tasks to queue
[2026-05-15T15:48:58.342+0000] {logging_mixin.py:188} INFO - [2026-05-15T15:48:58.341+0000] {dagbag.py:545} INFO - Filling up the DagBag from /opt/airflow/dags/main.py
[2026-05-15T15:48:58.593+0000] {processor.py:840} INFO - DAG(s) 'update_staging_json', 'youtube_dwh_update', 'produce_json' retrieved from /opt/airflow/dags/main.py
[2026-05-15T15:48:58.647+0000] {logging_mixin.py:188} INFO - [2026-05-15T15:48:58.646+0000] {dag.py:3096} INFO - Sync 3 DAGs
[2026-05-15T15:48:58.699+0000] {logging_mixin.py:188} INFO - [2026-05-15T15:48:58.698+0000] {dag.py:3954} INFO - Setting next_dagrun for produce_json to 2026-05-15 13:00:00+00:00, run_after=2026-05-16 13:00:00+00:00
[2026-05-15T15:48:58.718+0000] {logging_mixin.py:188} INFO - [2026-05-15T15:48:58.717+0000] {dag.py:3954} INFO - Setting next_dagrun for update_staging_json to 2026-05-15 13:00:00+00:00, run_after=2026-05-16 13:00:00+00:00
[2026-05-15T15:48:58.726+0000] {logging_mixin.py:188} INFO - [2026-05-15T15:48:58.725+0000] {dag.py:3954} INFO - Setting next_dagrun for youtube_dwh_update to 2026-05-15 13:30:00+00:00, run_after=2026-05-16 13:30:00+00:00
[2026-05-15T15:48:58.774+0000] {processor.py:183} INFO - Processing /opt/airflow/dags/main.py took 0.452 seconds
[2026-05-15T15:49:29.100+0000] {processor.py:161} INFO - Started process (PID=1166) to work on /opt/airflow/dags/main.py
[2026-05-15T15:49:29.103+0000] {processor.py:830} INFO - Processing file /opt/airflow/dags/main.py for tasks to queue
[2026-05-15T15:49:29.107+0000] {logging_mixin.py:188} INFO - [2026-05-15T15:49:29.107+0000] {dagbag.py:545} INFO - Filling up the DagBag from /opt/airflow/dags/main.py
[2026-05-15T15:49:29.430+0000] {processor.py:840} INFO - DAG(s) 'produce_json', 'youtube_dwh_update', 'update_staging_json' retrieved from /opt/airflow/dags/main.py
[2026-05-15T15:49:29.611+0000] {logging_mixin.py:188} INFO - [2026-05-15T15:49:29.610+0000] {dag.py:3096} INFO - Sync 3 DAGs
[2026-05-15T15:49:29.718+0000] {logging_mixin.py:188} INFO - [2026-05-15T15:49:29.717+0000] {dag.py:3954} INFO - Setting next_dagrun for produce_json to 2026-05-15 13:00:00+00:00, run_after=2026-05-16 13:00:00+00:00
[2026-05-15T15:49:29.745+0000] {logging_mixin.py:188} INFO - [2026-05-15T15:49:29.744+0000] {dag.py:3954} INFO - Setting next_dagrun for update_staging_json to 2026-05-15 13:00:00+00:00, run_after=2026-05-16 13:00:00+00:00
[2026-05-15T15:49:29.759+0000] {logging_mixin.py:188} INFO - [2026-05-15T15:49:29.759+0000] {dag.py:3954} INFO - Setting next_dagrun for youtube_dwh_update to 2026-05-15 13:30:00+00:00, run_after=2026-05-16 13:30:00+00:00
[2026-05-15T15:49:29.826+0000] {processor.py:183} INFO - Processing /opt/airflow/dags/main.py took 0.739 seconds
[2026-05-15T15:50:00.047+0000] {processor.py:161} INFO - Started process (PID=1173) to work on /opt/airflow/dags/main.py
[2026-05-15T15:50:00.050+0000] {processor.py:830} INFO - Processing file /opt/airflow/dags/main.py for tasks to queue
[2026-05-15T15:50:00.054+0000] {logging_mixin.py:188} INFO - [2026-05-15T15:50:00.054+0000] {dagbag.py:545} INFO - Filling up the DagBag from /opt/airflow/dags/main.py
[2026-05-15T15:50:00.262+0000] {processor.py:840} INFO - DAG(s) 'youtube_dwh_update', 'update_staging_json', 'produce_json' retrieved from /opt/airflow/dags/main.py
[2026-05-15T15:50:00.327+0000] {logging_mixin.py:188} INFO - [2026-05-15T15:50:00.326+0000] {dag.py:3096} INFO - Sync 3 DAGs
[2026-05-15T15:50:00.376+0000] {logging_mixin.py:188} INFO - [2026-05-15T15:50:00.376+0000] {dag.py:3954} INFO - Setting next_dagrun for produce_json to 2026-05-15 13:00:00+00:00, run_after=2026-05-16 13:00:00+00:00
[2026-05-15T15:50:00.386+0000] {logging_mixin.py:188} INFO - [2026-05-15T15:50:00.386+0000] {dag.py:3954} INFO - Setting next_dagrun for update_staging_json to 2026-05-15 13:00:00+00:00, run_after=2026-05-16 13:00:00+00:00
[2026-05-15T15:50:00.394+0000] {logging_mixin.py:188} INFO - [2026-05-15T15:50:00.394+0000] {dag.py:3954} INFO - Setting next_dagrun for youtube_dwh_update to 2026-05-15 13:30:00+00:00, run_after=2026-05-16 13:30:00+00:00
[2026-05-15T15:50:00.429+0000] {processor.py:183} INFO - Processing /opt/airflow/dags/main.py took 0.399 seconds
[2026-05-15T15:50:30.786+0000] {processor.py:161} INFO - Started process (PID=1180) to work on /opt/airflow/dags/main.py
[2026-05-15T15:50:30.788+0000] {processor.py:830} INFO - Processing file /opt/airflow/dags/main.py for tasks to queue
[2026-05-15T15:50:30.793+0000] {logging_mixin.py:188} INFO - [2026-05-15T15:50:30.792+0000] {dagbag.py:545} INFO - Filling up the DagBag from /opt/airflow/dags/main.py
[2026-05-15T15:50:31.092+0000] {processor.py:840} INFO - DAG(s) 'youtube_dwh_update', 'produce_json', 'update_staging_json' retrieved from /opt/airflow/dags/main.py
[2026-05-15T15:50:31.149+0000] {logging_mixin.py:188} INFO - [2026-05-15T15:50:31.149+0000] {dag.py:3096} INFO - Sync 3 DAGs
[2026-05-15T15:50:31.202+0000] {logging_mixin.py:188} INFO - [2026-05-15T15:50:31.201+0000] {dag.py:3954} INFO - Setting next_dagrun for produce_json to 2026-05-15 13:00:00+00:00, run_after=2026-05-16 13:00:00+00:00
[2026-05-15T15:50:31.212+0000] {logging_mixin.py:188} INFO - [2026-05-15T15:50:31.211+0000] {dag.py:3954} INFO - Setting next_dagrun for update_staging_json to 2026-05-15 13:00:00+00:00, run_after=2026-05-16 13:00:00+00:00
[2026-05-15T15:50:31.221+0000] {logging_mixin.py:188} INFO - [2026-05-15T15:50:31.221+0000] {dag.py:3954} INFO - Setting next_dagrun for youtube_dwh_update to 2026-05-15 13:30:00+00:00, run_after=2026-05-16 13:30:00+00:00
[2026-05-15T15:50:31.259+0000] {processor.py:183} INFO - Processing /opt/airflow/dags/main.py took 0.486 seconds
[2026-05-15T15:51:01.589+0000] {processor.py:161} INFO - Started process (PID=1187) to work on /opt/airflow/dags/main.py
[2026-05-15T15:51:01.592+0000] {processor.py:830} INFO - Processing file /opt/airflow/dags/main.py for tasks to queue
[2026-05-15T15:51:01.596+0000] {logging_mixin.py:188} INFO - [2026-05-15T15:51:01.596+0000] {dagbag.py:545} INFO - Filling up the DagBag from /opt/airflow/dags/main.py
[2026-05-15T15:51:01.820+0000] {processor.py:840} INFO - DAG(s) 'update_staging_json', 'produce_json', 'youtube_dwh_update' retrieved from /opt/airflow/dags/main.py
[2026-05-15T15:51:01.911+0000] {logging_mixin.py:188} INFO - [2026-05-15T15:51:01.910+0000] {dag.py:3096} INFO - Sync 3 DAGs
[2026-05-15T15:51:01.967+0000] {logging_mixin.py:188} INFO - [2026-05-15T15:51:01.967+0000] {dag.py:3954} INFO - Setting next_dagrun for produce_json to 2026-05-15 13:00:00+00:00, run_after=2026-05-16 13:00:00+00:00
[2026-05-15T15:51:01.984+0000] {logging_mixin.py:188} INFO - [2026-05-15T15:51:01.983+0000] {dag.py:3954} INFO - Setting next_dagrun for update_staging_json to 2026-05-15 13:00:00+00:00, run_after=2026-05-16 13:00:00+00:00
[2026-05-15T15:51:01.996+0000] {logging_mixin.py:188} INFO - [2026-05-15T15:51:01.996+0000] {dag.py:3954} INFO - Setting next_dagrun for youtube_dwh_update to 2026-05-15 13:30:00+00:00, run_after=2026-05-16 13:30:00+00:00
[2026-05-15T15:51:02.048+0000] {processor.py:183} INFO - Processing /opt/airflow/dags/main.py took 0.475 seconds
[2026-05-15T15:51:32.381+0000] {processor.py:161} INFO - Started process (PID=1200) to work on /opt/airflow/dags/main.py
[2026-05-15T15:51:32.384+0000] {processor.py:830} INFO - Processing file /opt/airflow/dags/main.py for tasks to queue
[2026-05-15T15:51:32.390+0000] {logging_mixin.py:188} INFO - [2026-05-15T15:51:32.389+0000] {dagbag.py:545} INFO - Filling up the DagBag from /opt/airflow/dags/main.py
[2026-05-15T15:51:32.621+0000] {processor.py:840} INFO - DAG(s) 'update_staging_json', 'produce_json', 'youtube_dwh_update' retrieved from /opt/airflow/dags/main.py
[2026-05-15T15:51:32.677+0000] {logging_mixin.py:188} INFO - [2026-05-15T15:51:32.677+0000] {dag.py:3096} INFO - Sync 3 DAGs
[2026-05-15T15:51:32.721+0000] {logging_mixin.py:188} INFO - [2026-05-15T15:51:32.721+0000] {dag.py:3954} INFO - Setting next_dagrun for produce_json to 2026-05-15 13:00:00+00:00, run_after=2026-05-16 13:00:00+00:00
[2026-05-15T15:51:32.731+0000] {logging_mixin.py:188} INFO - [2026-05-15T15:51:32.731+0000] {dag.py:3954} INFO - Setting next_dagrun for update_staging_json to 2026-05-15 13:00:00+00:00, run_after=2026-05-16 13:00:00+00:00
[2026-05-15T15:51:32.738+0000] {logging_mixin.py:188} INFO - [2026-05-15T15:51:32.738+0000] {dag.py:3954} INFO - Setting next_dagrun for youtube_dwh_update to 2026-05-15 13:30:00+00:00, run_after=2026-05-16 13:30:00+00:00
[2026-05-15T15:51:32.771+0000] {processor.py:183} INFO - Processing /opt/airflow/dags/main.py took 0.407 seconds
[2026-05-15T15:52:03.126+0000] {processor.py:161} INFO - Started process (PID=1207) to work on /opt/airflow/dags/main.py
[2026-05-15T15:52:03.128+0000] {processor.py:830} INFO - Processing file /opt/airflow/dags/main.py for tasks to queue
[2026-05-15T15:52:03.134+0000] {logging_mixin.py:188} INFO - [2026-05-15T15:52:03.133+0000] {dagbag.py:545} INFO - Filling up the DagBag from /opt/airflow/dags/main.py
[2026-05-15T15:52:03.376+0000] {processor.py:840} INFO - DAG(s) 'update_staging_json', 'produce_json', 'youtube_dwh_update' retrieved from /opt/airflow/dags/main.py
[2026-05-15T15:52:03.435+0000] {logging_mixin.py:188} INFO - [2026-05-15T15:52:03.434+0000] {dag.py:3096} INFO - Sync 3 DAGs
[2026-05-15T15:52:03.479+0000] {logging_mixin.py:188} INFO - [2026-05-15T15:52:03.479+0000] {dag.py:3954} INFO - Setting next_dagrun for produce_json to 2026-05-15 13:00:00+00:00, run_after=2026-05-16 13:00:00+00:00
[2026-05-15T15:52:03.489+0000] {logging_mixin.py:188} INFO - [2026-05-15T15:52:03.489+0000] {dag.py:3954} INFO - Setting next_dagrun for update_staging_json to 2026-05-15 13:00:00+00:00, run_after=2026-05-16 13:00:00+00:00
[2026-05-15T15:52:03.495+0000] {logging_mixin.py:188} INFO - [2026-05-15T15:52:03.495+0000] {dag.py:3954} INFO - Setting next_dagrun for youtube_dwh_update to 2026-05-15 13:30:00+00:00, run_after=2026-05-16 13:30:00+00:00
[2026-05-15T15:52:03.529+0000] {processor.py:183} INFO - Processing /opt/airflow/dags/main.py took 0.419 seconds
[2026-05-15T15:52:33.921+0000] {processor.py:161} INFO - Started process (PID=1214) to work on /opt/airflow/dags/main.py
[2026-05-15T15:52:33.924+0000] {processor.py:830} INFO - Processing file /opt/airflow/dags/main.py for tasks to queue
[2026-05-15T15:52:33.928+0000] {logging_mixin.py:188} INFO - [2026-05-15T15:52:33.927+0000] {dagbag.py:545} INFO - Filling up the DagBag from /opt/airflow/dags/main.py
[2026-05-15T15:52:34.189+0000] {processor.py:840} INFO - DAG(s) 'produce_json', 'update_staging_json', 'youtube_dwh_update' retrieved from /opt/airflow/dags/main.py
[2026-05-15T15:52:34.283+0000] {logging_mixin.py:188} INFO - [2026-05-15T15:52:34.283+0000] {dag.py:3096} INFO - Sync 3 DAGs
[2026-05-15T15:52:34.362+0000] {logging_mixin.py:188} INFO - [2026-05-15T15:52:34.361+0000] {dag.py:3954} INFO - Setting next_dagrun for produce_json to 2026-05-15 13:00:00+00:00, run_after=2026-05-16 13:00:00+00:00
[2026-05-15T15:52:34.376+0000] {logging_mixin.py:188} INFO - [2026-05-15T15:52:34.375+0000] {dag.py:3954} INFO - Setting next_dagrun for update_staging_json to 2026-05-15 13:00:00+00:00, run_after=2026-05-16 13:00:00+00:00
[2026-05-15T15:52:34.394+0000] {logging_mixin.py:188} INFO - [2026-05-15T15:52:34.393+0000] {dag.py:3954} INFO - Setting next_dagrun for youtube_dwh_update to 2026-05-15 13:30:00+00:00, run_after=2026-05-16 13:30:00+00:00
[2026-05-15T15:52:34.425+0000] {processor.py:183} INFO - Processing /opt/airflow/dags/main.py took 0.517 seconds
[2026-05-15T15:53:05.295+0000] {processor.py:161} INFO - Started process (PID=1221) to work on /opt/airflow/dags/main.py
[2026-05-15T15:53:05.302+0000] {processor.py:830} INFO - Processing file /opt/airflow/dags/main.py for tasks to queue
[2026-05-15T15:53:05.314+0000] {logging_mixin.py:188} INFO - [2026-05-15T15:53:05.313+0000] {dagbag.py:545} INFO - Filling up the DagBag from /opt/airflow/dags/main.py
[2026-05-15T15:53:05.935+0000] {processor.py:840} INFO - DAG(s) 'youtube_dwh_update', 'produce_json', 'update_staging_json' retrieved from /opt/airflow/dags/main.py
[2026-05-15T15:53:06.169+0000] {logging_mixin.py:188} INFO - [2026-05-15T15:53:06.168+0000] {dag.py:3096} INFO - Sync 3 DAGs
[2026-05-15T15:53:06.586+0000] {logging_mixin.py:188} INFO - [2026-05-15T15:53:06.585+0000] {dag.py:3954} INFO - Setting next_dagrun for produce_json to 2026-05-15 13:00:00+00:00, run_after=2026-05-16 13:00:00+00:00
[2026-05-15T15:53:06.630+0000] {logging_mixin.py:188} INFO - [2026-05-15T15:53:06.629+0000] {dag.py:3954} INFO - Setting next_dagrun for update_staging_json to 2026-05-15 13:00:00+00:00, run_after=2026-05-16 13:00:00+00:00
[2026-05-15T15:53:06.648+0000] {logging_mixin.py:188} INFO - [2026-05-15T15:53:06.647+0000] {dag.py:3954} INFO - Setting next_dagrun for youtube_dwh_update to 2026-05-15 13:30:00+00:00, run_after=2026-05-16 13:30:00+00:00
[2026-05-15T15:53:06.715+0000] {processor.py:183} INFO - Processing /opt/airflow/dags/main.py took 1.461 seconds
[2026-05-15T15:53:36.868+0000] {processor.py:161} INFO - Started process (PID=1228) to work on /opt/airflow/dags/main.py
[2026-05-15T15:53:36.871+0000] {processor.py:830} INFO - Processing file /opt/airflow/dags/main.py for tasks to queue
[2026-05-15T15:53:36.877+0000] {logging_mixin.py:188} INFO - [2026-05-15T15:53:36.876+0000] {dagbag.py:545} INFO - Filling up the DagBag from /opt/airflow/dags/main.py
[2026-05-15T15:53:37.121+0000] {processor.py:840} INFO - DAG(s) 'produce_json', 'update_staging_json', 'youtube_dwh_update' retrieved from /opt/airflow/dags/main.py
[2026-05-15T15:53:37.181+0000] {logging_mixin.py:188} INFO - [2026-05-15T15:53:37.180+0000] {dag.py:3096} INFO - Sync 3 DAGs
[2026-05-15T15:53:37.249+0000] {logging_mixin.py:188} INFO - [2026-05-15T15:53:37.248+0000] {dag.py:3954} INFO - Setting next_dagrun for produce_json to 2026-05-15 13:00:00+00:00, run_after=2026-05-16 13:00:00+00:00
[2026-05-15T15:53:37.264+0000] {logging_mixin.py:188} INFO - [2026-05-15T15:53:37.263+0000] {dag.py:3954} INFO - Setting next_dagrun for update_staging_json to 2026-05-15 13:00:00+00:00, run_after=2026-05-16 13:00:00+00:00
[2026-05-15T15:53:37.272+0000] {logging_mixin.py:188} INFO - [2026-05-15T15:53:37.272+0000] {dag.py:3954} INFO - Setting next_dagrun for youtube_dwh_update to 2026-05-15 13:30:00+00:00, run_after=2026-05-16 13:30:00+00:00
[2026-05-15T15:53:37.318+0000] {processor.py:183} INFO - Processing /opt/airflow/dags/main.py took 0.470 seconds
[2026-05-15T15:54:07.692+0000] {processor.py:161} INFO - Started process (PID=1235) to work on /opt/airflow/dags/main.py
[2026-05-15T15:54:07.694+0000] {processor.py:830} INFO - Processing file /opt/airflow/dags/main.py for tasks to queue
[2026-05-15T15:54:07.699+0000] {logging_mixin.py:188} INFO - [2026-05-15T15:54:07.699+0000] {dagbag.py:545} INFO - Filling up the DagBag from /opt/airflow/dags/main.py
[2026-05-15T15:54:07.951+0000] {processor.py:840} INFO - DAG(s) 'produce_json', 'youtube_dwh_update', 'update_staging_json' retrieved from /opt/airflow/dags/main.py
[2026-05-15T15:54:08.008+0000] {logging_mixin.py:188} INFO - [2026-05-15T15:54:08.008+0000] {dag.py:3096} INFO - Sync 3 DAGs
[2026-05-15T15:54:08.051+0000] {logging_mixin.py:188} INFO - [2026-05-15T15:54:08.051+0000] {dag.py:3954} INFO - Setting next_dagrun for produce_json to 2026-05-15 13:00:00+00:00, run_after=2026-05-16 13:00:00+00:00
[2026-05-15T15:54:08.064+0000] {logging_mixin.py:188} INFO - [2026-05-15T15:54:08.063+0000] {dag.py:3954} INFO - Setting next_dagrun for update_staging_json to 2026-05-15 13:00:00+00:00, run_after=2026-05-16 13:00:00+00:00
[2026-05-15T15:54:08.070+0000] {logging_mixin.py:188} INFO - [2026-05-15T15:54:08.070+0000] {dag.py:3954} INFO - Setting next_dagrun for youtube_dwh_update to 2026-05-15 13:30:00+00:00, run_after=2026-05-16 13:30:00+00:00
[2026-05-15T15:54:08.111+0000] {processor.py:183} INFO - Processing /opt/airflow/dags/main.py took 0.433 seconds
[2026-05-15T15:54:38.283+0000] {processor.py:161} INFO - Started process (PID=1242) to work on /opt/airflow/dags/main.py
[2026-05-15T15:54:38.286+0000] {processor.py:830} INFO - Processing file /opt/airflow/dags/main.py for tasks to queue
[2026-05-15T15:54:38.291+0000] {logging_mixin.py:188} INFO - [2026-05-15T15:54:38.290+0000] {dagbag.py:545} INFO - Filling up the DagBag from /opt/airflow/dags/main.py
[2026-05-15T15:54:38.662+0000] {processor.py:840} INFO - DAG(s) 'youtube_dwh_update', 'produce_json', 'update_staging_json' retrieved from /opt/airflow/dags/main.py
[2026-05-15T15:54:38.840+0000] {logging_mixin.py:188} INFO - [2026-05-15T15:54:38.839+0000] {dag.py:3096} INFO - Sync 3 DAGs
[2026-05-15T15:54:39.048+0000] {logging_mixin.py:188} INFO - [2026-05-15T15:54:39.047+0000] {dag.py:3954} INFO - Setting next_dagrun for produce_json to 2026-05-15 13:00:00+00:00, run_after=2026-05-16 13:00:00+00:00
[2026-05-15T15:54:39.073+0000] {logging_mixin.py:188} INFO - [2026-05-15T15:54:39.073+0000] {dag.py:3954} INFO - Setting next_dagrun for update_staging_json to 2026-05-15 13:00:00+00:00, run_after=2026-05-16 13:00:00+00:00
[2026-05-15T15:54:39.088+0000] {logging_mixin.py:188} INFO - [2026-05-15T15:54:39.087+0000] {dag.py:3954} INFO - Setting next_dagrun for youtube_dwh_update to 2026-05-15 13:30:00+00:00, run_after=2026-05-16 13:30:00+00:00
[2026-05-15T15:54:39.193+0000] {processor.py:183} INFO - Processing /opt/airflow/dags/main.py took 0.931 seconds
[2026-05-15T15:55:09.766+0000] {processor.py:161} INFO - Started process (PID=1249) to work on /opt/airflow/dags/main.py
[2026-05-15T15:55:09.781+0000] {processor.py:830} INFO - Processing file /opt/airflow/dags/main.py for tasks to queue
[2026-05-15T15:55:09.788+0000] {logging_mixin.py:188} INFO - [2026-05-15T15:55:09.787+0000] {dagbag.py:545} INFO - Filling up the DagBag from /opt/airflow/dags/main.py
[2026-05-15T15:55:10.743+0000] {processor.py:840} INFO - DAG(s) 'produce_json', 'youtube_dwh_update', 'update_staging_json' retrieved from /opt/airflow/dags/main.py
[2026-05-15T15:55:10.867+0000] {logging_mixin.py:188} INFO - [2026-05-15T15:55:10.865+0000] {dag.py:3096} INFO - Sync 3 DAGs
[2026-05-15T15:55:10.930+0000] {logging_mixin.py:188} INFO - [2026-05-15T15:55:10.930+0000] {dag.py:3954} INFO - Setting next_dagrun for produce_json to 2026-05-15 13:00:00+00:00, run_after=2026-05-16 13:00:00+00:00
[2026-05-15T15:55:10.946+0000] {logging_mixin.py:188} INFO - [2026-05-15T15:55:10.946+0000] {dag.py:3954} INFO - Setting next_dagrun for update_staging_json to 2026-05-15 13:00:00+00:00, run_after=2026-05-16 13:00:00+00:00
[2026-05-15T15:55:10.953+0000] {logging_mixin.py:188} INFO - [2026-05-15T15:55:10.953+0000] {dag.py:3954} INFO - Setting next_dagrun for youtube_dwh_update to 2026-05-15 13:30:00+00:00, run_after=2026-05-16 13:30:00+00:00
[2026-05-15T15:55:10.998+0000] {processor.py:183} INFO - Processing /opt/airflow/dags/main.py took 1.262 seconds
[2026-05-15T15:55:41.217+0000] {processor.py:161} INFO - Started process (PID=1256) to work on /opt/airflow/dags/main.py
[2026-05-15T15:55:41.221+0000] {processor.py:830} INFO - Processing file /opt/airflow/dags/main.py for tasks to queue
[2026-05-15T15:55:41.226+0000] {logging_mixin.py:188} INFO - [2026-05-15T15:55:41.225+0000] {dagbag.py:545} INFO - Filling up the DagBag from /opt/airflow/dags/main.py
[2026-05-15T15:55:41.579+0000] {processor.py:840} INFO - DAG(s) 'youtube_dwh_update', 'update_staging_json', 'produce_json' retrieved from /opt/airflow/dags/main.py
[2026-05-15T15:55:41.653+0000] {logging_mixin.py:188} INFO - [2026-05-15T15:55:41.652+0000] {dag.py:3096} INFO - Sync 3 DAGs
[2026-05-15T15:55:41.725+0000] {logging_mixin.py:188} INFO - [2026-05-15T15:55:41.725+0000] {dag.py:3954} INFO - Setting next_dagrun for produce_json to 2026-05-15 13:00:00+00:00, run_after=2026-05-16 13:00:00+00:00
[2026-05-15T15:55:41.741+0000] {logging_mixin.py:188} INFO - [2026-05-15T15:55:41.740+0000] {dag.py:3954} INFO - Setting next_dagrun for update_staging_json to 2026-05-15 13:00:00+00:00, run_after=2026-05-16 13:00:00+00:00
[2026-05-15T15:55:41.749+0000] {logging_mixin.py:188} INFO - [2026-05-15T15:55:41.749+0000] {dag.py:3954} INFO - Setting next_dagrun for youtube_dwh_update to 2026-05-15 13:30:00+00:00, run_after=2026-05-16 13:30:00+00:00
[2026-05-15T15:55:41.795+0000] {processor.py:183} INFO - Processing /opt/airflow/dags/main.py took 0.604 seconds
[2026-05-15T15:56:12.348+0000] {processor.py:161} INFO - Started process (PID=1263) to work on /opt/airflow/dags/main.py
[2026-05-15T15:56:12.351+0000] {processor.py:830} INFO - Processing file /opt/airflow/dags/main.py for tasks to queue
[2026-05-15T15:56:12.357+0000] {logging_mixin.py:188} INFO - [2026-05-15T15:56:12.356+0000] {dagbag.py:545} INFO - Filling up the DagBag from /opt/airflow/dags/main.py
[2026-05-15T15:56:12.626+0000] {processor.py:840} INFO - DAG(s) 'youtube_dwh_update', 'produce_json', 'update_staging_json' retrieved from /opt/airflow/dags/main.py
[2026-05-15T15:56:12.696+0000] {logging_mixin.py:188} INFO - [2026-05-15T15:56:12.696+0000] {dag.py:3096} INFO - Sync 3 DAGs
[2026-05-15T15:56:12.751+0000] {logging_mixin.py:188} INFO - [2026-05-15T15:56:12.750+0000] {dag.py:3954} INFO - Setting next_dagrun for produce_json to 2026-05-15 13:00:00+00:00, run_after=2026-05-16 13:00:00+00:00
[2026-05-15T15:56:12.772+0000] {logging_mixin.py:188} INFO - [2026-05-15T15:56:12.768+0000] {dag.py:3954} INFO - Setting next_dagrun for update_staging_json to 2026-05-15 13:00:00+00:00, run_after=2026-05-16 13:00:00+00:00
[2026-05-15T15:56:12.781+0000] {logging_mixin.py:188} INFO - [2026-05-15T15:56:12.780+0000] {dag.py:3954} INFO - Setting next_dagrun for youtube_dwh_update to 2026-05-15 13:30:00+00:00, run_after=2026-05-16 13:30:00+00:00
[2026-05-15T15:56:12.815+0000] {processor.py:183} INFO - Processing /opt/airflow/dags/main.py took 0.485 seconds
[2026-05-15T15:56:43.343+0000] {processor.py:161} INFO - Started process (PID=1270) to work on /opt/airflow/dags/main.py
[2026-05-15T15:56:43.345+0000] {processor.py:830} INFO - Processing file /opt/airflow/dags/main.py for tasks to queue
[2026-05-15T15:56:43.350+0000] {logging_mixin.py:188} INFO - [2026-05-15T15:56:43.349+0000] {dagbag.py:545} INFO - Filling up the DagBag from /opt/airflow/dags/main.py
[2026-05-15T15:56:43.625+0000] {processor.py:840} INFO - DAG(s) 'produce_json', 'update_staging_json', 'youtube_dwh_update' retrieved from /opt/airflow/dags/main.py
[2026-05-15T15:56:43.695+0000] {logging_mixin.py:188} INFO - [2026-05-15T15:56:43.695+0000] {dag.py:3096} INFO - Sync 3 DAGs
[2026-05-15T15:56:43.749+0000] {logging_mixin.py:188} INFO - [2026-05-15T15:56:43.749+0000] {dag.py:3954} INFO - Setting next_dagrun for produce_json to 2026-05-15 13:00:00+00:00, run_after=2026-05-16 13:00:00+00:00
[2026-05-15T15:56:43.761+0000] {logging_mixin.py:188} INFO - [2026-05-15T15:56:43.761+0000] {dag.py:3954} INFO - Setting next_dagrun for update_staging_json to 2026-05-15 13:00:00+00:00, run_after=2026-05-16 13:00:00+00:00
[2026-05-15T15:56:43.770+0000] {logging_mixin.py:188} INFO - [2026-05-15T15:56:43.769+0000] {dag.py:3954} INFO - Setting next_dagrun for youtube_dwh_update to 2026-05-15 13:30:00+00:00, run_after=2026-05-16 13:30:00+00:00
[2026-05-15T15:56:43.814+0000] {processor.py:183} INFO - Processing /opt/airflow/dags/main.py took 0.483 seconds
[2026-05-15T15:57:14.560+0000] {processor.py:161} INFO - Started process (PID=1277) to work on /opt/airflow/dags/main.py
[2026-05-15T15:57:14.563+0000] {processor.py:830} INFO - Processing file /opt/airflow/dags/main.py for tasks to queue
[2026-05-15T15:57:14.568+0000] {logging_mixin.py:188} INFO - [2026-05-15T15:57:14.567+0000] {dagbag.py:545} INFO - Filling up the DagBag from /opt/airflow/dags/main.py
[2026-05-15T15:57:14.827+0000] {processor.py:840} INFO - DAG(s) 'update_staging_json', 'youtube_dwh_update', 'produce_json' retrieved from /opt/airflow/dags/main.py
[2026-05-15T15:57:14.883+0000] {logging_mixin.py:188} INFO - [2026-05-15T15:57:14.882+0000] {dag.py:3096} INFO - Sync 3 DAGs
[2026-05-15T15:57:14.928+0000] {logging_mixin.py:188} INFO - [2026-05-15T15:57:14.928+0000] {dag.py:3954} INFO - Setting next_dagrun for produce_json to 2026-05-15 13:00:00+00:00, run_after=2026-05-16 13:00:00+00:00
[2026-05-15T15:57:14.939+0000] {logging_mixin.py:188} INFO - [2026-05-15T15:57:14.939+0000] {dag.py:3954} INFO - Setting next_dagrun for update_staging_json to 2026-05-15 13:00:00+00:00, run_after=2026-05-16 13:00:00+00:00
[2026-05-15T15:57:14.946+0000] {logging_mixin.py:188} INFO - [2026-05-15T15:57:14.945+0000] {dag.py:3954} INFO - Setting next_dagrun for youtube_dwh_update to 2026-05-15 13:30:00+00:00, run_after=2026-05-16 13:30:00+00:00
[2026-05-15T15:57:14.987+0000] {processor.py:183} INFO - Processing /opt/airflow/dags/main.py took 0.440 seconds
[2026-05-15T15:57:45.385+0000] {processor.py:161} INFO - Started process (PID=1283) to work on /opt/airflow/dags/main.py
[2026-05-15T15:57:45.387+0000] {processor.py:830} INFO - Processing file /opt/airflow/dags/main.py for tasks to queue
[2026-05-15T15:57:45.392+0000] {logging_mixin.py:188} INFO - [2026-05-15T15:57:45.391+0000] {dagbag.py:545} INFO - Filling up the DagBag from /opt/airflow/dags/main.py
[2026-05-15T15:57:45.616+0000] {processor.py:840} INFO - DAG(s) 'produce_json', 'update_staging_json', 'youtube_dwh_update' retrieved from /opt/airflow/dags/main.py
[2026-05-15T15:57:45.697+0000] {logging_mixin.py:188} INFO - [2026-05-15T15:57:45.696+0000] {dag.py:3096} INFO - Sync 3 DAGs
[2026-05-15T15:57:45.771+0000] {logging_mixin.py:188} INFO - [2026-05-15T15:57:45.770+0000] {dag.py:3954} INFO - Setting next_dagrun for produce_json to 2026-05-15 13:00:00+00:00, run_after=2026-05-16 13:00:00+00:00
[2026-05-15T15:57:45.787+0000] {logging_mixin.py:188} INFO - [2026-05-15T15:57:45.786+0000] {dag.py:3954} INFO - Setting next_dagrun for update_staging_json to 2026-05-15 13:00:00+00:00, run_after=2026-05-16 13:00:00+00:00
[2026-05-15T15:57:45.798+0000] {logging_mixin.py:188} INFO - [2026-05-15T15:57:45.798+0000] {dag.py:3954} INFO - Setting next_dagrun for youtube_dwh_update to 2026-05-15 13:30:00+00:00, run_after=2026-05-16 13:30:00+00:00
[2026-05-15T15:57:45.836+0000] {processor.py:183} INFO - Processing /opt/airflow/dags/main.py took 0.472 seconds
[2026-05-15T15:58:16.474+0000] {processor.py:161} INFO - Started process (PID=1290) to work on /opt/airflow/dags/main.py
[2026-05-15T15:58:16.477+0000] {processor.py:830} INFO - Processing file /opt/airflow/dags/main.py for tasks to queue
[2026-05-15T15:58:16.482+0000] {logging_mixin.py:188} INFO - [2026-05-15T15:58:16.481+0000] {dagbag.py:545} INFO - Filling up the DagBag from /opt/airflow/dags/main.py
[2026-05-15T15:58:16.707+0000] {processor.py:840} INFO - DAG(s) 'update_staging_json', 'youtube_dwh_update', 'produce_json' retrieved from /opt/airflow/dags/main.py
[2026-05-15T15:58:16.774+0000] {logging_mixin.py:188} INFO - [2026-05-15T15:58:16.772+0000] {dag.py:3096} INFO - Sync 3 DAGs
[2026-05-15T15:58:16.853+0000] {logging_mixin.py:188} INFO - [2026-05-15T15:58:16.853+0000] {dag.py:3954} INFO - Setting next_dagrun for produce_json to 2026-05-15 13:00:00+00:00, run_after=2026-05-16 13:00:00+00:00
[2026-05-15T15:58:16.868+0000] {logging_mixin.py:188} INFO - [2026-05-15T15:58:16.867+0000] {dag.py:3954} INFO - Setting next_dagrun for update_staging_json to 2026-05-15 13:00:00+00:00, run_after=2026-05-16 13:00:00+00:00
[2026-05-15T15:58:16.875+0000] {logging_mixin.py:188} INFO - [2026-05-15T15:58:16.874+0000] {dag.py:3954} INFO - Setting next_dagrun for youtube_dwh_update to 2026-05-15 13:30:00+00:00, run_after=2026-05-16 13:30:00+00:00
[2026-05-15T15:58:16.917+0000] {processor.py:183} INFO - Processing /opt/airflow/dags/main.py took 0.459 seconds
[2026-05-15T15:58:47.279+0000] {processor.py:161} INFO - Started process (PID=1298) to work on /opt/airflow/dags/main.py
[2026-05-15T15:58:47.282+0000] {processor.py:830} INFO - Processing file /opt/airflow/dags/main.py for tasks to queue
[2026-05-15T15:58:47.289+0000] {logging_mixin.py:188} INFO - [2026-05-15T15:58:47.288+0000] {dagbag.py:545} INFO - Filling up the DagBag from /opt/airflow/dags/main.py
[2026-05-15T15:58:47.563+0000] {processor.py:840} INFO - DAG(s) 'produce_json', 'update_staging_json', 'youtube_dwh_update' retrieved from /opt/airflow/dags/main.py
[2026-05-15T15:58:47.646+0000] {logging_mixin.py:188} INFO - [2026-05-15T15:58:47.646+0000] {dag.py:3096} INFO - Sync 3 DAGs
[2026-05-15T15:58:47.722+0000] {logging_mixin.py:188} INFO - [2026-05-15T15:58:47.721+0000] {dag.py:3954} INFO - Setting next_dagrun for produce_json to 2026-05-15 13:00:00+00:00, run_after=2026-05-16 13:00:00+00:00
[2026-05-15T15:58:47.739+0000] {logging_mixin.py:188} INFO - [2026-05-15T15:58:47.738+0000] {dag.py:3954} INFO - Setting next_dagrun for update_staging_json to 2026-05-15 13:00:00+00:00, run_after=2026-05-16 13:00:00+00:00
[2026-05-15T15:58:47.751+0000] {logging_mixin.py:188} INFO - [2026-05-15T15:58:47.750+0000] {dag.py:3954} INFO - Setting next_dagrun for youtube_dwh_update to 2026-05-15 13:30:00+00:00, run_after=2026-05-16 13:30:00+00:00
[2026-05-15T15:58:47.798+0000] {processor.py:183} INFO - Processing /opt/airflow/dags/main.py took 0.542 seconds
[2026-05-15T15:59:18.288+0000] {processor.py:161} INFO - Started process (PID=1305) to work on /opt/airflow/dags/main.py
[2026-05-15T15:59:18.291+0000] {processor.py:830} INFO - Processing file /opt/airflow/dags/main.py for tasks to queue
[2026-05-15T15:59:18.299+0000] {logging_mixin.py:188} INFO - [2026-05-15T15:59:18.298+0000] {dagbag.py:545} INFO - Filling up the DagBag from /opt/airflow/dags/main.py
[2026-05-15T15:59:18.571+0000] {processor.py:840} INFO - DAG(s) 'update_staging_json', 'youtube_dwh_update', 'produce_json' retrieved from /opt/airflow/dags/main.py
[2026-05-15T15:59:18.651+0000] {logging_mixin.py:188} INFO - [2026-05-15T15:59:18.651+0000] {dag.py:3096} INFO - Sync 3 DAGs
[2026-05-15T15:59:18.727+0000] {logging_mixin.py:188} INFO - [2026-05-15T15:59:18.726+0000] {dag.py:3954} INFO - Setting next_dagrun for produce_json to 2026-05-15 13:00:00+00:00, run_after=2026-05-16 13:00:00+00:00
[2026-05-15T15:59:18.753+0000] {logging_mixin.py:188} INFO - [2026-05-15T15:59:18.752+0000] {dag.py:3954} INFO - Setting next_dagrun for update_staging_json to 2026-05-15 13:00:00+00:00, run_after=2026-05-16 13:00:00+00:00
[2026-05-15T15:59:18.765+0000] {logging_mixin.py:188} INFO - [2026-05-15T15:59:18.765+0000] {dag.py:3954} INFO - Setting next_dagrun for youtube_dwh_update to 2026-05-15 13:30:00+00:00, run_after=2026-05-16 13:30:00+00:00
[2026-05-15T15:59:18.824+0000] {processor.py:183} INFO - Processing /opt/airflow/dags/main.py took 0.555 seconds
[2026-05-15T15:59:49.053+0000] {processor.py:161} INFO - Started process (PID=1312) to work on /opt/airflow/dags/main.py
[2026-05-15T15:59:49.056+0000] {processor.py:830} INFO - Processing file /opt/airflow/dags/main.py for tasks to queue
[2026-05-15T15:59:49.061+0000] {logging_mixin.py:188} INFO - [2026-05-15T15:59:49.060+0000] {dagbag.py:545} INFO - Filling up the DagBag from /opt/airflow/dags/main.py
[2026-05-15T15:59:49.318+0000] {processor.py:840} INFO - DAG(s) 'produce_json', 'update_staging_json', 'youtube_dwh_update' retrieved from /opt/airflow/dags/main.py
[2026-05-15T15:59:49.373+0000] {logging_mixin.py:188} INFO - [2026-05-15T15:59:49.373+0000] {dag.py:3096} INFO - Sync 3 DAGs
[2026-05-15T15:59:49.416+0000] {logging_mixin.py:188} INFO - [2026-05-15T15:59:49.415+0000] {dag.py:3954} INFO - Setting next_dagrun for produce_json to 2026-05-15 13:00:00+00:00, run_after=2026-05-16 13:00:00+00:00
[2026-05-15T15:59:49.428+0000] {logging_mixin.py:188} INFO - [2026-05-15T15:59:49.428+0000] {dag.py:3954} INFO - Setting next_dagrun for update_staging_json to 2026-05-15 13:00:00+00:00, run_after=2026-05-16 13:00:00+00:00
[2026-05-15T15:59:49.437+0000] {logging_mixin.py:188} INFO - [2026-05-15T15:59:49.436+0000] {dag.py:3954} INFO - Setting next_dagrun for youtube_dwh_update to 2026-05-15 13:30:00+00:00, run_after=2026-05-16 13:30:00+00:00
[2026-05-15T15:59:49.473+0000] {processor.py:183} INFO - Processing /opt/airflow/dags/main.py took 0.436 seconds
[2026-05-15T16:00:19.809+0000] {processor.py:161} INFO - Started process (PID=1319) to work on /opt/airflow/dags/main.py
[2026-05-15T16:00:19.811+0000] {processor.py:830} INFO - Processing file /opt/airflow/dags/main.py for tasks to queue
[2026-05-15T16:00:19.816+0000] {logging_mixin.py:188} INFO - [2026-05-15T16:00:19.815+0000] {dagbag.py:545} INFO - Filling up the DagBag from /opt/airflow/dags/main.py
[2026-05-15T16:00:20.212+0000] {processor.py:840} INFO - DAG(s) 'produce_json', 'update_staging_json', 'youtube_dwh_update' retrieved from /opt/airflow/dags/main.py
[2026-05-15T16:00:20.348+0000] {logging_mixin.py:188} INFO - [2026-05-15T16:00:20.348+0000] {dag.py:3096} INFO - Sync 3 DAGs
[2026-05-15T16:00:20.543+0000] {logging_mixin.py:188} INFO - [2026-05-15T16:00:20.542+0000] {dag.py:3954} INFO - Setting next_dagrun for produce_json to 2026-05-15 13:00:00+00:00, run_after=2026-05-16 13:00:00+00:00
[2026-05-15T16:00:20.572+0000] {logging_mixin.py:188} INFO - [2026-05-15T16:00:20.572+0000] {dag.py:3954} INFO - Setting next_dagrun for update_staging_json to 2026-05-15 13:00:00+00:00, run_after=2026-05-16 13:00:00+00:00
[2026-05-15T16:00:20.586+0000] {logging_mixin.py:188} INFO - [2026-05-15T16:00:20.585+0000] {dag.py:3954} INFO - Setting next_dagrun for youtube_dwh_update to 2026-05-15 13:30:00+00:00, run_after=2026-05-16 13:30:00+00:00
[2026-05-15T16:00:20.651+0000] {processor.py:183} INFO - Processing /opt/airflow/dags/main.py took 0.856 seconds
[2026-05-15T16:00:50.848+0000] {processor.py:161} INFO - Started process (PID=1326) to work on /opt/airflow/dags/main.py
[2026-05-15T16:00:50.850+0000] {processor.py:830} INFO - Processing file /opt/airflow/dags/main.py for tasks to queue
[2026-05-15T16:00:50.855+0000] {logging_mixin.py:188} INFO - [2026-05-15T16:00:50.854+0000] {dagbag.py:545} INFO - Filling up the DagBag from /opt/airflow/dags/main.py
[2026-05-15T16:00:51.086+0000] {processor.py:840} INFO - DAG(s) 'youtube_dwh_update', 'update_staging_json', 'produce_json' retrieved from /opt/airflow/dags/main.py
[2026-05-15T16:00:51.144+0000] {logging_mixin.py:188} INFO - [2026-05-15T16:00:51.143+0000] {dag.py:3096} INFO - Sync 3 DAGs
[2026-05-15T16:00:51.195+0000] {logging_mixin.py:188} INFO - [2026-05-15T16:00:51.195+0000] {dag.py:3954} INFO - Setting next_dagrun for produce_json to 2026-05-15 13:00:00+00:00, run_after=2026-05-16 13:00:00+00:00
[2026-05-15T16:00:51.205+0000] {logging_mixin.py:188} INFO - [2026-05-15T16:00:51.205+0000] {dag.py:3954} INFO - Setting next_dagrun for update_staging_json to 2026-05-15 13:00:00+00:00, run_after=2026-05-16 13:00:00+00:00
[2026-05-15T16:00:51.212+0000] {logging_mixin.py:188} INFO - [2026-05-15T16:00:51.212+0000] {dag.py:3954} INFO - Setting next_dagrun for youtube_dwh_update to 2026-05-15 13:30:00+00:00, run_after=2026-05-16 13:30:00+00:00
[2026-05-15T16:00:51.244+0000] {processor.py:183} INFO - Processing /opt/airflow/dags/main.py took 0.411 seconds
[2026-05-15T16:01:21.640+0000] {processor.py:161} INFO - Started process (PID=1333) to work on /opt/airflow/dags/main.py
[2026-05-15T16:01:21.644+0000] {processor.py:830} INFO - Processing file /opt/airflow/dags/main.py for tasks to queue
[2026-05-15T16:01:21.650+0000] {logging_mixin.py:188} INFO - [2026-05-15T16:01:21.649+0000] {dagbag.py:545} INFO - Filling up the DagBag from /opt/airflow/dags/main.py
[2026-05-15T16:01:21.919+0000] {processor.py:840} INFO - DAG(s) 'youtube_dwh_update', 'produce_json', 'update_staging_json' retrieved from /opt/airflow/dags/main.py
[2026-05-15T16:01:21.992+0000] {logging_mixin.py:188} INFO - [2026-05-15T16:01:21.991+0000] {dag.py:3096} INFO - Sync 3 DAGs
[2026-05-15T16:01:22.037+0000] {logging_mixin.py:188} INFO - [2026-05-15T16:01:22.037+0000] {dag.py:3954} INFO - Setting next_dagrun for produce_json to 2026-05-15 13:00:00+00:00, run_after=2026-05-16 13:00:00+00:00
[2026-05-15T16:01:22.052+0000] {logging_mixin.py:188} INFO - [2026-05-15T16:01:22.051+0000] {dag.py:3954} INFO - Setting next_dagrun for update_staging_json to 2026-05-15 13:00:00+00:00, run_after=2026-05-16 13:00:00+00:00
[2026-05-15T16:01:22.063+0000] {logging_mixin.py:188} INFO - [2026-05-15T16:01:22.062+0000] {dag.py:3954} INFO - Setting next_dagrun for youtube_dwh_update to 2026-05-15 13:30:00+00:00, run_after=2026-05-16 13:30:00+00:00
[2026-05-15T16:01:22.109+0000] {processor.py:183} INFO - Processing /opt/airflow/dags/main.py took 0.488 seconds
[2026-05-15T16:01:52.641+0000] {processor.py:161} INFO - Started process (PID=1340) to work on /opt/airflow/dags/main.py
[2026-05-15T16:01:52.644+0000] {processor.py:830} INFO - Processing file /opt/airflow/dags/main.py for tasks to queue
[2026-05-15T16:01:52.649+0000] {logging_mixin.py:188} INFO - [2026-05-15T16:01:52.648+0000] {dagbag.py:545} INFO - Filling up the DagBag from /opt/airflow/dags/main.py
[2026-05-15T16:01:52.964+0000] {processor.py:840} INFO - DAG(s) 'update_staging_json', 'produce_json', 'youtube_dwh_update' retrieved from /opt/airflow/dags/main.py
[2026-05-15T16:01:53.040+0000] {logging_mixin.py:188} INFO - [2026-05-15T16:01:53.039+0000] {dag.py:3096} INFO - Sync 3 DAGs
[2026-05-15T16:01:53.106+0000] {logging_mixin.py:188} INFO - [2026-05-15T16:01:53.106+0000] {dag.py:3954} INFO - Setting next_dagrun for produce_json to 2026-05-15 13:00:00+00:00, run_after=2026-05-16 13:00:00+00:00
[2026-05-15T16:01:53.123+0000] {logging_mixin.py:188} INFO - [2026-05-15T16:01:53.123+0000] {dag.py:3954} INFO - Setting next_dagrun for update_staging_json to 2026-05-15 13:00:00+00:00, run_after=2026-05-16 13:00:00+00:00
[2026-05-15T16:01:53.131+0000] {logging_mixin.py:188} INFO - [2026-05-15T16:01:53.131+0000] {dag.py:3954} INFO - Setting next_dagrun for youtube_dwh_update to 2026-05-15 13:30:00+00:00, run_after=2026-05-16 13:30:00+00:00
[2026-05-15T16:01:53.204+0000] {processor.py:183} INFO - Processing /opt/airflow/dags/main.py took 0.587 seconds
[2026-05-15T16:02:23.637+0000] {processor.py:161} INFO - Started process (PID=1347) to work on /opt/airflow/dags/main.py
[2026-05-15T16:02:23.640+0000] {processor.py:830} INFO - Processing file /opt/airflow/dags/main.py for tasks to queue
[2026-05-15T16:02:23.646+0000] {logging_mixin.py:188} INFO - [2026-05-15T16:02:23.646+0000] {dagbag.py:545} INFO - Filling up the DagBag from /opt/airflow/dags/main.py
[2026-05-15T16:02:23.902+0000] {processor.py:840} INFO - DAG(s) 'produce_json', 'youtube_dwh_update', 'update_staging_json' retrieved from /opt/airflow/dags/main.py
[2026-05-15T16:02:23.970+0000] {logging_mixin.py:188} INFO - [2026-05-15T16:02:23.969+0000] {dag.py:3096} INFO - Sync 3 DAGs
[2026-05-15T16:02:24.015+0000] {logging_mixin.py:188} INFO - [2026-05-15T16:02:24.015+0000] {dag.py:3954} INFO - Setting next_dagrun for produce_json to 2026-05-15 13:00:00+00:00, run_after=2026-05-16 13:00:00+00:00
[2026-05-15T16:02:24.026+0000] {logging_mixin.py:188} INFO - [2026-05-15T16:02:24.026+0000] {dag.py:3954} INFO - Setting next_dagrun for update_staging_json to 2026-05-15 13:00:00+00:00, run_after=2026-05-16 13:00:00+00:00
[2026-05-15T16:02:24.033+0000] {logging_mixin.py:188} INFO - [2026-05-15T16:02:24.032+0000] {dag.py:3954} INFO - Setting next_dagrun for youtube_dwh_update to 2026-05-15 13:30:00+00:00, run_after=2026-05-16 13:30:00+00:00
[2026-05-15T16:02:24.071+0000] {processor.py:183} INFO - Processing /opt/airflow/dags/main.py took 0.451 seconds
[2026-05-15T16:02:54.396+0000] {processor.py:161} INFO - Started process (PID=1354) to work on /opt/airflow/dags/main.py
[2026-05-15T16:02:54.399+0000] {processor.py:830} INFO - Processing file /opt/airflow/dags/main.py for tasks to queue
[2026-05-15T16:02:54.404+0000] {logging_mixin.py:188} INFO - [2026-05-15T16:02:54.403+0000] {dagbag.py:545} INFO - Filling up the DagBag from /opt/airflow/dags/main.py
[2026-05-15T16:02:54.670+0000] {processor.py:840} INFO - DAG(s) 'youtube_dwh_update', 'update_staging_json', 'produce_json' retrieved from /opt/airflow/dags/main.py
[2026-05-15T16:02:54.738+0000] {logging_mixin.py:188} INFO - [2026-05-15T16:02:54.737+0000] {dag.py:3096} INFO - Sync 3 DAGs
[2026-05-15T16:02:54.789+0000] {logging_mixin.py:188} INFO - [2026-05-15T16:02:54.788+0000] {dag.py:3954} INFO - Setting next_dagrun for produce_json to 2026-05-15 13:00:00+00:00, run_after=2026-05-16 13:00:00+00:00
[2026-05-15T16:02:54.804+0000] {logging_mixin.py:188} INFO - [2026-05-15T16:02:54.800+0000] {dag.py:3954} INFO - Setting next_dagrun for update_staging_json to 2026-05-15 13:00:00+00:00, run_after=2026-05-16 13:00:00+00:00
[2026-05-15T16:02:54.817+0000] {logging_mixin.py:188} INFO - [2026-05-15T16:02:54.817+0000] {dag.py:3954} INFO - Setting next_dagrun for youtube_dwh_update to 2026-05-15 13:30:00+00:00, run_after=2026-05-16 13:30:00+00:00
[2026-05-15T16:02:54.863+0000] {processor.py:183} INFO - Processing /opt/airflow/dags/main.py took 0.484 seconds
[2026-05-15T16:03:25.458+0000] {processor.py:161} INFO - Started process (PID=1361) to work on /opt/airflow/dags/main.py
[2026-05-15T16:03:25.463+0000] {processor.py:830} INFO - Processing file /opt/airflow/dags/main.py for tasks to queue
[2026-05-15T16:03:25.467+0000] {logging_mixin.py:188} INFO - [2026-05-15T16:03:25.467+0000] {dagbag.py:545} INFO - Filling up the DagBag from /opt/airflow/dags/main.py
[2026-05-15T16:03:25.681+0000] {processor.py:840} INFO - DAG(s) 'produce_json', 'update_staging_json', 'youtube_dwh_update' retrieved from /opt/airflow/dags/main.py
[2026-05-15T16:03:25.739+0000] {logging_mixin.py:188} INFO - [2026-05-15T16:03:25.739+0000] {dag.py:3096} INFO - Sync 3 DAGs
[2026-05-15T16:03:25.785+0000] {logging_mixin.py:188} INFO - [2026-05-15T16:03:25.785+0000] {dag.py:3954} INFO - Setting next_dagrun for produce_json to 2026-05-15 13:00:00+00:00, run_after=2026-05-16 13:00:00+00:00
[2026-05-15T16:03:25.795+0000] {logging_mixin.py:188} INFO - [2026-05-15T16:03:25.795+0000] {dag.py:3954} INFO - Setting next_dagrun for update_staging_json to 2026-05-15 13:00:00+00:00, run_after=2026-05-16 13:00:00+00:00
[2026-05-15T16:03:25.802+0000] {logging_mixin.py:188} INFO - [2026-05-15T16:03:25.802+0000] {dag.py:3954} INFO - Setting next_dagrun for youtube_dwh_update to 2026-05-15 13:30:00+00:00, run_after=2026-05-16 13:30:00+00:00
[2026-05-15T16:03:25.843+0000] {processor.py:183} INFO - Processing /opt/airflow/dags/main.py took 0.400 seconds
[2026-05-15T16:03:56.156+0000] {processor.py:161} INFO - Started process (PID=1368) to work on /opt/airflow/dags/main.py
[2026-05-15T16:03:56.159+0000] {processor.py:830} INFO - Processing file /opt/airflow/dags/main.py for tasks to queue
[2026-05-15T16:03:56.163+0000] {logging_mixin.py:188} INFO - [2026-05-15T16:03:56.163+0000] {dagbag.py:545} INFO - Filling up the DagBag from /opt/airflow/dags/main.py
[2026-05-15T16:03:56.414+0000] {processor.py:840} INFO - DAG(s) 'produce_json', 'youtube_dwh_update', 'update_staging_json' retrieved from /opt/airflow/dags/main.py
[2026-05-15T16:03:56.487+0000] {logging_mixin.py:188} INFO - [2026-05-15T16:03:56.486+0000] {dag.py:3096} INFO - Sync 3 DAGs
[2026-05-15T16:03:56.531+0000] {logging_mixin.py:188} INFO - [2026-05-15T16:03:56.531+0000] {dag.py:3954} INFO - Setting next_dagrun for produce_json to 2026-05-15 13:00:00+00:00, run_after=2026-05-16 13:00:00+00:00
[2026-05-15T16:03:56.541+0000] {logging_mixin.py:188} INFO - [2026-05-15T16:03:56.541+0000] {dag.py:3954} INFO - Setting next_dagrun for update_staging_json to 2026-05-15 13:00:00+00:00, run_after=2026-05-16 13:00:00+00:00
[2026-05-15T16:03:56.549+0000] {logging_mixin.py:188} INFO - [2026-05-15T16:03:56.549+0000] {dag.py:3954} INFO - Setting next_dagrun for youtube_dwh_update to 2026-05-15 13:30:00+00:00, run_after=2026-05-16 13:30:00+00:00
[2026-05-15T16:03:56.583+0000] {processor.py:183} INFO - Processing /opt/airflow/dags/main.py took 0.445 seconds
[2026-05-15T16:04:26.983+0000] {processor.py:161} INFO - Started process (PID=1375) to work on /opt/airflow/dags/main.py
[2026-05-15T16:04:26.986+0000] {processor.py:830} INFO - Processing file /opt/airflow/dags/main.py for tasks to queue
[2026-05-15T16:04:26.990+0000] {logging_mixin.py:188} INFO - [2026-05-15T16:04:26.989+0000] {dagbag.py:545} INFO - Filling up the DagBag from /opt/airflow/dags/main.py
[2026-05-15T16:04:27.229+0000] {processor.py:840} INFO - DAG(s) 'update_staging_json', 'produce_json', 'youtube_dwh_update' retrieved from /opt/airflow/dags/main.py
[2026-05-15T16:04:27.289+0000] {logging_mixin.py:188} INFO - [2026-05-15T16:04:27.288+0000] {dag.py:3096} INFO - Sync 3 DAGs
[2026-05-15T16:04:27.332+0000] {logging_mixin.py:188} INFO - [2026-05-15T16:04:27.332+0000] {dag.py:3954} INFO - Setting next_dagrun for produce_json to 2026-05-15 13:00:00+00:00, run_after=2026-05-16 13:00:00+00:00
[2026-05-15T16:04:27.342+0000] {logging_mixin.py:188} INFO - [2026-05-15T16:04:27.342+0000] {dag.py:3954} INFO - Setting next_dagrun for update_staging_json to 2026-05-15 13:00:00+00:00, run_after=2026-05-16 13:00:00+00:00
[2026-05-15T16:04:27.349+0000] {logging_mixin.py:188} INFO - [2026-05-15T16:04:27.349+0000] {dag.py:3954} INFO - Setting next_dagrun for youtube_dwh_update to 2026-05-15 13:30:00+00:00, run_after=2026-05-16 13:30:00+00:00
[2026-05-15T16:04:27.391+0000] {processor.py:183} INFO - Processing /opt/airflow/dags/main.py took 0.424 seconds
[2026-05-15T16:04:57.719+0000] {processor.py:161} INFO - Started process (PID=1382) to work on /opt/airflow/dags/main.py
[2026-05-15T16:04:57.722+0000] {processor.py:830} INFO - Processing file /opt/airflow/dags/main.py for tasks to queue
[2026-05-15T16:04:57.726+0000] {logging_mixin.py:188} INFO - [2026-05-15T16:04:57.725+0000] {dagbag.py:545} INFO - Filling up the DagBag from /opt/airflow/dags/main.py
[2026-05-15T16:04:57.967+0000] {processor.py:840} INFO - DAG(s) 'produce_json', 'youtube_dwh_update', 'update_staging_json' retrieved from /opt/airflow/dags/main.py
[2026-05-15T16:04:58.026+0000] {logging_mixin.py:188} INFO - [2026-05-15T16:04:58.025+0000] {dag.py:3096} INFO - Sync 3 DAGs
[2026-05-15T16:04:58.067+0000] {logging_mixin.py:188} INFO - [2026-05-15T16:04:58.067+0000] {dag.py:3954} INFO - Setting next_dagrun for produce_json to 2026-05-15 13:00:00+00:00, run_after=2026-05-16 13:00:00+00:00
[2026-05-15T16:04:58.078+0000] {logging_mixin.py:188} INFO - [2026-05-15T16:04:58.077+0000] {dag.py:3954} INFO - Setting next_dagrun for update_staging_json to 2026-05-15 13:00:00+00:00, run_after=2026-05-16 13:00:00+00:00
[2026-05-15T16:04:58.085+0000] {logging_mixin.py:188} INFO - [2026-05-15T16:04:58.085+0000] {dag.py:3954} INFO - Setting next_dagrun for youtube_dwh_update to 2026-05-15 13:30:00+00:00, run_after=2026-05-16 13:30:00+00:00
[2026-05-15T16:04:58.125+0000] {processor.py:183} INFO - Processing /opt/airflow/dags/main.py took 0.418 seconds
[2026-05-15T16:05:28.324+0000] {processor.py:161} INFO - Started process (PID=1389) to work on /opt/airflow/dags/main.py
[2026-05-15T16:05:28.326+0000] {processor.py:830} INFO - Processing file /opt/airflow/dags/main.py for tasks to queue
[2026-05-15T16:05:28.332+0000] {logging_mixin.py:188} INFO - [2026-05-15T16:05:28.331+0000] {dagbag.py:545} INFO - Filling up the DagBag from /opt/airflow/dags/main.py
[2026-05-15T16:05:28.593+0000] {processor.py:840} INFO - DAG(s) 'youtube_dwh_update', 'produce_json', 'update_staging_json' retrieved from /opt/airflow/dags/main.py
[2026-05-15T16:05:28.670+0000] {logging_mixin.py:188} INFO - [2026-05-15T16:05:28.670+0000] {dag.py:3096} INFO - Sync 3 DAGs
[2026-05-15T16:05:28.721+0000] {logging_mixin.py:188} INFO - [2026-05-15T16:05:28.720+0000] {dag.py:3954} INFO - Setting next_dagrun for produce_json to 2026-05-15 13:00:00+00:00, run_after=2026-05-16 13:00:00+00:00
[2026-05-15T16:05:28.736+0000] {logging_mixin.py:188} INFO - [2026-05-15T16:05:28.736+0000] {dag.py:3954} INFO - Setting next_dagrun for update_staging_json to 2026-05-15 13:00:00+00:00, run_after=2026-05-16 13:00:00+00:00
[2026-05-15T16:05:28.743+0000] {logging_mixin.py:188} INFO - [2026-05-15T16:05:28.742+0000] {dag.py:3954} INFO - Setting next_dagrun for youtube_dwh_update to 2026-05-15 13:30:00+00:00, run_after=2026-05-16 13:30:00+00:00
[2026-05-15T16:05:28.781+0000] {processor.py:183} INFO - Processing /opt/airflow/dags/main.py took 0.472 seconds
[2026-05-15T16:05:59.120+0000] {processor.py:161} INFO - Started process (PID=1396) to work on /opt/airflow/dags/main.py
[2026-05-15T16:05:59.124+0000] {processor.py:830} INFO - Processing file /opt/airflow/dags/main.py for tasks to queue
[2026-05-15T16:05:59.132+0000] {logging_mixin.py:188} INFO - [2026-05-15T16:05:59.131+0000] {dagbag.py:545} INFO - Filling up the DagBag from /opt/airflow/dags/main.py
[2026-05-15T16:05:59.497+0000] {processor.py:840} INFO - DAG(s) 'update_staging_json', 'youtube_dwh_update', 'produce_json' retrieved from /opt/airflow/dags/main.py
[2026-05-15T16:05:59.582+0000] {logging_mixin.py:188} INFO - [2026-05-15T16:05:59.582+0000] {dag.py:3096} INFO - Sync 3 DAGs
[2026-05-15T16:05:59.700+0000] {logging_mixin.py:188} INFO - [2026-05-15T16:05:59.699+0000] {dag.py:3954} INFO - Setting next_dagrun for produce_json to 2026-05-15 13:00:00+00:00, run_after=2026-05-16 13:00:00+00:00
[2026-05-15T16:05:59.724+0000] {logging_mixin.py:188} INFO - [2026-05-15T16:05:59.724+0000] {dag.py:3954} INFO - Setting next_dagrun for update_staging_json to 2026-05-15 13:00:00+00:00, run_after=2026-05-16 13:00:00+00:00
[2026-05-15T16:05:59.743+0000] {logging_mixin.py:188} INFO - [2026-05-15T16:05:59.742+0000] {dag.py:3954} INFO - Setting next_dagrun for youtube_dwh_update to 2026-05-15 13:30:00+00:00, run_after=2026-05-16 13:30:00+00:00
[2026-05-15T16:05:59.798+0000] {processor.py:183} INFO - Processing /opt/airflow/dags/main.py took 0.712 seconds
[2026-05-15T16:06:30.185+0000] {processor.py:161} INFO - Started process (PID=1403) to work on /opt/airflow/dags/main.py
[2026-05-15T16:06:30.225+0000] {processor.py:830} INFO - Processing file /opt/airflow/dags/main.py for tasks to queue
[2026-05-15T16:06:30.263+0000] {logging_mixin.py:188} INFO - [2026-05-15T16:06:30.262+0000] {dagbag.py:545} INFO - Filling up the DagBag from /opt/airflow/dags/main.py
[2026-05-15T16:06:31.236+0000] {processor.py:840} INFO - DAG(s) 'produce_json', 'update_staging_json', 'youtube_dwh_update' retrieved from /opt/airflow/dags/main.py
[2026-05-15T16:06:31.369+0000] {logging_mixin.py:188} INFO - [2026-05-15T16:06:31.364+0000] {dag.py:3096} INFO - Sync 3 DAGs
[2026-05-15T16:06:31.585+0000] {logging_mixin.py:188} INFO - [2026-05-15T16:06:31.584+0000] {dag.py:3954} INFO - Setting next_dagrun for produce_json to 2026-05-15 13:00:00+00:00, run_after=2026-05-16 13:00:00+00:00
[2026-05-15T16:06:31.603+0000] {logging_mixin.py:188} INFO - [2026-05-15T16:06:31.603+0000] {dag.py:3954} INFO - Setting next_dagrun for update_staging_json to 2026-05-15 13:00:00+00:00, run_after=2026-05-16 13:00:00+00:00
[2026-05-15T16:06:31.611+0000] {logging_mixin.py:188} INFO - [2026-05-15T16:06:31.610+0000] {dag.py:3954} INFO - Setting next_dagrun for youtube_dwh_update to 2026-05-15 13:30:00+00:00, run_after=2026-05-16 13:30:00+00:00
[2026-05-15T16:06:31.650+0000] {processor.py:183} INFO - Processing /opt/airflow/dags/main.py took 1.497 seconds
[2026-05-15T16:07:02.173+0000] {processor.py:161} INFO - Started process (PID=1410) to work on /opt/airflow/dags/main.py
[2026-05-15T16:07:02.176+0000] {processor.py:830} INFO - Processing file /opt/airflow/dags/main.py for tasks to queue
[2026-05-15T16:07:02.180+0000] {logging_mixin.py:188} INFO - [2026-05-15T16:07:02.179+0000] {dagbag.py:545} INFO - Filling up the DagBag from /opt/airflow/dags/main.py
[2026-05-15T16:07:02.476+0000] {processor.py:840} INFO - DAG(s) 'youtube_dwh_update', 'produce_json', 'update_staging_json' retrieved from /opt/airflow/dags/main.py
[2026-05-15T16:07:02.544+0000] {logging_mixin.py:188} INFO - [2026-05-15T16:07:02.544+0000] {dag.py:3096} INFO - Sync 3 DAGs
[2026-05-15T16:07:02.600+0000] {logging_mixin.py:188} INFO - [2026-05-15T16:07:02.599+0000] {dag.py:3954} INFO - Setting next_dagrun for produce_json to 2026-05-15 13:00:00+00:00, run_after=2026-05-16 13:00:00+00:00
[2026-05-15T16:07:02.615+0000] {logging_mixin.py:188} INFO - [2026-05-15T16:07:02.614+0000] {dag.py:3954} INFO - Setting next_dagrun for update_staging_json to 2026-05-15 13:00:00+00:00, run_after=2026-05-16 13:00:00+00:00
[2026-05-15T16:07:02.625+0000] {logging_mixin.py:188} INFO - [2026-05-15T16:07:02.624+0000] {dag.py:3954} INFO - Setting next_dagrun for youtube_dwh_update to 2026-05-15 13:30:00+00:00, run_after=2026-05-16 13:30:00+00:00
[2026-05-15T16:07:02.667+0000] {processor.py:183} INFO - Processing /opt/airflow/dags/main.py took 0.510 seconds
[2026-05-15T16:07:32.857+0000] {processor.py:161} INFO - Started process (PID=1417) to work on /opt/airflow/dags/main.py
[2026-05-15T16:07:32.860+0000] {processor.py:830} INFO - Processing file /opt/airflow/dags/main.py for tasks to queue
[2026-05-15T16:07:32.867+0000] {logging_mixin.py:188} INFO - [2026-05-15T16:07:32.866+0000] {dagbag.py:545} INFO - Filling up the DagBag from /opt/airflow/dags/main.py
[2026-05-15T16:07:33.170+0000] {processor.py:840} INFO - DAG(s) 'update_staging_json', 'produce_json', 'youtube_dwh_update' retrieved from /opt/airflow/dags/main.py
[2026-05-15T16:07:33.262+0000] {logging_mixin.py:188} INFO - [2026-05-15T16:07:33.261+0000] {dag.py:3096} INFO - Sync 3 DAGs
[2026-05-15T16:07:33.345+0000] {logging_mixin.py:188} INFO - [2026-05-15T16:07:33.344+0000] {dag.py:3954} INFO - Setting next_dagrun for produce_json to 2026-05-15 13:00:00+00:00, run_after=2026-05-16 13:00:00+00:00
[2026-05-15T16:07:33.360+0000] {logging_mixin.py:188} INFO - [2026-05-15T16:07:33.359+0000] {dag.py:3954} INFO - Setting next_dagrun for update_staging_json to 2026-05-15 13:00:00+00:00, run_after=2026-05-16 13:00:00+00:00
[2026-05-15T16:07:33.371+0000] {logging_mixin.py:188} INFO - [2026-05-15T16:07:33.371+0000] {dag.py:3954} INFO - Setting next_dagrun for youtube_dwh_update to 2026-05-15 13:30:00+00:00, run_after=2026-05-16 13:30:00+00:00
[2026-05-15T16:07:33.420+0000] {processor.py:183} INFO - Processing /opt/airflow/dags/main.py took 0.583 seconds
[2026-05-15T16:08:03.553+0000] {processor.py:161} INFO - Started process (PID=1424) to work on /opt/airflow/dags/main.py
[2026-05-15T16:08:03.555+0000] {processor.py:830} INFO - Processing file /opt/airflow/dags/main.py for tasks to queue
[2026-05-15T16:08:03.559+0000] {logging_mixin.py:188} INFO - [2026-05-15T16:08:03.559+0000] {dagbag.py:545} INFO - Filling up the DagBag from /opt/airflow/dags/main.py
[2026-05-15T16:08:03.798+0000] {processor.py:840} INFO - DAG(s) 'youtube_dwh_update', 'produce_json', 'update_staging_json' retrieved from /opt/airflow/dags/main.py
[2026-05-15T16:08:03.859+0000] {logging_mixin.py:188} INFO - [2026-05-15T16:08:03.859+0000] {dag.py:3096} INFO - Sync 3 DAGs
[2026-05-15T16:08:03.929+0000] {logging_mixin.py:188} INFO - [2026-05-15T16:08:03.928+0000] {dag.py:3954} INFO - Setting next_dagrun for produce_json to 2026-05-15 13:00:00+00:00, run_after=2026-05-16 13:00:00+00:00
[2026-05-15T16:08:03.947+0000] {logging_mixin.py:188} INFO - [2026-05-15T16:08:03.946+0000] {dag.py:3954} INFO - Setting next_dagrun for update_staging_json to 2026-05-15 13:00:00+00:00, run_after=2026-05-16 13:00:00+00:00
[2026-05-15T16:08:03.965+0000] {logging_mixin.py:188} INFO - [2026-05-15T16:08:03.964+0000] {dag.py:3954} INFO - Setting next_dagrun for youtube_dwh_update to 2026-05-15 13:30:00+00:00, run_after=2026-05-16 13:30:00+00:00
[2026-05-15T16:08:04.012+0000] {processor.py:183} INFO - Processing /opt/airflow/dags/main.py took 0.473 seconds
[2026-05-15T16:08:34.284+0000] {processor.py:161} INFO - Started process (PID=1431) to work on /opt/airflow/dags/main.py
[2026-05-15T16:08:34.287+0000] {processor.py:830} INFO - Processing file /opt/airflow/dags/main.py for tasks to queue
[2026-05-15T16:08:34.292+0000] {logging_mixin.py:188} INFO - [2026-05-15T16:08:34.291+0000] {dagbag.py:545} INFO - Filling up the DagBag from /opt/airflow/dags/main.py
[2026-05-15T16:08:34.493+0000] {processor.py:840} INFO - DAG(s) 'youtube_dwh_update', 'produce_json', 'update_staging_json' retrieved from /opt/airflow/dags/main.py
[2026-05-15T16:08:34.551+0000] {logging_mixin.py:188} INFO - [2026-05-15T16:08:34.551+0000] {dag.py:3096} INFO - Sync 3 DAGs
[2026-05-15T16:08:34.599+0000] {logging_mixin.py:188} INFO - [2026-05-15T16:08:34.599+0000] {dag.py:3954} INFO - Setting next_dagrun for produce_json to 2026-05-15 13:00:00+00:00, run_after=2026-05-16 13:00:00+00:00
[2026-05-15T16:08:34.610+0000] {logging_mixin.py:188} INFO - [2026-05-15T16:08:34.610+0000] {dag.py:3954} INFO - Setting next_dagrun for update_staging_json to 2026-05-15 13:00:00+00:00, run_after=2026-05-16 13:00:00+00:00
[2026-05-15T16:08:34.617+0000] {logging_mixin.py:188} INFO - [2026-05-15T16:08:34.617+0000] {dag.py:3954} INFO - Setting next_dagrun for youtube_dwh_update to 2026-05-15 13:30:00+00:00, run_after=2026-05-16 13:30:00+00:00
[2026-05-15T16:08:34.653+0000] {processor.py:183} INFO - Processing /opt/airflow/dags/main.py took 0.383 seconds
[2026-05-15T16:09:04.981+0000] {processor.py:161} INFO - Started process (PID=1438) to work on /opt/airflow/dags/main.py
[2026-05-15T16:09:04.984+0000] {processor.py:830} INFO - Processing file /opt/airflow/dags/main.py for tasks to queue
[2026-05-15T16:09:04.989+0000] {logging_mixin.py:188} INFO - [2026-05-15T16:09:04.989+0000] {dagbag.py:545} INFO - Filling up the DagBag from /opt/airflow/dags/main.py
[2026-05-15T16:09:05.221+0000] {processor.py:840} INFO - DAG(s) 'produce_json', 'youtube_dwh_update', 'update_staging_json' retrieved from /opt/airflow/dags/main.py
[2026-05-15T16:09:05.300+0000] {logging_mixin.py:188} INFO - [2026-05-15T16:09:05.299+0000] {dag.py:3096} INFO - Sync 3 DAGs
[2026-05-15T16:09:05.344+0000] {logging_mixin.py:188} INFO - [2026-05-15T16:09:05.344+0000] {dag.py:3954} INFO - Setting next_dagrun for produce_json to 2026-05-15 13:00:00+00:00, run_after=2026-05-16 13:00:00+00:00
[2026-05-15T16:09:05.357+0000] {logging_mixin.py:188} INFO - [2026-05-15T16:09:05.357+0000] {dag.py:3954} INFO - Setting next_dagrun for update_staging_json to 2026-05-15 13:00:00+00:00, run_after=2026-05-16 13:00:00+00:00
[2026-05-15T16:09:05.364+0000] {logging_mixin.py:188} INFO - [2026-05-15T16:09:05.364+0000] {dag.py:3954} INFO - Setting next_dagrun for youtube_dwh_update to 2026-05-15 13:30:00+00:00, run_after=2026-05-16 13:30:00+00:00
[2026-05-15T16:09:05.405+0000] {processor.py:183} INFO - Processing /opt/airflow/dags/main.py took 0.436 seconds
[2026-05-15T16:09:35.767+0000] {processor.py:161} INFO - Started process (PID=1445) to work on /opt/airflow/dags/main.py
[2026-05-15T16:09:35.770+0000] {processor.py:830} INFO - Processing file /opt/airflow/dags/main.py for tasks to queue
[2026-05-15T16:09:35.775+0000] {logging_mixin.py:188} INFO - [2026-05-15T16:09:35.774+0000] {dagbag.py:545} INFO - Filling up the DagBag from /opt/airflow/dags/main.py
[2026-05-15T16:09:36.027+0000] {processor.py:840} INFO - DAG(s) 'produce_json', 'youtube_dwh_update', 'update_staging_json' retrieved from /opt/airflow/dags/main.py
[2026-05-15T16:09:36.087+0000] {logging_mixin.py:188} INFO - [2026-05-15T16:09:36.086+0000] {dag.py:3096} INFO - Sync 3 DAGs
[2026-05-15T16:09:36.128+0000] {logging_mixin.py:188} INFO - [2026-05-15T16:09:36.128+0000] {dag.py:3954} INFO - Setting next_dagrun for produce_json to 2026-05-15 13:00:00+00:00, run_after=2026-05-16 13:00:00+00:00
[2026-05-15T16:09:36.139+0000] {logging_mixin.py:188} INFO - [2026-05-15T16:09:36.139+0000] {dag.py:3954} INFO - Setting next_dagrun for update_staging_json to 2026-05-15 13:00:00+00:00, run_after=2026-05-16 13:00:00+00:00
[2026-05-15T16:09:36.146+0000] {logging_mixin.py:188} INFO - [2026-05-15T16:09:36.146+0000] {dag.py:3954} INFO - Setting next_dagrun for youtube_dwh_update to 2026-05-15 13:30:00+00:00, run_after=2026-05-16 13:30:00+00:00
[2026-05-15T16:09:36.182+0000] {processor.py:183} INFO - Processing /opt/airflow/dags/main.py took 0.433 seconds
[2026-05-15T16:10:06.674+0000] {processor.py:161} INFO - Started process (PID=1452) to work on /opt/airflow/dags/main.py
[2026-05-15T16:10:06.677+0000] {processor.py:830} INFO - Processing file /opt/airflow/dags/main.py for tasks to queue
[2026-05-15T16:10:06.681+0000] {logging_mixin.py:188} INFO - [2026-05-15T16:10:06.680+0000] {dagbag.py:545} INFO - Filling up the DagBag from /opt/airflow/dags/main.py
[2026-05-15T16:10:06.937+0000] {processor.py:840} INFO - DAG(s) 'update_staging_json', 'produce_json', 'youtube_dwh_update' retrieved from /opt/airflow/dags/main.py
[2026-05-15T16:10:06.995+0000] {logging_mixin.py:188} INFO - [2026-05-15T16:10:06.995+0000] {dag.py:3096} INFO - Sync 3 DAGs
[2026-05-15T16:10:07.037+0000] {logging_mixin.py:188} INFO - [2026-05-15T16:10:07.037+0000] {dag.py:3954} INFO - Setting next_dagrun for produce_json to 2026-05-15 13:00:00+00:00, run_after=2026-05-16 13:00:00+00:00
[2026-05-15T16:10:07.048+0000] {logging_mixin.py:188} INFO - [2026-05-15T16:10:07.047+0000] {dag.py:3954} INFO - Setting next_dagrun for update_staging_json to 2026-05-15 13:00:00+00:00, run_after=2026-05-16 13:00:00+00:00
[2026-05-15T16:10:07.055+0000] {logging_mixin.py:188} INFO - [2026-05-15T16:10:07.054+0000] {dag.py:3954} INFO - Setting next_dagrun for youtube_dwh_update to 2026-05-15 13:30:00+00:00, run_after=2026-05-16 13:30:00+00:00
[2026-05-15T16:10:07.097+0000] {processor.py:183} INFO - Processing /opt/airflow/dags/main.py took 0.439 seconds
[2026-05-15T16:10:37.490+0000] {processor.py:161} INFO - Started process (PID=1459) to work on /opt/airflow/dags/main.py
[2026-05-15T16:10:37.492+0000] {processor.py:830} INFO - Processing file /opt/airflow/dags/main.py for tasks to queue
[2026-05-15T16:10:37.496+0000] {logging_mixin.py:188} INFO - [2026-05-15T16:10:37.496+0000] {dagbag.py:545} INFO - Filling up the DagBag from /opt/airflow/dags/main.py
[2026-05-15T16:10:37.759+0000] {processor.py:840} INFO - DAG(s) 'produce_json', 'youtube_dwh_update', 'update_staging_json' retrieved from /opt/airflow/dags/main.py
[2026-05-15T16:10:37.839+0000] {logging_mixin.py:188} INFO - [2026-05-15T16:10:37.838+0000] {dag.py:3096} INFO - Sync 3 DAGs
[2026-05-15T16:10:37.905+0000] {logging_mixin.py:188} INFO - [2026-05-15T16:10:37.904+0000] {dag.py:3954} INFO - Setting next_dagrun for produce_json to 2026-05-15 13:00:00+00:00, run_after=2026-05-16 13:00:00+00:00
[2026-05-15T16:10:37.927+0000] {logging_mixin.py:188} INFO - [2026-05-15T16:10:37.926+0000] {dag.py:3954} INFO - Setting next_dagrun for update_staging_json to 2026-05-15 13:00:00+00:00, run_after=2026-05-16 13:00:00+00:00
[2026-05-15T16:10:37.943+0000] {logging_mixin.py:188} INFO - [2026-05-15T16:10:37.942+0000] {dag.py:3954} INFO - Setting next_dagrun for youtube_dwh_update to 2026-05-15 13:30:00+00:00, run_after=2026-05-16 13:30:00+00:00
[2026-05-15T16:10:38.005+0000] {processor.py:183} INFO - Processing /opt/airflow/dags/main.py took 0.531 seconds
[2026-05-15T16:11:08.351+0000] {processor.py:161} INFO - Started process (PID=1466) to work on /opt/airflow/dags/main.py
[2026-05-15T16:11:08.354+0000] {processor.py:830} INFO - Processing file /opt/airflow/dags/main.py for tasks to queue
[2026-05-15T16:11:08.360+0000] {logging_mixin.py:188} INFO - [2026-05-15T16:11:08.359+0000] {dagbag.py:545} INFO - Filling up the DagBag from /opt/airflow/dags/main.py
[2026-05-15T16:11:08.614+0000] {processor.py:840} INFO - DAG(s) 'update_staging_json', 'produce_json', 'youtube_dwh_update' retrieved from /opt/airflow/dags/main.py
[2026-05-15T16:11:08.675+0000] {logging_mixin.py:188} INFO - [2026-05-15T16:11:08.675+0000] {dag.py:3096} INFO - Sync 3 DAGs
[2026-05-15T16:11:08.722+0000] {logging_mixin.py:188} INFO - [2026-05-15T16:11:08.722+0000] {dag.py:3954} INFO - Setting next_dagrun for produce_json to 2026-05-15 13:00:00+00:00, run_after=2026-05-16 13:00:00+00:00
[2026-05-15T16:11:08.735+0000] {logging_mixin.py:188} INFO - [2026-05-15T16:11:08.734+0000] {dag.py:3954} INFO - Setting next_dagrun for update_staging_json to 2026-05-15 13:00:00+00:00, run_after=2026-05-16 13:00:00+00:00
[2026-05-15T16:11:08.742+0000] {logging_mixin.py:188} INFO - [2026-05-15T16:11:08.741+0000] {dag.py:3954} INFO - Setting next_dagrun for youtube_dwh_update to 2026-05-15 13:30:00+00:00, run_after=2026-05-16 13:30:00+00:00
[2026-05-15T16:11:08.783+0000] {processor.py:183} INFO - Processing /opt/airflow/dags/main.py took 0.449 seconds
[2026-05-15T16:11:39.169+0000] {processor.py:161} INFO - Started process (PID=1479) to work on /opt/airflow/dags/main.py
[2026-05-15T16:11:39.175+0000] {processor.py:830} INFO - Processing file /opt/airflow/dags/main.py for tasks to queue
[2026-05-15T16:11:39.180+0000] {logging_mixin.py:188} INFO - [2026-05-15T16:11:39.180+0000] {dagbag.py:545} INFO - Filling up the DagBag from /opt/airflow/dags/main.py
[2026-05-15T16:11:39.466+0000] {processor.py:840} INFO - DAG(s) 'update_staging_json', 'produce_json', 'youtube_dwh_update' retrieved from /opt/airflow/dags/main.py
[2026-05-15T16:11:39.541+0000] {logging_mixin.py:188} INFO - [2026-05-15T16:11:39.541+0000] {dag.py:3096} INFO - Sync 3 DAGs
[2026-05-15T16:11:39.598+0000] {logging_mixin.py:188} INFO - [2026-05-15T16:11:39.598+0000] {dag.py:3954} INFO - Setting next_dagrun for produce_json to 2026-05-15 13:00:00+00:00, run_after=2026-05-16 13:00:00+00:00
[2026-05-15T16:11:39.611+0000] {logging_mixin.py:188} INFO - [2026-05-15T16:11:39.610+0000] {dag.py:3954} INFO - Setting next_dagrun for update_staging_json to 2026-05-15 13:00:00+00:00, run_after=2026-05-16 13:00:00+00:00
[2026-05-15T16:11:39.620+0000] {logging_mixin.py:188} INFO - [2026-05-15T16:11:39.619+0000] {dag.py:3954} INFO - Setting next_dagrun for youtube_dwh_update to 2026-05-15 13:30:00+00:00, run_after=2026-05-16 13:30:00+00:00
[2026-05-15T16:11:39.660+0000] {processor.py:183} INFO - Processing /opt/airflow/dags/main.py took 0.511 seconds
[2026-05-15T16:12:10.175+0000] {processor.py:161} INFO - Started process (PID=1486) to work on /opt/airflow/dags/main.py
[2026-05-15T16:12:10.178+0000] {processor.py:830} INFO - Processing file /opt/airflow/dags/main.py for tasks to queue
[2026-05-15T16:12:10.183+0000] {logging_mixin.py:188} INFO - [2026-05-15T16:12:10.183+0000] {dagbag.py:545} INFO - Filling up the DagBag from /opt/airflow/dags/main.py
[2026-05-15T16:12:10.421+0000] {processor.py:840} INFO - DAG(s) 'produce_json', 'youtube_dwh_update', 'update_staging_json' retrieved from /opt/airflow/dags/main.py
[2026-05-15T16:12:10.530+0000] {logging_mixin.py:188} INFO - [2026-05-15T16:12:10.530+0000] {dag.py:3096} INFO - Sync 3 DAGs
[2026-05-15T16:12:10.685+0000] {logging_mixin.py:188} INFO - [2026-05-15T16:12:10.684+0000] {dag.py:3954} INFO - Setting next_dagrun for produce_json to 2026-05-15 13:00:00+00:00, run_after=2026-05-16 13:00:00+00:00
[2026-05-15T16:12:10.707+0000] {logging_mixin.py:188} INFO - [2026-05-15T16:12:10.707+0000] {dag.py:3954} INFO - Setting next_dagrun for update_staging_json to 2026-05-15 13:00:00+00:00, run_after=2026-05-16 13:00:00+00:00
[2026-05-15T16:12:10.723+0000] {logging_mixin.py:188} INFO - [2026-05-15T16:12:10.723+0000] {dag.py:3954} INFO - Setting next_dagrun for youtube_dwh_update to 2026-05-15 13:30:00+00:00, run_after=2026-05-16 13:30:00+00:00
[2026-05-15T16:12:10.790+0000] {processor.py:183} INFO - Processing /opt/airflow/dags/main.py took 0.630 seconds
[2026-05-15T16:12:41.218+0000] {processor.py:161} INFO - Started process (PID=1494) to work on /opt/airflow/dags/main.py
[2026-05-15T16:12:41.230+0000] {processor.py:830} INFO - Processing file /opt/airflow/dags/main.py for tasks to queue
[2026-05-15T16:12:41.252+0000] {logging_mixin.py:188} INFO - [2026-05-15T16:12:41.251+0000] {dagbag.py:545} INFO - Filling up the DagBag from /opt/airflow/dags/main.py
[2026-05-15T16:12:41.782+0000] {processor.py:840} INFO - DAG(s) 'update_staging_json', 'youtube_dwh_update', 'produce_json' retrieved from /opt/airflow/dags/main.py
[2026-05-15T16:12:41.867+0000] {logging_mixin.py:188} INFO - [2026-05-15T16:12:41.866+0000] {dag.py:3096} INFO - Sync 3 DAGs
[2026-05-15T16:12:41.931+0000] {logging_mixin.py:188} INFO - [2026-05-15T16:12:41.930+0000] {dag.py:3954} INFO - Setting next_dagrun for produce_json to 2026-05-15 13:00:00+00:00, run_after=2026-05-16 13:00:00+00:00
[2026-05-15T16:12:41.950+0000] {logging_mixin.py:188} INFO - [2026-05-15T16:12:41.950+0000] {dag.py:3954} INFO - Setting next_dagrun for update_staging_json to 2026-05-15 13:00:00+00:00, run_after=2026-05-16 13:00:00+00:00
[2026-05-15T16:12:41.962+0000] {logging_mixin.py:188} INFO - [2026-05-15T16:12:41.962+0000] {dag.py:3954} INFO - Setting next_dagrun for youtube_dwh_update to 2026-05-15 13:30:00+00:00, run_after=2026-05-16 13:30:00+00:00
[2026-05-15T16:12:42.047+0000] {processor.py:183} INFO - Processing /opt/airflow/dags/main.py took 0.880 seconds
[2026-05-15T16:13:12.654+0000] {processor.py:161} INFO - Started process (PID=1501) to work on /opt/airflow/dags/main.py
[2026-05-15T16:13:12.657+0000] {processor.py:830} INFO - Processing file /opt/airflow/dags/main.py for tasks to queue
[2026-05-15T16:13:12.661+0000] {logging_mixin.py:188} INFO - [2026-05-15T16:13:12.660+0000] {dagbag.py:545} INFO - Filling up the DagBag from /opt/airflow/dags/main.py
[2026-05-15T16:13:12.907+0000] {processor.py:840} INFO - DAG(s) 'youtube_dwh_update', 'produce_json', 'update_staging_json' retrieved from /opt/airflow/dags/main.py
[2026-05-15T16:13:13.050+0000] {logging_mixin.py:188} INFO - [2026-05-15T16:13:13.049+0000] {dag.py:3096} INFO - Sync 3 DAGs
[2026-05-15T16:13:13.110+0000] {logging_mixin.py:188} INFO - [2026-05-15T16:13:13.110+0000] {dag.py:3954} INFO - Setting next_dagrun for produce_json to 2026-05-15 13:00:00+00:00, run_after=2026-05-16 13:00:00+00:00
[2026-05-15T16:13:13.123+0000] {logging_mixin.py:188} INFO - [2026-05-15T16:13:13.122+0000] {dag.py:3954} INFO - Setting next_dagrun for update_staging_json to 2026-05-15 13:00:00+00:00, run_after=2026-05-16 13:00:00+00:00
[2026-05-15T16:13:13.135+0000] {logging_mixin.py:188} INFO - [2026-05-15T16:13:13.134+0000] {dag.py:3954} INFO - Setting next_dagrun for youtube_dwh_update to 2026-05-15 13:30:00+00:00, run_after=2026-05-16 13:30:00+00:00
[2026-05-15T16:13:13.182+0000] {processor.py:183} INFO - Processing /opt/airflow/dags/main.py took 0.543 seconds
[2026-05-15T16:13:43.813+0000] {processor.py:161} INFO - Started process (PID=1508) to work on /opt/airflow/dags/main.py
[2026-05-15T16:13:43.817+0000] {processor.py:830} INFO - Processing file /opt/airflow/dags/main.py for tasks to queue
[2026-05-15T16:13:43.823+0000] {logging_mixin.py:188} INFO - [2026-05-15T16:13:43.822+0000] {dagbag.py:545} INFO - Filling up the DagBag from /opt/airflow/dags/main.py
[2026-05-15T16:13:44.139+0000] {processor.py:840} INFO - DAG(s) 'update_staging_json', 'youtube_dwh_update', 'produce_json' retrieved from /opt/airflow/dags/main.py
[2026-05-15T16:13:44.237+0000] {logging_mixin.py:188} INFO - [2026-05-15T16:13:44.236+0000] {dag.py:3096} INFO - Sync 3 DAGs
[2026-05-15T16:13:44.362+0000] {logging_mixin.py:188} INFO - [2026-05-15T16:13:44.361+0000] {dag.py:3954} INFO - Setting next_dagrun for produce_json to 2026-05-15 13:00:00+00:00, run_after=2026-05-16 13:00:00+00:00
[2026-05-15T16:13:44.388+0000] {logging_mixin.py:188} INFO - [2026-05-15T16:13:44.387+0000] {dag.py:3954} INFO - Setting next_dagrun for update_staging_json to 2026-05-15 13:00:00+00:00, run_after=2026-05-16 13:00:00+00:00
[2026-05-15T16:13:44.400+0000] {logging_mixin.py:188} INFO - [2026-05-15T16:13:44.399+0000] {dag.py:3954} INFO - Setting next_dagrun for youtube_dwh_update to 2026-05-15 13:30:00+00:00, run_after=2026-05-16 13:30:00+00:00
[2026-05-15T16:13:44.440+0000] {processor.py:183} INFO - Processing /opt/airflow/dags/main.py took 0.656 seconds
[2026-05-15T16:14:14.817+0000] {processor.py:161} INFO - Started process (PID=1515) to work on /opt/airflow/dags/main.py
[2026-05-15T16:14:14.819+0000] {processor.py:830} INFO - Processing file /opt/airflow/dags/main.py for tasks to queue
[2026-05-15T16:14:14.824+0000] {logging_mixin.py:188} INFO - [2026-05-15T16:14:14.823+0000] {dagbag.py:545} INFO - Filling up the DagBag from /opt/airflow/dags/main.py
[2026-05-15T16:14:15.121+0000] {processor.py:840} INFO - DAG(s) 'produce_json', 'youtube_dwh_update', 'update_staging_json' retrieved from /opt/airflow/dags/main.py
[2026-05-15T16:14:15.206+0000] {logging_mixin.py:188} INFO - [2026-05-15T16:14:15.206+0000] {dag.py:3096} INFO - Sync 3 DAGs
[2026-05-15T16:14:15.276+0000] {logging_mixin.py:188} INFO - [2026-05-15T16:14:15.275+0000] {dag.py:3954} INFO - Setting next_dagrun for produce_json to 2026-05-15 13:00:00+00:00, run_after=2026-05-16 13:00:00+00:00
[2026-05-15T16:14:15.289+0000] {logging_mixin.py:188} INFO - [2026-05-15T16:14:15.288+0000] {dag.py:3954} INFO - Setting next_dagrun for update_staging_json to 2026-05-15 13:00:00+00:00, run_after=2026-05-16 13:00:00+00:00
[2026-05-15T16:14:15.297+0000] {logging_mixin.py:188} INFO - [2026-05-15T16:14:15.296+0000] {dag.py:3954} INFO - Setting next_dagrun for youtube_dwh_update to 2026-05-15 13:30:00+00:00, run_after=2026-05-16 13:30:00+00:00
[2026-05-15T16:14:15.338+0000] {processor.py:183} INFO - Processing /opt/airflow/dags/main.py took 0.538 seconds
[2026-05-15T16:14:45.780+0000] {processor.py:161} INFO - Started process (PID=1522) to work on /opt/airflow/dags/main.py
[2026-05-15T16:14:45.783+0000] {processor.py:830} INFO - Processing file /opt/airflow/dags/main.py for tasks to queue
[2026-05-15T16:14:45.787+0000] {logging_mixin.py:188} INFO - [2026-05-15T16:14:45.786+0000] {dagbag.py:545} INFO - Filling up the DagBag from /opt/airflow/dags/main.py
[2026-05-15T16:14:46.024+0000] {processor.py:840} INFO - DAG(s) 'youtube_dwh_update', 'produce_json', 'update_staging_json' retrieved from /opt/airflow/dags/main.py
[2026-05-15T16:14:46.114+0000] {logging_mixin.py:188} INFO - [2026-05-15T16:14:46.114+0000] {dag.py:3096} INFO - Sync 3 DAGs
[2026-05-15T16:14:46.201+0000] {logging_mixin.py:188} INFO - [2026-05-15T16:14:46.200+0000] {dag.py:3954} INFO - Setting next_dagrun for produce_json to 2026-05-15 13:00:00+00:00, run_after=2026-05-16 13:00:00+00:00
[2026-05-15T16:14:46.216+0000] {logging_mixin.py:188} INFO - [2026-05-15T16:14:46.215+0000] {dag.py:3954} INFO - Setting next_dagrun for update_staging_json to 2026-05-15 13:00:00+00:00, run_after=2026-05-16 13:00:00+00:00
[2026-05-15T16:14:46.225+0000] {logging_mixin.py:188} INFO - [2026-05-15T16:14:46.224+0000] {dag.py:3954} INFO - Setting next_dagrun for youtube_dwh_update to 2026-05-15 13:30:00+00:00, run_after=2026-05-16 13:30:00+00:00
[2026-05-15T16:14:46.266+0000] {processor.py:183} INFO - Processing /opt/airflow/dags/main.py took 0.499 seconds
[2026-05-15T16:15:16.478+0000] {processor.py:161} INFO - Started process (PID=1529) to work on /opt/airflow/dags/main.py
[2026-05-15T16:15:16.482+0000] {processor.py:830} INFO - Processing file /opt/airflow/dags/main.py for tasks to queue
[2026-05-15T16:15:16.487+0000] {logging_mixin.py:188} INFO - [2026-05-15T16:15:16.486+0000] {dagbag.py:545} INFO - Filling up the DagBag from /opt/airflow/dags/main.py
[2026-05-15T16:15:16.785+0000] {processor.py:840} INFO - DAG(s) 'produce_json', 'youtube_dwh_update', 'update_staging_json' retrieved from /opt/airflow/dags/main.py
[2026-05-15T16:15:16.909+0000] {logging_mixin.py:188} INFO - [2026-05-15T16:15:16.908+0000] {dag.py:3096} INFO - Sync 3 DAGs
[2026-05-15T16:15:16.992+0000] {logging_mixin.py:188} INFO - [2026-05-15T16:15:16.992+0000] {dag.py:3954} INFO - Setting next_dagrun for produce_json to 2026-05-15 13:00:00+00:00, run_after=2026-05-16 13:00:00+00:00
[2026-05-15T16:15:17.020+0000] {logging_mixin.py:188} INFO - [2026-05-15T16:15:17.019+0000] {dag.py:3954} INFO - Setting next_dagrun for update_staging_json to 2026-05-15 13:00:00+00:00, run_after=2026-05-16 13:00:00+00:00
[2026-05-15T16:15:17.034+0000] {logging_mixin.py:188} INFO - [2026-05-15T16:15:17.034+0000] {dag.py:3954} INFO - Setting next_dagrun for youtube_dwh_update to 2026-05-15 13:30:00+00:00, run_after=2026-05-16 13:30:00+00:00
[2026-05-15T16:15:17.090+0000] {processor.py:183} INFO - Processing /opt/airflow/dags/main.py took 0.633 seconds
[2026-05-15T16:15:47.256+0000] {processor.py:161} INFO - Started process (PID=1536) to work on /opt/airflow/dags/main.py
[2026-05-15T16:15:47.260+0000] {processor.py:830} INFO - Processing file /opt/airflow/dags/main.py for tasks to queue
[2026-05-15T16:15:47.264+0000] {logging_mixin.py:188} INFO - [2026-05-15T16:15:47.263+0000] {dagbag.py:545} INFO - Filling up the DagBag from /opt/airflow/dags/main.py
[2026-05-15T16:15:47.459+0000] {processor.py:840} INFO - DAG(s) 'produce_json', 'youtube_dwh_update', 'update_staging_json' retrieved from /opt/airflow/dags/main.py
[2026-05-15T16:15:47.525+0000] {logging_mixin.py:188} INFO - [2026-05-15T16:15:47.525+0000] {dag.py:3096} INFO - Sync 3 DAGs
[2026-05-15T16:15:47.570+0000] {logging_mixin.py:188} INFO - [2026-05-15T16:15:47.569+0000] {dag.py:3954} INFO - Setting next_dagrun for produce_json to 2026-05-15 13:00:00+00:00, run_after=2026-05-16 13:00:00+00:00
[2026-05-15T16:15:47.579+0000] {logging_mixin.py:188} INFO - [2026-05-15T16:15:47.579+0000] {dag.py:3954} INFO - Setting next_dagrun for update_staging_json to 2026-05-15 13:00:00+00:00, run_after=2026-05-16 13:00:00+00:00
[2026-05-15T16:15:47.586+0000] {logging_mixin.py:188} INFO - [2026-05-15T16:15:47.585+0000] {dag.py:3954} INFO - Setting next_dagrun for youtube_dwh_update to 2026-05-15 13:30:00+00:00, run_after=2026-05-16 13:30:00+00:00
[2026-05-15T16:15:47.627+0000] {processor.py:183} INFO - Processing /opt/airflow/dags/main.py took 0.390 seconds
[2026-05-15T16:16:18.503+0000] {processor.py:161} INFO - Started process (PID=1543) to work on /opt/airflow/dags/main.py
[2026-05-15T16:16:18.506+0000] {processor.py:830} INFO - Processing file /opt/airflow/dags/main.py for tasks to queue
[2026-05-15T16:16:18.512+0000] {logging_mixin.py:188} INFO - [2026-05-15T16:16:18.511+0000] {dagbag.py:545} INFO - Filling up the DagBag from /opt/airflow/dags/main.py
[2026-05-15T16:16:18.747+0000] {processor.py:840} INFO - DAG(s) 'update_staging_json', 'produce_json', 'youtube_dwh_update' retrieved from /opt/airflow/dags/main.py
[2026-05-15T16:16:18.803+0000] {logging_mixin.py:188} INFO - [2026-05-15T16:16:18.803+0000] {dag.py:3096} INFO - Sync 3 DAGs
[2026-05-15T16:16:18.850+0000] {logging_mixin.py:188} INFO - [2026-05-15T16:16:18.849+0000] {dag.py:3954} INFO - Setting next_dagrun for produce_json to 2026-05-15 13:00:00+00:00, run_after=2026-05-16 13:00:00+00:00
[2026-05-15T16:16:18.863+0000] {logging_mixin.py:188} INFO - [2026-05-15T16:16:18.862+0000] {dag.py:3954} INFO - Setting next_dagrun for update_staging_json to 2026-05-15 13:00:00+00:00, run_after=2026-05-16 13:00:00+00:00
[2026-05-15T16:16:18.870+0000] {logging_mixin.py:188} INFO - [2026-05-15T16:16:18.870+0000] {dag.py:3954} INFO - Setting next_dagrun for youtube_dwh_update to 2026-05-15 13:30:00+00:00, run_after=2026-05-16 13:30:00+00:00
[2026-05-15T16:16:18.910+0000] {processor.py:183} INFO - Processing /opt/airflow/dags/main.py took 0.420 seconds
[2026-05-15T16:16:49.149+0000] {processor.py:161} INFO - Started process (PID=1550) to work on /opt/airflow/dags/main.py
[2026-05-15T16:16:49.152+0000] {processor.py:830} INFO - Processing file /opt/airflow/dags/main.py for tasks to queue
[2026-05-15T16:16:49.156+0000] {logging_mixin.py:188} INFO - [2026-05-15T16:16:49.156+0000] {dagbag.py:545} INFO - Filling up the DagBag from /opt/airflow/dags/main.py
[2026-05-15T16:16:49.380+0000] {processor.py:840} INFO - DAG(s) 'produce_json', 'youtube_dwh_update', 'update_staging_json' retrieved from /opt/airflow/dags/main.py
[2026-05-15T16:16:49.445+0000] {logging_mixin.py:188} INFO - [2026-05-15T16:16:49.444+0000] {dag.py:3096} INFO - Sync 3 DAGs
[2026-05-15T16:16:49.499+0000] {logging_mixin.py:188} INFO - [2026-05-15T16:16:49.498+0000] {dag.py:3954} INFO - Setting next_dagrun for produce_json to 2026-05-15 13:00:00+00:00, run_after=2026-05-16 13:00:00+00:00
[2026-05-15T16:16:49.509+0000] {logging_mixin.py:188} INFO - [2026-05-15T16:16:49.509+0000] {dag.py:3954} INFO - Setting next_dagrun for update_staging_json to 2026-05-15 13:00:00+00:00, run_after=2026-05-16 13:00:00+00:00
[2026-05-15T16:16:49.516+0000] {logging_mixin.py:188} INFO - [2026-05-15T16:16:49.515+0000] {dag.py:3954} INFO - Setting next_dagrun for youtube_dwh_update to 2026-05-15 13:30:00+00:00, run_after=2026-05-16 13:30:00+00:00
[2026-05-15T16:16:49.554+0000] {processor.py:183} INFO - Processing /opt/airflow/dags/main.py took 0.420 seconds
[2026-05-15T16:17:19.857+0000] {processor.py:161} INFO - Started process (PID=1557) to work on /opt/airflow/dags/main.py
[2026-05-15T16:17:19.860+0000] {processor.py:830} INFO - Processing file /opt/airflow/dags/main.py for tasks to queue
[2026-05-15T16:17:19.871+0000] {logging_mixin.py:188} INFO - [2026-05-15T16:17:19.870+0000] {dagbag.py:545} INFO - Filling up the DagBag from /opt/airflow/dags/main.py
[2026-05-15T16:17:20.166+0000] {processor.py:840} INFO - DAG(s) 'update_staging_json', 'produce_json', 'youtube_dwh_update' retrieved from /opt/airflow/dags/main.py
[2026-05-15T16:17:20.240+0000] {logging_mixin.py:188} INFO - [2026-05-15T16:17:20.239+0000] {dag.py:3096} INFO - Sync 3 DAGs
[2026-05-15T16:17:20.318+0000] {logging_mixin.py:188} INFO - [2026-05-15T16:17:20.317+0000] {dag.py:3954} INFO - Setting next_dagrun for produce_json to 2026-05-15 13:00:00+00:00, run_after=2026-05-16 13:00:00+00:00
[2026-05-15T16:17:20.333+0000] {logging_mixin.py:188} INFO - [2026-05-15T16:17:20.333+0000] {dag.py:3954} INFO - Setting next_dagrun for update_staging_json to 2026-05-15 13:00:00+00:00, run_after=2026-05-16 13:00:00+00:00
[2026-05-15T16:17:20.342+0000] {logging_mixin.py:188} INFO - [2026-05-15T16:17:20.341+0000] {dag.py:3954} INFO - Setting next_dagrun for youtube_dwh_update to 2026-05-15 13:30:00+00:00, run_after=2026-05-16 13:30:00+00:00
[2026-05-15T16:17:20.401+0000] {processor.py:183} INFO - Processing /opt/airflow/dags/main.py took 0.567 seconds
[2026-05-15T16:17:50.547+0000] {processor.py:161} INFO - Started process (PID=1564) to work on /opt/airflow/dags/main.py
[2026-05-15T16:17:50.551+0000] {processor.py:830} INFO - Processing file /opt/airflow/dags/main.py for tasks to queue
[2026-05-15T16:17:50.556+0000] {logging_mixin.py:188} INFO - [2026-05-15T16:17:50.556+0000] {dagbag.py:545} INFO - Filling up the DagBag from /opt/airflow/dags/main.py
[2026-05-15T16:17:50.997+0000] {processor.py:840} INFO - DAG(s) 'youtube_dwh_update', 'produce_json', 'update_staging_json' retrieved from /opt/airflow/dags/main.py
[2026-05-15T16:17:51.166+0000] {logging_mixin.py:188} INFO - [2026-05-15T16:17:51.165+0000] {dag.py:3096} INFO - Sync 3 DAGs
[2026-05-15T16:17:51.350+0000] {logging_mixin.py:188} INFO - [2026-05-15T16:17:51.349+0000] {dag.py:3954} INFO - Setting next_dagrun for produce_json to 2026-05-15 13:00:00+00:00, run_after=2026-05-16 13:00:00+00:00
[2026-05-15T16:17:51.420+0000] {logging_mixin.py:188} INFO - [2026-05-15T16:17:51.420+0000] {dag.py:3954} INFO - Setting next_dagrun for update_staging_json to 2026-05-15 13:00:00+00:00, run_after=2026-05-16 13:00:00+00:00
[2026-05-15T16:17:51.486+0000] {logging_mixin.py:188} INFO - [2026-05-15T16:17:51.486+0000] {dag.py:3954} INFO - Setting next_dagrun for youtube_dwh_update to 2026-05-15 13:30:00+00:00, run_after=2026-05-16 13:30:00+00:00
[2026-05-15T16:17:51.733+0000] {processor.py:183} INFO - Processing /opt/airflow/dags/main.py took 1.205 seconds
[2026-05-15T16:18:22.532+0000] {processor.py:161} INFO - Started process (PID=1571) to work on /opt/airflow/dags/main.py
[2026-05-15T16:18:22.545+0000] {processor.py:830} INFO - Processing file /opt/airflow/dags/main.py for tasks to queue
[2026-05-15T16:18:22.565+0000] {logging_mixin.py:188} INFO - [2026-05-15T16:18:22.564+0000] {dagbag.py:545} INFO - Filling up the DagBag from /opt/airflow/dags/main.py
[2026-05-15T16:18:23.149+0000] {processor.py:840} INFO - DAG(s) 'produce_json', 'youtube_dwh_update', 'update_staging_json' retrieved from /opt/airflow/dags/main.py
[2026-05-15T16:18:23.254+0000] {logging_mixin.py:188} INFO - [2026-05-15T16:18:23.253+0000] {dag.py:3096} INFO - Sync 3 DAGs
[2026-05-15T16:18:23.349+0000] {logging_mixin.py:188} INFO - [2026-05-15T16:18:23.349+0000] {dag.py:3954} INFO - Setting next_dagrun for produce_json to 2026-05-15 13:00:00+00:00, run_after=2026-05-16 13:00:00+00:00
[2026-05-15T16:18:23.366+0000] {logging_mixin.py:188} INFO - [2026-05-15T16:18:23.365+0000] {dag.py:3954} INFO - Setting next_dagrun for update_staging_json to 2026-05-15 13:00:00+00:00, run_after=2026-05-16 13:00:00+00:00
[2026-05-15T16:18:23.373+0000] {logging_mixin.py:188} INFO - [2026-05-15T16:18:23.372+0000] {dag.py:3954} INFO - Setting next_dagrun for youtube_dwh_update to 2026-05-15 13:30:00+00:00, run_after=2026-05-16 13:30:00+00:00
[2026-05-15T16:18:23.411+0000] {processor.py:183} INFO - Processing /opt/airflow/dags/main.py took 0.938 seconds
[2026-05-15T16:18:53.959+0000] {processor.py:161} INFO - Started process (PID=1578) to work on /opt/airflow/dags/main.py
[2026-05-15T16:18:53.962+0000] {processor.py:830} INFO - Processing file /opt/airflow/dags/main.py for tasks to queue
[2026-05-15T16:18:53.966+0000] {logging_mixin.py:188} INFO - [2026-05-15T16:18:53.965+0000] {dagbag.py:545} INFO - Filling up the DagBag from /opt/airflow/dags/main.py
[2026-05-15T16:18:54.174+0000] {processor.py:840} INFO - DAG(s) 'update_staging_json', 'youtube_dwh_update', 'produce_json' retrieved from /opt/airflow/dags/main.py
[2026-05-15T16:18:54.245+0000] {logging_mixin.py:188} INFO - [2026-05-15T16:18:54.244+0000] {dag.py:3096} INFO - Sync 3 DAGs
[2026-05-15T16:18:54.302+0000] {logging_mixin.py:188} INFO - [2026-05-15T16:18:54.301+0000] {dag.py:3954} INFO - Setting next_dagrun for produce_json to 2026-05-15 13:00:00+00:00, run_after=2026-05-16 13:00:00+00:00
[2026-05-15T16:18:54.312+0000] {logging_mixin.py:188} INFO - [2026-05-15T16:18:54.311+0000] {dag.py:3954} INFO - Setting next_dagrun for update_staging_json to 2026-05-15 13:00:00+00:00, run_after=2026-05-16 13:00:00+00:00
[2026-05-15T16:18:54.318+0000] {logging_mixin.py:188} INFO - [2026-05-15T16:18:54.318+0000] {dag.py:3954} INFO - Setting next_dagrun for youtube_dwh_update to 2026-05-15 13:30:00+00:00, run_after=2026-05-16 13:30:00+00:00
[2026-05-15T16:18:54.350+0000] {processor.py:183} INFO - Processing /opt/airflow/dags/main.py took 0.405 seconds
[2026-05-15T16:19:24.751+0000] {processor.py:161} INFO - Started process (PID=1585) to work on /opt/airflow/dags/main.py
[2026-05-15T16:19:24.753+0000] {processor.py:830} INFO - Processing file /opt/airflow/dags/main.py for tasks to queue
[2026-05-15T16:19:24.760+0000] {logging_mixin.py:188} INFO - [2026-05-15T16:19:24.759+0000] {dagbag.py:545} INFO - Filling up the DagBag from /opt/airflow/dags/main.py
[2026-05-15T16:19:25.029+0000] {processor.py:840} INFO - DAG(s) 'youtube_dwh_update', 'produce_json', 'update_staging_json' retrieved from /opt/airflow/dags/main.py
[2026-05-15T16:19:25.130+0000] {logging_mixin.py:188} INFO - [2026-05-15T16:19:25.130+0000] {dag.py:3096} INFO - Sync 3 DAGs
[2026-05-15T16:19:25.217+0000] {logging_mixin.py:188} INFO - [2026-05-15T16:19:25.215+0000] {dag.py:3954} INFO - Setting next_dagrun for produce_json to 2026-05-15 13:00:00+00:00, run_after=2026-05-16 13:00:00+00:00
[2026-05-15T16:19:25.234+0000] {logging_mixin.py:188} INFO - [2026-05-15T16:19:25.233+0000] {dag.py:3954} INFO - Setting next_dagrun for update_staging_json to 2026-05-15 13:00:00+00:00, run_after=2026-05-16 13:00:00+00:00
[2026-05-15T16:19:25.246+0000] {logging_mixin.py:188} INFO - [2026-05-15T16:19:25.246+0000] {dag.py:3954} INFO - Setting next_dagrun for youtube_dwh_update to 2026-05-15 13:30:00+00:00, run_after=2026-05-16 13:30:00+00:00
[2026-05-15T16:19:25.314+0000] {processor.py:183} INFO - Processing /opt/airflow/dags/main.py took 0.585 seconds
[2026-05-15T16:19:55.844+0000] {processor.py:161} INFO - Started process (PID=1592) to work on /opt/airflow/dags/main.py
[2026-05-15T16:19:55.847+0000] {processor.py:830} INFO - Processing file /opt/airflow/dags/main.py for tasks to queue
[2026-05-15T16:19:55.852+0000] {logging_mixin.py:188} INFO - [2026-05-15T16:19:55.852+0000] {dagbag.py:545} INFO - Filling up the DagBag from /opt/airflow/dags/main.py
[2026-05-15T16:19:56.227+0000] {processor.py:840} INFO - DAG(s) 'update_staging_json', 'youtube_dwh_update', 'produce_json' retrieved from /opt/airflow/dags/main.py
[2026-05-15T16:19:56.305+0000] {logging_mixin.py:188} INFO - [2026-05-15T16:19:56.304+0000] {dag.py:3096} INFO - Sync 3 DAGs
[2026-05-15T16:19:56.366+0000] {logging_mixin.py:188} INFO - [2026-05-15T16:19:56.365+0000] {dag.py:3954} INFO - Setting next_dagrun for produce_json to 2026-05-15 13:00:00+00:00, run_after=2026-05-16 13:00:00+00:00
[2026-05-15T16:19:56.378+0000] {logging_mixin.py:188} INFO - [2026-05-15T16:19:56.378+0000] {dag.py:3954} INFO - Setting next_dagrun for update_staging_json to 2026-05-15 13:00:00+00:00, run_after=2026-05-16 13:00:00+00:00
[2026-05-15T16:19:56.385+0000] {logging_mixin.py:188} INFO - [2026-05-15T16:19:56.384+0000] {dag.py:3954} INFO - Setting next_dagrun for youtube_dwh_update to 2026-05-15 13:30:00+00:00, run_after=2026-05-16 13:30:00+00:00
[2026-05-15T16:19:56.428+0000] {processor.py:183} INFO - Processing /opt/airflow/dags/main.py took 0.601 seconds
[2026-05-15T16:20:26.741+0000] {processor.py:161} INFO - Started process (PID=1599) to work on /opt/airflow/dags/main.py
[2026-05-15T16:20:26.743+0000] {processor.py:830} INFO - Processing file /opt/airflow/dags/main.py for tasks to queue
[2026-05-15T16:20:26.747+0000] {logging_mixin.py:188} INFO - [2026-05-15T16:20:26.747+0000] {dagbag.py:545} INFO - Filling up the DagBag from /opt/airflow/dags/main.py
[2026-05-15T16:20:26.987+0000] {processor.py:840} INFO - DAG(s) 'produce_json', 'youtube_dwh_update', 'update_staging_json' retrieved from /opt/airflow/dags/main.py
[2026-05-15T16:20:27.044+0000] {logging_mixin.py:188} INFO - [2026-05-15T16:20:27.043+0000] {dag.py:3096} INFO - Sync 3 DAGs
[2026-05-15T16:20:27.088+0000] {logging_mixin.py:188} INFO - [2026-05-15T16:20:27.087+0000] {dag.py:3954} INFO - Setting next_dagrun for produce_json to 2026-05-15 13:00:00+00:00, run_after=2026-05-16 13:00:00+00:00
[2026-05-15T16:20:27.098+0000] {logging_mixin.py:188} INFO - [2026-05-15T16:20:27.098+0000] {dag.py:3954} INFO - Setting next_dagrun for update_staging_json to 2026-05-15 13:00:00+00:00, run_after=2026-05-16 13:00:00+00:00
[2026-05-15T16:20:27.105+0000] {logging_mixin.py:188} INFO - [2026-05-15T16:20:27.105+0000] {dag.py:3954} INFO - Setting next_dagrun for youtube_dwh_update to 2026-05-15 13:30:00+00:00, run_after=2026-05-16 13:30:00+00:00
[2026-05-15T16:20:27.142+0000] {processor.py:183} INFO - Processing /opt/airflow/dags/main.py took 0.415 seconds
[2026-05-15T16:20:57.458+0000] {processor.py:161} INFO - Started process (PID=1606) to work on /opt/airflow/dags/main.py
[2026-05-15T16:20:57.461+0000] {processor.py:830} INFO - Processing file /opt/airflow/dags/main.py for tasks to queue
[2026-05-15T16:20:57.466+0000] {logging_mixin.py:188} INFO - [2026-05-15T16:20:57.465+0000] {dagbag.py:545} INFO - Filling up the DagBag from /opt/airflow/dags/main.py
[2026-05-15T16:20:57.727+0000] {processor.py:840} INFO - DAG(s) 'youtube_dwh_update', 'update_staging_json', 'produce_json' retrieved from /opt/airflow/dags/main.py
[2026-05-15T16:20:57.786+0000] {logging_mixin.py:188} INFO - [2026-05-15T16:20:57.786+0000] {dag.py:3096} INFO - Sync 3 DAGs
[2026-05-15T16:20:57.829+0000] {logging_mixin.py:188} INFO - [2026-05-15T16:20:57.829+0000] {dag.py:3954} INFO - Setting next_dagrun for produce_json to 2026-05-15 13:00:00+00:00, run_after=2026-05-16 13:00:00+00:00
[2026-05-15T16:20:57.839+0000] {logging_mixin.py:188} INFO - [2026-05-15T16:20:57.839+0000] {dag.py:3954} INFO - Setting next_dagrun for update_staging_json to 2026-05-15 13:00:00+00:00, run_after=2026-05-16 13:00:00+00:00
[2026-05-15T16:20:57.847+0000] {logging_mixin.py:188} INFO - [2026-05-15T16:20:57.846+0000] {dag.py:3954} INFO - Setting next_dagrun for youtube_dwh_update to 2026-05-15 13:30:00+00:00, run_after=2026-05-16 13:30:00+00:00
[2026-05-15T16:20:57.882+0000] {processor.py:183} INFO - Processing /opt/airflow/dags/main.py took 0.436 seconds
[2026-05-15T16:21:28.241+0000] {processor.py:161} INFO - Started process (PID=1613) to work on /opt/airflow/dags/main.py
[2026-05-15T16:21:28.244+0000] {processor.py:830} INFO - Processing file /opt/airflow/dags/main.py for tasks to queue
[2026-05-15T16:21:28.248+0000] {logging_mixin.py:188} INFO - [2026-05-15T16:21:28.248+0000] {dagbag.py:545} INFO - Filling up the DagBag from /opt/airflow/dags/main.py
[2026-05-15T16:21:28.467+0000] {processor.py:840} INFO - DAG(s) 'youtube_dwh_update', 'produce_json', 'update_staging_json' retrieved from /opt/airflow/dags/main.py
[2026-05-15T16:21:28.534+0000] {logging_mixin.py:188} INFO - [2026-05-15T16:21:28.534+0000] {dag.py:3096} INFO - Sync 3 DAGs
[2026-05-15T16:21:28.585+0000] {logging_mixin.py:188} INFO - [2026-05-15T16:21:28.584+0000] {dag.py:3954} INFO - Setting next_dagrun for produce_json to 2026-05-15 13:00:00+00:00, run_after=2026-05-16 13:00:00+00:00
[2026-05-15T16:21:28.599+0000] {logging_mixin.py:188} INFO - [2026-05-15T16:21:28.598+0000] {dag.py:3954} INFO - Setting next_dagrun for update_staging_json to 2026-05-15 13:00:00+00:00, run_after=2026-05-16 13:00:00+00:00
[2026-05-15T16:21:28.608+0000] {logging_mixin.py:188} INFO - [2026-05-15T16:21:28.608+0000] {dag.py:3954} INFO - Setting next_dagrun for youtube_dwh_update to 2026-05-15 13:30:00+00:00, run_after=2026-05-16 13:30:00+00:00
[2026-05-15T16:21:28.651+0000] {processor.py:183} INFO - Processing /opt/airflow/dags/main.py took 0.428 seconds
[2026-05-15T16:21:58.983+0000] {processor.py:161} INFO - Started process (PID=1620) to work on /opt/airflow/dags/main.py
[2026-05-15T16:21:58.986+0000] {processor.py:830} INFO - Processing file /opt/airflow/dags/main.py for tasks to queue
[2026-05-15T16:21:58.990+0000] {logging_mixin.py:188} INFO - [2026-05-15T16:21:58.989+0000] {dagbag.py:545} INFO - Filling up the DagBag from /opt/airflow/dags/main.py
[2026-05-15T16:21:59.240+0000] {processor.py:840} INFO - DAG(s) 'youtube_dwh_update', 'produce_json', 'update_staging_json' retrieved from /opt/airflow/dags/main.py
[2026-05-15T16:21:59.297+0000] {logging_mixin.py:188} INFO - [2026-05-15T16:21:59.297+0000] {dag.py:3096} INFO - Sync 3 DAGs
[2026-05-15T16:21:59.340+0000] {logging_mixin.py:188} INFO - [2026-05-15T16:21:59.339+0000] {dag.py:3954} INFO - Setting next_dagrun for produce_json to 2026-05-15 13:00:00+00:00, run_after=2026-05-16 13:00:00+00:00
[2026-05-15T16:21:59.350+0000] {logging_mixin.py:188} INFO - [2026-05-15T16:21:59.349+0000] {dag.py:3954} INFO - Setting next_dagrun for update_staging_json to 2026-05-15 13:00:00+00:00, run_after=2026-05-16 13:00:00+00:00
[2026-05-15T16:21:59.356+0000] {logging_mixin.py:188} INFO - [2026-05-15T16:21:59.356+0000] {dag.py:3954} INFO - Setting next_dagrun for youtube_dwh_update to 2026-05-15 13:30:00+00:00, run_after=2026-05-16 13:30:00+00:00
[2026-05-15T16:21:59.397+0000] {processor.py:183} INFO - Processing /opt/airflow/dags/main.py took 0.428 seconds
[2026-05-15T16:22:29.716+0000] {processor.py:161} INFO - Started process (PID=1627) to work on /opt/airflow/dags/main.py
[2026-05-15T16:22:29.718+0000] {processor.py:830} INFO - Processing file /opt/airflow/dags/main.py for tasks to queue
[2026-05-15T16:22:29.723+0000] {logging_mixin.py:188} INFO - [2026-05-15T16:22:29.722+0000] {dagbag.py:545} INFO - Filling up the DagBag from /opt/airflow/dags/main.py
[2026-05-15T16:22:29.984+0000] {processor.py:840} INFO - DAG(s) 'produce_json', 'youtube_dwh_update', 'update_staging_json' retrieved from /opt/airflow/dags/main.py
[2026-05-15T16:22:30.038+0000] {logging_mixin.py:188} INFO - [2026-05-15T16:22:30.038+0000] {dag.py:3096} INFO - Sync 3 DAGs
[2026-05-15T16:22:30.080+0000] {logging_mixin.py:188} INFO - [2026-05-15T16:22:30.079+0000] {dag.py:3954} INFO - Setting next_dagrun for produce_json to 2026-05-15 13:00:00+00:00, run_after=2026-05-16 13:00:00+00:00
[2026-05-15T16:22:30.089+0000] {logging_mixin.py:188} INFO - [2026-05-15T16:22:30.089+0000] {dag.py:3954} INFO - Setting next_dagrun for update_staging_json to 2026-05-15 13:00:00+00:00, run_after=2026-05-16 13:00:00+00:00
[2026-05-15T16:22:30.097+0000] {logging_mixin.py:188} INFO - [2026-05-15T16:22:30.097+0000] {dag.py:3954} INFO - Setting next_dagrun for youtube_dwh_update to 2026-05-15 13:30:00+00:00, run_after=2026-05-16 13:30:00+00:00
[2026-05-15T16:22:30.133+0000] {processor.py:183} INFO - Processing /opt/airflow/dags/main.py took 0.430 seconds
[2026-05-15T16:23:00.640+0000] {processor.py:161} INFO - Started process (PID=1634) to work on /opt/airflow/dags/main.py
[2026-05-15T16:23:00.643+0000] {processor.py:830} INFO - Processing file /opt/airflow/dags/main.py for tasks to queue
[2026-05-15T16:23:00.651+0000] {logging_mixin.py:188} INFO - [2026-05-15T16:23:00.649+0000] {dagbag.py:545} INFO - Filling up the DagBag from /opt/airflow/dags/main.py
[2026-05-15T16:23:00.895+0000] {processor.py:840} INFO - DAG(s) 'update_staging_json', 'youtube_dwh_update', 'produce_json' retrieved from /opt/airflow/dags/main.py
[2026-05-15T16:23:00.962+0000] {logging_mixin.py:188} INFO - [2026-05-15T16:23:00.961+0000] {dag.py:3096} INFO - Sync 3 DAGs
[2026-05-15T16:23:01.038+0000] {logging_mixin.py:188} INFO - [2026-05-15T16:23:01.037+0000] {dag.py:3954} INFO - Setting next_dagrun for produce_json to 2026-05-15 13:00:00+00:00, run_after=2026-05-16 13:00:00+00:00
[2026-05-15T16:23:01.117+0000] {logging_mixin.py:188} INFO - [2026-05-15T16:23:01.117+0000] {dag.py:3954} INFO - Setting next_dagrun for update_staging_json to 2026-05-15 13:00:00+00:00, run_after=2026-05-16 13:00:00+00:00
[2026-05-15T16:23:01.158+0000] {logging_mixin.py:188} INFO - [2026-05-15T16:23:01.147+0000] {dag.py:3954} INFO - Setting next_dagrun for youtube_dwh_update to 2026-05-15 13:30:00+00:00, run_after=2026-05-16 13:30:00+00:00
[2026-05-15T16:23:01.278+0000] {processor.py:183} INFO - Processing /opt/airflow/dags/main.py took 0.656 seconds
[2026-05-15T16:23:31.907+0000] {processor.py:161} INFO - Started process (PID=1641) to work on /opt/airflow/dags/main.py
[2026-05-15T16:23:31.910+0000] {processor.py:830} INFO - Processing file /opt/airflow/dags/main.py for tasks to queue
[2026-05-15T16:23:31.916+0000] {logging_mixin.py:188} INFO - [2026-05-15T16:23:31.914+0000] {dagbag.py:545} INFO - Filling up the DagBag from /opt/airflow/dags/main.py
[2026-05-15T16:23:32.693+0000] {processor.py:840} INFO - DAG(s) 'produce_json', 'youtube_dwh_update', 'update_staging_json' retrieved from /opt/airflow/dags/main.py
[2026-05-15T16:23:32.847+0000] {logging_mixin.py:188} INFO - [2026-05-15T16:23:32.846+0000] {dag.py:3096} INFO - Sync 3 DAGs
[2026-05-15T16:23:32.946+0000] {logging_mixin.py:188} INFO - [2026-05-15T16:23:32.946+0000] {dag.py:3954} INFO - Setting next_dagrun for produce_json to 2026-05-15 13:00:00+00:00, run_after=2026-05-16 13:00:00+00:00
[2026-05-15T16:23:32.961+0000] {logging_mixin.py:188} INFO - [2026-05-15T16:23:32.960+0000] {dag.py:3954} INFO - Setting next_dagrun for update_staging_json to 2026-05-15 13:00:00+00:00, run_after=2026-05-16 13:00:00+00:00
[2026-05-15T16:23:32.973+0000] {logging_mixin.py:188} INFO - [2026-05-15T16:23:32.972+0000] {dag.py:3954} INFO - Setting next_dagrun for youtube_dwh_update to 2026-05-15 13:30:00+00:00, run_after=2026-05-16 13:30:00+00:00
[2026-05-15T16:23:33.030+0000] {processor.py:183} INFO - Processing /opt/airflow/dags/main.py took 1.146 seconds
[2026-05-15T16:24:03.550+0000] {processor.py:161} INFO - Started process (PID=1648) to work on /opt/airflow/dags/main.py
[2026-05-15T16:24:03.552+0000] {processor.py:830} INFO - Processing file /opt/airflow/dags/main.py for tasks to queue
[2026-05-15T16:24:03.557+0000] {logging_mixin.py:188} INFO - [2026-05-15T16:24:03.556+0000] {dagbag.py:545} INFO - Filling up the DagBag from /opt/airflow/dags/main.py
[2026-05-15T16:24:04.266+0000] {processor.py:840} INFO - DAG(s) 'update_staging_json', 'youtube_dwh_update', 'produce_json' retrieved from /opt/airflow/dags/main.py
[2026-05-15T16:24:04.390+0000] {logging_mixin.py:188} INFO - [2026-05-15T16:24:04.389+0000] {dag.py:3096} INFO - Sync 3 DAGs
[2026-05-15T16:24:04.500+0000] {logging_mixin.py:188} INFO - [2026-05-15T16:24:04.499+0000] {dag.py:3954} INFO - Setting next_dagrun for produce_json to 2026-05-15 13:00:00+00:00, run_after=2026-05-16 13:00:00+00:00
[2026-05-15T16:24:04.522+0000] {logging_mixin.py:188} INFO - [2026-05-15T16:24:04.521+0000] {dag.py:3954} INFO - Setting next_dagrun for update_staging_json to 2026-05-15 13:00:00+00:00, run_after=2026-05-16 13:00:00+00:00
[2026-05-15T16:24:04.533+0000] {logging_mixin.py:188} INFO - [2026-05-15T16:24:04.533+0000] {dag.py:3954} INFO - Setting next_dagrun for youtube_dwh_update to 2026-05-15 13:30:00+00:00, run_after=2026-05-16 13:30:00+00:00
[2026-05-15T16:24:04.644+0000] {processor.py:183} INFO - Processing /opt/airflow/dags/main.py took 1.100 seconds
[2026-05-15T16:24:35.019+0000] {processor.py:161} INFO - Started process (PID=1655) to work on /opt/airflow/dags/main.py
[2026-05-15T16:24:35.027+0000] {processor.py:830} INFO - Processing file /opt/airflow/dags/main.py for tasks to queue
[2026-05-15T16:24:35.033+0000] {logging_mixin.py:188} INFO - [2026-05-15T16:24:35.032+0000] {dagbag.py:545} INFO - Filling up the DagBag from /opt/airflow/dags/main.py
[2026-05-15T16:24:35.290+0000] {processor.py:840} INFO - DAG(s) 'update_staging_json', 'produce_json', 'youtube_dwh_update' retrieved from /opt/airflow/dags/main.py
[2026-05-15T16:24:35.361+0000] {logging_mixin.py:188} INFO - [2026-05-15T16:24:35.360+0000] {dag.py:3096} INFO - Sync 3 DAGs
[2026-05-15T16:24:35.432+0000] {logging_mixin.py:188} INFO - [2026-05-15T16:24:35.432+0000] {dag.py:3954} INFO - Setting next_dagrun for produce_json to 2026-05-15 13:00:00+00:00, run_after=2026-05-16 13:00:00+00:00
[2026-05-15T16:24:35.460+0000] {logging_mixin.py:188} INFO - [2026-05-15T16:24:35.459+0000] {dag.py:3954} INFO - Setting next_dagrun for update_staging_json to 2026-05-15 13:00:00+00:00, run_after=2026-05-16 13:00:00+00:00
[2026-05-15T16:24:35.481+0000] {logging_mixin.py:188} INFO - [2026-05-15T16:24:35.481+0000] {dag.py:3954} INFO - Setting next_dagrun for youtube_dwh_update to 2026-05-15 13:30:00+00:00, run_after=2026-05-16 13:30:00+00:00
[2026-05-15T16:24:35.528+0000] {processor.py:183} INFO - Processing /opt/airflow/dags/main.py took 0.527 seconds
[2026-05-15T16:25:05.781+0000] {processor.py:161} INFO - Started process (PID=1662) to work on /opt/airflow/dags/main.py
[2026-05-15T16:25:05.784+0000] {processor.py:830} INFO - Processing file /opt/airflow/dags/main.py for tasks to queue
[2026-05-15T16:25:05.789+0000] {logging_mixin.py:188} INFO - [2026-05-15T16:25:05.788+0000] {dagbag.py:545} INFO - Filling up the DagBag from /opt/airflow/dags/main.py
[2026-05-15T16:25:06.269+0000] {processor.py:840} INFO - DAG(s) 'produce_json', 'youtube_dwh_update', 'update_staging_json' retrieved from /opt/airflow/dags/main.py
[2026-05-15T16:25:06.546+0000] {logging_mixin.py:188} INFO - [2026-05-15T16:25:06.545+0000] {dag.py:3096} INFO - Sync 3 DAGs
[2026-05-15T16:25:06.643+0000] {logging_mixin.py:188} INFO - [2026-05-15T16:25:06.642+0000] {dag.py:3954} INFO - Setting next_dagrun for produce_json to 2026-05-15 13:00:00+00:00, run_after=2026-05-16 13:00:00+00:00
[2026-05-15T16:25:06.656+0000] {logging_mixin.py:188} INFO - [2026-05-15T16:25:06.656+0000] {dag.py:3954} INFO - Setting next_dagrun for update_staging_json to 2026-05-15 13:00:00+00:00, run_after=2026-05-16 13:00:00+00:00
[2026-05-15T16:25:06.670+0000] {logging_mixin.py:188} INFO - [2026-05-15T16:25:06.669+0000] {dag.py:3954} INFO - Setting next_dagrun for youtube_dwh_update to 2026-05-15 13:30:00+00:00, run_after=2026-05-16 13:30:00+00:00
[2026-05-15T16:25:06.736+0000] {processor.py:183} INFO - Processing /opt/airflow/dags/main.py took 0.976 seconds
[2026-05-15T16:25:37.113+0000] {processor.py:161} INFO - Started process (PID=1669) to work on /opt/airflow/dags/main.py
[2026-05-15T16:25:37.116+0000] {processor.py:830} INFO - Processing file /opt/airflow/dags/main.py for tasks to queue
[2026-05-15T16:25:37.122+0000] {logging_mixin.py:188} INFO - [2026-05-15T16:25:37.120+0000] {dagbag.py:545} INFO - Filling up the DagBag from /opt/airflow/dags/main.py
[2026-05-15T16:25:37.354+0000] {processor.py:840} INFO - DAG(s) 'update_staging_json', 'youtube_dwh_update', 'produce_json' retrieved from /opt/airflow/dags/main.py
[2026-05-15T16:25:37.411+0000] {logging_mixin.py:188} INFO - [2026-05-15T16:25:37.411+0000] {dag.py:3096} INFO - Sync 3 DAGs
[2026-05-15T16:25:37.474+0000] {logging_mixin.py:188} INFO - [2026-05-15T16:25:37.474+0000] {dag.py:3954} INFO - Setting next_dagrun for produce_json to 2026-05-15 13:00:00+00:00, run_after=2026-05-16 13:00:00+00:00
[2026-05-15T16:25:37.489+0000] {logging_mixin.py:188} INFO - [2026-05-15T16:25:37.489+0000] {dag.py:3954} INFO - Setting next_dagrun for update_staging_json to 2026-05-15 13:00:00+00:00, run_after=2026-05-16 13:00:00+00:00
[2026-05-15T16:25:37.499+0000] {logging_mixin.py:188} INFO - [2026-05-15T16:25:37.499+0000] {dag.py:3954} INFO - Setting next_dagrun for youtube_dwh_update to 2026-05-15 13:30:00+00:00, run_after=2026-05-16 13:30:00+00:00
[2026-05-15T16:25:37.538+0000] {processor.py:183} INFO - Processing /opt/airflow/dags/main.py took 0.443 seconds
[2026-05-15T16:26:08.005+0000] {processor.py:161} INFO - Started process (PID=1676) to work on /opt/airflow/dags/main.py
[2026-05-15T16:26:08.008+0000] {processor.py:830} INFO - Processing file /opt/airflow/dags/main.py for tasks to queue
[2026-05-15T16:26:08.015+0000] {logging_mixin.py:188} INFO - [2026-05-15T16:26:08.014+0000] {dagbag.py:545} INFO - Filling up the DagBag from /opt/airflow/dags/main.py
[2026-05-15T16:26:08.269+0000] {processor.py:840} INFO - DAG(s) 'update_staging_json', 'produce_json', 'youtube_dwh_update' retrieved from /opt/airflow/dags/main.py
[2026-05-15T16:26:08.357+0000] {logging_mixin.py:188} INFO - [2026-05-15T16:26:08.356+0000] {dag.py:3096} INFO - Sync 3 DAGs
[2026-05-15T16:26:08.434+0000] {logging_mixin.py:188} INFO - [2026-05-15T16:26:08.434+0000] {dag.py:3954} INFO - Setting next_dagrun for produce_json to 2026-05-15 13:00:00+00:00, run_after=2026-05-16 13:00:00+00:00
[2026-05-15T16:26:08.451+0000] {logging_mixin.py:188} INFO - [2026-05-15T16:26:08.450+0000] {dag.py:3954} INFO - Setting next_dagrun for update_staging_json to 2026-05-15 13:00:00+00:00, run_after=2026-05-16 13:00:00+00:00
[2026-05-15T16:26:08.459+0000] {logging_mixin.py:188} INFO - [2026-05-15T16:26:08.458+0000] {dag.py:3954} INFO - Setting next_dagrun for youtube_dwh_update to 2026-05-15 13:30:00+00:00, run_after=2026-05-16 13:30:00+00:00
[2026-05-15T16:26:08.506+0000] {processor.py:183} INFO - Processing /opt/airflow/dags/main.py took 0.522 seconds
[2026-05-15T16:26:38.742+0000] {processor.py:161} INFO - Started process (PID=1683) to work on /opt/airflow/dags/main.py
[2026-05-15T16:26:38.744+0000] {processor.py:830} INFO - Processing file /opt/airflow/dags/main.py for tasks to queue
[2026-05-15T16:26:38.750+0000] {logging_mixin.py:188} INFO - [2026-05-15T16:26:38.749+0000] {dagbag.py:545} INFO - Filling up the DagBag from /opt/airflow/dags/main.py
[2026-05-15T16:26:38.997+0000] {processor.py:840} INFO - DAG(s) 'update_staging_json', 'produce_json', 'youtube_dwh_update' retrieved from /opt/airflow/dags/main.py
[2026-05-15T16:26:39.063+0000] {logging_mixin.py:188} INFO - [2026-05-15T16:26:39.063+0000] {dag.py:3096} INFO - Sync 3 DAGs
[2026-05-15T16:26:39.106+0000] {logging_mixin.py:188} INFO - [2026-05-15T16:26:39.106+0000] {dag.py:3954} INFO - Setting next_dagrun for produce_json to 2026-05-15 13:00:00+00:00, run_after=2026-05-16 13:00:00+00:00
[2026-05-15T16:26:39.116+0000] {logging_mixin.py:188} INFO - [2026-05-15T16:26:39.116+0000] {dag.py:3954} INFO - Setting next_dagrun for update_staging_json to 2026-05-15 13:00:00+00:00, run_after=2026-05-16 13:00:00+00:00
[2026-05-15T16:26:39.123+0000] {logging_mixin.py:188} INFO - [2026-05-15T16:26:39.123+0000] {dag.py:3954} INFO - Setting next_dagrun for youtube_dwh_update to 2026-05-15 13:30:00+00:00, run_after=2026-05-16 13:30:00+00:00
[2026-05-15T16:26:39.157+0000] {processor.py:183} INFO - Processing /opt/airflow/dags/main.py took 0.428 seconds
[2026-05-15T16:27:09.271+0000] {processor.py:161} INFO - Started process (PID=1690) to work on /opt/airflow/dags/main.py
[2026-05-15T16:27:09.273+0000] {processor.py:830} INFO - Processing file /opt/airflow/dags/main.py for tasks to queue
[2026-05-15T16:27:09.277+0000] {logging_mixin.py:188} INFO - [2026-05-15T16:27:09.277+0000] {dagbag.py:545} INFO - Filling up the DagBag from /opt/airflow/dags/main.py
[2026-05-15T16:27:09.536+0000] {processor.py:840} INFO - DAG(s) 'update_staging_json', 'produce_json', 'youtube_dwh_update' retrieved from /opt/airflow/dags/main.py
[2026-05-15T16:27:09.595+0000] {logging_mixin.py:188} INFO - [2026-05-15T16:27:09.595+0000] {dag.py:3096} INFO - Sync 3 DAGs
[2026-05-15T16:27:09.638+0000] {logging_mixin.py:188} INFO - [2026-05-15T16:27:09.638+0000] {dag.py:3954} INFO - Setting next_dagrun for produce_json to 2026-05-15 13:00:00+00:00, run_after=2026-05-16 13:00:00+00:00
[2026-05-15T16:27:09.648+0000] {logging_mixin.py:188} INFO - [2026-05-15T16:27:09.648+0000] {dag.py:3954} INFO - Setting next_dagrun for update_staging_json to 2026-05-15 13:00:00+00:00, run_after=2026-05-16 13:00:00+00:00
[2026-05-15T16:27:09.655+0000] {logging_mixin.py:188} INFO - [2026-05-15T16:27:09.655+0000] {dag.py:3954} INFO - Setting next_dagrun for youtube_dwh_update to 2026-05-15 13:30:00+00:00, run_after=2026-05-16 13:30:00+00:00
[2026-05-15T16:27:09.691+0000] {processor.py:183} INFO - Processing /opt/airflow/dags/main.py took 0.434 seconds
[2026-05-15T16:27:42.693+0000] {processor.py:161} INFO - Started process (PID=1697) to work on /opt/airflow/dags/main.py
[2026-05-15T16:27:42.738+0000] {processor.py:830} INFO - Processing file /opt/airflow/dags/main.py for tasks to queue
[2026-05-15T16:27:42.745+0000] {logging_mixin.py:188} INFO - [2026-05-15T16:27:42.744+0000] {dagbag.py:545} INFO - Filling up the DagBag from /opt/airflow/dags/main.py
[2026-05-15T16:27:45.209+0000] {processor.py:840} INFO - DAG(s) 'produce_json', 'youtube_dwh_update', 'update_staging_json' retrieved from /opt/airflow/dags/main.py
[2026-05-15T16:27:45.537+0000] {logging_mixin.py:188} INFO - [2026-05-15T16:27:45.536+0000] {dag.py:3096} INFO - Sync 3 DAGs
[2026-05-15T16:27:45.757+0000] {logging_mixin.py:188} INFO - [2026-05-15T16:27:45.756+0000] {dag.py:3954} INFO - Setting next_dagrun for produce_json to 2026-05-15 13:00:00+00:00, run_after=2026-05-16 13:00:00+00:00
[2026-05-15T16:27:45.822+0000] {logging_mixin.py:188} INFO - [2026-05-15T16:27:45.810+0000] {dag.py:3954} INFO - Setting next_dagrun for update_staging_json to 2026-05-15 13:00:00+00:00, run_after=2026-05-16 13:00:00+00:00
[2026-05-15T16:27:45.857+0000] {logging_mixin.py:188} INFO - [2026-05-15T16:27:45.856+0000] {dag.py:3954} INFO - Setting next_dagrun for youtube_dwh_update to 2026-05-15 13:30:00+00:00, run_after=2026-05-16 13:30:00+00:00
[2026-05-15T16:27:45.989+0000] {processor.py:183} INFO - Processing /opt/airflow/dags/main.py took 3.363 seconds
[2026-05-15T16:28:18.326+0000] {processor.py:161} INFO - Started process (PID=1710) to work on /opt/airflow/dags/main.py
[2026-05-15T16:28:18.390+0000] {processor.py:830} INFO - Processing file /opt/airflow/dags/main.py for tasks to queue
[2026-05-15T16:28:18.400+0000] {logging_mixin.py:188} INFO - [2026-05-15T16:28:18.399+0000] {dagbag.py:545} INFO - Filling up the DagBag from /opt/airflow/dags/main.py
[2026-05-15T16:28:18.991+0000] {processor.py:840} INFO - DAG(s) 'produce_json', 'youtube_dwh_update', 'update_staging_json' retrieved from /opt/airflow/dags/main.py
[2026-05-15T16:28:19.123+0000] {logging_mixin.py:188} INFO - [2026-05-15T16:28:19.122+0000] {dag.py:3096} INFO - Sync 3 DAGs
[2026-05-15T16:28:19.196+0000] {logging_mixin.py:188} INFO - [2026-05-15T16:28:19.195+0000] {dag.py:3954} INFO - Setting next_dagrun for produce_json to 2026-05-15 13:00:00+00:00, run_after=2026-05-16 13:00:00+00:00
[2026-05-15T16:28:19.220+0000] {logging_mixin.py:188} INFO - [2026-05-15T16:28:19.219+0000] {dag.py:3954} INFO - Setting next_dagrun for update_staging_json to 2026-05-15 13:00:00+00:00, run_after=2026-05-16 13:00:00+00:00
[2026-05-15T16:28:19.239+0000] {logging_mixin.py:188} INFO - [2026-05-15T16:28:19.238+0000] {dag.py:3954} INFO - Setting next_dagrun for youtube_dwh_update to 2026-05-15 13:30:00+00:00, run_after=2026-05-16 13:30:00+00:00
[2026-05-15T16:28:19.344+0000] {processor.py:183} INFO - Processing /opt/airflow/dags/main.py took 1.101 seconds
[2026-05-15T16:28:49.812+0000] {processor.py:161} INFO - Started process (PID=1717) to work on /opt/airflow/dags/main.py
[2026-05-15T16:28:49.814+0000] {processor.py:830} INFO - Processing file /opt/airflow/dags/main.py for tasks to queue
[2026-05-15T16:28:49.822+0000] {logging_mixin.py:188} INFO - [2026-05-15T16:28:49.821+0000] {dagbag.py:545} INFO - Filling up the DagBag from /opt/airflow/dags/main.py
[2026-05-15T16:28:50.028+0000] {processor.py:840} INFO - DAG(s) 'produce_json', 'update_staging_json', 'youtube_dwh_update' retrieved from /opt/airflow/dags/main.py
[2026-05-15T16:28:50.098+0000] {logging_mixin.py:188} INFO - [2026-05-15T16:28:50.098+0000] {dag.py:3096} INFO - Sync 3 DAGs
[2026-05-15T16:28:50.156+0000] {logging_mixin.py:188} INFO - [2026-05-15T16:28:50.156+0000] {dag.py:3954} INFO - Setting next_dagrun for produce_json to 2026-05-15 13:00:00+00:00, run_after=2026-05-16 13:00:00+00:00
[2026-05-15T16:28:50.167+0000] {logging_mixin.py:188} INFO - [2026-05-15T16:28:50.166+0000] {dag.py:3954} INFO - Setting next_dagrun for update_staging_json to 2026-05-15 13:00:00+00:00, run_after=2026-05-16 13:00:00+00:00
[2026-05-15T16:28:50.174+0000] {logging_mixin.py:188} INFO - [2026-05-15T16:28:50.173+0000] {dag.py:3954} INFO - Setting next_dagrun for youtube_dwh_update to 2026-05-15 13:30:00+00:00, run_after=2026-05-16 13:30:00+00:00
[2026-05-15T16:28:50.215+0000] {processor.py:183} INFO - Processing /opt/airflow/dags/main.py took 0.419 seconds
[2026-05-15T16:29:20.425+0000] {processor.py:161} INFO - Started process (PID=1725) to work on /opt/airflow/dags/main.py
[2026-05-15T16:29:20.429+0000] {processor.py:830} INFO - Processing file /opt/airflow/dags/main.py for tasks to queue
[2026-05-15T16:29:20.436+0000] {logging_mixin.py:188} INFO - [2026-05-15T16:29:20.435+0000] {dagbag.py:545} INFO - Filling up the DagBag from /opt/airflow/dags/main.py
[2026-05-15T16:29:20.942+0000] {processor.py:840} INFO - DAG(s) 'update_staging_json', 'produce_json', 'youtube_dwh_update' retrieved from /opt/airflow/dags/main.py
[2026-05-15T16:29:21.076+0000] {logging_mixin.py:188} INFO - [2026-05-15T16:29:21.076+0000] {dag.py:3096} INFO - Sync 3 DAGs
[2026-05-15T16:29:21.183+0000] {logging_mixin.py:188} INFO - [2026-05-15T16:29:21.182+0000] {dag.py:3954} INFO - Setting next_dagrun for produce_json to 2026-05-15 13:00:00+00:00, run_after=2026-05-16 13:00:00+00:00
[2026-05-15T16:29:21.206+0000] {logging_mixin.py:188} INFO - [2026-05-15T16:29:21.205+0000] {dag.py:3954} INFO - Setting next_dagrun for update_staging_json to 2026-05-15 13:00:00+00:00, run_after=2026-05-16 13:00:00+00:00
[2026-05-15T16:29:21.220+0000] {logging_mixin.py:188} INFO - [2026-05-15T16:29:21.219+0000] {dag.py:3954} INFO - Setting next_dagrun for youtube_dwh_update to 2026-05-15 13:30:00+00:00, run_after=2026-05-16 13:30:00+00:00
[2026-05-15T16:29:21.324+0000] {processor.py:183} INFO - Processing /opt/airflow/dags/main.py took 0.925 seconds
[2026-05-15T16:29:51.808+0000] {processor.py:161} INFO - Started process (PID=1732) to work on /opt/airflow/dags/main.py
[2026-05-15T16:29:51.810+0000] {processor.py:830} INFO - Processing file /opt/airflow/dags/main.py for tasks to queue
[2026-05-15T16:29:51.816+0000] {logging_mixin.py:188} INFO - [2026-05-15T16:29:51.815+0000] {dagbag.py:545} INFO - Filling up the DagBag from /opt/airflow/dags/main.py
[2026-05-15T16:29:52.121+0000] {processor.py:840} INFO - DAG(s) 'youtube_dwh_update', 'update_staging_json', 'produce_json' retrieved from /opt/airflow/dags/main.py
[2026-05-15T16:29:52.305+0000] {logging_mixin.py:188} INFO - [2026-05-15T16:29:52.301+0000] {dag.py:3096} INFO - Sync 3 DAGs
[2026-05-15T16:29:52.449+0000] {logging_mixin.py:188} INFO - [2026-05-15T16:29:52.449+0000] {dag.py:3954} INFO - Setting next_dagrun for produce_json to 2026-05-15 13:00:00+00:00, run_after=2026-05-16 13:00:00+00:00
[2026-05-15T16:29:52.478+0000] {logging_mixin.py:188} INFO - [2026-05-15T16:29:52.477+0000] {dag.py:3954} INFO - Setting next_dagrun for update_staging_json to 2026-05-15 13:00:00+00:00, run_after=2026-05-16 13:00:00+00:00
[2026-05-15T16:29:52.490+0000] {logging_mixin.py:188} INFO - [2026-05-15T16:29:52.490+0000] {dag.py:3954} INFO - Setting next_dagrun for youtube_dwh_update to 2026-05-15 13:30:00+00:00, run_after=2026-05-16 13:30:00+00:00
[2026-05-15T16:29:52.610+0000] {processor.py:183} INFO - Processing /opt/airflow/dags/main.py took 0.823 seconds
[2026-05-15T16:30:23.002+0000] {processor.py:161} INFO - Started process (PID=1739) to work on /opt/airflow/dags/main.py
[2026-05-15T16:30:23.006+0000] {processor.py:830} INFO - Processing file /opt/airflow/dags/main.py for tasks to queue
[2026-05-15T16:30:23.013+0000] {logging_mixin.py:188} INFO - [2026-05-15T16:30:23.012+0000] {dagbag.py:545} INFO - Filling up the DagBag from /opt/airflow/dags/main.py
[2026-05-15T16:30:23.261+0000] {processor.py:840} INFO - DAG(s) 'update_staging_json', 'produce_json', 'youtube_dwh_update' retrieved from /opt/airflow/dags/main.py
[2026-05-15T16:30:23.327+0000] {logging_mixin.py:188} INFO - [2026-05-15T16:30:23.327+0000] {dag.py:3096} INFO - Sync 3 DAGs
[2026-05-15T16:30:23.378+0000] {logging_mixin.py:188} INFO - [2026-05-15T16:30:23.377+0000] {dag.py:3954} INFO - Setting next_dagrun for produce_json to 2026-05-15 13:00:00+00:00, run_after=2026-05-16 13:00:00+00:00
[2026-05-15T16:30:23.389+0000] {logging_mixin.py:188} INFO - [2026-05-15T16:30:23.389+0000] {dag.py:3954} INFO - Setting next_dagrun for update_staging_json to 2026-05-15 13:00:00+00:00, run_after=2026-05-16 13:00:00+00:00
[2026-05-15T16:30:23.400+0000] {logging_mixin.py:188} INFO - [2026-05-15T16:30:23.400+0000] {dag.py:3954} INFO - Setting next_dagrun for youtube_dwh_update to 2026-05-15 13:30:00+00:00, run_after=2026-05-16 13:30:00+00:00
[2026-05-15T16:30:23.450+0000] {processor.py:183} INFO - Processing /opt/airflow/dags/main.py took 0.470 seconds
[2026-05-15T16:30:53.803+0000] {processor.py:161} INFO - Started process (PID=1746) to work on /opt/airflow/dags/main.py
[2026-05-15T16:30:53.806+0000] {processor.py:830} INFO - Processing file /opt/airflow/dags/main.py for tasks to queue
[2026-05-15T16:30:53.812+0000] {logging_mixin.py:188} INFO - [2026-05-15T16:30:53.811+0000] {dagbag.py:545} INFO - Filling up the DagBag from /opt/airflow/dags/main.py
[2026-05-15T16:30:54.049+0000] {processor.py:840} INFO - DAG(s) 'update_staging_json', 'youtube_dwh_update', 'produce_json' retrieved from /opt/airflow/dags/main.py
[2026-05-15T16:30:54.110+0000] {logging_mixin.py:188} INFO - [2026-05-15T16:30:54.109+0000] {dag.py:3096} INFO - Sync 3 DAGs
[2026-05-15T16:30:54.175+0000] {logging_mixin.py:188} INFO - [2026-05-15T16:30:54.175+0000] {dag.py:3954} INFO - Setting next_dagrun for produce_json to 2026-05-15 13:00:00+00:00, run_after=2026-05-16 13:00:00+00:00
[2026-05-15T16:30:54.187+0000] {logging_mixin.py:188} INFO - [2026-05-15T16:30:54.187+0000] {dag.py:3954} INFO - Setting next_dagrun for update_staging_json to 2026-05-15 13:00:00+00:00, run_after=2026-05-16 13:00:00+00:00
[2026-05-15T16:30:54.202+0000] {logging_mixin.py:188} INFO - [2026-05-15T16:30:54.200+0000] {dag.py:3954} INFO - Setting next_dagrun for youtube_dwh_update to 2026-05-15 13:30:00+00:00, run_after=2026-05-16 13:30:00+00:00
[2026-05-15T16:30:54.303+0000] {processor.py:183} INFO - Processing /opt/airflow/dags/main.py took 0.514 seconds
[2026-05-15T16:31:24.665+0000] {processor.py:161} INFO - Started process (PID=1754) to work on /opt/airflow/dags/main.py
[2026-05-15T16:31:24.668+0000] {processor.py:830} INFO - Processing file /opt/airflow/dags/main.py for tasks to queue
[2026-05-15T16:31:24.672+0000] {logging_mixin.py:188} INFO - [2026-05-15T16:31:24.671+0000] {dagbag.py:545} INFO - Filling up the DagBag from /opt/airflow/dags/main.py
[2026-05-15T16:31:24.887+0000] {processor.py:840} INFO - DAG(s) 'produce_json', 'youtube_dwh_update', 'update_staging_json' retrieved from /opt/airflow/dags/main.py
[2026-05-15T16:31:24.955+0000] {logging_mixin.py:188} INFO - [2026-05-15T16:31:24.954+0000] {dag.py:3096} INFO - Sync 3 DAGs
[2026-05-15T16:31:25.014+0000] {logging_mixin.py:188} INFO - [2026-05-15T16:31:25.013+0000] {dag.py:3954} INFO - Setting next_dagrun for produce_json to 2026-05-15 13:00:00+00:00, run_after=2026-05-16 13:00:00+00:00
[2026-05-15T16:31:25.027+0000] {logging_mixin.py:188} INFO - [2026-05-15T16:31:25.026+0000] {dag.py:3954} INFO - Setting next_dagrun for update_staging_json to 2026-05-15 13:00:00+00:00, run_after=2026-05-16 13:00:00+00:00
[2026-05-15T16:31:25.033+0000] {logging_mixin.py:188} INFO - [2026-05-15T16:31:25.033+0000] {dag.py:3954} INFO - Setting next_dagrun for youtube_dwh_update to 2026-05-15 13:30:00+00:00, run_after=2026-05-16 13:30:00+00:00
[2026-05-15T16:31:25.075+0000] {processor.py:183} INFO - Processing /opt/airflow/dags/main.py took 0.424 seconds
[2026-05-15T16:31:55.552+0000] {processor.py:161} INFO - Started process (PID=1761) to work on /opt/airflow/dags/main.py
[2026-05-15T16:31:55.556+0000] {processor.py:830} INFO - Processing file /opt/airflow/dags/main.py for tasks to queue
[2026-05-15T16:31:55.564+0000] {logging_mixin.py:188} INFO - [2026-05-15T16:31:55.563+0000] {dagbag.py:545} INFO - Filling up the DagBag from /opt/airflow/dags/main.py
[2026-05-15T16:31:55.915+0000] {processor.py:840} INFO - DAG(s) 'youtube_dwh_update', 'produce_json', 'update_staging_json' retrieved from /opt/airflow/dags/main.py
[2026-05-15T16:31:56.046+0000] {logging_mixin.py:188} INFO - [2026-05-15T16:31:56.045+0000] {dag.py:3096} INFO - Sync 3 DAGs
[2026-05-15T16:31:56.118+0000] {logging_mixin.py:188} INFO - [2026-05-15T16:31:56.117+0000] {dag.py:3954} INFO - Setting next_dagrun for produce_json to 2026-05-15 13:00:00+00:00, run_after=2026-05-16 13:00:00+00:00
[2026-05-15T16:31:56.137+0000] {logging_mixin.py:188} INFO - [2026-05-15T16:31:56.136+0000] {dag.py:3954} INFO - Setting next_dagrun for update_staging_json to 2026-05-15 13:00:00+00:00, run_after=2026-05-16 13:00:00+00:00
[2026-05-15T16:31:56.151+0000] {logging_mixin.py:188} INFO - [2026-05-15T16:31:56.150+0000] {dag.py:3954} INFO - Setting next_dagrun for youtube_dwh_update to 2026-05-15 13:30:00+00:00, run_after=2026-05-16 13:30:00+00:00
[2026-05-15T16:31:56.200+0000] {processor.py:183} INFO - Processing /opt/airflow/dags/main.py took 0.665 seconds
[2026-05-15T16:32:26.998+0000] {processor.py:161} INFO - Started process (PID=1768) to work on /opt/airflow/dags/main.py
[2026-05-15T16:32:27.002+0000] {processor.py:830} INFO - Processing file /opt/airflow/dags/main.py for tasks to queue
[2026-05-15T16:32:27.016+0000] {logging_mixin.py:188} INFO - [2026-05-15T16:32:27.015+0000] {dagbag.py:545} INFO - Filling up the DagBag from /opt/airflow/dags/main.py
[2026-05-15T16:32:27.508+0000] {processor.py:840} INFO - DAG(s) 'update_staging_json', 'youtube_dwh_update', 'produce_json' retrieved from /opt/airflow/dags/main.py
[2026-05-15T16:32:27.592+0000] {logging_mixin.py:188} INFO - [2026-05-15T16:32:27.592+0000] {dag.py:3096} INFO - Sync 3 DAGs
[2026-05-15T16:32:27.646+0000] {logging_mixin.py:188} INFO - [2026-05-15T16:32:27.646+0000] {dag.py:3954} INFO - Setting next_dagrun for produce_json to 2026-05-15 13:00:00+00:00, run_after=2026-05-16 13:00:00+00:00
[2026-05-15T16:32:27.665+0000] {logging_mixin.py:188} INFO - [2026-05-15T16:32:27.664+0000] {dag.py:3954} INFO - Setting next_dagrun for update_staging_json to 2026-05-15 13:00:00+00:00, run_after=2026-05-16 13:00:00+00:00
[2026-05-15T16:32:27.672+0000] {logging_mixin.py:188} INFO - [2026-05-15T16:32:27.672+0000] {dag.py:3954} INFO - Setting next_dagrun for youtube_dwh_update to 2026-05-15 13:30:00+00:00, run_after=2026-05-16 13:30:00+00:00
[2026-05-15T16:32:27.717+0000] {processor.py:183} INFO - Processing /opt/airflow/dags/main.py took 0.760 seconds
[2026-05-15T16:32:58.239+0000] {processor.py:161} INFO - Started process (PID=1775) to work on /opt/airflow/dags/main.py
[2026-05-15T16:32:58.242+0000] {processor.py:830} INFO - Processing file /opt/airflow/dags/main.py for tasks to queue
[2026-05-15T16:32:58.246+0000] {logging_mixin.py:188} INFO - [2026-05-15T16:32:58.246+0000] {dagbag.py:545} INFO - Filling up the DagBag from /opt/airflow/dags/main.py
[2026-05-15T16:32:58.552+0000] {processor.py:840} INFO - DAG(s) 'youtube_dwh_update', 'produce_json', 'update_staging_json' retrieved from /opt/airflow/dags/main.py
[2026-05-15T16:32:58.628+0000] {logging_mixin.py:188} INFO - [2026-05-15T16:32:58.627+0000] {dag.py:3096} INFO - Sync 3 DAGs
[2026-05-15T16:32:58.694+0000] {logging_mixin.py:188} INFO - [2026-05-15T16:32:58.694+0000] {dag.py:3954} INFO - Setting next_dagrun for produce_json to 2026-05-15 13:00:00+00:00, run_after=2026-05-16 13:00:00+00:00
[2026-05-15T16:32:58.714+0000] {logging_mixin.py:188} INFO - [2026-05-15T16:32:58.713+0000] {dag.py:3954} INFO - Setting next_dagrun for update_staging_json to 2026-05-15 13:00:00+00:00, run_after=2026-05-16 13:00:00+00:00
[2026-05-15T16:32:58.738+0000] {logging_mixin.py:188} INFO - [2026-05-15T16:32:58.738+0000] {dag.py:3954} INFO - Setting next_dagrun for youtube_dwh_update to 2026-05-15 13:30:00+00:00, run_after=2026-05-16 13:30:00+00:00
[2026-05-15T16:32:58.807+0000] {processor.py:183} INFO - Processing /opt/airflow/dags/main.py took 0.586 seconds
[2026-05-15T16:33:29.601+0000] {processor.py:161} INFO - Started process (PID=1782) to work on /opt/airflow/dags/main.py
[2026-05-15T16:33:29.612+0000] {processor.py:830} INFO - Processing file /opt/airflow/dags/main.py for tasks to queue
[2026-05-15T16:33:29.619+0000] {logging_mixin.py:188} INFO - [2026-05-15T16:33:29.618+0000] {dagbag.py:545} INFO - Filling up the DagBag from /opt/airflow/dags/main.py
[2026-05-15T16:33:29.985+0000] {processor.py:840} INFO - DAG(s) 'produce_json', 'update_staging_json', 'youtube_dwh_update' retrieved from /opt/airflow/dags/main.py
[2026-05-15T16:33:30.084+0000] {logging_mixin.py:188} INFO - [2026-05-15T16:33:30.083+0000] {dag.py:3096} INFO - Sync 3 DAGs
[2026-05-15T16:33:30.147+0000] {logging_mixin.py:188} INFO - [2026-05-15T16:33:30.147+0000] {dag.py:3954} INFO - Setting next_dagrun for produce_json to 2026-05-15 13:00:00+00:00, run_after=2026-05-16 13:00:00+00:00
[2026-05-15T16:33:30.170+0000] {logging_mixin.py:188} INFO - [2026-05-15T16:33:30.169+0000] {dag.py:3954} INFO - Setting next_dagrun for update_staging_json to 2026-05-15 13:00:00+00:00, run_after=2026-05-16 13:00:00+00:00
[2026-05-15T16:33:30.178+0000] {logging_mixin.py:188} INFO - [2026-05-15T16:33:30.178+0000] {dag.py:3954} INFO - Setting next_dagrun for youtube_dwh_update to 2026-05-15 13:30:00+00:00, run_after=2026-05-16 13:30:00+00:00
[2026-05-15T16:33:30.224+0000] {processor.py:183} INFO - Processing /opt/airflow/dags/main.py took 0.646 seconds
[2026-05-15T16:34:00.630+0000] {processor.py:161} INFO - Started process (PID=1789) to work on /opt/airflow/dags/main.py
[2026-05-15T16:34:00.633+0000] {processor.py:830} INFO - Processing file /opt/airflow/dags/main.py for tasks to queue
[2026-05-15T16:34:00.638+0000] {logging_mixin.py:188} INFO - [2026-05-15T16:34:00.637+0000] {dagbag.py:545} INFO - Filling up the DagBag from /opt/airflow/dags/main.py
[2026-05-15T16:34:00.867+0000] {processor.py:840} INFO - DAG(s) 'produce_json', 'update_staging_json', 'youtube_dwh_update' retrieved from /opt/airflow/dags/main.py
[2026-05-15T16:34:00.934+0000] {logging_mixin.py:188} INFO - [2026-05-15T16:34:00.933+0000] {dag.py:3096} INFO - Sync 3 DAGs
[2026-05-15T16:34:00.998+0000] {logging_mixin.py:188} INFO - [2026-05-15T16:34:00.998+0000] {dag.py:3954} INFO - Setting next_dagrun for produce_json to 2026-05-15 13:00:00+00:00, run_after=2026-05-16 13:00:00+00:00
[2026-05-15T16:34:01.009+0000] {logging_mixin.py:188} INFO - [2026-05-15T16:34:01.009+0000] {dag.py:3954} INFO - Setting next_dagrun for update_staging_json to 2026-05-15 13:00:00+00:00, run_after=2026-05-16 13:00:00+00:00
[2026-05-15T16:34:01.019+0000] {logging_mixin.py:188} INFO - [2026-05-15T16:34:01.019+0000] {dag.py:3954} INFO - Setting next_dagrun for youtube_dwh_update to 2026-05-15 13:30:00+00:00, run_after=2026-05-16 13:30:00+00:00
[2026-05-15T16:34:01.064+0000] {processor.py:183} INFO - Processing /opt/airflow/dags/main.py took 0.456 seconds
[2026-05-15T16:34:31.254+0000] {processor.py:161} INFO - Started process (PID=1797) to work on /opt/airflow/dags/main.py
[2026-05-15T16:34:31.256+0000] {processor.py:830} INFO - Processing file /opt/airflow/dags/main.py for tasks to queue
[2026-05-15T16:34:31.261+0000] {logging_mixin.py:188} INFO - [2026-05-15T16:34:31.260+0000] {dagbag.py:545} INFO - Filling up the DagBag from /opt/airflow/dags/main.py
[2026-05-15T16:34:31.544+0000] {processor.py:840} INFO - DAG(s) 'update_staging_json', 'produce_json', 'youtube_dwh_update' retrieved from /opt/airflow/dags/main.py
[2026-05-15T16:34:31.611+0000] {logging_mixin.py:188} INFO - [2026-05-15T16:34:31.610+0000] {dag.py:3096} INFO - Sync 3 DAGs
[2026-05-15T16:34:31.665+0000] {logging_mixin.py:188} INFO - [2026-05-15T16:34:31.665+0000] {dag.py:3954} INFO - Setting next_dagrun for produce_json to 2026-05-15 13:00:00+00:00, run_after=2026-05-16 13:00:00+00:00
[2026-05-15T16:34:31.677+0000] {logging_mixin.py:188} INFO - [2026-05-15T16:34:31.677+0000] {dag.py:3954} INFO - Setting next_dagrun for update_staging_json to 2026-05-15 13:00:00+00:00, run_after=2026-05-16 13:00:00+00:00
[2026-05-15T16:34:31.684+0000] {logging_mixin.py:188} INFO - [2026-05-15T16:34:31.683+0000] {dag.py:3954} INFO - Setting next_dagrun for youtube_dwh_update to 2026-05-15 13:30:00+00:00, run_after=2026-05-16 13:30:00+00:00
[2026-05-15T16:34:31.734+0000] {processor.py:183} INFO - Processing /opt/airflow/dags/main.py took 0.501 seconds
[2026-05-15T16:35:02.161+0000] {processor.py:161} INFO - Started process (PID=1804) to work on /opt/airflow/dags/main.py
[2026-05-15T16:35:02.163+0000] {processor.py:830} INFO - Processing file /opt/airflow/dags/main.py for tasks to queue
[2026-05-15T16:35:02.170+0000] {logging_mixin.py:188} INFO - [2026-05-15T16:35:02.169+0000] {dagbag.py:545} INFO - Filling up the DagBag from /opt/airflow/dags/main.py
[2026-05-15T16:35:02.827+0000] {processor.py:840} INFO - DAG(s) 'youtube_dwh_update', 'produce_json', 'update_staging_json' retrieved from /opt/airflow/dags/main.py
[2026-05-15T16:35:02.954+0000] {logging_mixin.py:188} INFO - [2026-05-15T16:35:02.951+0000] {dag.py:3096} INFO - Sync 3 DAGs
[2026-05-15T16:35:03.065+0000] {logging_mixin.py:188} INFO - [2026-05-15T16:35:03.064+0000] {dag.py:3954} INFO - Setting next_dagrun for produce_json to 2026-05-15 13:00:00+00:00, run_after=2026-05-16 13:00:00+00:00
[2026-05-15T16:35:03.090+0000] {logging_mixin.py:188} INFO - [2026-05-15T16:35:03.090+0000] {dag.py:3954} INFO - Setting next_dagrun for update_staging_json to 2026-05-15 13:00:00+00:00, run_after=2026-05-16 13:00:00+00:00
[2026-05-15T16:35:03.104+0000] {logging_mixin.py:188} INFO - [2026-05-15T16:35:03.103+0000] {dag.py:3954} INFO - Setting next_dagrun for youtube_dwh_update to 2026-05-15 13:30:00+00:00, run_after=2026-05-16 13:30:00+00:00
[2026-05-15T16:35:03.164+0000] {processor.py:183} INFO - Processing /opt/airflow/dags/main.py took 1.025 seconds
[2026-05-15T16:35:33.684+0000] {processor.py:161} INFO - Started process (PID=1811) to work on /opt/airflow/dags/main.py
[2026-05-15T16:35:33.687+0000] {processor.py:830} INFO - Processing file /opt/airflow/dags/main.py for tasks to queue
[2026-05-15T16:35:33.694+0000] {logging_mixin.py:188} INFO - [2026-05-15T16:35:33.693+0000] {dagbag.py:545} INFO - Filling up the DagBag from /opt/airflow/dags/main.py
[2026-05-15T16:35:33.950+0000] {processor.py:840} INFO - DAG(s) 'produce_json', 'youtube_dwh_update', 'update_staging_json' retrieved from /opt/airflow/dags/main.py
[2026-05-15T16:35:34.013+0000] {logging_mixin.py:188} INFO - [2026-05-15T16:35:34.012+0000] {dag.py:3096} INFO - Sync 3 DAGs
[2026-05-15T16:35:34.063+0000] {logging_mixin.py:188} INFO - [2026-05-15T16:35:34.062+0000] {dag.py:3954} INFO - Setting next_dagrun for produce_json to 2026-05-15 13:00:00+00:00, run_after=2026-05-16 13:00:00+00:00
[2026-05-15T16:35:34.075+0000] {logging_mixin.py:188} INFO - [2026-05-15T16:35:34.075+0000] {dag.py:3954} INFO - Setting next_dagrun for update_staging_json to 2026-05-15 13:00:00+00:00, run_after=2026-05-16 13:00:00+00:00
[2026-05-15T16:35:34.087+0000] {logging_mixin.py:188} INFO - [2026-05-15T16:35:34.086+0000] {dag.py:3954} INFO - Setting next_dagrun for youtube_dwh_update to 2026-05-15 13:30:00+00:00, run_after=2026-05-16 13:30:00+00:00
[2026-05-15T16:35:34.130+0000] {processor.py:183} INFO - Processing /opt/airflow/dags/main.py took 0.463 seconds
[2026-05-15T16:36:04.538+0000] {processor.py:161} INFO - Started process (PID=1818) to work on /opt/airflow/dags/main.py
[2026-05-15T16:36:04.541+0000] {processor.py:830} INFO - Processing file /opt/airflow/dags/main.py for tasks to queue
[2026-05-15T16:36:04.547+0000] {logging_mixin.py:188} INFO - [2026-05-15T16:36:04.546+0000] {dagbag.py:545} INFO - Filling up the DagBag from /opt/airflow/dags/main.py
[2026-05-15T16:36:04.821+0000] {processor.py:840} INFO - DAG(s) 'update_staging_json', 'produce_json', 'youtube_dwh_update' retrieved from /opt/airflow/dags/main.py
[2026-05-15T16:36:04.884+0000] {logging_mixin.py:188} INFO - [2026-05-15T16:36:04.884+0000] {dag.py:3096} INFO - Sync 3 DAGs
[2026-05-15T16:36:04.931+0000] {logging_mixin.py:188} INFO - [2026-05-15T16:36:04.931+0000] {dag.py:3954} INFO - Setting next_dagrun for produce_json to 2026-05-15 13:00:00+00:00, run_after=2026-05-16 13:00:00+00:00
[2026-05-15T16:36:04.945+0000] {logging_mixin.py:188} INFO - [2026-05-15T16:36:04.945+0000] {dag.py:3954} INFO - Setting next_dagrun for update_staging_json to 2026-05-15 13:00:00+00:00, run_after=2026-05-16 13:00:00+00:00
[2026-05-15T16:36:04.952+0000] {logging_mixin.py:188} INFO - [2026-05-15T16:36:04.952+0000] {dag.py:3954} INFO - Setting next_dagrun for youtube_dwh_update to 2026-05-15 13:30:00+00:00, run_after=2026-05-16 13:30:00+00:00
[2026-05-15T16:36:05.000+0000] {processor.py:183} INFO - Processing /opt/airflow/dags/main.py took 0.480 seconds
[2026-05-15T16:36:35.373+0000] {processor.py:161} INFO - Started process (PID=1825) to work on /opt/airflow/dags/main.py
[2026-05-15T16:36:35.377+0000] {processor.py:830} INFO - Processing file /opt/airflow/dags/main.py for tasks to queue
[2026-05-15T16:36:35.384+0000] {logging_mixin.py:188} INFO - [2026-05-15T16:36:35.382+0000] {dagbag.py:545} INFO - Filling up the DagBag from /opt/airflow/dags/main.py
[2026-05-15T16:36:35.656+0000] {processor.py:840} INFO - DAG(s) 'produce_json', 'youtube_dwh_update', 'update_staging_json' retrieved from /opt/airflow/dags/main.py
[2026-05-15T16:36:35.732+0000] {logging_mixin.py:188} INFO - [2026-05-15T16:36:35.731+0000] {dag.py:3096} INFO - Sync 3 DAGs
[2026-05-15T16:36:35.794+0000] {logging_mixin.py:188} INFO - [2026-05-15T16:36:35.793+0000] {dag.py:3954} INFO - Setting next_dagrun for produce_json to 2026-05-15 13:00:00+00:00, run_after=2026-05-16 13:00:00+00:00
[2026-05-15T16:36:35.813+0000] {logging_mixin.py:188} INFO - [2026-05-15T16:36:35.812+0000] {dag.py:3954} INFO - Setting next_dagrun for update_staging_json to 2026-05-15 13:00:00+00:00, run_after=2026-05-16 13:00:00+00:00
[2026-05-15T16:36:35.825+0000] {logging_mixin.py:188} INFO - [2026-05-15T16:36:35.825+0000] {dag.py:3954} INFO - Setting next_dagrun for youtube_dwh_update to 2026-05-15 13:30:00+00:00, run_after=2026-05-16 13:30:00+00:00
[2026-05-15T16:36:35.876+0000] {processor.py:183} INFO - Processing /opt/airflow/dags/main.py took 0.522 seconds
[2026-05-15T16:37:06.281+0000] {processor.py:161} INFO - Started process (PID=1832) to work on /opt/airflow/dags/main.py
[2026-05-15T16:37:06.285+0000] {processor.py:830} INFO - Processing file /opt/airflow/dags/main.py for tasks to queue
[2026-05-15T16:37:06.292+0000] {logging_mixin.py:188} INFO - [2026-05-15T16:37:06.291+0000] {dagbag.py:545} INFO - Filling up the DagBag from /opt/airflow/dags/main.py
[2026-05-15T16:37:06.551+0000] {processor.py:840} INFO - DAG(s) 'update_staging_json', 'produce_json', 'youtube_dwh_update' retrieved from /opt/airflow/dags/main.py
[2026-05-15T16:37:06.623+0000] {logging_mixin.py:188} INFO - [2026-05-15T16:37:06.622+0000] {dag.py:3096} INFO - Sync 3 DAGs
[2026-05-15T16:37:06.681+0000] {logging_mixin.py:188} INFO - [2026-05-15T16:37:06.680+0000] {dag.py:3954} INFO - Setting next_dagrun for produce_json to 2026-05-15 13:00:00+00:00, run_after=2026-05-16 13:00:00+00:00
[2026-05-15T16:37:06.697+0000] {logging_mixin.py:188} INFO - [2026-05-15T16:37:06.697+0000] {dag.py:3954} INFO - Setting next_dagrun for update_staging_json to 2026-05-15 13:00:00+00:00, run_after=2026-05-16 13:00:00+00:00
[2026-05-15T16:37:06.710+0000] {logging_mixin.py:188} INFO - [2026-05-15T16:37:06.709+0000] {dag.py:3954} INFO - Setting next_dagrun for youtube_dwh_update to 2026-05-15 13:30:00+00:00, run_after=2026-05-16 13:30:00+00:00
[2026-05-15T16:37:06.752+0000] {processor.py:183} INFO - Processing /opt/airflow/dags/main.py took 0.492 seconds
[2026-05-15T16:37:37.143+0000] {processor.py:161} INFO - Started process (PID=1839) to work on /opt/airflow/dags/main.py
[2026-05-15T16:37:37.155+0000] {processor.py:830} INFO - Processing file /opt/airflow/dags/main.py for tasks to queue
[2026-05-15T16:37:37.177+0000] {logging_mixin.py:188} INFO - [2026-05-15T16:37:37.176+0000] {dagbag.py:545} INFO - Filling up the DagBag from /opt/airflow/dags/main.py
[2026-05-15T16:37:37.729+0000] {processor.py:840} INFO - DAG(s) 'update_staging_json', 'youtube_dwh_update', 'produce_json' retrieved from /opt/airflow/dags/main.py
[2026-05-15T16:37:37.797+0000] {logging_mixin.py:188} INFO - [2026-05-15T16:37:37.797+0000] {dag.py:3096} INFO - Sync 3 DAGs
[2026-05-15T16:37:37.872+0000] {logging_mixin.py:188} INFO - [2026-05-15T16:37:37.872+0000] {dag.py:3954} INFO - Setting next_dagrun for produce_json to 2026-05-15 13:00:00+00:00, run_after=2026-05-16 13:00:00+00:00
[2026-05-15T16:37:37.890+0000] {logging_mixin.py:188} INFO - [2026-05-15T16:37:37.889+0000] {dag.py:3954} INFO - Setting next_dagrun for update_staging_json to 2026-05-15 13:00:00+00:00, run_after=2026-05-16 13:00:00+00:00
[2026-05-15T16:37:37.899+0000] {logging_mixin.py:188} INFO - [2026-05-15T16:37:37.899+0000] {dag.py:3954} INFO - Setting next_dagrun for youtube_dwh_update to 2026-05-15 13:30:00+00:00, run_after=2026-05-16 13:30:00+00:00
[2026-05-15T16:37:37.951+0000] {processor.py:183} INFO - Processing /opt/airflow/dags/main.py took 0.845 seconds
[2026-05-15T16:38:08.677+0000] {processor.py:161} INFO - Started process (PID=1845) to work on /opt/airflow/dags/main.py
[2026-05-15T16:38:08.680+0000] {processor.py:830} INFO - Processing file /opt/airflow/dags/main.py for tasks to queue
[2026-05-15T16:38:08.685+0000] {logging_mixin.py:188} INFO - [2026-05-15T16:38:08.684+0000] {dagbag.py:545} INFO - Filling up the DagBag from /opt/airflow/dags/main.py
[2026-05-15T16:38:08.904+0000] {processor.py:840} INFO - DAG(s) 'produce_json', 'update_staging_json', 'youtube_dwh_update' retrieved from /opt/airflow/dags/main.py
[2026-05-15T16:38:08.973+0000] {logging_mixin.py:188} INFO - [2026-05-15T16:38:08.972+0000] {dag.py:3096} INFO - Sync 3 DAGs
[2026-05-15T16:38:09.029+0000] {logging_mixin.py:188} INFO - [2026-05-15T16:38:09.028+0000] {dag.py:3954} INFO - Setting next_dagrun for produce_json to 2026-05-15 13:00:00+00:00, run_after=2026-05-16 13:00:00+00:00
[2026-05-15T16:38:09.043+0000] {logging_mixin.py:188} INFO - [2026-05-15T16:38:09.042+0000] {dag.py:3954} INFO - Setting next_dagrun for update_staging_json to 2026-05-15 13:00:00+00:00, run_after=2026-05-16 13:00:00+00:00
[2026-05-15T16:38:09.049+0000] {logging_mixin.py:188} INFO - [2026-05-15T16:38:09.049+0000] {dag.py:3954} INFO - Setting next_dagrun for youtube_dwh_update to 2026-05-15 13:30:00+00:00, run_after=2026-05-16 13:30:00+00:00
[2026-05-15T16:38:09.087+0000] {processor.py:183} INFO - Processing /opt/airflow/dags/main.py took 0.427 seconds
[2026-05-15T16:38:39.462+0000] {processor.py:161} INFO - Started process (PID=1852) to work on /opt/airflow/dags/main.py
[2026-05-15T16:38:39.465+0000] {processor.py:830} INFO - Processing file /opt/airflow/dags/main.py for tasks to queue
[2026-05-15T16:38:39.471+0000] {logging_mixin.py:188} INFO - [2026-05-15T16:38:39.470+0000] {dagbag.py:545} INFO - Filling up the DagBag from /opt/airflow/dags/main.py
[2026-05-15T16:38:39.813+0000] {processor.py:840} INFO - DAG(s) 'update_staging_json', 'youtube_dwh_update', 'produce_json' retrieved from /opt/airflow/dags/main.py
[2026-05-15T16:38:39.911+0000] {logging_mixin.py:188} INFO - [2026-05-15T16:38:39.910+0000] {dag.py:3096} INFO - Sync 3 DAGs
[2026-05-15T16:38:40.002+0000] {logging_mixin.py:188} INFO - [2026-05-15T16:38:40.001+0000] {dag.py:3954} INFO - Setting next_dagrun for produce_json to 2026-05-15 13:00:00+00:00, run_after=2026-05-16 13:00:00+00:00
[2026-05-15T16:38:40.019+0000] {logging_mixin.py:188} INFO - [2026-05-15T16:38:40.019+0000] {dag.py:3954} INFO - Setting next_dagrun for update_staging_json to 2026-05-15 13:00:00+00:00, run_after=2026-05-16 13:00:00+00:00
[2026-05-15T16:38:40.029+0000] {logging_mixin.py:188} INFO - [2026-05-15T16:38:40.028+0000] {dag.py:3954} INFO - Setting next_dagrun for youtube_dwh_update to 2026-05-15 13:30:00+00:00, run_after=2026-05-16 13:30:00+00:00
[2026-05-15T16:38:40.072+0000] {processor.py:183} INFO - Processing /opt/airflow/dags/main.py took 0.629 seconds
[2026-05-15T16:39:10.306+0000] {processor.py:161} INFO - Started process (PID=1859) to work on /opt/airflow/dags/main.py
[2026-05-15T16:39:10.309+0000] {processor.py:830} INFO - Processing file /opt/airflow/dags/main.py for tasks to queue
[2026-05-15T16:39:10.315+0000] {logging_mixin.py:188} INFO - [2026-05-15T16:39:10.314+0000] {dagbag.py:545} INFO - Filling up the DagBag from /opt/airflow/dags/main.py
[2026-05-15T16:39:10.547+0000] {processor.py:840} INFO - DAG(s) 'update_staging_json', 'youtube_dwh_update', 'produce_json' retrieved from /opt/airflow/dags/main.py
[2026-05-15T16:39:10.614+0000] {logging_mixin.py:188} INFO - [2026-05-15T16:39:10.613+0000] {dag.py:3096} INFO - Sync 3 DAGs
[2026-05-15T16:39:10.675+0000] {logging_mixin.py:188} INFO - [2026-05-15T16:39:10.674+0000] {dag.py:3954} INFO - Setting next_dagrun for produce_json to 2026-05-15 13:00:00+00:00, run_after=2026-05-16 13:00:00+00:00
[2026-05-15T16:39:10.697+0000] {logging_mixin.py:188} INFO - [2026-05-15T16:39:10.696+0000] {dag.py:3954} INFO - Setting next_dagrun for update_staging_json to 2026-05-15 13:00:00+00:00, run_after=2026-05-16 13:00:00+00:00
[2026-05-15T16:39:10.704+0000] {logging_mixin.py:188} INFO - [2026-05-15T16:39:10.704+0000] {dag.py:3954} INFO - Setting next_dagrun for youtube_dwh_update to 2026-05-15 13:30:00+00:00, run_after=2026-05-16 13:30:00+00:00
[2026-05-15T16:39:10.737+0000] {processor.py:183} INFO - Processing /opt/airflow/dags/main.py took 0.448 seconds
[2026-05-15T16:39:40.896+0000] {processor.py:161} INFO - Started process (PID=1866) to work on /opt/airflow/dags/main.py
[2026-05-15T16:39:40.899+0000] {processor.py:830} INFO - Processing file /opt/airflow/dags/main.py for tasks to queue
[2026-05-15T16:39:40.906+0000] {logging_mixin.py:188} INFO - [2026-05-15T16:39:40.905+0000] {dagbag.py:545} INFO - Filling up the DagBag from /opt/airflow/dags/main.py
[2026-05-15T16:39:41.182+0000] {processor.py:840} INFO - DAG(s) 'produce_json', 'update_staging_json', 'youtube_dwh_update' retrieved from /opt/airflow/dags/main.py
[2026-05-15T16:39:41.264+0000] {logging_mixin.py:188} INFO - [2026-05-15T16:39:41.264+0000] {dag.py:3096} INFO - Sync 3 DAGs
[2026-05-15T16:39:41.358+0000] {logging_mixin.py:188} INFO - [2026-05-15T16:39:41.358+0000] {dag.py:3954} INFO - Setting next_dagrun for produce_json to 2026-05-15 13:00:00+00:00, run_after=2026-05-16 13:00:00+00:00
[2026-05-15T16:39:41.381+0000] {logging_mixin.py:188} INFO - [2026-05-15T16:39:41.380+0000] {dag.py:3954} INFO - Setting next_dagrun for update_staging_json to 2026-05-15 13:00:00+00:00, run_after=2026-05-16 13:00:00+00:00
[2026-05-15T16:39:41.391+0000] {logging_mixin.py:188} INFO - [2026-05-15T16:39:41.390+0000] {dag.py:3954} INFO - Setting next_dagrun for youtube_dwh_update to 2026-05-15 13:30:00+00:00, run_after=2026-05-16 13:30:00+00:00
[2026-05-15T16:39:41.444+0000] {processor.py:183} INFO - Processing /opt/airflow/dags/main.py took 0.573 seconds
[2026-05-15T16:40:11.932+0000] {processor.py:161} INFO - Started process (PID=1873) to work on /opt/airflow/dags/main.py
[2026-05-15T16:40:11.936+0000] {processor.py:830} INFO - Processing file /opt/airflow/dags/main.py for tasks to queue
[2026-05-15T16:40:11.942+0000] {logging_mixin.py:188} INFO - [2026-05-15T16:40:11.941+0000] {dagbag.py:545} INFO - Filling up the DagBag from /opt/airflow/dags/main.py
[2026-05-15T16:40:12.216+0000] {processor.py:840} INFO - DAG(s) 'produce_json', 'youtube_dwh_update', 'update_staging_json' retrieved from /opt/airflow/dags/main.py
[2026-05-15T16:40:12.299+0000] {logging_mixin.py:188} INFO - [2026-05-15T16:40:12.299+0000] {dag.py:3096} INFO - Sync 3 DAGs
[2026-05-15T16:40:12.367+0000] {logging_mixin.py:188} INFO - [2026-05-15T16:40:12.367+0000] {dag.py:3954} INFO - Setting next_dagrun for produce_json to 2026-05-15 13:00:00+00:00, run_after=2026-05-16 13:00:00+00:00
[2026-05-15T16:40:12.384+0000] {logging_mixin.py:188} INFO - [2026-05-15T16:40:12.383+0000] {dag.py:3954} INFO - Setting next_dagrun for update_staging_json to 2026-05-15 13:00:00+00:00, run_after=2026-05-16 13:00:00+00:00
[2026-05-15T16:40:12.398+0000] {logging_mixin.py:188} INFO - [2026-05-15T16:40:12.397+0000] {dag.py:3954} INFO - Setting next_dagrun for youtube_dwh_update to 2026-05-15 13:30:00+00:00, run_after=2026-05-16 13:30:00+00:00
[2026-05-15T16:40:12.450+0000] {processor.py:183} INFO - Processing /opt/airflow/dags/main.py took 0.535 seconds
[2026-05-15T16:40:42.818+0000] {processor.py:161} INFO - Started process (PID=1880) to work on /opt/airflow/dags/main.py
[2026-05-15T16:40:42.822+0000] {processor.py:830} INFO - Processing file /opt/airflow/dags/main.py for tasks to queue
[2026-05-15T16:40:42.831+0000] {logging_mixin.py:188} INFO - [2026-05-15T16:40:42.830+0000] {dagbag.py:545} INFO - Filling up the DagBag from /opt/airflow/dags/main.py
[2026-05-15T16:40:43.201+0000] {processor.py:840} INFO - DAG(s) 'produce_json', 'update_staging_json', 'youtube_dwh_update' retrieved from /opt/airflow/dags/main.py
[2026-05-15T16:40:43.271+0000] {logging_mixin.py:188} INFO - [2026-05-15T16:40:43.271+0000] {dag.py:3096} INFO - Sync 3 DAGs
[2026-05-15T16:40:43.337+0000] {logging_mixin.py:188} INFO - [2026-05-15T16:40:43.336+0000] {dag.py:3954} INFO - Setting next_dagrun for produce_json to 2026-05-15 13:00:00+00:00, run_after=2026-05-16 13:00:00+00:00
[2026-05-15T16:40:43.351+0000] {logging_mixin.py:188} INFO - [2026-05-15T16:40:43.350+0000] {dag.py:3954} INFO - Setting next_dagrun for update_staging_json to 2026-05-15 13:00:00+00:00, run_after=2026-05-16 13:00:00+00:00
[2026-05-15T16:40:43.362+0000] {logging_mixin.py:188} INFO - [2026-05-15T16:40:43.362+0000] {dag.py:3954} INFO - Setting next_dagrun for youtube_dwh_update to 2026-05-15 13:30:00+00:00, run_after=2026-05-16 13:30:00+00:00
[2026-05-15T16:40:43.413+0000] {processor.py:183} INFO - Processing /opt/airflow/dags/main.py took 0.618 seconds
[2026-05-15T16:41:13.844+0000] {processor.py:161} INFO - Started process (PID=1887) to work on /opt/airflow/dags/main.py
[2026-05-15T16:41:13.847+0000] {processor.py:830} INFO - Processing file /opt/airflow/dags/main.py for tasks to queue
[2026-05-15T16:41:13.852+0000] {logging_mixin.py:188} INFO - [2026-05-15T16:41:13.851+0000] {dagbag.py:545} INFO - Filling up the DagBag from /opt/airflow/dags/main.py
[2026-05-15T16:41:14.125+0000] {processor.py:840} INFO - DAG(s) 'update_staging_json', 'produce_json', 'youtube_dwh_update' retrieved from /opt/airflow/dags/main.py
[2026-05-15T16:41:14.203+0000] {logging_mixin.py:188} INFO - [2026-05-15T16:41:14.202+0000] {dag.py:3096} INFO - Sync 3 DAGs
[2026-05-15T16:41:14.266+0000] {logging_mixin.py:188} INFO - [2026-05-15T16:41:14.265+0000] {dag.py:3954} INFO - Setting next_dagrun for produce_json to 2026-05-15 13:00:00+00:00, run_after=2026-05-16 13:00:00+00:00
[2026-05-15T16:41:14.283+0000] {logging_mixin.py:188} INFO - [2026-05-15T16:41:14.283+0000] {dag.py:3954} INFO - Setting next_dagrun for update_staging_json to 2026-05-15 13:00:00+00:00, run_after=2026-05-16 13:00:00+00:00
[2026-05-15T16:41:14.290+0000] {logging_mixin.py:188} INFO - [2026-05-15T16:41:14.289+0000] {dag.py:3954} INFO - Setting next_dagrun for youtube_dwh_update to 2026-05-15 13:30:00+00:00, run_after=2026-05-16 13:30:00+00:00
[2026-05-15T16:41:14.331+0000] {processor.py:183} INFO - Processing /opt/airflow/dags/main.py took 0.507 seconds
[2026-05-15T16:41:44.823+0000] {processor.py:161} INFO - Started process (PID=1894) to work on /opt/airflow/dags/main.py
[2026-05-15T16:41:44.826+0000] {processor.py:830} INFO - Processing file /opt/airflow/dags/main.py for tasks to queue
[2026-05-15T16:41:44.830+0000] {logging_mixin.py:188} INFO - [2026-05-15T16:41:44.830+0000] {dagbag.py:545} INFO - Filling up the DagBag from /opt/airflow/dags/main.py
[2026-05-15T16:41:45.115+0000] {processor.py:840} INFO - DAG(s) 'produce_json', 'youtube_dwh_update', 'update_staging_json' retrieved from /opt/airflow/dags/main.py
[2026-05-15T16:41:45.186+0000] {logging_mixin.py:188} INFO - [2026-05-15T16:41:45.185+0000] {dag.py:3096} INFO - Sync 3 DAGs
[2026-05-15T16:41:45.298+0000] {logging_mixin.py:188} INFO - [2026-05-15T16:41:45.298+0000] {dag.py:3954} INFO - Setting next_dagrun for produce_json to 2026-05-15 13:00:00+00:00, run_after=2026-05-16 13:00:00+00:00
[2026-05-15T16:41:45.330+0000] {logging_mixin.py:188} INFO - [2026-05-15T16:41:45.324+0000] {dag.py:3954} INFO - Setting next_dagrun for update_staging_json to 2026-05-15 13:00:00+00:00, run_after=2026-05-16 13:00:00+00:00
[2026-05-15T16:41:45.351+0000] {logging_mixin.py:188} INFO - [2026-05-15T16:41:45.350+0000] {dag.py:3954} INFO - Setting next_dagrun for youtube_dwh_update to 2026-05-15 13:30:00+00:00, run_after=2026-05-16 13:30:00+00:00
[2026-05-15T16:41:45.498+0000] {processor.py:183} INFO - Processing /opt/airflow/dags/main.py took 0.688 seconds
[2026-05-15T16:42:15.807+0000] {processor.py:161} INFO - Started process (PID=1901) to work on /opt/airflow/dags/main.py
[2026-05-15T16:42:15.817+0000] {processor.py:830} INFO - Processing file /opt/airflow/dags/main.py for tasks to queue
[2026-05-15T16:42:15.835+0000] {logging_mixin.py:188} INFO - [2026-05-15T16:42:15.834+0000] {dagbag.py:545} INFO - Filling up the DagBag from /opt/airflow/dags/main.py
[2026-05-15T16:42:16.182+0000] {processor.py:840} INFO - DAG(s) 'produce_json', 'update_staging_json', 'youtube_dwh_update' retrieved from /opt/airflow/dags/main.py
[2026-05-15T16:42:16.251+0000] {logging_mixin.py:188} INFO - [2026-05-15T16:42:16.251+0000] {dag.py:3096} INFO - Sync 3 DAGs
[2026-05-15T16:42:16.333+0000] {logging_mixin.py:188} INFO - [2026-05-15T16:42:16.331+0000] {dag.py:3954} INFO - Setting next_dagrun for produce_json to 2026-05-15 13:00:00+00:00, run_after=2026-05-16 13:00:00+00:00
[2026-05-15T16:42:16.350+0000] {logging_mixin.py:188} INFO - [2026-05-15T16:42:16.349+0000] {dag.py:3954} INFO - Setting next_dagrun for update_staging_json to 2026-05-15 13:00:00+00:00, run_after=2026-05-16 13:00:00+00:00
[2026-05-15T16:42:16.357+0000] {logging_mixin.py:188} INFO - [2026-05-15T16:42:16.357+0000] {dag.py:3954} INFO - Setting next_dagrun for youtube_dwh_update to 2026-05-15 13:30:00+00:00, run_after=2026-05-16 13:30:00+00:00
[2026-05-15T16:42:16.402+0000] {processor.py:183} INFO - Processing /opt/airflow/dags/main.py took 0.642 seconds
[2026-05-15T16:42:47.010+0000] {processor.py:161} INFO - Started process (PID=1908) to work on /opt/airflow/dags/main.py
[2026-05-15T16:42:47.013+0000] {processor.py:830} INFO - Processing file /opt/airflow/dags/main.py for tasks to queue
[2026-05-15T16:42:47.017+0000] {logging_mixin.py:188} INFO - [2026-05-15T16:42:47.016+0000] {dagbag.py:545} INFO - Filling up the DagBag from /opt/airflow/dags/main.py
[2026-05-15T16:42:47.593+0000] {processor.py:840} INFO - DAG(s) 'update_staging_json', 'youtube_dwh_update', 'produce_json' retrieved from /opt/airflow/dags/main.py
[2026-05-15T16:42:47.755+0000] {logging_mixin.py:188} INFO - [2026-05-15T16:42:47.755+0000] {dag.py:3096} INFO - Sync 3 DAGs
[2026-05-15T16:42:47.902+0000] {logging_mixin.py:188} INFO - [2026-05-15T16:42:47.901+0000] {dag.py:3954} INFO - Setting next_dagrun for produce_json to 2026-05-15 13:00:00+00:00, run_after=2026-05-16 13:00:00+00:00
[2026-05-15T16:42:47.945+0000] {logging_mixin.py:188} INFO - [2026-05-15T16:42:47.944+0000] {dag.py:3954} INFO - Setting next_dagrun for update_staging_json to 2026-05-15 13:00:00+00:00, run_after=2026-05-16 13:00:00+00:00
[2026-05-15T16:42:47.969+0000] {logging_mixin.py:188} INFO - [2026-05-15T16:42:47.968+0000] {dag.py:3954} INFO - Setting next_dagrun for youtube_dwh_update to 2026-05-15 13:30:00+00:00, run_after=2026-05-16 13:30:00+00:00
[2026-05-15T16:42:48.017+0000] {processor.py:183} INFO - Processing /opt/airflow/dags/main.py took 1.031 seconds
[2026-05-15T16:43:18.732+0000] {processor.py:161} INFO - Started process (PID=1915) to work on /opt/airflow/dags/main.py
[2026-05-15T16:43:18.735+0000] {processor.py:830} INFO - Processing file /opt/airflow/dags/main.py for tasks to queue
[2026-05-15T16:43:18.741+0000] {logging_mixin.py:188} INFO - [2026-05-15T16:43:18.740+0000] {dagbag.py:545} INFO - Filling up the DagBag from /opt/airflow/dags/main.py
[2026-05-15T16:43:19.157+0000] {processor.py:840} INFO - DAG(s) 'produce_json', 'update_staging_json', 'youtube_dwh_update' retrieved from /opt/airflow/dags/main.py
[2026-05-15T16:43:19.301+0000] {logging_mixin.py:188} INFO - [2026-05-15T16:43:19.300+0000] {dag.py:3096} INFO - Sync 3 DAGs
[2026-05-15T16:43:19.417+0000] {logging_mixin.py:188} INFO - [2026-05-15T16:43:19.416+0000] {dag.py:3954} INFO - Setting next_dagrun for produce_json to 2026-05-15 13:00:00+00:00, run_after=2026-05-16 13:00:00+00:00
[2026-05-15T16:43:19.437+0000] {logging_mixin.py:188} INFO - [2026-05-15T16:43:19.436+0000] {dag.py:3954} INFO - Setting next_dagrun for update_staging_json to 2026-05-15 13:00:00+00:00, run_after=2026-05-16 13:00:00+00:00
[2026-05-15T16:43:19.450+0000] {logging_mixin.py:188} INFO - [2026-05-15T16:43:19.449+0000] {dag.py:3954} INFO - Setting next_dagrun for youtube_dwh_update to 2026-05-15 13:30:00+00:00, run_after=2026-05-16 13:30:00+00:00
[2026-05-15T16:43:19.505+0000] {processor.py:183} INFO - Processing /opt/airflow/dags/main.py took 0.797 seconds
[2026-05-15T16:43:49.885+0000] {processor.py:161} INFO - Started process (PID=1922) to work on /opt/airflow/dags/main.py
[2026-05-15T16:43:49.887+0000] {processor.py:830} INFO - Processing file /opt/airflow/dags/main.py for tasks to queue
[2026-05-15T16:43:49.893+0000] {logging_mixin.py:188} INFO - [2026-05-15T16:43:49.891+0000] {dagbag.py:545} INFO - Filling up the DagBag from /opt/airflow/dags/main.py
[2026-05-15T16:43:50.307+0000] {processor.py:840} INFO - DAG(s) 'update_staging_json', 'produce_json', 'youtube_dwh_update' retrieved from /opt/airflow/dags/main.py
[2026-05-15T16:43:50.394+0000] {logging_mixin.py:188} INFO - [2026-05-15T16:43:50.394+0000] {dag.py:3096} INFO - Sync 3 DAGs
[2026-05-15T16:43:50.453+0000] {logging_mixin.py:188} INFO - [2026-05-15T16:43:50.453+0000] {dag.py:3954} INFO - Setting next_dagrun for produce_json to 2026-05-15 13:00:00+00:00, run_after=2026-05-16 13:00:00+00:00
[2026-05-15T16:43:50.465+0000] {logging_mixin.py:188} INFO - [2026-05-15T16:43:50.465+0000] {dag.py:3954} INFO - Setting next_dagrun for update_staging_json to 2026-05-15 13:00:00+00:00, run_after=2026-05-16 13:00:00+00:00
[2026-05-15T16:43:50.474+0000] {logging_mixin.py:188} INFO - [2026-05-15T16:43:50.474+0000] {dag.py:3954} INFO - Setting next_dagrun for youtube_dwh_update to 2026-05-15 13:30:00+00:00, run_after=2026-05-16 13:30:00+00:00
[2026-05-15T16:43:50.523+0000] {processor.py:183} INFO - Processing /opt/airflow/dags/main.py took 0.653 seconds
[2026-05-15T16:44:20.928+0000] {processor.py:161} INFO - Started process (PID=1929) to work on /opt/airflow/dags/main.py
[2026-05-15T16:44:20.931+0000] {processor.py:830} INFO - Processing file /opt/airflow/dags/main.py for tasks to queue
[2026-05-15T16:44:20.936+0000] {logging_mixin.py:188} INFO - [2026-05-15T16:44:20.936+0000] {dagbag.py:545} INFO - Filling up the DagBag from /opt/airflow/dags/main.py
[2026-05-15T16:44:21.178+0000] {processor.py:840} INFO - DAG(s) 'update_staging_json', 'youtube_dwh_update', 'produce_json' retrieved from /opt/airflow/dags/main.py
[2026-05-15T16:44:21.256+0000] {logging_mixin.py:188} INFO - [2026-05-15T16:44:21.256+0000] {dag.py:3096} INFO - Sync 3 DAGs
[2026-05-15T16:44:21.330+0000] {logging_mixin.py:188} INFO - [2026-05-15T16:44:21.329+0000] {dag.py:3954} INFO - Setting next_dagrun for produce_json to 2026-05-15 13:00:00+00:00, run_after=2026-05-16 13:00:00+00:00
[2026-05-15T16:44:21.352+0000] {logging_mixin.py:188} INFO - [2026-05-15T16:44:21.352+0000] {dag.py:3954} INFO - Setting next_dagrun for update_staging_json to 2026-05-15 13:00:00+00:00, run_after=2026-05-16 13:00:00+00:00
[2026-05-15T16:44:21.360+0000] {logging_mixin.py:188} INFO - [2026-05-15T16:44:21.359+0000] {dag.py:3954} INFO - Setting next_dagrun for youtube_dwh_update to 2026-05-15 13:30:00+00:00, run_after=2026-05-16 13:30:00+00:00
[2026-05-15T16:44:21.398+0000] {processor.py:183} INFO - Processing /opt/airflow/dags/main.py took 0.484 seconds
[2026-05-15T16:44:51.751+0000] {processor.py:161} INFO - Started process (PID=1936) to work on /opt/airflow/dags/main.py
[2026-05-15T16:44:51.754+0000] {processor.py:830} INFO - Processing file /opt/airflow/dags/main.py for tasks to queue
[2026-05-15T16:44:51.760+0000] {logging_mixin.py:188} INFO - [2026-05-15T16:44:51.759+0000] {dagbag.py:545} INFO - Filling up the DagBag from /opt/airflow/dags/main.py
[2026-05-15T16:44:52.027+0000] {processor.py:840} INFO - DAG(s) 'youtube_dwh_update', 'update_staging_json', 'produce_json' retrieved from /opt/airflow/dags/main.py
[2026-05-15T16:44:52.104+0000] {logging_mixin.py:188} INFO - [2026-05-15T16:44:52.103+0000] {dag.py:3096} INFO - Sync 3 DAGs
[2026-05-15T16:44:52.162+0000] {logging_mixin.py:188} INFO - [2026-05-15T16:44:52.162+0000] {dag.py:3954} INFO - Setting next_dagrun for produce_json to 2026-05-15 13:00:00+00:00, run_after=2026-05-16 13:00:00+00:00
[2026-05-15T16:44:52.176+0000] {logging_mixin.py:188} INFO - [2026-05-15T16:44:52.176+0000] {dag.py:3954} INFO - Setting next_dagrun for update_staging_json to 2026-05-15 13:00:00+00:00, run_after=2026-05-16 13:00:00+00:00
[2026-05-15T16:44:52.183+0000] {logging_mixin.py:188} INFO - [2026-05-15T16:44:52.182+0000] {dag.py:3954} INFO - Setting next_dagrun for youtube_dwh_update to 2026-05-15 13:30:00+00:00, run_after=2026-05-16 13:30:00+00:00
[2026-05-15T16:44:52.228+0000] {processor.py:183} INFO - Processing /opt/airflow/dags/main.py took 0.494 seconds
[2026-05-15T16:45:22.610+0000] {processor.py:161} INFO - Started process (PID=1943) to work on /opt/airflow/dags/main.py
[2026-05-15T16:45:22.613+0000] {processor.py:830} INFO - Processing file /opt/airflow/dags/main.py for tasks to queue
[2026-05-15T16:45:22.617+0000] {logging_mixin.py:188} INFO - [2026-05-15T16:45:22.616+0000] {dagbag.py:545} INFO - Filling up the DagBag from /opt/airflow/dags/main.py
[2026-05-15T16:45:22.848+0000] {processor.py:840} INFO - DAG(s) 'update_staging_json', 'youtube_dwh_update', 'produce_json' retrieved from /opt/airflow/dags/main.py
[2026-05-15T16:45:23.031+0000] {logging_mixin.py:188} INFO - [2026-05-15T16:45:23.031+0000] {dag.py:3096} INFO - Sync 3 DAGs
[2026-05-15T16:45:23.155+0000] {logging_mixin.py:188} INFO - [2026-05-15T16:45:23.154+0000] {dag.py:3954} INFO - Setting next_dagrun for produce_json to 2026-05-15 13:00:00+00:00, run_after=2026-05-16 13:00:00+00:00
[2026-05-15T16:45:23.192+0000] {logging_mixin.py:188} INFO - [2026-05-15T16:45:23.191+0000] {dag.py:3954} INFO - Setting next_dagrun for update_staging_json to 2026-05-15 13:00:00+00:00, run_after=2026-05-16 13:00:00+00:00
[2026-05-15T16:45:23.206+0000] {logging_mixin.py:188} INFO - [2026-05-15T16:45:23.206+0000] {dag.py:3954} INFO - Setting next_dagrun for youtube_dwh_update to 2026-05-15 13:30:00+00:00, run_after=2026-05-16 13:30:00+00:00
[2026-05-15T16:45:23.278+0000] {processor.py:183} INFO - Processing /opt/airflow/dags/main.py took 0.682 seconds
[2026-05-15T16:45:53.546+0000] {processor.py:161} INFO - Started process (PID=1956) to work on /opt/airflow/dags/main.py
[2026-05-15T16:45:53.550+0000] {processor.py:830} INFO - Processing file /opt/airflow/dags/main.py for tasks to queue
[2026-05-15T16:45:53.556+0000] {logging_mixin.py:188} INFO - [2026-05-15T16:45:53.555+0000] {dagbag.py:545} INFO - Filling up the DagBag from /opt/airflow/dags/main.py
[2026-05-15T16:45:53.767+0000] {processor.py:840} INFO - DAG(s) 'produce_json', 'update_staging_json', 'youtube_dwh_update' retrieved from /opt/airflow/dags/main.py
[2026-05-15T16:45:53.833+0000] {logging_mixin.py:188} INFO - [2026-05-15T16:45:53.833+0000] {dag.py:3096} INFO - Sync 3 DAGs
[2026-05-15T16:45:53.892+0000] {logging_mixin.py:188} INFO - [2026-05-15T16:45:53.891+0000] {dag.py:3954} INFO - Setting next_dagrun for produce_json to 2026-05-15 13:00:00+00:00, run_after=2026-05-16 13:00:00+00:00
[2026-05-15T16:45:53.909+0000] {logging_mixin.py:188} INFO - [2026-05-15T16:45:53.909+0000] {dag.py:3954} INFO - Setting next_dagrun for update_staging_json to 2026-05-15 13:00:00+00:00, run_after=2026-05-16 13:00:00+00:00
[2026-05-15T16:45:53.917+0000] {logging_mixin.py:188} INFO - [2026-05-15T16:45:53.917+0000] {dag.py:3954} INFO - Setting next_dagrun for youtube_dwh_update to 2026-05-15 13:30:00+00:00, run_after=2026-05-16 13:30:00+00:00
[2026-05-15T16:45:53.961+0000] {processor.py:183} INFO - Processing /opt/airflow/dags/main.py took 0.434 seconds
[2026-05-15T16:46:24.493+0000] {processor.py:161} INFO - Started process (PID=1963) to work on /opt/airflow/dags/main.py
[2026-05-15T16:46:24.496+0000] {processor.py:830} INFO - Processing file /opt/airflow/dags/main.py for tasks to queue
[2026-05-15T16:46:24.501+0000] {logging_mixin.py:188} INFO - [2026-05-15T16:46:24.500+0000] {dagbag.py:545} INFO - Filling up the DagBag from /opt/airflow/dags/main.py
[2026-05-15T16:46:24.739+0000] {processor.py:840} INFO - DAG(s) 'update_staging_json', 'produce_json', 'youtube_dwh_update' retrieved from /opt/airflow/dags/main.py
[2026-05-15T16:46:24.809+0000] {logging_mixin.py:188} INFO - [2026-05-15T16:46:24.809+0000] {dag.py:3096} INFO - Sync 3 DAGs
[2026-05-15T16:46:24.879+0000] {logging_mixin.py:188} INFO - [2026-05-15T16:46:24.878+0000] {dag.py:3954} INFO - Setting next_dagrun for produce_json to 2026-05-15 13:00:00+00:00, run_after=2026-05-16 13:00:00+00:00
[2026-05-15T16:46:24.890+0000] {logging_mixin.py:188} INFO - [2026-05-15T16:46:24.890+0000] {dag.py:3954} INFO - Setting next_dagrun for update_staging_json to 2026-05-15 13:00:00+00:00, run_after=2026-05-16 13:00:00+00:00
[2026-05-15T16:46:24.897+0000] {logging_mixin.py:188} INFO - [2026-05-15T16:46:24.897+0000] {dag.py:3954} INFO - Setting next_dagrun for youtube_dwh_update to 2026-05-15 13:30:00+00:00, run_after=2026-05-16 13:30:00+00:00
[2026-05-15T16:46:24.939+0000] {processor.py:183} INFO - Processing /opt/airflow/dags/main.py took 0.467 seconds
[2026-05-15T16:46:55.367+0000] {processor.py:161} INFO - Started process (PID=1970) to work on /opt/airflow/dags/main.py
[2026-05-15T16:46:55.373+0000] {processor.py:830} INFO - Processing file /opt/airflow/dags/main.py for tasks to queue
[2026-05-15T16:46:55.422+0000] {logging_mixin.py:188} INFO - [2026-05-15T16:46:55.421+0000] {dagbag.py:545} INFO - Filling up the DagBag from /opt/airflow/dags/main.py
[2026-05-15T16:46:55.675+0000] {processor.py:840} INFO - DAG(s) 'youtube_dwh_update', 'update_staging_json', 'produce_json' retrieved from /opt/airflow/dags/main.py
[2026-05-15T16:46:55.770+0000] {logging_mixin.py:188} INFO - [2026-05-15T16:46:55.770+0000] {dag.py:3096} INFO - Sync 3 DAGs
[2026-05-15T16:46:55.843+0000] {logging_mixin.py:188} INFO - [2026-05-15T16:46:55.842+0000] {dag.py:3954} INFO - Setting next_dagrun for produce_json to 2026-05-15 13:00:00+00:00, run_after=2026-05-16 13:00:00+00:00
[2026-05-15T16:46:55.862+0000] {logging_mixin.py:188} INFO - [2026-05-15T16:46:55.862+0000] {dag.py:3954} INFO - Setting next_dagrun for update_staging_json to 2026-05-15 13:00:00+00:00, run_after=2026-05-16 13:00:00+00:00
[2026-05-15T16:46:55.875+0000] {logging_mixin.py:188} INFO - [2026-05-15T16:46:55.874+0000] {dag.py:3954} INFO - Setting next_dagrun for youtube_dwh_update to 2026-05-15 13:30:00+00:00, run_after=2026-05-16 13:30:00+00:00
[2026-05-15T16:46:55.932+0000] {processor.py:183} INFO - Processing /opt/airflow/dags/main.py took 0.600 seconds
[2026-05-15T16:47:26.057+0000] {processor.py:161} INFO - Started process (PID=1978) to work on /opt/airflow/dags/main.py
[2026-05-15T16:47:26.060+0000] {processor.py:830} INFO - Processing file /opt/airflow/dags/main.py for tasks to queue
[2026-05-15T16:47:26.066+0000] {logging_mixin.py:188} INFO - [2026-05-15T16:47:26.065+0000] {dagbag.py:545} INFO - Filling up the DagBag from /opt/airflow/dags/main.py
[2026-05-15T16:47:26.305+0000] {processor.py:840} INFO - DAG(s) 'produce_json', 'youtube_dwh_update', 'update_staging_json' retrieved from /opt/airflow/dags/main.py
[2026-05-15T16:47:26.381+0000] {logging_mixin.py:188} INFO - [2026-05-15T16:47:26.380+0000] {dag.py:3096} INFO - Sync 3 DAGs
[2026-05-15T16:47:26.442+0000] {logging_mixin.py:188} INFO - [2026-05-15T16:47:26.442+0000] {dag.py:3954} INFO - Setting next_dagrun for produce_json to 2026-05-15 13:00:00+00:00, run_after=2026-05-16 13:00:00+00:00
[2026-05-15T16:47:26.459+0000] {logging_mixin.py:188} INFO - [2026-05-15T16:47:26.459+0000] {dag.py:3954} INFO - Setting next_dagrun for update_staging_json to 2026-05-15 13:00:00+00:00, run_after=2026-05-16 13:00:00+00:00
[2026-05-15T16:47:26.466+0000] {logging_mixin.py:188} INFO - [2026-05-15T16:47:26.466+0000] {dag.py:3954} INFO - Setting next_dagrun for youtube_dwh_update to 2026-05-15 13:30:00+00:00, run_after=2026-05-16 13:30:00+00:00
[2026-05-15T16:47:26.505+0000] {processor.py:183} INFO - Processing /opt/airflow/dags/main.py took 0.471 seconds
[2026-05-15T16:47:56.644+0000] {processor.py:161} INFO - Started process (PID=1985) to work on /opt/airflow/dags/main.py
[2026-05-15T16:47:56.647+0000] {processor.py:830} INFO - Processing file /opt/airflow/dags/main.py for tasks to queue
[2026-05-15T16:47:56.652+0000] {logging_mixin.py:188} INFO - [2026-05-15T16:47:56.651+0000] {dagbag.py:545} INFO - Filling up the DagBag from /opt/airflow/dags/main.py
[2026-05-15T16:47:56.874+0000] {processor.py:840} INFO - DAG(s) 'update_staging_json', 'produce_json', 'youtube_dwh_update' retrieved from /opt/airflow/dags/main.py
[2026-05-15T16:47:56.949+0000] {logging_mixin.py:188} INFO - [2026-05-15T16:47:56.949+0000] {dag.py:3096} INFO - Sync 3 DAGs
[2026-05-15T16:47:57.011+0000] {logging_mixin.py:188} INFO - [2026-05-15T16:47:57.011+0000] {dag.py:3954} INFO - Setting next_dagrun for produce_json to 2026-05-15 13:00:00+00:00, run_after=2026-05-16 13:00:00+00:00
[2026-05-15T16:47:57.028+0000] {logging_mixin.py:188} INFO - [2026-05-15T16:47:57.027+0000] {dag.py:3954} INFO - Setting next_dagrun for update_staging_json to 2026-05-15 13:00:00+00:00, run_after=2026-05-16 13:00:00+00:00
[2026-05-15T16:47:57.036+0000] {logging_mixin.py:188} INFO - [2026-05-15T16:47:57.036+0000] {dag.py:3954} INFO - Setting next_dagrun for youtube_dwh_update to 2026-05-15 13:30:00+00:00, run_after=2026-05-16 13:30:00+00:00
[2026-05-15T16:47:57.080+0000] {processor.py:183} INFO - Processing /opt/airflow/dags/main.py took 0.455 seconds
[2026-05-15T16:48:27.356+0000] {processor.py:161} INFO - Started process (PID=1992) to work on /opt/airflow/dags/main.py
[2026-05-15T16:48:27.360+0000] {processor.py:830} INFO - Processing file /opt/airflow/dags/main.py for tasks to queue
[2026-05-15T16:48:27.364+0000] {logging_mixin.py:188} INFO - [2026-05-15T16:48:27.364+0000] {dagbag.py:545} INFO - Filling up the DagBag from /opt/airflow/dags/main.py
[2026-05-15T16:48:28.223+0000] {processor.py:840} INFO - DAG(s) 'youtube_dwh_update', 'produce_json', 'update_staging_json' retrieved from /opt/airflow/dags/main.py
[2026-05-15T16:48:28.401+0000] {logging_mixin.py:188} INFO - [2026-05-15T16:48:28.399+0000] {dag.py:3096} INFO - Sync 3 DAGs
[2026-05-15T16:48:28.551+0000] {logging_mixin.py:188} INFO - [2026-05-15T16:48:28.551+0000] {dag.py:3954} INFO - Setting next_dagrun for produce_json to 2026-05-15 13:00:00+00:00, run_after=2026-05-16 13:00:00+00:00
[2026-05-15T16:48:28.576+0000] {logging_mixin.py:188} INFO - [2026-05-15T16:48:28.576+0000] {dag.py:3954} INFO - Setting next_dagrun for update_staging_json to 2026-05-15 13:00:00+00:00, run_after=2026-05-16 13:00:00+00:00
[2026-05-15T16:48:28.584+0000] {logging_mixin.py:188} INFO - [2026-05-15T16:48:28.584+0000] {dag.py:3954} INFO - Setting next_dagrun for youtube_dwh_update to 2026-05-15 13:30:00+00:00, run_after=2026-05-16 13:30:00+00:00
[2026-05-15T16:48:28.645+0000] {processor.py:183} INFO - Processing /opt/airflow/dags/main.py took 1.314 seconds
[2026-05-15T16:48:59.331+0000] {processor.py:161} INFO - Started process (PID=1999) to work on /opt/airflow/dags/main.py
[2026-05-15T16:48:59.336+0000] {processor.py:830} INFO - Processing file /opt/airflow/dags/main.py for tasks to queue
[2026-05-15T16:48:59.348+0000] {logging_mixin.py:188} INFO - [2026-05-15T16:48:59.342+0000] {dagbag.py:545} INFO - Filling up the DagBag from /opt/airflow/dags/main.py
[2026-05-15T16:48:59.783+0000] {processor.py:840} INFO - DAG(s) 'youtube_dwh_update', 'produce_json', 'update_staging_json' retrieved from /opt/airflow/dags/main.py
[2026-05-15T16:48:59.900+0000] {logging_mixin.py:188} INFO - [2026-05-15T16:48:59.899+0000] {dag.py:3096} INFO - Sync 3 DAGs
[2026-05-15T16:49:00.006+0000] {logging_mixin.py:188} INFO - [2026-05-15T16:49:00.005+0000] {dag.py:3954} INFO - Setting next_dagrun for produce_json to 2026-05-15 13:00:00+00:00, run_after=2026-05-16 13:00:00+00:00
[2026-05-15T16:49:00.034+0000] {logging_mixin.py:188} INFO - [2026-05-15T16:49:00.033+0000] {dag.py:3954} INFO - Setting next_dagrun for update_staging_json to 2026-05-15 13:00:00+00:00, run_after=2026-05-16 13:00:00+00:00
[2026-05-15T16:49:00.055+0000] {logging_mixin.py:188} INFO - [2026-05-15T16:49:00.054+0000] {dag.py:3954} INFO - Setting next_dagrun for youtube_dwh_update to 2026-05-15 13:30:00+00:00, run_after=2026-05-16 13:30:00+00:00
[2026-05-15T16:49:00.130+0000] {processor.py:183} INFO - Processing /opt/airflow/dags/main.py took 0.824 seconds
[2026-05-15T16:49:30.318+0000] {processor.py:161} INFO - Started process (PID=2006) to work on /opt/airflow/dags/main.py
[2026-05-15T16:49:30.321+0000] {processor.py:830} INFO - Processing file /opt/airflow/dags/main.py for tasks to queue
[2026-05-15T16:49:30.329+0000] {logging_mixin.py:188} INFO - [2026-05-15T16:49:30.327+0000] {dagbag.py:545} INFO - Filling up the DagBag from /opt/airflow/dags/main.py
[2026-05-15T16:49:30.610+0000] {processor.py:840} INFO - DAG(s) 'youtube_dwh_update', 'update_staging_json', 'produce_json' retrieved from /opt/airflow/dags/main.py
[2026-05-15T16:49:30.698+0000] {logging_mixin.py:188} INFO - [2026-05-15T16:49:30.698+0000] {dag.py:3096} INFO - Sync 3 DAGs
[2026-05-15T16:49:30.775+0000] {logging_mixin.py:188} INFO - [2026-05-15T16:49:30.775+0000] {dag.py:3954} INFO - Setting next_dagrun for produce_json to 2026-05-15 13:00:00+00:00, run_after=2026-05-16 13:00:00+00:00
[2026-05-15T16:49:30.797+0000] {logging_mixin.py:188} INFO - [2026-05-15T16:49:30.796+0000] {dag.py:3954} INFO - Setting next_dagrun for update_staging_json to 2026-05-15 13:00:00+00:00, run_after=2026-05-16 13:00:00+00:00
[2026-05-15T16:49:30.805+0000] {logging_mixin.py:188} INFO - [2026-05-15T16:49:30.805+0000] {dag.py:3954} INFO - Setting next_dagrun for youtube_dwh_update to 2026-05-15 13:30:00+00:00, run_after=2026-05-16 13:30:00+00:00
[2026-05-15T16:49:30.840+0000] {processor.py:183} INFO - Processing /opt/airflow/dags/main.py took 0.546 seconds
[2026-05-15T16:50:01.104+0000] {processor.py:161} INFO - Started process (PID=2012) to work on /opt/airflow/dags/main.py
[2026-05-15T16:50:01.107+0000] {processor.py:830} INFO - Processing file /opt/airflow/dags/main.py for tasks to queue
[2026-05-15T16:50:01.115+0000] {logging_mixin.py:188} INFO - [2026-05-15T16:50:01.114+0000] {dagbag.py:545} INFO - Filling up the DagBag from /opt/airflow/dags/main.py
[2026-05-15T16:50:01.452+0000] {processor.py:840} INFO - DAG(s) 'update_staging_json', 'produce_json', 'youtube_dwh_update' retrieved from /opt/airflow/dags/main.py
[2026-05-15T16:50:01.527+0000] {logging_mixin.py:188} INFO - [2026-05-15T16:50:01.527+0000] {dag.py:3096} INFO - Sync 3 DAGs
[2026-05-15T16:50:01.600+0000] {logging_mixin.py:188} INFO - [2026-05-15T16:50:01.600+0000] {dag.py:3954} INFO - Setting next_dagrun for produce_json to 2026-05-15 13:00:00+00:00, run_after=2026-05-16 13:00:00+00:00
[2026-05-15T16:50:01.616+0000] {logging_mixin.py:188} INFO - [2026-05-15T16:50:01.616+0000] {dag.py:3954} INFO - Setting next_dagrun for update_staging_json to 2026-05-15 13:00:00+00:00, run_after=2026-05-16 13:00:00+00:00
[2026-05-15T16:50:01.626+0000] {logging_mixin.py:188} INFO - [2026-05-15T16:50:01.625+0000] {dag.py:3954} INFO - Setting next_dagrun for youtube_dwh_update to 2026-05-15 13:30:00+00:00, run_after=2026-05-16 13:30:00+00:00
[2026-05-15T16:50:01.675+0000] {processor.py:183} INFO - Processing /opt/airflow/dags/main.py took 0.600 seconds
[2026-05-15T16:50:32.031+0000] {processor.py:161} INFO - Started process (PID=2019) to work on /opt/airflow/dags/main.py
[2026-05-15T16:50:32.033+0000] {processor.py:830} INFO - Processing file /opt/airflow/dags/main.py for tasks to queue
[2026-05-15T16:50:32.038+0000] {logging_mixin.py:188} INFO - [2026-05-15T16:50:32.037+0000] {dagbag.py:545} INFO - Filling up the DagBag from /opt/airflow/dags/main.py
[2026-05-15T16:50:32.273+0000] {processor.py:840} INFO - DAG(s) 'produce_json', 'youtube_dwh_update', 'update_staging_json' retrieved from /opt/airflow/dags/main.py
[2026-05-15T16:50:32.361+0000] {logging_mixin.py:188} INFO - [2026-05-15T16:50:32.361+0000] {dag.py:3096} INFO - Sync 3 DAGs
[2026-05-15T16:50:32.424+0000] {logging_mixin.py:188} INFO - [2026-05-15T16:50:32.423+0000] {dag.py:3954} INFO - Setting next_dagrun for produce_json to 2026-05-15 13:00:00+00:00, run_after=2026-05-16 13:00:00+00:00
[2026-05-15T16:50:32.435+0000] {logging_mixin.py:188} INFO - [2026-05-15T16:50:32.435+0000] {dag.py:3954} INFO - Setting next_dagrun for update_staging_json to 2026-05-15 13:00:00+00:00, run_after=2026-05-16 13:00:00+00:00
[2026-05-15T16:50:32.445+0000] {logging_mixin.py:188} INFO - [2026-05-15T16:50:32.444+0000] {dag.py:3954} INFO - Setting next_dagrun for youtube_dwh_update to 2026-05-15 13:30:00+00:00, run_after=2026-05-16 13:30:00+00:00
[2026-05-15T16:50:32.489+0000] {processor.py:183} INFO - Processing /opt/airflow/dags/main.py took 0.473 seconds
[2026-05-15T16:51:02.860+0000] {processor.py:161} INFO - Started process (PID=2026) to work on /opt/airflow/dags/main.py
[2026-05-15T16:51:02.863+0000] {processor.py:830} INFO - Processing file /opt/airflow/dags/main.py for tasks to queue
[2026-05-15T16:51:02.869+0000] {logging_mixin.py:188} INFO - [2026-05-15T16:51:02.869+0000] {dagbag.py:545} INFO - Filling up the DagBag from /opt/airflow/dags/main.py
[2026-05-15T16:51:03.086+0000] {processor.py:840} INFO - DAG(s) 'update_staging_json', 'youtube_dwh_update', 'produce_json' retrieved from /opt/airflow/dags/main.py
[2026-05-15T16:51:03.201+0000] {logging_mixin.py:188} INFO - [2026-05-15T16:51:03.201+0000] {dag.py:3096} INFO - Sync 3 DAGs
[2026-05-15T16:51:03.311+0000] {logging_mixin.py:188} INFO - [2026-05-15T16:51:03.310+0000] {dag.py:3954} INFO - Setting next_dagrun for produce_json to 2026-05-15 13:00:00+00:00, run_after=2026-05-16 13:00:00+00:00
[2026-05-15T16:51:03.337+0000] {logging_mixin.py:188} INFO - [2026-05-15T16:51:03.337+0000] {dag.py:3954} INFO - Setting next_dagrun for update_staging_json to 2026-05-15 13:00:00+00:00, run_after=2026-05-16 13:00:00+00:00
[2026-05-15T16:51:03.362+0000] {logging_mixin.py:188} INFO - [2026-05-15T16:51:03.362+0000] {dag.py:3954} INFO - Setting next_dagrun for youtube_dwh_update to 2026-05-15 13:30:00+00:00, run_after=2026-05-16 13:30:00+00:00
[2026-05-15T16:51:03.429+0000] {processor.py:183} INFO - Processing /opt/airflow/dags/main.py took 0.587 seconds
[2026-05-15T16:51:33.893+0000] {processor.py:161} INFO - Started process (PID=2033) to work on /opt/airflow/dags/main.py
[2026-05-15T16:51:33.896+0000] {processor.py:830} INFO - Processing file /opt/airflow/dags/main.py for tasks to queue
[2026-05-15T16:51:33.904+0000] {logging_mixin.py:188} INFO - [2026-05-15T16:51:33.903+0000] {dagbag.py:545} INFO - Filling up the DagBag from /opt/airflow/dags/main.py
[2026-05-15T16:51:34.201+0000] {processor.py:840} INFO - DAG(s) 'update_staging_json', 'produce_json', 'youtube_dwh_update' retrieved from /opt/airflow/dags/main.py
[2026-05-15T16:51:34.336+0000] {logging_mixin.py:188} INFO - [2026-05-15T16:51:34.336+0000] {dag.py:3096} INFO - Sync 3 DAGs
[2026-05-15T16:51:34.403+0000] {logging_mixin.py:188} INFO - [2026-05-15T16:51:34.403+0000] {dag.py:3954} INFO - Setting next_dagrun for produce_json to 2026-05-15 13:00:00+00:00, run_after=2026-05-16 13:00:00+00:00
[2026-05-15T16:51:34.421+0000] {logging_mixin.py:188} INFO - [2026-05-15T16:51:34.420+0000] {dag.py:3954} INFO - Setting next_dagrun for update_staging_json to 2026-05-15 13:00:00+00:00, run_after=2026-05-16 13:00:00+00:00
[2026-05-15T16:51:34.429+0000] {logging_mixin.py:188} INFO - [2026-05-15T16:51:34.428+0000] {dag.py:3954} INFO - Setting next_dagrun for youtube_dwh_update to 2026-05-15 13:30:00+00:00, run_after=2026-05-16 13:30:00+00:00
[2026-05-15T16:51:34.478+0000] {processor.py:183} INFO - Processing /opt/airflow/dags/main.py took 0.607 seconds
[2026-05-15T16:52:04.838+0000] {processor.py:161} INFO - Started process (PID=2040) to work on /opt/airflow/dags/main.py
[2026-05-15T16:52:04.841+0000] {processor.py:830} INFO - Processing file /opt/airflow/dags/main.py for tasks to queue
[2026-05-15T16:52:04.846+0000] {logging_mixin.py:188} INFO - [2026-05-15T16:52:04.845+0000] {dagbag.py:545} INFO - Filling up the DagBag from /opt/airflow/dags/main.py
[2026-05-15T16:52:05.115+0000] {processor.py:840} INFO - DAG(s) 'update_staging_json', 'youtube_dwh_update', 'produce_json' retrieved from /opt/airflow/dags/main.py
[2026-05-15T16:52:05.195+0000] {logging_mixin.py:188} INFO - [2026-05-15T16:52:05.195+0000] {dag.py:3096} INFO - Sync 3 DAGs
[2026-05-15T16:52:05.256+0000] {logging_mixin.py:188} INFO - [2026-05-15T16:52:05.255+0000] {dag.py:3954} INFO - Setting next_dagrun for produce_json to 2026-05-15 13:00:00+00:00, run_after=2026-05-16 13:00:00+00:00
[2026-05-15T16:52:05.284+0000] {logging_mixin.py:188} INFO - [2026-05-15T16:52:05.283+0000] {dag.py:3954} INFO - Setting next_dagrun for update_staging_json to 2026-05-15 13:00:00+00:00, run_after=2026-05-16 13:00:00+00:00
[2026-05-15T16:52:05.297+0000] {logging_mixin.py:188} INFO - [2026-05-15T16:52:05.297+0000] {dag.py:3954} INFO - Setting next_dagrun for youtube_dwh_update to 2026-05-15 13:30:00+00:00, run_after=2026-05-16 13:30:00+00:00
[2026-05-15T16:52:05.349+0000] {processor.py:183} INFO - Processing /opt/airflow/dags/main.py took 0.525 seconds
[2026-05-15T16:52:35.495+0000] {processor.py:161} INFO - Started process (PID=2046) to work on /opt/airflow/dags/main.py
[2026-05-15T16:52:35.499+0000] {processor.py:830} INFO - Processing file /opt/airflow/dags/main.py for tasks to queue
[2026-05-15T16:52:35.505+0000] {logging_mixin.py:188} INFO - [2026-05-15T16:52:35.504+0000] {dagbag.py:545} INFO - Filling up the DagBag from /opt/airflow/dags/main.py
[2026-05-15T16:52:35.799+0000] {processor.py:840} INFO - DAG(s) 'update_staging_json', 'youtube_dwh_update', 'produce_json' retrieved from /opt/airflow/dags/main.py
[2026-05-15T16:52:35.908+0000] {logging_mixin.py:188} INFO - [2026-05-15T16:52:35.907+0000] {dag.py:3096} INFO - Sync 3 DAGs
[2026-05-15T16:52:35.995+0000] {logging_mixin.py:188} INFO - [2026-05-15T16:52:35.995+0000] {dag.py:3954} INFO - Setting next_dagrun for produce_json to 2026-05-15 13:00:00+00:00, run_after=2026-05-16 13:00:00+00:00
[2026-05-15T16:52:36.007+0000] {logging_mixin.py:188} INFO - [2026-05-15T16:52:36.007+0000] {dag.py:3954} INFO - Setting next_dagrun for update_staging_json to 2026-05-15 13:00:00+00:00, run_after=2026-05-16 13:00:00+00:00
[2026-05-15T16:52:36.019+0000] {logging_mixin.py:188} INFO - [2026-05-15T16:52:36.018+0000] {dag.py:3954} INFO - Setting next_dagrun for youtube_dwh_update to 2026-05-15 13:30:00+00:00, run_after=2026-05-16 13:30:00+00:00
[2026-05-15T16:52:36.079+0000] {processor.py:183} INFO - Processing /opt/airflow/dags/main.py took 0.606 seconds
[2026-05-15T16:53:06.825+0000] {processor.py:161} INFO - Started process (PID=2053) to work on /opt/airflow/dags/main.py
[2026-05-15T16:53:06.828+0000] {processor.py:830} INFO - Processing file /opt/airflow/dags/main.py for tasks to queue
[2026-05-15T16:53:06.833+0000] {logging_mixin.py:188} INFO - [2026-05-15T16:53:06.832+0000] {dagbag.py:545} INFO - Filling up the DagBag from /opt/airflow/dags/main.py
[2026-05-15T16:53:07.095+0000] {processor.py:840} INFO - DAG(s) 'produce_json', 'update_staging_json', 'youtube_dwh_update' retrieved from /opt/airflow/dags/main.py
[2026-05-15T16:53:07.151+0000] {logging_mixin.py:188} INFO - [2026-05-15T16:53:07.150+0000] {dag.py:3096} INFO - Sync 3 DAGs
[2026-05-15T16:53:07.200+0000] {logging_mixin.py:188} INFO - [2026-05-15T16:53:07.200+0000] {dag.py:3954} INFO - Setting next_dagrun for produce_json to 2026-05-15 13:00:00+00:00, run_after=2026-05-16 13:00:00+00:00
[2026-05-15T16:53:07.217+0000] {logging_mixin.py:188} INFO - [2026-05-15T16:53:07.217+0000] {dag.py:3954} INFO - Setting next_dagrun for update_staging_json to 2026-05-15 13:00:00+00:00, run_after=2026-05-16 13:00:00+00:00
[2026-05-15T16:53:07.224+0000] {logging_mixin.py:188} INFO - [2026-05-15T16:53:07.224+0000] {dag.py:3954} INFO - Setting next_dagrun for youtube_dwh_update to 2026-05-15 13:30:00+00:00, run_after=2026-05-16 13:30:00+00:00
[2026-05-15T16:53:07.273+0000] {processor.py:183} INFO - Processing /opt/airflow/dags/main.py took 0.467 seconds
[2026-05-15T16:53:37.637+0000] {processor.py:161} INFO - Started process (PID=2060) to work on /opt/airflow/dags/main.py
[2026-05-15T16:53:37.640+0000] {processor.py:830} INFO - Processing file /opt/airflow/dags/main.py for tasks to queue
[2026-05-15T16:53:37.648+0000] {logging_mixin.py:188} INFO - [2026-05-15T16:53:37.647+0000] {dagbag.py:545} INFO - Filling up the DagBag from /opt/airflow/dags/main.py
[2026-05-15T16:53:38.154+0000] {processor.py:840} INFO - DAG(s) 'produce_json', 'update_staging_json', 'youtube_dwh_update' retrieved from /opt/airflow/dags/main.py
[2026-05-15T16:53:38.288+0000] {logging_mixin.py:188} INFO - [2026-05-15T16:53:38.287+0000] {dag.py:3096} INFO - Sync 3 DAGs
[2026-05-15T16:53:38.436+0000] {logging_mixin.py:188} INFO - [2026-05-15T16:53:38.435+0000] {dag.py:3954} INFO - Setting next_dagrun for produce_json to 2026-05-15 13:00:00+00:00, run_after=2026-05-16 13:00:00+00:00
[2026-05-15T16:53:38.489+0000] {logging_mixin.py:188} INFO - [2026-05-15T16:53:38.486+0000] {dag.py:3954} INFO - Setting next_dagrun for update_staging_json to 2026-05-15 13:00:00+00:00, run_after=2026-05-16 13:00:00+00:00
[2026-05-15T16:53:38.527+0000] {logging_mixin.py:188} INFO - [2026-05-15T16:53:38.526+0000] {dag.py:3954} INFO - Setting next_dagrun for youtube_dwh_update to 2026-05-15 13:30:00+00:00, run_after=2026-05-16 13:30:00+00:00
[2026-05-15T16:53:38.599+0000] {processor.py:183} INFO - Processing /opt/airflow/dags/main.py took 0.983 seconds
[2026-05-15T16:54:09.174+0000] {processor.py:161} INFO - Started process (PID=2067) to work on /opt/airflow/dags/main.py
[2026-05-15T16:54:09.176+0000] {processor.py:830} INFO - Processing file /opt/airflow/dags/main.py for tasks to queue
[2026-05-15T16:54:09.180+0000] {logging_mixin.py:188} INFO - [2026-05-15T16:54:09.179+0000] {dagbag.py:545} INFO - Filling up the DagBag from /opt/airflow/dags/main.py
[2026-05-15T16:54:09.549+0000] {processor.py:840} INFO - DAG(s) 'youtube_dwh_update', 'update_staging_json', 'produce_json' retrieved from /opt/airflow/dags/main.py
[2026-05-15T16:54:09.713+0000] {logging_mixin.py:188} INFO - [2026-05-15T16:54:09.713+0000] {dag.py:3096} INFO - Sync 3 DAGs
[2026-05-15T16:54:09.827+0000] {logging_mixin.py:188} INFO - [2026-05-15T16:54:09.826+0000] {dag.py:3954} INFO - Setting next_dagrun for produce_json to 2026-05-15 13:00:00+00:00, run_after=2026-05-16 13:00:00+00:00
[2026-05-15T16:54:09.854+0000] {logging_mixin.py:188} INFO - [2026-05-15T16:54:09.850+0000] {dag.py:3954} INFO - Setting next_dagrun for update_staging_json to 2026-05-15 13:00:00+00:00, run_after=2026-05-16 13:00:00+00:00
[2026-05-15T16:54:09.869+0000] {logging_mixin.py:188} INFO - [2026-05-15T16:54:09.868+0000] {dag.py:3954} INFO - Setting next_dagrun for youtube_dwh_update to 2026-05-15 13:30:00+00:00, run_after=2026-05-16 13:30:00+00:00
[2026-05-15T16:54:09.941+0000] {processor.py:183} INFO - Processing /opt/airflow/dags/main.py took 0.786 seconds
[2026-05-15T16:54:40.347+0000] {processor.py:161} INFO - Started process (PID=2074) to work on /opt/airflow/dags/main.py
[2026-05-15T16:54:40.349+0000] {processor.py:830} INFO - Processing file /opt/airflow/dags/main.py for tasks to queue
[2026-05-15T16:54:40.353+0000] {logging_mixin.py:188} INFO - [2026-05-15T16:54:40.353+0000] {dagbag.py:545} INFO - Filling up the DagBag from /opt/airflow/dags/main.py
[2026-05-15T16:54:40.691+0000] {processor.py:840} INFO - DAG(s) 'produce_json', 'update_staging_json', 'youtube_dwh_update' retrieved from /opt/airflow/dags/main.py
[2026-05-15T16:54:40.771+0000] {logging_mixin.py:188} INFO - [2026-05-15T16:54:40.771+0000] {dag.py:3096} INFO - Sync 3 DAGs
[2026-05-15T16:54:40.838+0000] {logging_mixin.py:188} INFO - [2026-05-15T16:54:40.837+0000] {dag.py:3954} INFO - Setting next_dagrun for produce_json to 2026-05-15 13:00:00+00:00, run_after=2026-05-16 13:00:00+00:00
[2026-05-15T16:54:40.857+0000] {logging_mixin.py:188} INFO - [2026-05-15T16:54:40.857+0000] {dag.py:3954} INFO - Setting next_dagrun for update_staging_json to 2026-05-15 13:00:00+00:00, run_after=2026-05-16 13:00:00+00:00
[2026-05-15T16:54:40.865+0000] {logging_mixin.py:188} INFO - [2026-05-15T16:54:40.865+0000] {dag.py:3954} INFO - Setting next_dagrun for youtube_dwh_update to 2026-05-15 13:30:00+00:00, run_after=2026-05-16 13:30:00+00:00
[2026-05-15T16:54:40.910+0000] {processor.py:183} INFO - Processing /opt/airflow/dags/main.py took 0.575 seconds
[2026-05-15T16:55:11.697+0000] {processor.py:161} INFO - Started process (PID=2080) to work on /opt/airflow/dags/main.py
[2026-05-15T16:55:11.699+0000] {processor.py:830} INFO - Processing file /opt/airflow/dags/main.py for tasks to queue
[2026-05-15T16:55:11.703+0000] {logging_mixin.py:188} INFO - [2026-05-15T16:55:11.703+0000] {dagbag.py:545} INFO - Filling up the DagBag from /opt/airflow/dags/main.py
[2026-05-15T16:55:11.923+0000] {processor.py:840} INFO - DAG(s) 'produce_json', 'update_staging_json', 'youtube_dwh_update' retrieved from /opt/airflow/dags/main.py
[2026-05-15T16:55:11.988+0000] {logging_mixin.py:188} INFO - [2026-05-15T16:55:11.988+0000] {dag.py:3096} INFO - Sync 3 DAGs
[2026-05-15T16:55:12.036+0000] {logging_mixin.py:188} INFO - [2026-05-15T16:55:12.036+0000] {dag.py:3954} INFO - Setting next_dagrun for produce_json to 2026-05-15 13:00:00+00:00, run_after=2026-05-16 13:00:00+00:00
[2026-05-15T16:55:12.050+0000] {logging_mixin.py:188} INFO - [2026-05-15T16:55:12.049+0000] {dag.py:3954} INFO - Setting next_dagrun for update_staging_json to 2026-05-15 13:00:00+00:00, run_after=2026-05-16 13:00:00+00:00
[2026-05-15T16:55:12.056+0000] {logging_mixin.py:188} INFO - [2026-05-15T16:55:12.056+0000] {dag.py:3954} INFO - Setting next_dagrun for youtube_dwh_update to 2026-05-15 13:30:00+00:00, run_after=2026-05-16 13:30:00+00:00
[2026-05-15T16:55:12.097+0000] {processor.py:183} INFO - Processing /opt/airflow/dags/main.py took 0.415 seconds
[2026-05-15T16:55:42.313+0000] {processor.py:161} INFO - Started process (PID=2087) to work on /opt/airflow/dags/main.py
[2026-05-15T16:55:42.316+0000] {processor.py:830} INFO - Processing file /opt/airflow/dags/main.py for tasks to queue
[2026-05-15T16:55:42.321+0000] {logging_mixin.py:188} INFO - [2026-05-15T16:55:42.320+0000] {dagbag.py:545} INFO - Filling up the DagBag from /opt/airflow/dags/main.py
[2026-05-15T16:55:42.556+0000] {processor.py:840} INFO - DAG(s) 'update_staging_json', 'youtube_dwh_update', 'produce_json' retrieved from /opt/airflow/dags/main.py
[2026-05-15T16:55:42.626+0000] {logging_mixin.py:188} INFO - [2026-05-15T16:55:42.625+0000] {dag.py:3096} INFO - Sync 3 DAGs
[2026-05-15T16:55:42.681+0000] {logging_mixin.py:188} INFO - [2026-05-15T16:55:42.681+0000] {dag.py:3954} INFO - Setting next_dagrun for produce_json to 2026-05-15 13:00:00+00:00, run_after=2026-05-16 13:00:00+00:00
[2026-05-15T16:55:42.692+0000] {logging_mixin.py:188} INFO - [2026-05-15T16:55:42.691+0000] {dag.py:3954} INFO - Setting next_dagrun for update_staging_json to 2026-05-15 13:00:00+00:00, run_after=2026-05-16 13:00:00+00:00
[2026-05-15T16:55:42.699+0000] {logging_mixin.py:188} INFO - [2026-05-15T16:55:42.699+0000] {dag.py:3954} INFO - Setting next_dagrun for youtube_dwh_update to 2026-05-15 13:30:00+00:00, run_after=2026-05-16 13:30:00+00:00
[2026-05-15T16:55:42.738+0000] {processor.py:183} INFO - Processing /opt/airflow/dags/main.py took 0.439 seconds
[2026-05-15T16:56:12.988+0000] {processor.py:161} INFO - Started process (PID=2094) to work on /opt/airflow/dags/main.py
[2026-05-15T16:56:12.992+0000] {processor.py:830} INFO - Processing file /opt/airflow/dags/main.py for tasks to queue
[2026-05-15T16:56:13.000+0000] {logging_mixin.py:188} INFO - [2026-05-15T16:56:12.999+0000] {dagbag.py:545} INFO - Filling up the DagBag from /opt/airflow/dags/main.py
[2026-05-15T16:56:13.254+0000] {processor.py:840} INFO - DAG(s) 'produce_json', 'youtube_dwh_update', 'update_staging_json' retrieved from /opt/airflow/dags/main.py
[2026-05-15T16:56:13.333+0000] {logging_mixin.py:188} INFO - [2026-05-15T16:56:13.332+0000] {dag.py:3096} INFO - Sync 3 DAGs
[2026-05-15T16:56:13.434+0000] {logging_mixin.py:188} INFO - [2026-05-15T16:56:13.433+0000] {dag.py:3954} INFO - Setting next_dagrun for produce_json to 2026-05-15 13:00:00+00:00, run_after=2026-05-16 13:00:00+00:00
[2026-05-15T16:56:13.462+0000] {logging_mixin.py:188} INFO - [2026-05-15T16:56:13.462+0000] {dag.py:3954} INFO - Setting next_dagrun for update_staging_json to 2026-05-15 13:00:00+00:00, run_after=2026-05-16 13:00:00+00:00
[2026-05-15T16:56:13.483+0000] {logging_mixin.py:188} INFO - [2026-05-15T16:56:13.482+0000] {dag.py:3954} INFO - Setting next_dagrun for youtube_dwh_update to 2026-05-15 13:30:00+00:00, run_after=2026-05-16 13:30:00+00:00
[2026-05-15T16:56:13.572+0000] {processor.py:183} INFO - Processing /opt/airflow/dags/main.py took 0.606 seconds
[2026-05-15T16:56:44.149+0000] {processor.py:161} INFO - Started process (PID=2101) to work on /opt/airflow/dags/main.py
[2026-05-15T16:56:44.153+0000] {processor.py:830} INFO - Processing file /opt/airflow/dags/main.py for tasks to queue
[2026-05-15T16:56:44.161+0000] {logging_mixin.py:188} INFO - [2026-05-15T16:56:44.160+0000] {dagbag.py:545} INFO - Filling up the DagBag from /opt/airflow/dags/main.py
[2026-05-15T16:56:44.414+0000] {processor.py:840} INFO - DAG(s) 'youtube_dwh_update', 'produce_json', 'update_staging_json' retrieved from /opt/airflow/dags/main.py
[2026-05-15T16:56:44.504+0000] {logging_mixin.py:188} INFO - [2026-05-15T16:56:44.504+0000] {dag.py:3096} INFO - Sync 3 DAGs
[2026-05-15T16:56:44.558+0000] {logging_mixin.py:188} INFO - [2026-05-15T16:56:44.557+0000] {dag.py:3954} INFO - Setting next_dagrun for produce_json to 2026-05-15 13:00:00+00:00, run_after=2026-05-16 13:00:00+00:00
[2026-05-15T16:56:44.575+0000] {logging_mixin.py:188} INFO - [2026-05-15T16:56:44.575+0000] {dag.py:3954} INFO - Setting next_dagrun for update_staging_json to 2026-05-15 13:00:00+00:00, run_after=2026-05-16 13:00:00+00:00
[2026-05-15T16:56:44.587+0000] {logging_mixin.py:188} INFO - [2026-05-15T16:56:44.586+0000] {dag.py:3954} INFO - Setting next_dagrun for youtube_dwh_update to 2026-05-15 13:30:00+00:00, run_after=2026-05-16 13:30:00+00:00
[2026-05-15T16:56:44.641+0000] {processor.py:183} INFO - Processing /opt/airflow/dags/main.py took 0.514 seconds
[2026-05-15T16:57:14.933+0000] {processor.py:161} INFO - Started process (PID=2108) to work on /opt/airflow/dags/main.py
[2026-05-15T16:57:14.935+0000] {processor.py:830} INFO - Processing file /opt/airflow/dags/main.py for tasks to queue
[2026-05-15T16:57:14.939+0000] {logging_mixin.py:188} INFO - [2026-05-15T16:57:14.938+0000] {dagbag.py:545} INFO - Filling up the DagBag from /opt/airflow/dags/main.py
[2026-05-15T16:57:15.160+0000] {processor.py:840} INFO - DAG(s) 'produce_json', 'youtube_dwh_update', 'update_staging_json' retrieved from /opt/airflow/dags/main.py
[2026-05-15T16:57:15.249+0000] {logging_mixin.py:188} INFO - [2026-05-15T16:57:15.248+0000] {dag.py:3096} INFO - Sync 3 DAGs
[2026-05-15T16:57:15.308+0000] {logging_mixin.py:188} INFO - [2026-05-15T16:57:15.308+0000] {dag.py:3954} INFO - Setting next_dagrun for produce_json to 2026-05-15 13:00:00+00:00, run_after=2026-05-16 13:00:00+00:00
[2026-05-15T16:57:15.324+0000] {logging_mixin.py:188} INFO - [2026-05-15T16:57:15.323+0000] {dag.py:3954} INFO - Setting next_dagrun for update_staging_json to 2026-05-15 13:00:00+00:00, run_after=2026-05-16 13:00:00+00:00
[2026-05-15T16:57:15.336+0000] {logging_mixin.py:188} INFO - [2026-05-15T16:57:15.335+0000] {dag.py:3954} INFO - Setting next_dagrun for youtube_dwh_update to 2026-05-15 13:30:00+00:00, run_after=2026-05-16 13:30:00+00:00
[2026-05-15T16:57:15.380+0000] {processor.py:183} INFO - Processing /opt/airflow/dags/main.py took 0.467 seconds
[2026-05-15T16:57:45.531+0000] {processor.py:161} INFO - Started process (PID=2115) to work on /opt/airflow/dags/main.py
[2026-05-15T16:57:45.534+0000] {processor.py:830} INFO - Processing file /opt/airflow/dags/main.py for tasks to queue
[2026-05-15T16:57:45.539+0000] {logging_mixin.py:188} INFO - [2026-05-15T16:57:45.538+0000] {dagbag.py:545} INFO - Filling up the DagBag from /opt/airflow/dags/main.py
[2026-05-15T16:57:45.815+0000] {processor.py:840} INFO - DAG(s) 'update_staging_json', 'youtube_dwh_update', 'produce_json' retrieved from /opt/airflow/dags/main.py
[2026-05-15T16:57:45.895+0000] {logging_mixin.py:188} INFO - [2026-05-15T16:57:45.894+0000] {dag.py:3096} INFO - Sync 3 DAGs
[2026-05-15T16:57:45.956+0000] {logging_mixin.py:188} INFO - [2026-05-15T16:57:45.955+0000] {dag.py:3954} INFO - Setting next_dagrun for produce_json to 2026-05-15 13:00:00+00:00, run_after=2026-05-16 13:00:00+00:00
[2026-05-15T16:57:45.984+0000] {logging_mixin.py:188} INFO - [2026-05-15T16:57:45.983+0000] {dag.py:3954} INFO - Setting next_dagrun for update_staging_json to 2026-05-15 13:00:00+00:00, run_after=2026-05-16 13:00:00+00:00
[2026-05-15T16:57:46.037+0000] {logging_mixin.py:188} INFO - [2026-05-15T16:57:46.036+0000] {dag.py:3954} INFO - Setting next_dagrun for youtube_dwh_update to 2026-05-15 13:30:00+00:00, run_after=2026-05-16 13:30:00+00:00
[2026-05-15T16:57:46.156+0000] {processor.py:183} INFO - Processing /opt/airflow/dags/main.py took 0.646 seconds
[2026-05-15T16:58:16.746+0000] {processor.py:161} INFO - Started process (PID=2122) to work on /opt/airflow/dags/main.py
[2026-05-15T16:58:16.748+0000] {processor.py:830} INFO - Processing file /opt/airflow/dags/main.py for tasks to queue
[2026-05-15T16:58:16.752+0000] {logging_mixin.py:188} INFO - [2026-05-15T16:58:16.752+0000] {dagbag.py:545} INFO - Filling up the DagBag from /opt/airflow/dags/main.py
[2026-05-15T16:58:16.960+0000] {processor.py:840} INFO - DAG(s) 'produce_json', 'youtube_dwh_update', 'update_staging_json' retrieved from /opt/airflow/dags/main.py
[2026-05-15T16:58:17.035+0000] {logging_mixin.py:188} INFO - [2026-05-15T16:58:17.035+0000] {dag.py:3096} INFO - Sync 3 DAGs
[2026-05-15T16:58:17.082+0000] {logging_mixin.py:188} INFO - [2026-05-15T16:58:17.082+0000] {dag.py:3954} INFO - Setting next_dagrun for produce_json to 2026-05-15 13:00:00+00:00, run_after=2026-05-16 13:00:00+00:00
[2026-05-15T16:58:17.093+0000] {logging_mixin.py:188} INFO - [2026-05-15T16:58:17.093+0000] {dag.py:3954} INFO - Setting next_dagrun for update_staging_json to 2026-05-15 13:00:00+00:00, run_after=2026-05-16 13:00:00+00:00
[2026-05-15T16:58:17.100+0000] {logging_mixin.py:188} INFO - [2026-05-15T16:58:17.100+0000] {dag.py:3954} INFO - Setting next_dagrun for youtube_dwh_update to 2026-05-15 13:30:00+00:00, run_after=2026-05-16 13:30:00+00:00
[2026-05-15T16:58:17.141+0000] {processor.py:183} INFO - Processing /opt/airflow/dags/main.py took 0.409 seconds
[2026-05-15T16:58:47.823+0000] {processor.py:161} INFO - Started process (PID=2129) to work on /opt/airflow/dags/main.py
[2026-05-15T16:58:47.826+0000] {processor.py:830} INFO - Processing file /opt/airflow/dags/main.py for tasks to queue
[2026-05-15T16:58:47.832+0000] {logging_mixin.py:188} INFO - [2026-05-15T16:58:47.831+0000] {dagbag.py:545} INFO - Filling up the DagBag from /opt/airflow/dags/main.py
[2026-05-15T16:58:48.773+0000] {processor.py:840} INFO - DAG(s) 'produce_json', 'youtube_dwh_update', 'update_staging_json' retrieved from /opt/airflow/dags/main.py
[2026-05-15T16:58:48.972+0000] {logging_mixin.py:188} INFO - [2026-05-15T16:58:48.971+0000] {dag.py:3096} INFO - Sync 3 DAGs
[2026-05-15T16:58:49.119+0000] {logging_mixin.py:188} INFO - [2026-05-15T16:58:49.118+0000] {dag.py:3954} INFO - Setting next_dagrun for produce_json to 2026-05-15 13:00:00+00:00, run_after=2026-05-16 13:00:00+00:00
[2026-05-15T16:58:49.135+0000] {logging_mixin.py:188} INFO - [2026-05-15T16:58:49.135+0000] {dag.py:3954} INFO - Setting next_dagrun for update_staging_json to 2026-05-15 13:00:00+00:00, run_after=2026-05-16 13:00:00+00:00
[2026-05-15T16:58:49.143+0000] {logging_mixin.py:188} INFO - [2026-05-15T16:58:49.143+0000] {dag.py:3954} INFO - Setting next_dagrun for youtube_dwh_update to 2026-05-15 13:30:00+00:00, run_after=2026-05-16 13:30:00+00:00
[2026-05-15T16:58:49.189+0000] {processor.py:183} INFO - Processing /opt/airflow/dags/main.py took 1.398 seconds
[2026-05-15T16:59:19.568+0000] {processor.py:161} INFO - Started process (PID=2136) to work on /opt/airflow/dags/main.py
[2026-05-15T16:59:19.570+0000] {processor.py:830} INFO - Processing file /opt/airflow/dags/main.py for tasks to queue
[2026-05-15T16:59:19.575+0000] {logging_mixin.py:188} INFO - [2026-05-15T16:59:19.574+0000] {dagbag.py:545} INFO - Filling up the DagBag from /opt/airflow/dags/main.py
[2026-05-15T16:59:19.851+0000] {processor.py:840} INFO - DAG(s) 'update_staging_json', 'produce_json', 'youtube_dwh_update' retrieved from /opt/airflow/dags/main.py
[2026-05-15T16:59:19.912+0000] {logging_mixin.py:188} INFO - [2026-05-15T16:59:19.911+0000] {dag.py:3096} INFO - Sync 3 DAGs
[2026-05-15T16:59:19.963+0000] {logging_mixin.py:188} INFO - [2026-05-15T16:59:19.963+0000] {dag.py:3954} INFO - Setting next_dagrun for produce_json to 2026-05-15 13:00:00+00:00, run_after=2026-05-16 13:00:00+00:00
[2026-05-15T16:59:19.982+0000] {logging_mixin.py:188} INFO - [2026-05-15T16:59:19.982+0000] {dag.py:3954} INFO - Setting next_dagrun for update_staging_json to 2026-05-15 13:00:00+00:00, run_after=2026-05-16 13:00:00+00:00
[2026-05-15T16:59:19.991+0000] {logging_mixin.py:188} INFO - [2026-05-15T16:59:19.991+0000] {dag.py:3954} INFO - Setting next_dagrun for youtube_dwh_update to 2026-05-15 13:30:00+00:00, run_after=2026-05-16 13:30:00+00:00
[2026-05-15T16:59:20.029+0000] {processor.py:183} INFO - Processing /opt/airflow/dags/main.py took 0.478 seconds
[2026-05-15T16:59:50.423+0000] {processor.py:161} INFO - Started process (PID=2143) to work on /opt/airflow/dags/main.py
[2026-05-15T16:59:50.425+0000] {processor.py:830} INFO - Processing file /opt/airflow/dags/main.py for tasks to queue
[2026-05-15T16:59:50.429+0000] {logging_mixin.py:188} INFO - [2026-05-15T16:59:50.429+0000] {dagbag.py:545} INFO - Filling up the DagBag from /opt/airflow/dags/main.py
[2026-05-15T16:59:50.668+0000] {processor.py:840} INFO - DAG(s) 'update_staging_json', 'youtube_dwh_update', 'produce_json' retrieved from /opt/airflow/dags/main.py
[2026-05-15T16:59:50.730+0000] {logging_mixin.py:188} INFO - [2026-05-15T16:59:50.729+0000] {dag.py:3096} INFO - Sync 3 DAGs
[2026-05-15T16:59:50.788+0000] {logging_mixin.py:188} INFO - [2026-05-15T16:59:50.788+0000] {dag.py:3954} INFO - Setting next_dagrun for produce_json to 2026-05-15 13:00:00+00:00, run_after=2026-05-16 13:00:00+00:00
[2026-05-15T16:59:50.800+0000] {logging_mixin.py:188} INFO - [2026-05-15T16:59:50.800+0000] {dag.py:3954} INFO - Setting next_dagrun for update_staging_json to 2026-05-15 13:00:00+00:00, run_after=2026-05-16 13:00:00+00:00
[2026-05-15T16:59:50.807+0000] {logging_mixin.py:188} INFO - [2026-05-15T16:59:50.807+0000] {dag.py:3954} INFO - Setting next_dagrun for youtube_dwh_update to 2026-05-15 13:30:00+00:00, run_after=2026-05-16 13:30:00+00:00
[2026-05-15T16:59:50.856+0000] {processor.py:183} INFO - Processing /opt/airflow/dags/main.py took 0.447 seconds
[2026-05-15T17:00:21.390+0000] {processor.py:161} INFO - Started process (PID=2150) to work on /opt/airflow/dags/main.py
[2026-05-15T17:00:21.393+0000] {processor.py:830} INFO - Processing file /opt/airflow/dags/main.py for tasks to queue
[2026-05-15T17:00:21.401+0000] {logging_mixin.py:188} INFO - [2026-05-15T17:00:21.400+0000] {dagbag.py:545} INFO - Filling up the DagBag from /opt/airflow/dags/main.py
[2026-05-15T17:00:21.860+0000] {processor.py:840} INFO - DAG(s) 'youtube_dwh_update', 'update_staging_json', 'produce_json' retrieved from /opt/airflow/dags/main.py
[2026-05-15T17:00:21.970+0000] {logging_mixin.py:188} INFO - [2026-05-15T17:00:21.968+0000] {dag.py:3096} INFO - Sync 3 DAGs
[2026-05-15T17:00:22.041+0000] {logging_mixin.py:188} INFO - [2026-05-15T17:00:22.040+0000] {dag.py:3954} INFO - Setting next_dagrun for produce_json to 2026-05-15 13:00:00+00:00, run_after=2026-05-16 13:00:00+00:00
[2026-05-15T17:00:22.061+0000] {logging_mixin.py:188} INFO - [2026-05-15T17:00:22.061+0000] {dag.py:3954} INFO - Setting next_dagrun for update_staging_json to 2026-05-15 13:00:00+00:00, run_after=2026-05-16 13:00:00+00:00
[2026-05-15T17:00:22.073+0000] {logging_mixin.py:188} INFO - [2026-05-15T17:00:22.073+0000] {dag.py:3954} INFO - Setting next_dagrun for youtube_dwh_update to 2026-05-15 13:30:00+00:00, run_after=2026-05-16 13:30:00+00:00
[2026-05-15T17:00:22.124+0000] {processor.py:183} INFO - Processing /opt/airflow/dags/main.py took 0.765 seconds
[2026-05-15T17:00:52.756+0000] {processor.py:161} INFO - Started process (PID=2157) to work on /opt/airflow/dags/main.py
[2026-05-15T17:00:52.759+0000] {processor.py:830} INFO - Processing file /opt/airflow/dags/main.py for tasks to queue
[2026-05-15T17:00:52.764+0000] {logging_mixin.py:188} INFO - [2026-05-15T17:00:52.763+0000] {dagbag.py:545} INFO - Filling up the DagBag from /opt/airflow/dags/main.py
[2026-05-15T17:00:52.999+0000] {processor.py:840} INFO - DAG(s) 'youtube_dwh_update', 'produce_json', 'update_staging_json' retrieved from /opt/airflow/dags/main.py
[2026-05-15T17:00:53.142+0000] {logging_mixin.py:188} INFO - [2026-05-15T17:00:53.142+0000] {dag.py:3096} INFO - Sync 3 DAGs
[2026-05-15T17:00:53.222+0000] {logging_mixin.py:188} INFO - [2026-05-15T17:00:53.221+0000] {dag.py:3954} INFO - Setting next_dagrun for produce_json to 2026-05-15 13:00:00+00:00, run_after=2026-05-16 13:00:00+00:00
[2026-05-15T17:00:53.238+0000] {logging_mixin.py:188} INFO - [2026-05-15T17:00:53.237+0000] {dag.py:3954} INFO - Setting next_dagrun for update_staging_json to 2026-05-15 13:00:00+00:00, run_after=2026-05-16 13:00:00+00:00
[2026-05-15T17:00:53.246+0000] {logging_mixin.py:188} INFO - [2026-05-15T17:00:53.245+0000] {dag.py:3954} INFO - Setting next_dagrun for youtube_dwh_update to 2026-05-15 13:30:00+00:00, run_after=2026-05-16 13:30:00+00:00
[2026-05-15T17:00:53.298+0000] {processor.py:183} INFO - Processing /opt/airflow/dags/main.py took 0.561 seconds
[2026-05-15T17:01:23.894+0000] {processor.py:161} INFO - Started process (PID=2165) to work on /opt/airflow/dags/main.py
[2026-05-15T17:01:23.903+0000] {processor.py:830} INFO - Processing file /opt/airflow/dags/main.py for tasks to queue
[2026-05-15T17:01:23.927+0000] {logging_mixin.py:188} INFO - [2026-05-15T17:01:23.925+0000] {dagbag.py:545} INFO - Filling up the DagBag from /opt/airflow/dags/main.py
[2026-05-15T17:01:24.471+0000] {processor.py:840} INFO - DAG(s) 'youtube_dwh_update', 'update_staging_json', 'produce_json' retrieved from /opt/airflow/dags/main.py
[2026-05-15T17:01:24.538+0000] {logging_mixin.py:188} INFO - [2026-05-15T17:01:24.538+0000] {dag.py:3096} INFO - Sync 3 DAGs
[2026-05-15T17:01:24.594+0000] {logging_mixin.py:188} INFO - [2026-05-15T17:01:24.593+0000] {dag.py:3954} INFO - Setting next_dagrun for produce_json to 2026-05-15 13:00:00+00:00, run_after=2026-05-16 13:00:00+00:00
[2026-05-15T17:01:24.608+0000] {logging_mixin.py:188} INFO - [2026-05-15T17:01:24.608+0000] {dag.py:3954} INFO - Setting next_dagrun for update_staging_json to 2026-05-15 13:00:00+00:00, run_after=2026-05-16 13:00:00+00:00
[2026-05-15T17:01:24.616+0000] {logging_mixin.py:188} INFO - [2026-05-15T17:01:24.616+0000] {dag.py:3954} INFO - Setting next_dagrun for youtube_dwh_update to 2026-05-15 13:30:00+00:00, run_after=2026-05-16 13:30:00+00:00
[2026-05-15T17:01:24.671+0000] {processor.py:183} INFO - Processing /opt/airflow/dags/main.py took 0.807 seconds
[2026-05-15T17:01:55.087+0000] {processor.py:161} INFO - Started process (PID=2172) to work on /opt/airflow/dags/main.py
[2026-05-15T17:01:55.091+0000] {processor.py:830} INFO - Processing file /opt/airflow/dags/main.py for tasks to queue
[2026-05-15T17:01:55.099+0000] {logging_mixin.py:188} INFO - [2026-05-15T17:01:55.098+0000] {dagbag.py:545} INFO - Filling up the DagBag from /opt/airflow/dags/main.py
[2026-05-15T17:01:55.396+0000] {processor.py:840} INFO - DAG(s) 'update_staging_json', 'youtube_dwh_update', 'produce_json' retrieved from /opt/airflow/dags/main.py
[2026-05-15T17:01:55.489+0000] {logging_mixin.py:188} INFO - [2026-05-15T17:01:55.488+0000] {dag.py:3096} INFO - Sync 3 DAGs
[2026-05-15T17:01:55.577+0000] {logging_mixin.py:188} INFO - [2026-05-15T17:01:55.575+0000] {dag.py:3954} INFO - Setting next_dagrun for produce_json to 2026-05-15 13:00:00+00:00, run_after=2026-05-16 13:00:00+00:00
[2026-05-15T17:01:55.610+0000] {logging_mixin.py:188} INFO - [2026-05-15T17:01:55.610+0000] {dag.py:3954} INFO - Setting next_dagrun for update_staging_json to 2026-05-15 13:00:00+00:00, run_after=2026-05-16 13:00:00+00:00
[2026-05-15T17:01:55.630+0000] {logging_mixin.py:188} INFO - [2026-05-15T17:01:55.629+0000] {dag.py:3954} INFO - Setting next_dagrun for youtube_dwh_update to 2026-05-15 13:30:00+00:00, run_after=2026-05-16 13:30:00+00:00
[2026-05-15T17:01:55.680+0000] {processor.py:183} INFO - Processing /opt/airflow/dags/main.py took 0.618 seconds
[2026-05-15T17:02:26.169+0000] {processor.py:161} INFO - Started process (PID=2178) to work on /opt/airflow/dags/main.py
[2026-05-15T17:02:26.174+0000] {processor.py:830} INFO - Processing file /opt/airflow/dags/main.py for tasks to queue
[2026-05-15T17:02:26.182+0000] {logging_mixin.py:188} INFO - [2026-05-15T17:02:26.181+0000] {dagbag.py:545} INFO - Filling up the DagBag from /opt/airflow/dags/main.py
[2026-05-15T17:02:26.453+0000] {processor.py:840} INFO - DAG(s) 'update_staging_json', 'produce_json', 'youtube_dwh_update' retrieved from /opt/airflow/dags/main.py
[2026-05-15T17:02:26.524+0000] {logging_mixin.py:188} INFO - [2026-05-15T17:02:26.524+0000] {dag.py:3096} INFO - Sync 3 DAGs
[2026-05-15T17:02:26.584+0000] {logging_mixin.py:188} INFO - [2026-05-15T17:02:26.584+0000] {dag.py:3954} INFO - Setting next_dagrun for produce_json to 2026-05-15 13:00:00+00:00, run_after=2026-05-16 13:00:00+00:00
[2026-05-15T17:02:26.595+0000] {logging_mixin.py:188} INFO - [2026-05-15T17:02:26.594+0000] {dag.py:3954} INFO - Setting next_dagrun for update_staging_json to 2026-05-15 13:00:00+00:00, run_after=2026-05-16 13:00:00+00:00
[2026-05-15T17:02:26.607+0000] {logging_mixin.py:188} INFO - [2026-05-15T17:02:26.607+0000] {dag.py:3954} INFO - Setting next_dagrun for youtube_dwh_update to 2026-05-15 13:30:00+00:00, run_after=2026-05-16 13:30:00+00:00
[2026-05-15T17:02:26.653+0000] {processor.py:183} INFO - Processing /opt/airflow/dags/main.py took 0.509 seconds
[2026-05-15T17:02:57.121+0000] {processor.py:161} INFO - Started process (PID=2185) to work on /opt/airflow/dags/main.py
[2026-05-15T17:02:57.125+0000] {processor.py:830} INFO - Processing file /opt/airflow/dags/main.py for tasks to queue
[2026-05-15T17:02:57.131+0000] {logging_mixin.py:188} INFO - [2026-05-15T17:02:57.130+0000] {dagbag.py:545} INFO - Filling up the DagBag from /opt/airflow/dags/main.py
[2026-05-15T17:02:57.360+0000] {processor.py:840} INFO - DAG(s) 'produce_json', 'youtube_dwh_update', 'update_staging_json' retrieved from /opt/airflow/dags/main.py
[2026-05-15T17:02:57.425+0000] {logging_mixin.py:188} INFO - [2026-05-15T17:02:57.425+0000] {dag.py:3096} INFO - Sync 3 DAGs
[2026-05-15T17:02:57.486+0000] {logging_mixin.py:188} INFO - [2026-05-15T17:02:57.485+0000] {dag.py:3954} INFO - Setting next_dagrun for produce_json to 2026-05-15 13:00:00+00:00, run_after=2026-05-16 13:00:00+00:00
[2026-05-15T17:02:57.503+0000] {logging_mixin.py:188} INFO - [2026-05-15T17:02:57.502+0000] {dag.py:3954} INFO - Setting next_dagrun for update_staging_json to 2026-05-15 13:00:00+00:00, run_after=2026-05-16 13:00:00+00:00
[2026-05-15T17:02:57.514+0000] {logging_mixin.py:188} INFO - [2026-05-15T17:02:57.513+0000] {dag.py:3954} INFO - Setting next_dagrun for youtube_dwh_update to 2026-05-15 13:30:00+00:00, run_after=2026-05-16 13:30:00+00:00
[2026-05-15T17:02:57.558+0000] {processor.py:183} INFO - Processing /opt/airflow/dags/main.py took 0.456 seconds
[2026-05-15T17:03:28.295+0000] {processor.py:161} INFO - Started process (PID=2192) to work on /opt/airflow/dags/main.py
[2026-05-15T17:03:28.298+0000] {processor.py:830} INFO - Processing file /opt/airflow/dags/main.py for tasks to queue
[2026-05-15T17:03:28.304+0000] {logging_mixin.py:188} INFO - [2026-05-15T17:03:28.303+0000] {dagbag.py:545} INFO - Filling up the DagBag from /opt/airflow/dags/main.py
[2026-05-15T17:03:28.935+0000] {processor.py:840} INFO - DAG(s) 'youtube_dwh_update', 'produce_json', 'update_staging_json' retrieved from /opt/airflow/dags/main.py
[2026-05-15T17:03:29.072+0000] {logging_mixin.py:188} INFO - [2026-05-15T17:03:29.071+0000] {dag.py:3096} INFO - Sync 3 DAGs
[2026-05-15T17:03:29.135+0000] {logging_mixin.py:188} INFO - [2026-05-15T17:03:29.134+0000] {dag.py:3954} INFO - Setting next_dagrun for produce_json to 2026-05-15 13:00:00+00:00, run_after=2026-05-16 13:00:00+00:00
[2026-05-15T17:03:29.152+0000] {logging_mixin.py:188} INFO - [2026-05-15T17:03:29.152+0000] {dag.py:3954} INFO - Setting next_dagrun for update_staging_json to 2026-05-15 13:00:00+00:00, run_after=2026-05-16 13:00:00+00:00
[2026-05-15T17:03:29.159+0000] {logging_mixin.py:188} INFO - [2026-05-15T17:03:29.159+0000] {dag.py:3954} INFO - Setting next_dagrun for youtube_dwh_update to 2026-05-15 13:30:00+00:00, run_after=2026-05-16 13:30:00+00:00
[2026-05-15T17:03:29.202+0000] {processor.py:183} INFO - Processing /opt/airflow/dags/main.py took 0.933 seconds
[2026-05-15T17:03:59.552+0000] {processor.py:161} INFO - Started process (PID=2199) to work on /opt/airflow/dags/main.py
[2026-05-15T17:03:59.555+0000] {processor.py:830} INFO - Processing file /opt/airflow/dags/main.py for tasks to queue
[2026-05-15T17:03:59.562+0000] {logging_mixin.py:188} INFO - [2026-05-15T17:03:59.561+0000] {dagbag.py:545} INFO - Filling up the DagBag from /opt/airflow/dags/main.py
[2026-05-15T17:03:59.831+0000] {processor.py:840} INFO - DAG(s) 'youtube_dwh_update', 'update_staging_json', 'produce_json' retrieved from /opt/airflow/dags/main.py
[2026-05-15T17:03:59.929+0000] {logging_mixin.py:188} INFO - [2026-05-15T17:03:59.929+0000] {dag.py:3096} INFO - Sync 3 DAGs
[2026-05-15T17:03:59.999+0000] {logging_mixin.py:188} INFO - [2026-05-15T17:03:59.998+0000] {dag.py:3954} INFO - Setting next_dagrun for produce_json to 2026-05-15 13:00:00+00:00, run_after=2026-05-16 13:00:00+00:00
[2026-05-15T17:04:00.025+0000] {logging_mixin.py:188} INFO - [2026-05-15T17:04:00.024+0000] {dag.py:3954} INFO - Setting next_dagrun for update_staging_json to 2026-05-15 13:00:00+00:00, run_after=2026-05-16 13:00:00+00:00
[2026-05-15T17:04:00.040+0000] {logging_mixin.py:188} INFO - [2026-05-15T17:04:00.039+0000] {dag.py:3954} INFO - Setting next_dagrun for youtube_dwh_update to 2026-05-15 13:30:00+00:00, run_after=2026-05-16 13:30:00+00:00
[2026-05-15T17:04:00.108+0000] {processor.py:183} INFO - Processing /opt/airflow/dags/main.py took 0.579 seconds
[2026-05-15T17:04:30.499+0000] {processor.py:161} INFO - Started process (PID=2212) to work on /opt/airflow/dags/main.py
[2026-05-15T17:04:30.503+0000] {processor.py:830} INFO - Processing file /opt/airflow/dags/main.py for tasks to queue
[2026-05-15T17:04:30.511+0000] {logging_mixin.py:188} INFO - [2026-05-15T17:04:30.509+0000] {dagbag.py:545} INFO - Filling up the DagBag from /opt/airflow/dags/main.py
[2026-05-15T17:04:30.797+0000] {processor.py:840} INFO - DAG(s) 'youtube_dwh_update', 'update_staging_json', 'produce_json' retrieved from /opt/airflow/dags/main.py
[2026-05-15T17:04:30.882+0000] {logging_mixin.py:188} INFO - [2026-05-15T17:04:30.881+0000] {dag.py:3096} INFO - Sync 3 DAGs
[2026-05-15T17:04:30.948+0000] {logging_mixin.py:188} INFO - [2026-05-15T17:04:30.947+0000] {dag.py:3954} INFO - Setting next_dagrun for produce_json to 2026-05-15 13:00:00+00:00, run_after=2026-05-16 13:00:00+00:00
[2026-05-15T17:04:30.964+0000] {logging_mixin.py:188} INFO - [2026-05-15T17:04:30.964+0000] {dag.py:3954} INFO - Setting next_dagrun for update_staging_json to 2026-05-15 13:00:00+00:00, run_after=2026-05-16 13:00:00+00:00
[2026-05-15T17:04:30.974+0000] {logging_mixin.py:188} INFO - [2026-05-15T17:04:30.972+0000] {dag.py:3954} INFO - Setting next_dagrun for youtube_dwh_update to 2026-05-15 13:30:00+00:00, run_after=2026-05-16 13:30:00+00:00
[2026-05-15T17:04:31.022+0000] {processor.py:183} INFO - Processing /opt/airflow/dags/main.py took 0.560 seconds
[2026-05-15T17:05:01.448+0000] {processor.py:161} INFO - Started process (PID=2219) to work on /opt/airflow/dags/main.py
[2026-05-15T17:05:01.451+0000] {processor.py:830} INFO - Processing file /opt/airflow/dags/main.py for tasks to queue
[2026-05-15T17:05:01.458+0000] {logging_mixin.py:188} INFO - [2026-05-15T17:05:01.458+0000] {dagbag.py:545} INFO - Filling up the DagBag from /opt/airflow/dags/main.py
[2026-05-15T17:05:01.705+0000] {processor.py:840} INFO - DAG(s) 'produce_json', 'youtube_dwh_update', 'update_staging_json' retrieved from /opt/airflow/dags/main.py
[2026-05-15T17:05:01.772+0000] {logging_mixin.py:188} INFO - [2026-05-15T17:05:01.772+0000] {dag.py:3096} INFO - Sync 3 DAGs
[2026-05-15T17:05:01.830+0000] {logging_mixin.py:188} INFO - [2026-05-15T17:05:01.829+0000] {dag.py:3954} INFO - Setting next_dagrun for produce_json to 2026-05-15 13:00:00+00:00, run_after=2026-05-16 13:00:00+00:00
[2026-05-15T17:05:01.847+0000] {logging_mixin.py:188} INFO - [2026-05-15T17:05:01.846+0000] {dag.py:3954} INFO - Setting next_dagrun for update_staging_json to 2026-05-15 13:00:00+00:00, run_after=2026-05-16 13:00:00+00:00
[2026-05-15T17:05:01.856+0000] {logging_mixin.py:188} INFO - [2026-05-15T17:05:01.856+0000] {dag.py:3954} INFO - Setting next_dagrun for youtube_dwh_update to 2026-05-15 13:30:00+00:00, run_after=2026-05-16 13:30:00+00:00
[2026-05-15T17:05:01.905+0000] {processor.py:183} INFO - Processing /opt/airflow/dags/main.py took 0.475 seconds
[2026-05-15T17:05:32.284+0000] {processor.py:161} INFO - Started process (PID=2226) to work on /opt/airflow/dags/main.py
[2026-05-15T17:05:32.287+0000] {processor.py:830} INFO - Processing file /opt/airflow/dags/main.py for tasks to queue
[2026-05-15T17:05:32.291+0000] {logging_mixin.py:188} INFO - [2026-05-15T17:05:32.290+0000] {dagbag.py:545} INFO - Filling up the DagBag from /opt/airflow/dags/main.py
[2026-05-15T17:05:32.515+0000] {processor.py:840} INFO - DAG(s) 'youtube_dwh_update', 'produce_json', 'update_staging_json' retrieved from /opt/airflow/dags/main.py
[2026-05-15T17:05:32.591+0000] {logging_mixin.py:188} INFO - [2026-05-15T17:05:32.591+0000] {dag.py:3096} INFO - Sync 3 DAGs
[2026-05-15T17:05:32.642+0000] {logging_mixin.py:188} INFO - [2026-05-15T17:05:32.642+0000] {dag.py:3954} INFO - Setting next_dagrun for produce_json to 2026-05-15 13:00:00+00:00, run_after=2026-05-16 13:00:00+00:00
[2026-05-15T17:05:32.653+0000] {logging_mixin.py:188} INFO - [2026-05-15T17:05:32.652+0000] {dag.py:3954} INFO - Setting next_dagrun for update_staging_json to 2026-05-15 13:00:00+00:00, run_after=2026-05-16 13:00:00+00:00
[2026-05-15T17:05:32.664+0000] {logging_mixin.py:188} INFO - [2026-05-15T17:05:32.664+0000] {dag.py:3954} INFO - Setting next_dagrun for youtube_dwh_update to 2026-05-15 13:30:00+00:00, run_after=2026-05-16 13:30:00+00:00
[2026-05-15T17:05:32.711+0000] {processor.py:183} INFO - Processing /opt/airflow/dags/main.py took 0.451 seconds
[2026-05-15T17:06:03.185+0000] {processor.py:161} INFO - Started process (PID=2233) to work on /opt/airflow/dags/main.py
[2026-05-15T17:06:03.188+0000] {processor.py:830} INFO - Processing file /opt/airflow/dags/main.py for tasks to queue
[2026-05-15T17:06:03.193+0000] {logging_mixin.py:188} INFO - [2026-05-15T17:06:03.192+0000] {dagbag.py:545} INFO - Filling up the DagBag from /opt/airflow/dags/main.py
[2026-05-15T17:06:03.459+0000] {processor.py:840} INFO - DAG(s) 'update_staging_json', 'youtube_dwh_update', 'produce_json' retrieved from /opt/airflow/dags/main.py
[2026-05-15T17:06:03.536+0000] {logging_mixin.py:188} INFO - [2026-05-15T17:06:03.535+0000] {dag.py:3096} INFO - Sync 3 DAGs
[2026-05-15T17:06:03.592+0000] {logging_mixin.py:188} INFO - [2026-05-15T17:06:03.591+0000] {dag.py:3954} INFO - Setting next_dagrun for produce_json to 2026-05-15 13:00:00+00:00, run_after=2026-05-16 13:00:00+00:00
[2026-05-15T17:06:03.603+0000] {logging_mixin.py:188} INFO - [2026-05-15T17:06:03.602+0000] {dag.py:3954} INFO - Setting next_dagrun for update_staging_json to 2026-05-15 13:00:00+00:00, run_after=2026-05-16 13:00:00+00:00
[2026-05-15T17:06:03.610+0000] {logging_mixin.py:188} INFO - [2026-05-15T17:06:03.610+0000] {dag.py:3954} INFO - Setting next_dagrun for youtube_dwh_update to 2026-05-15 13:30:00+00:00, run_after=2026-05-16 13:30:00+00:00
[2026-05-15T17:06:03.653+0000] {processor.py:183} INFO - Processing /opt/airflow/dags/main.py took 0.488 seconds
[2026-05-15T17:06:34.119+0000] {processor.py:161} INFO - Started process (PID=2240) to work on /opt/airflow/dags/main.py
[2026-05-15T17:06:34.123+0000] {processor.py:830} INFO - Processing file /opt/airflow/dags/main.py for tasks to queue
[2026-05-15T17:06:34.130+0000] {logging_mixin.py:188} INFO - [2026-05-15T17:06:34.129+0000] {dagbag.py:545} INFO - Filling up the DagBag from /opt/airflow/dags/main.py
[2026-05-15T17:06:34.528+0000] {processor.py:840} INFO - DAG(s) 'update_staging_json', 'produce_json', 'youtube_dwh_update' retrieved from /opt/airflow/dags/main.py
[2026-05-15T17:06:34.602+0000] {logging_mixin.py:188} INFO - [2026-05-15T17:06:34.601+0000] {dag.py:3096} INFO - Sync 3 DAGs
[2026-05-15T17:06:34.654+0000] {logging_mixin.py:188} INFO - [2026-05-15T17:06:34.653+0000] {dag.py:3954} INFO - Setting next_dagrun for produce_json to 2026-05-15 13:00:00+00:00, run_after=2026-05-16 13:00:00+00:00
[2026-05-15T17:06:34.665+0000] {logging_mixin.py:188} INFO - [2026-05-15T17:06:34.665+0000] {dag.py:3954} INFO - Setting next_dagrun for update_staging_json to 2026-05-15 13:00:00+00:00, run_after=2026-05-16 13:00:00+00:00
[2026-05-15T17:06:34.672+0000] {logging_mixin.py:188} INFO - [2026-05-15T17:06:34.672+0000] {dag.py:3954} INFO - Setting next_dagrun for youtube_dwh_update to 2026-05-15 13:30:00+00:00, run_after=2026-05-16 13:30:00+00:00
[2026-05-15T17:06:34.726+0000] {processor.py:183} INFO - Processing /opt/airflow/dags/main.py took 0.629 seconds
[2026-05-15T17:07:05.220+0000] {processor.py:161} INFO - Started process (PID=2247) to work on /opt/airflow/dags/main.py
[2026-05-15T17:07:05.222+0000] {processor.py:830} INFO - Processing file /opt/airflow/dags/main.py for tasks to queue
[2026-05-15T17:07:05.227+0000] {logging_mixin.py:188} INFO - [2026-05-15T17:07:05.226+0000] {dagbag.py:545} INFO - Filling up the DagBag from /opt/airflow/dags/main.py
[2026-05-15T17:07:05.474+0000] {processor.py:840} INFO - DAG(s) 'youtube_dwh_update', 'update_staging_json', 'produce_json' retrieved from /opt/airflow/dags/main.py
[2026-05-15T17:07:05.542+0000] {logging_mixin.py:188} INFO - [2026-05-15T17:07:05.541+0000] {dag.py:3096} INFO - Sync 3 DAGs
[2026-05-15T17:07:05.591+0000] {logging_mixin.py:188} INFO - [2026-05-15T17:07:05.590+0000] {dag.py:3954} INFO - Setting next_dagrun for produce_json to 2026-05-15 13:00:00+00:00, run_after=2026-05-16 13:00:00+00:00
[2026-05-15T17:07:05.602+0000] {logging_mixin.py:188} INFO - [2026-05-15T17:07:05.601+0000] {dag.py:3954} INFO - Setting next_dagrun for update_staging_json to 2026-05-15 13:00:00+00:00, run_after=2026-05-16 13:00:00+00:00
[2026-05-15T17:07:05.609+0000] {logging_mixin.py:188} INFO - [2026-05-15T17:07:05.608+0000] {dag.py:3954} INFO - Setting next_dagrun for youtube_dwh_update to 2026-05-15 13:30:00+00:00, run_after=2026-05-16 13:30:00+00:00
[2026-05-15T17:07:05.647+0000] {processor.py:183} INFO - Processing /opt/airflow/dags/main.py took 0.441 seconds
[2026-05-15T17:07:35.834+0000] {processor.py:161} INFO - Started process (PID=2253) to work on /opt/airflow/dags/main.py
[2026-05-15T17:07:35.837+0000] {processor.py:830} INFO - Processing file /opt/airflow/dags/main.py for tasks to queue
[2026-05-15T17:07:35.845+0000] {logging_mixin.py:188} INFO - [2026-05-15T17:07:35.844+0000] {dagbag.py:545} INFO - Filling up the DagBag from /opt/airflow/dags/main.py
[2026-05-15T17:07:36.109+0000] {processor.py:840} INFO - DAG(s) 'update_staging_json', 'youtube_dwh_update', 'produce_json' retrieved from /opt/airflow/dags/main.py
[2026-05-15T17:07:36.193+0000] {logging_mixin.py:188} INFO - [2026-05-15T17:07:36.193+0000] {dag.py:3096} INFO - Sync 3 DAGs
[2026-05-15T17:07:36.281+0000] {logging_mixin.py:188} INFO - [2026-05-15T17:07:36.280+0000] {dag.py:3954} INFO - Setting next_dagrun for produce_json to 2026-05-15 13:00:00+00:00, run_after=2026-05-16 13:00:00+00:00
[2026-05-15T17:07:36.308+0000] {logging_mixin.py:188} INFO - [2026-05-15T17:07:36.307+0000] {dag.py:3954} INFO - Setting next_dagrun for update_staging_json to 2026-05-15 13:00:00+00:00, run_after=2026-05-16 13:00:00+00:00
[2026-05-15T17:07:36.356+0000] {logging_mixin.py:188} INFO - [2026-05-15T17:07:36.347+0000] {dag.py:3954} INFO - Setting next_dagrun for youtube_dwh_update to 2026-05-15 13:30:00+00:00, run_after=2026-05-16 13:30:00+00:00
[2026-05-15T17:07:36.465+0000] {processor.py:183} INFO - Processing /opt/airflow/dags/main.py took 0.645 seconds
[2026-05-15T17:08:07.364+0000] {processor.py:161} INFO - Started process (PID=2260) to work on /opt/airflow/dags/main.py
[2026-05-15T17:08:07.368+0000] {processor.py:830} INFO - Processing file /opt/airflow/dags/main.py for tasks to queue
[2026-05-15T17:08:07.375+0000] {logging_mixin.py:188} INFO - [2026-05-15T17:08:07.374+0000] {dagbag.py:545} INFO - Filling up the DagBag from /opt/airflow/dags/main.py
[2026-05-15T17:08:07.590+0000] {processor.py:840} INFO - DAG(s) 'produce_json', 'youtube_dwh_update', 'update_staging_json' retrieved from /opt/airflow/dags/main.py
[2026-05-15T17:08:07.657+0000] {logging_mixin.py:188} INFO - [2026-05-15T17:08:07.657+0000] {dag.py:3096} INFO - Sync 3 DAGs
[2026-05-15T17:08:07.705+0000] {logging_mixin.py:188} INFO - [2026-05-15T17:08:07.705+0000] {dag.py:3954} INFO - Setting next_dagrun for produce_json to 2026-05-15 13:00:00+00:00, run_after=2026-05-16 13:00:00+00:00
[2026-05-15T17:08:07.719+0000] {logging_mixin.py:188} INFO - [2026-05-15T17:08:07.719+0000] {dag.py:3954} INFO - Setting next_dagrun for update_staging_json to 2026-05-15 13:00:00+00:00, run_after=2026-05-16 13:00:00+00:00
[2026-05-15T17:08:07.729+0000] {logging_mixin.py:188} INFO - [2026-05-15T17:08:07.729+0000] {dag.py:3954} INFO - Setting next_dagrun for youtube_dwh_update to 2026-05-15 13:30:00+00:00, run_after=2026-05-16 13:30:00+00:00
[2026-05-15T17:08:07.771+0000] {processor.py:183} INFO - Processing /opt/airflow/dags/main.py took 0.430 seconds
[2026-05-15T17:08:38.239+0000] {processor.py:161} INFO - Started process (PID=2266) to work on /opt/airflow/dags/main.py
[2026-05-15T17:08:38.242+0000] {processor.py:830} INFO - Processing file /opt/airflow/dags/main.py for tasks to queue
[2026-05-15T17:08:38.247+0000] {logging_mixin.py:188} INFO - [2026-05-15T17:08:38.246+0000] {dagbag.py:545} INFO - Filling up the DagBag from /opt/airflow/dags/main.py
[2026-05-15T17:08:38.513+0000] {processor.py:840} INFO - DAG(s) 'produce_json', 'youtube_dwh_update', 'update_staging_json' retrieved from /opt/airflow/dags/main.py
[2026-05-15T17:08:38.637+0000] {logging_mixin.py:188} INFO - [2026-05-15T17:08:38.636+0000] {dag.py:3096} INFO - Sync 3 DAGs
[2026-05-15T17:08:38.737+0000] {logging_mixin.py:188} INFO - [2026-05-15T17:08:38.736+0000] {dag.py:3954} INFO - Setting next_dagrun for produce_json to 2026-05-15 13:00:00+00:00, run_after=2026-05-16 13:00:00+00:00
[2026-05-15T17:08:38.797+0000] {logging_mixin.py:188} INFO - [2026-05-15T17:08:38.796+0000] {dag.py:3954} INFO - Setting next_dagrun for update_staging_json to 2026-05-15 13:00:00+00:00, run_after=2026-05-16 13:00:00+00:00
[2026-05-15T17:08:38.815+0000] {logging_mixin.py:188} INFO - [2026-05-15T17:08:38.814+0000] {dag.py:3954} INFO - Setting next_dagrun for youtube_dwh_update to 2026-05-15 13:30:00+00:00, run_after=2026-05-16 13:30:00+00:00
[2026-05-15T17:08:38.942+0000] {processor.py:183} INFO - Processing /opt/airflow/dags/main.py took 0.721 seconds
[2026-05-15T17:09:09.282+0000] {processor.py:161} INFO - Started process (PID=2273) to work on /opt/airflow/dags/main.py
[2026-05-15T17:09:09.284+0000] {processor.py:830} INFO - Processing file /opt/airflow/dags/main.py for tasks to queue
[2026-05-15T17:09:09.290+0000] {logging_mixin.py:188} INFO - [2026-05-15T17:09:09.289+0000] {dagbag.py:545} INFO - Filling up the DagBag from /opt/airflow/dags/main.py
[2026-05-15T17:09:09.558+0000] {processor.py:840} INFO - DAG(s) 'youtube_dwh_update', 'produce_json', 'update_staging_json' retrieved from /opt/airflow/dags/main.py
[2026-05-15T17:09:09.633+0000] {logging_mixin.py:188} INFO - [2026-05-15T17:09:09.633+0000] {dag.py:3096} INFO - Sync 3 DAGs
[2026-05-15T17:09:09.697+0000] {logging_mixin.py:188} INFO - [2026-05-15T17:09:09.696+0000] {dag.py:3954} INFO - Setting next_dagrun for produce_json to 2026-05-15 13:00:00+00:00, run_after=2026-05-16 13:00:00+00:00
[2026-05-15T17:09:09.710+0000] {logging_mixin.py:188} INFO - [2026-05-15T17:09:09.709+0000] {dag.py:3954} INFO - Setting next_dagrun for update_staging_json to 2026-05-15 13:00:00+00:00, run_after=2026-05-16 13:00:00+00:00
[2026-05-15T17:09:09.716+0000] {logging_mixin.py:188} INFO - [2026-05-15T17:09:09.716+0000] {dag.py:3954} INFO - Setting next_dagrun for youtube_dwh_update to 2026-05-15 13:30:00+00:00, run_after=2026-05-16 13:30:00+00:00
[2026-05-15T17:09:09.755+0000] {processor.py:183} INFO - Processing /opt/airflow/dags/main.py took 0.491 seconds
[2026-05-15T17:09:40.306+0000] {processor.py:161} INFO - Started process (PID=2280) to work on /opt/airflow/dags/main.py
[2026-05-15T17:09:40.310+0000] {processor.py:830} INFO - Processing file /opt/airflow/dags/main.py for tasks to queue
[2026-05-15T17:09:40.315+0000] {logging_mixin.py:188} INFO - [2026-05-15T17:09:40.314+0000] {dagbag.py:545} INFO - Filling up the DagBag from /opt/airflow/dags/main.py
[2026-05-15T17:09:40.556+0000] {processor.py:840} INFO - DAG(s) 'update_staging_json', 'youtube_dwh_update', 'produce_json' retrieved from /opt/airflow/dags/main.py
[2026-05-15T17:09:40.628+0000] {logging_mixin.py:188} INFO - [2026-05-15T17:09:40.628+0000] {dag.py:3096} INFO - Sync 3 DAGs
[2026-05-15T17:09:40.708+0000] {logging_mixin.py:188} INFO - [2026-05-15T17:09:40.707+0000] {dag.py:3954} INFO - Setting next_dagrun for produce_json to 2026-05-15 13:00:00+00:00, run_after=2026-05-16 13:00:00+00:00
[2026-05-15T17:09:40.727+0000] {logging_mixin.py:188} INFO - [2026-05-15T17:09:40.726+0000] {dag.py:3954} INFO - Setting next_dagrun for update_staging_json to 2026-05-15 13:00:00+00:00, run_after=2026-05-16 13:00:00+00:00
[2026-05-15T17:09:40.738+0000] {logging_mixin.py:188} INFO - [2026-05-15T17:09:40.737+0000] {dag.py:3954} INFO - Setting next_dagrun for youtube_dwh_update to 2026-05-15 13:30:00+00:00, run_after=2026-05-16 13:30:00+00:00
[2026-05-15T17:09:40.787+0000] {processor.py:183} INFO - Processing /opt/airflow/dags/main.py took 0.510 seconds
[2026-05-15T17:10:11.347+0000] {processor.py:161} INFO - Started process (PID=2286) to work on /opt/airflow/dags/main.py
[2026-05-15T17:10:11.350+0000] {processor.py:830} INFO - Processing file /opt/airflow/dags/main.py for tasks to queue
[2026-05-15T17:10:11.356+0000] {logging_mixin.py:188} INFO - [2026-05-15T17:10:11.355+0000] {dagbag.py:545} INFO - Filling up the DagBag from /opt/airflow/dags/main.py
[2026-05-15T17:10:11.653+0000] {processor.py:840} INFO - DAG(s) 'youtube_dwh_update', 'produce_json', 'update_staging_json' retrieved from /opt/airflow/dags/main.py
[2026-05-15T17:10:11.738+0000] {logging_mixin.py:188} INFO - [2026-05-15T17:10:11.737+0000] {dag.py:3096} INFO - Sync 3 DAGs
[2026-05-15T17:10:11.798+0000] {logging_mixin.py:188} INFO - [2026-05-15T17:10:11.798+0000] {dag.py:3954} INFO - Setting next_dagrun for produce_json to 2026-05-15 13:00:00+00:00, run_after=2026-05-16 13:00:00+00:00
[2026-05-15T17:10:11.811+0000] {logging_mixin.py:188} INFO - [2026-05-15T17:10:11.811+0000] {dag.py:3954} INFO - Setting next_dagrun for update_staging_json to 2026-05-15 13:00:00+00:00, run_after=2026-05-16 13:00:00+00:00
[2026-05-15T17:10:11.821+0000] {logging_mixin.py:188} INFO - [2026-05-15T17:10:11.820+0000] {dag.py:3954} INFO - Setting next_dagrun for youtube_dwh_update to 2026-05-15 13:30:00+00:00, run_after=2026-05-16 13:30:00+00:00
[2026-05-15T17:10:11.874+0000] {processor.py:183} INFO - Processing /opt/airflow/dags/main.py took 0.546 seconds
[2026-05-15T17:10:42.545+0000] {processor.py:161} INFO - Started process (PID=2293) to work on /opt/airflow/dags/main.py
[2026-05-15T17:10:42.549+0000] {processor.py:830} INFO - Processing file /opt/airflow/dags/main.py for tasks to queue
[2026-05-15T17:10:42.558+0000] {logging_mixin.py:188} INFO - [2026-05-15T17:10:42.557+0000] {dagbag.py:545} INFO - Filling up the DagBag from /opt/airflow/dags/main.py
[2026-05-15T17:10:43.084+0000] {processor.py:840} INFO - DAG(s) 'produce_json', 'youtube_dwh_update', 'update_staging_json' retrieved from /opt/airflow/dags/main.py
[2026-05-15T17:10:43.172+0000] {logging_mixin.py:188} INFO - [2026-05-15T17:10:43.171+0000] {dag.py:3096} INFO - Sync 3 DAGs
[2026-05-15T17:10:43.287+0000] {logging_mixin.py:188} INFO - [2026-05-15T17:10:43.286+0000] {dag.py:3954} INFO - Setting next_dagrun for produce_json to 2026-05-15 13:00:00+00:00, run_after=2026-05-16 13:00:00+00:00
[2026-05-15T17:10:43.326+0000] {logging_mixin.py:188} INFO - [2026-05-15T17:10:43.325+0000] {dag.py:3954} INFO - Setting next_dagrun for update_staging_json to 2026-05-15 13:00:00+00:00, run_after=2026-05-16 13:00:00+00:00
[2026-05-15T17:10:43.347+0000] {logging_mixin.py:188} INFO - [2026-05-15T17:10:43.346+0000] {dag.py:3954} INFO - Setting next_dagrun for youtube_dwh_update to 2026-05-15 13:30:00+00:00, run_after=2026-05-16 13:30:00+00:00
[2026-05-15T17:10:43.396+0000] {processor.py:183} INFO - Processing /opt/airflow/dags/main.py took 0.891 seconds
[2026-05-15T17:11:13.870+0000] {processor.py:161} INFO - Started process (PID=2300) to work on /opt/airflow/dags/main.py
[2026-05-15T17:11:13.876+0000] {processor.py:830} INFO - Processing file /opt/airflow/dags/main.py for tasks to queue
[2026-05-15T17:11:13.888+0000] {logging_mixin.py:188} INFO - [2026-05-15T17:11:13.887+0000] {dagbag.py:545} INFO - Filling up the DagBag from /opt/airflow/dags/main.py
[2026-05-15T17:11:14.639+0000] {processor.py:840} INFO - DAG(s) 'produce_json', 'update_staging_json', 'youtube_dwh_update' retrieved from /opt/airflow/dags/main.py
[2026-05-15T17:11:14.829+0000] {logging_mixin.py:188} INFO - [2026-05-15T17:11:14.828+0000] {dag.py:3096} INFO - Sync 3 DAGs
[2026-05-15T17:11:15.030+0000] {logging_mixin.py:188} INFO - [2026-05-15T17:11:15.029+0000] {dag.py:3954} INFO - Setting next_dagrun for produce_json to 2026-05-15 13:00:00+00:00, run_after=2026-05-16 13:00:00+00:00
[2026-05-15T17:11:15.056+0000] {logging_mixin.py:188} INFO - [2026-05-15T17:11:15.055+0000] {dag.py:3954} INFO - Setting next_dagrun for update_staging_json to 2026-05-15 13:00:00+00:00, run_after=2026-05-16 13:00:00+00:00
[2026-05-15T17:11:15.076+0000] {logging_mixin.py:188} INFO - [2026-05-15T17:11:15.075+0000] {dag.py:3954} INFO - Setting next_dagrun for youtube_dwh_update to 2026-05-15 13:30:00+00:00, run_after=2026-05-16 13:30:00+00:00
[2026-05-15T17:11:15.195+0000] {processor.py:183} INFO - Processing /opt/airflow/dags/main.py took 1.364 seconds
[2026-05-15T17:11:45.580+0000] {processor.py:161} INFO - Started process (PID=2307) to work on /opt/airflow/dags/main.py
[2026-05-15T17:11:45.583+0000] {processor.py:830} INFO - Processing file /opt/airflow/dags/main.py for tasks to queue
[2026-05-15T17:11:45.590+0000] {logging_mixin.py:188} INFO - [2026-05-15T17:11:45.588+0000] {dagbag.py:545} INFO - Filling up the DagBag from /opt/airflow/dags/main.py
[2026-05-15T17:11:45.824+0000] {processor.py:840} INFO - DAG(s) 'youtube_dwh_update', 'update_staging_json', 'produce_json' retrieved from /opt/airflow/dags/main.py
[2026-05-15T17:11:45.921+0000] {logging_mixin.py:188} INFO - [2026-05-15T17:11:45.920+0000] {dag.py:3096} INFO - Sync 3 DAGs
[2026-05-15T17:11:46.002+0000] {logging_mixin.py:188} INFO - [2026-05-15T17:11:46.001+0000] {dag.py:3954} INFO - Setting next_dagrun for produce_json to 2026-05-15 13:00:00+00:00, run_after=2026-05-16 13:00:00+00:00
[2026-05-15T17:11:46.023+0000] {logging_mixin.py:188} INFO - [2026-05-15T17:11:46.022+0000] {dag.py:3954} INFO - Setting next_dagrun for update_staging_json to 2026-05-15 13:00:00+00:00, run_after=2026-05-16 13:00:00+00:00
[2026-05-15T17:11:46.040+0000] {logging_mixin.py:188} INFO - [2026-05-15T17:11:46.040+0000] {dag.py:3954} INFO - Setting next_dagrun for youtube_dwh_update to 2026-05-15 13:30:00+00:00, run_after=2026-05-16 13:30:00+00:00
[2026-05-15T17:11:46.102+0000] {processor.py:183} INFO - Processing /opt/airflow/dags/main.py took 0.537 seconds
[2026-05-15T17:12:16.715+0000] {processor.py:161} INFO - Started process (PID=2314) to work on /opt/airflow/dags/main.py
[2026-05-15T17:12:16.717+0000] {processor.py:830} INFO - Processing file /opt/airflow/dags/main.py for tasks to queue
[2026-05-15T17:12:16.721+0000] {logging_mixin.py:188} INFO - [2026-05-15T17:12:16.721+0000] {dagbag.py:545} INFO - Filling up the DagBag from /opt/airflow/dags/main.py
[2026-05-15T17:12:17.005+0000] {processor.py:840} INFO - DAG(s) 'youtube_dwh_update', 'update_staging_json', 'produce_json' retrieved from /opt/airflow/dags/main.py
[2026-05-15T17:12:17.100+0000] {logging_mixin.py:188} INFO - [2026-05-15T17:12:17.100+0000] {dag.py:3096} INFO - Sync 3 DAGs
[2026-05-15T17:12:17.157+0000] {logging_mixin.py:188} INFO - [2026-05-15T17:12:17.156+0000] {dag.py:3954} INFO - Setting next_dagrun for produce_json to 2026-05-15 13:00:00+00:00, run_after=2026-05-16 13:00:00+00:00
[2026-05-15T17:12:17.262+0000] {logging_mixin.py:188} INFO - [2026-05-15T17:12:17.261+0000] {dag.py:3954} INFO - Setting next_dagrun for update_staging_json to 2026-05-15 13:00:00+00:00, run_after=2026-05-16 13:00:00+00:00
[2026-05-15T17:12:17.273+0000] {logging_mixin.py:188} INFO - [2026-05-15T17:12:17.273+0000] {dag.py:3954} INFO - Setting next_dagrun for youtube_dwh_update to 2026-05-15 13:30:00+00:00, run_after=2026-05-16 13:30:00+00:00
[2026-05-15T17:12:17.328+0000] {processor.py:183} INFO - Processing /opt/airflow/dags/main.py took 0.629 seconds
[2026-05-15T17:12:47.579+0000] {processor.py:161} INFO - Started process (PID=2321) to work on /opt/airflow/dags/main.py
[2026-05-15T17:12:47.584+0000] {processor.py:830} INFO - Processing file /opt/airflow/dags/main.py for tasks to queue
[2026-05-15T17:12:47.591+0000] {logging_mixin.py:188} INFO - [2026-05-15T17:12:47.590+0000] {dagbag.py:545} INFO - Filling up the DagBag from /opt/airflow/dags/main.py
[2026-05-15T17:12:47.904+0000] {processor.py:840} INFO - DAG(s) 'youtube_dwh_update', 'update_staging_json', 'produce_json' retrieved from /opt/airflow/dags/main.py
[2026-05-15T17:12:47.969+0000] {logging_mixin.py:188} INFO - [2026-05-15T17:12:47.968+0000] {dag.py:3096} INFO - Sync 3 DAGs
[2026-05-15T17:12:48.021+0000] {logging_mixin.py:188} INFO - [2026-05-15T17:12:48.020+0000] {dag.py:3954} INFO - Setting next_dagrun for produce_json to 2026-05-15 13:00:00+00:00, run_after=2026-05-16 13:00:00+00:00
[2026-05-15T17:12:48.032+0000] {logging_mixin.py:188} INFO - [2026-05-15T17:12:48.031+0000] {dag.py:3954} INFO - Setting next_dagrun for update_staging_json to 2026-05-15 13:00:00+00:00, run_after=2026-05-16 13:00:00+00:00
[2026-05-15T17:12:48.043+0000] {logging_mixin.py:188} INFO - [2026-05-15T17:12:48.043+0000] {dag.py:3954} INFO - Setting next_dagrun for youtube_dwh_update to 2026-05-15 13:30:00+00:00, run_after=2026-05-16 13:30:00+00:00
[2026-05-15T17:12:48.093+0000] {processor.py:183} INFO - Processing /opt/airflow/dags/main.py took 0.547 seconds
[2026-05-15T17:13:18.332+0000] {processor.py:161} INFO - Started process (PID=2328) to work on /opt/airflow/dags/main.py
[2026-05-15T17:13:18.339+0000] {processor.py:830} INFO - Processing file /opt/airflow/dags/main.py for tasks to queue
[2026-05-15T17:13:18.364+0000] {logging_mixin.py:188} INFO - [2026-05-15T17:13:18.362+0000] {dagbag.py:545} INFO - Filling up the DagBag from /opt/airflow/dags/main.py
[2026-05-15T17:13:18.593+0000] {processor.py:840} INFO - DAG(s) 'youtube_dwh_update', 'update_staging_json', 'produce_json' retrieved from /opt/airflow/dags/main.py
[2026-05-15T17:13:18.657+0000] {logging_mixin.py:188} INFO - [2026-05-15T17:13:18.657+0000] {dag.py:3096} INFO - Sync 3 DAGs
[2026-05-15T17:13:18.737+0000] {logging_mixin.py:188} INFO - [2026-05-15T17:13:18.736+0000] {dag.py:3954} INFO - Setting next_dagrun for produce_json to 2026-05-15 13:00:00+00:00, run_after=2026-05-16 13:00:00+00:00
[2026-05-15T17:13:18.759+0000] {logging_mixin.py:188} INFO - [2026-05-15T17:13:18.757+0000] {dag.py:3954} INFO - Setting next_dagrun for update_staging_json to 2026-05-15 13:00:00+00:00, run_after=2026-05-16 13:00:00+00:00
[2026-05-15T17:13:18.778+0000] {logging_mixin.py:188} INFO - [2026-05-15T17:13:18.777+0000] {dag.py:3954} INFO - Setting next_dagrun for youtube_dwh_update to 2026-05-15 13:30:00+00:00, run_after=2026-05-16 13:30:00+00:00
[2026-05-15T17:13:18.842+0000] {processor.py:183} INFO - Processing /opt/airflow/dags/main.py took 0.529 seconds
[2026-05-15T17:13:49.755+0000] {processor.py:161} INFO - Started process (PID=2335) to work on /opt/airflow/dags/main.py
[2026-05-15T17:13:49.757+0000] {processor.py:830} INFO - Processing file /opt/airflow/dags/main.py for tasks to queue
[2026-05-15T17:13:49.761+0000] {logging_mixin.py:188} INFO - [2026-05-15T17:13:49.760+0000] {dagbag.py:545} INFO - Filling up the DagBag from /opt/airflow/dags/main.py
[2026-05-15T17:13:49.980+0000] {processor.py:840} INFO - DAG(s) 'youtube_dwh_update', 'update_staging_json', 'produce_json' retrieved from /opt/airflow/dags/main.py
[2026-05-15T17:13:50.041+0000] {logging_mixin.py:188} INFO - [2026-05-15T17:13:50.040+0000] {dag.py:3096} INFO - Sync 3 DAGs
[2026-05-15T17:13:50.088+0000] {logging_mixin.py:188} INFO - [2026-05-15T17:13:50.087+0000] {dag.py:3954} INFO - Setting next_dagrun for produce_json to 2026-05-15 13:00:00+00:00, run_after=2026-05-16 13:00:00+00:00
[2026-05-15T17:13:50.103+0000] {logging_mixin.py:188} INFO - [2026-05-15T17:13:50.103+0000] {dag.py:3954} INFO - Setting next_dagrun for update_staging_json to 2026-05-15 13:00:00+00:00, run_after=2026-05-16 13:00:00+00:00
[2026-05-15T17:13:50.114+0000] {logging_mixin.py:188} INFO - [2026-05-15T17:13:50.113+0000] {dag.py:3954} INFO - Setting next_dagrun for youtube_dwh_update to 2026-05-15 13:30:00+00:00, run_after=2026-05-16 13:30:00+00:00
[2026-05-15T17:13:50.179+0000] {processor.py:183} INFO - Processing /opt/airflow/dags/main.py took 0.446 seconds
[2026-05-15T17:14:20.851+0000] {processor.py:161} INFO - Started process (PID=2341) to work on /opt/airflow/dags/main.py
[2026-05-15T17:14:20.854+0000] {processor.py:830} INFO - Processing file /opt/airflow/dags/main.py for tasks to queue
[2026-05-15T17:14:20.859+0000] {logging_mixin.py:188} INFO - [2026-05-15T17:14:20.858+0000] {dagbag.py:545} INFO - Filling up the DagBag from /opt/airflow/dags/main.py
[2026-05-15T17:14:21.160+0000] {processor.py:840} INFO - DAG(s) 'update_staging_json', 'youtube_dwh_update', 'produce_json' retrieved from /opt/airflow/dags/main.py
[2026-05-15T17:14:21.240+0000] {logging_mixin.py:188} INFO - [2026-05-15T17:14:21.239+0000] {dag.py:3096} INFO - Sync 3 DAGs
[2026-05-15T17:14:21.326+0000] {logging_mixin.py:188} INFO - [2026-05-15T17:14:21.325+0000] {dag.py:3954} INFO - Setting next_dagrun for produce_json to 2026-05-15 13:00:00+00:00, run_after=2026-05-16 13:00:00+00:00
[2026-05-15T17:14:21.379+0000] {logging_mixin.py:188} INFO - [2026-05-15T17:14:21.378+0000] {dag.py:3954} INFO - Setting next_dagrun for update_staging_json to 2026-05-15 13:00:00+00:00, run_after=2026-05-16 13:00:00+00:00
[2026-05-15T17:14:21.431+0000] {logging_mixin.py:188} INFO - [2026-05-15T17:14:21.430+0000] {dag.py:3954} INFO - Setting next_dagrun for youtube_dwh_update to 2026-05-15 13:30:00+00:00, run_after=2026-05-16 13:30:00+00:00
[2026-05-15T17:14:21.506+0000] {processor.py:183} INFO - Processing /opt/airflow/dags/main.py took 0.676 seconds
[2026-05-15T17:14:52.434+0000] {processor.py:161} INFO - Started process (PID=2347) to work on /opt/airflow/dags/main.py
[2026-05-15T17:14:52.437+0000] {processor.py:830} INFO - Processing file /opt/airflow/dags/main.py for tasks to queue
[2026-05-15T17:14:52.443+0000] {logging_mixin.py:188} INFO - [2026-05-15T17:14:52.442+0000] {dagbag.py:545} INFO - Filling up the DagBag from /opt/airflow/dags/main.py
[2026-05-15T17:14:52.727+0000] {processor.py:840} INFO - DAG(s) 'update_staging_json', 'produce_json', 'youtube_dwh_update' retrieved from /opt/airflow/dags/main.py
[2026-05-15T17:14:52.826+0000] {logging_mixin.py:188} INFO - [2026-05-15T17:14:52.825+0000] {dag.py:3096} INFO - Sync 3 DAGs
[2026-05-15T17:14:52.890+0000] {logging_mixin.py:188} INFO - [2026-05-15T17:14:52.890+0000] {dag.py:3954} INFO - Setting next_dagrun for produce_json to 2026-05-15 13:00:00+00:00, run_after=2026-05-16 13:00:00+00:00
[2026-05-15T17:14:52.905+0000] {logging_mixin.py:188} INFO - [2026-05-15T17:14:52.904+0000] {dag.py:3954} INFO - Setting next_dagrun for update_staging_json to 2026-05-15 13:00:00+00:00, run_after=2026-05-16 13:00:00+00:00
[2026-05-15T17:14:52.914+0000] {logging_mixin.py:188} INFO - [2026-05-15T17:14:52.913+0000] {dag.py:3954} INFO - Setting next_dagrun for youtube_dwh_update to 2026-05-15 13:30:00+00:00, run_after=2026-05-16 13:30:00+00:00
[2026-05-15T17:14:52.965+0000] {processor.py:183} INFO - Processing /opt/airflow/dags/main.py took 0.553 seconds
[2026-05-15T17:15:23.859+0000] {processor.py:161} INFO - Started process (PID=2354) to work on /opt/airflow/dags/main.py
[2026-05-15T17:15:23.862+0000] {processor.py:830} INFO - Processing file /opt/airflow/dags/main.py for tasks to queue
[2026-05-15T17:15:23.869+0000] {logging_mixin.py:188} INFO - [2026-05-15T17:15:23.868+0000] {dagbag.py:545} INFO - Filling up the DagBag from /opt/airflow/dags/main.py
[2026-05-15T17:15:24.206+0000] {processor.py:840} INFO - DAG(s) 'update_staging_json', 'produce_json', 'youtube_dwh_update' retrieved from /opt/airflow/dags/main.py
[2026-05-15T17:15:24.338+0000] {logging_mixin.py:188} INFO - [2026-05-15T17:15:24.337+0000] {dag.py:3096} INFO - Sync 3 DAGs
[2026-05-15T17:15:24.465+0000] {logging_mixin.py:188} INFO - [2026-05-15T17:15:24.465+0000] {dag.py:3954} INFO - Setting next_dagrun for produce_json to 2026-05-15 13:00:00+00:00, run_after=2026-05-16 13:00:00+00:00
[2026-05-15T17:15:24.490+0000] {logging_mixin.py:188} INFO - [2026-05-15T17:15:24.489+0000] {dag.py:3954} INFO - Setting next_dagrun for update_staging_json to 2026-05-15 13:00:00+00:00, run_after=2026-05-16 13:00:00+00:00
[2026-05-15T17:15:24.511+0000] {logging_mixin.py:188} INFO - [2026-05-15T17:15:24.510+0000] {dag.py:3954} INFO - Setting next_dagrun for youtube_dwh_update to 2026-05-15 13:30:00+00:00, run_after=2026-05-16 13:30:00+00:00
[2026-05-15T17:15:24.583+0000] {processor.py:183} INFO - Processing /opt/airflow/dags/main.py took 0.745 seconds
[2026-05-15T17:15:55.025+0000] {processor.py:161} INFO - Started process (PID=2361) to work on /opt/airflow/dags/main.py
[2026-05-15T17:15:55.030+0000] {processor.py:830} INFO - Processing file /opt/airflow/dags/main.py for tasks to queue
[2026-05-15T17:15:55.042+0000] {logging_mixin.py:188} INFO - [2026-05-15T17:15:55.040+0000] {dagbag.py:545} INFO - Filling up the DagBag from /opt/airflow/dags/main.py
[2026-05-15T17:15:55.432+0000] {processor.py:840} INFO - DAG(s) 'youtube_dwh_update', 'update_staging_json', 'produce_json' retrieved from /opt/airflow/dags/main.py
[2026-05-15T17:15:55.532+0000] {logging_mixin.py:188} INFO - [2026-05-15T17:15:55.531+0000] {dag.py:3096} INFO - Sync 3 DAGs
[2026-05-15T17:15:55.697+0000] {logging_mixin.py:188} INFO - [2026-05-15T17:15:55.697+0000] {dag.py:3954} INFO - Setting next_dagrun for produce_json to 2026-05-15 13:00:00+00:00, run_after=2026-05-16 13:00:00+00:00
[2026-05-15T17:15:55.735+0000] {logging_mixin.py:188} INFO - [2026-05-15T17:15:55.734+0000] {dag.py:3954} INFO - Setting next_dagrun for update_staging_json to 2026-05-15 13:00:00+00:00, run_after=2026-05-16 13:00:00+00:00
[2026-05-15T17:15:55.750+0000] {logging_mixin.py:188} INFO - [2026-05-15T17:15:55.750+0000] {dag.py:3954} INFO - Setting next_dagrun for youtube_dwh_update to 2026-05-15 13:30:00+00:00, run_after=2026-05-16 13:30:00+00:00
[2026-05-15T17:15:55.798+0000] {processor.py:183} INFO - Processing /opt/airflow/dags/main.py took 0.806 seconds
[2026-05-15T17:16:27.162+0000] {processor.py:161} INFO - Started process (PID=2368) to work on /opt/airflow/dags/main.py
[2026-05-15T17:16:27.176+0000] {processor.py:830} INFO - Processing file /opt/airflow/dags/main.py for tasks to queue
[2026-05-15T17:16:27.223+0000] {logging_mixin.py:188} INFO - [2026-05-15T17:16:27.210+0000] {dagbag.py:545} INFO - Filling up the DagBag from /opt/airflow/dags/main.py
[2026-05-15T17:16:28.592+0000] {processor.py:840} INFO - DAG(s) 'update_staging_json', 'produce_json', 'youtube_dwh_update' retrieved from /opt/airflow/dags/main.py
[2026-05-15T17:16:28.848+0000] {logging_mixin.py:188} INFO - [2026-05-15T17:16:28.838+0000] {dag.py:3096} INFO - Sync 3 DAGs
[2026-05-15T17:16:29.073+0000] {logging_mixin.py:188} INFO - [2026-05-15T17:16:29.072+0000] {dag.py:3954} INFO - Setting next_dagrun for produce_json to 2026-05-15 13:00:00+00:00, run_after=2026-05-16 13:00:00+00:00
[2026-05-15T17:16:29.102+0000] {logging_mixin.py:188} INFO - [2026-05-15T17:16:29.102+0000] {dag.py:3954} INFO - Setting next_dagrun for update_staging_json to 2026-05-15 13:00:00+00:00, run_after=2026-05-16 13:00:00+00:00
[2026-05-15T17:16:29.112+0000] {logging_mixin.py:188} INFO - [2026-05-15T17:16:29.111+0000] {dag.py:3954} INFO - Setting next_dagrun for youtube_dwh_update to 2026-05-15 13:30:00+00:00, run_after=2026-05-16 13:30:00+00:00
[2026-05-15T17:16:29.235+0000] {processor.py:183} INFO - Processing /opt/airflow/dags/main.py took 2.134 seconds
[2026-05-15T17:16:59.948+0000] {processor.py:161} INFO - Started process (PID=2375) to work on /opt/airflow/dags/main.py
[2026-05-15T17:16:59.950+0000] {processor.py:830} INFO - Processing file /opt/airflow/dags/main.py for tasks to queue
[2026-05-15T17:16:59.955+0000] {logging_mixin.py:188} INFO - [2026-05-15T17:16:59.955+0000] {dagbag.py:545} INFO - Filling up the DagBag from /opt/airflow/dags/main.py
[2026-05-15T17:17:00.294+0000] {processor.py:840} INFO - DAG(s) 'youtube_dwh_update', 'produce_json', 'update_staging_json' retrieved from /opt/airflow/dags/main.py
[2026-05-15T17:17:00.459+0000] {logging_mixin.py:188} INFO - [2026-05-15T17:17:00.458+0000] {dag.py:3096} INFO - Sync 3 DAGs
[2026-05-15T17:17:00.547+0000] {logging_mixin.py:188} INFO - [2026-05-15T17:17:00.546+0000] {dag.py:3954} INFO - Setting next_dagrun for produce_json to 2026-05-15 13:00:00+00:00, run_after=2026-05-16 13:00:00+00:00
[2026-05-15T17:17:00.571+0000] {logging_mixin.py:188} INFO - [2026-05-15T17:17:00.571+0000] {dag.py:3954} INFO - Setting next_dagrun for update_staging_json to 2026-05-15 13:00:00+00:00, run_after=2026-05-16 13:00:00+00:00
[2026-05-15T17:17:00.582+0000] {logging_mixin.py:188} INFO - [2026-05-15T17:17:00.581+0000] {dag.py:3954} INFO - Setting next_dagrun for youtube_dwh_update to 2026-05-15 13:30:00+00:00, run_after=2026-05-16 13:30:00+00:00
[2026-05-15T17:17:00.633+0000] {processor.py:183} INFO - Processing /opt/airflow/dags/main.py took 0.701 seconds
[2026-05-15T17:17:31.150+0000] {processor.py:161} INFO - Started process (PID=2382) to work on /opt/airflow/dags/main.py
[2026-05-15T17:17:31.153+0000] {processor.py:830} INFO - Processing file /opt/airflow/dags/main.py for tasks to queue
[2026-05-15T17:17:31.161+0000] {logging_mixin.py:188} INFO - [2026-05-15T17:17:31.160+0000] {dagbag.py:545} INFO - Filling up the DagBag from /opt/airflow/dags/main.py
[2026-05-15T17:17:31.480+0000] {processor.py:840} INFO - DAG(s) 'update_staging_json', 'produce_json', 'youtube_dwh_update' retrieved from /opt/airflow/dags/main.py
[2026-05-15T17:17:31.622+0000] {logging_mixin.py:188} INFO - [2026-05-15T17:17:31.621+0000] {dag.py:3096} INFO - Sync 3 DAGs
[2026-05-15T17:17:31.763+0000] {logging_mixin.py:188} INFO - [2026-05-15T17:17:31.762+0000] {dag.py:3954} INFO - Setting next_dagrun for produce_json to 2026-05-15 13:00:00+00:00, run_after=2026-05-16 13:00:00+00:00
[2026-05-15T17:17:31.782+0000] {logging_mixin.py:188} INFO - [2026-05-15T17:17:31.781+0000] {dag.py:3954} INFO - Setting next_dagrun for update_staging_json to 2026-05-15 13:00:00+00:00, run_after=2026-05-16 13:00:00+00:00
[2026-05-15T17:17:31.802+0000] {logging_mixin.py:188} INFO - [2026-05-15T17:17:31.801+0000] {dag.py:3954} INFO - Setting next_dagrun for youtube_dwh_update to 2026-05-15 13:30:00+00:00, run_after=2026-05-16 13:30:00+00:00
[2026-05-15T17:17:31.873+0000] {processor.py:183} INFO - Processing /opt/airflow/dags/main.py took 0.745 seconds
[2026-05-15T17:18:02.313+0000] {processor.py:161} INFO - Started process (PID=2389) to work on /opt/airflow/dags/main.py
[2026-05-15T17:18:02.320+0000] {processor.py:830} INFO - Processing file /opt/airflow/dags/main.py for tasks to queue
[2026-05-15T17:18:02.329+0000] {logging_mixin.py:188} INFO - [2026-05-15T17:18:02.328+0000] {dagbag.py:545} INFO - Filling up the DagBag from /opt/airflow/dags/main.py
[2026-05-15T17:18:02.733+0000] {processor.py:840} INFO - DAG(s) 'produce_json', 'update_staging_json', 'youtube_dwh_update' retrieved from /opt/airflow/dags/main.py
[2026-05-15T17:18:02.874+0000] {logging_mixin.py:188} INFO - [2026-05-15T17:18:02.873+0000] {dag.py:3096} INFO - Sync 3 DAGs
[2026-05-15T17:18:02.953+0000] {logging_mixin.py:188} INFO - [2026-05-15T17:18:02.952+0000] {dag.py:3954} INFO - Setting next_dagrun for produce_json to 2026-05-15 13:00:00+00:00, run_after=2026-05-16 13:00:00+00:00
[2026-05-15T17:18:02.969+0000] {logging_mixin.py:188} INFO - [2026-05-15T17:18:02.969+0000] {dag.py:3954} INFO - Setting next_dagrun for update_staging_json to 2026-05-15 13:00:00+00:00, run_after=2026-05-16 13:00:00+00:00
[2026-05-15T17:18:02.978+0000] {logging_mixin.py:188} INFO - [2026-05-15T17:18:02.978+0000] {dag.py:3954} INFO - Setting next_dagrun for youtube_dwh_update to 2026-05-15 13:30:00+00:00, run_after=2026-05-16 13:30:00+00:00
[2026-05-15T17:18:03.062+0000] {processor.py:183} INFO - Processing /opt/airflow/dags/main.py took 0.779 seconds
[2026-05-15T17:18:33.269+0000] {processor.py:161} INFO - Started process (PID=2396) to work on /opt/airflow/dags/main.py
[2026-05-15T17:18:33.276+0000] {processor.py:830} INFO - Processing file /opt/airflow/dags/main.py for tasks to queue
[2026-05-15T17:18:33.293+0000] {logging_mixin.py:188} INFO - [2026-05-15T17:18:33.289+0000] {dagbag.py:545} INFO - Filling up the DagBag from /opt/airflow/dags/main.py
[2026-05-15T17:18:33.725+0000] {processor.py:840} INFO - DAG(s) 'produce_json', 'update_staging_json', 'youtube_dwh_update' retrieved from /opt/airflow/dags/main.py
[2026-05-15T17:18:33.792+0000] {logging_mixin.py:188} INFO - [2026-05-15T17:18:33.792+0000] {dag.py:3096} INFO - Sync 3 DAGs
[2026-05-15T17:18:33.843+0000] {logging_mixin.py:188} INFO - [2026-05-15T17:18:33.842+0000] {dag.py:3954} INFO - Setting next_dagrun for produce_json to 2026-05-15 13:00:00+00:00, run_after=2026-05-16 13:00:00+00:00
[2026-05-15T17:18:33.860+0000] {logging_mixin.py:188} INFO - [2026-05-15T17:18:33.860+0000] {dag.py:3954} INFO - Setting next_dagrun for update_staging_json to 2026-05-15 13:00:00+00:00, run_after=2026-05-16 13:00:00+00:00
[2026-05-15T17:18:33.869+0000] {logging_mixin.py:188} INFO - [2026-05-15T17:18:33.869+0000] {dag.py:3954} INFO - Setting next_dagrun for youtube_dwh_update to 2026-05-15 13:30:00+00:00, run_after=2026-05-16 13:30:00+00:00
[2026-05-15T17:18:33.907+0000] {processor.py:183} INFO - Processing /opt/airflow/dags/main.py took 0.672 seconds
[2026-05-15T17:19:04.779+0000] {processor.py:161} INFO - Started process (PID=2403) to work on /opt/airflow/dags/main.py
[2026-05-15T17:19:04.785+0000] {processor.py:830} INFO - Processing file /opt/airflow/dags/main.py for tasks to queue
[2026-05-15T17:19:04.792+0000] {logging_mixin.py:188} INFO - [2026-05-15T17:19:04.791+0000] {dagbag.py:545} INFO - Filling up the DagBag from /opt/airflow/dags/main.py
[2026-05-15T17:19:05.249+0000] {processor.py:840} INFO - DAG(s) 'produce_json', 'youtube_dwh_update', 'update_staging_json' retrieved from /opt/airflow/dags/main.py
[2026-05-15T17:19:05.315+0000] {logging_mixin.py:188} INFO - [2026-05-15T17:19:05.314+0000] {dag.py:3096} INFO - Sync 3 DAGs
[2026-05-15T17:19:05.366+0000] {logging_mixin.py:188} INFO - [2026-05-15T17:19:05.366+0000] {dag.py:3954} INFO - Setting next_dagrun for produce_json to 2026-05-15 13:00:00+00:00, run_after=2026-05-16 13:00:00+00:00
[2026-05-15T17:19:05.378+0000] {logging_mixin.py:188} INFO - [2026-05-15T17:19:05.378+0000] {dag.py:3954} INFO - Setting next_dagrun for update_staging_json to 2026-05-15 13:00:00+00:00, run_after=2026-05-16 13:00:00+00:00
[2026-05-15T17:19:05.385+0000] {logging_mixin.py:188} INFO - [2026-05-15T17:19:05.385+0000] {dag.py:3954} INFO - Setting next_dagrun for youtube_dwh_update to 2026-05-15 13:30:00+00:00, run_after=2026-05-16 13:30:00+00:00
[2026-05-15T17:19:05.422+0000] {processor.py:183} INFO - Processing /opt/airflow/dags/main.py took 0.690 seconds
[2026-05-15T17:19:35.763+0000] {processor.py:161} INFO - Started process (PID=2410) to work on /opt/airflow/dags/main.py
[2026-05-15T17:19:35.767+0000] {processor.py:830} INFO - Processing file /opt/airflow/dags/main.py for tasks to queue
[2026-05-15T17:19:35.773+0000] {logging_mixin.py:188} INFO - [2026-05-15T17:19:35.772+0000] {dagbag.py:545} INFO - Filling up the DagBag from /opt/airflow/dags/main.py
[2026-05-15T17:19:36.100+0000] {processor.py:840} INFO - DAG(s) 'produce_json', 'update_staging_json', 'youtube_dwh_update' retrieved from /opt/airflow/dags/main.py
[2026-05-15T17:19:36.202+0000] {logging_mixin.py:188} INFO - [2026-05-15T17:19:36.201+0000] {dag.py:3096} INFO - Sync 3 DAGs
[2026-05-15T17:19:36.270+0000] {logging_mixin.py:188} INFO - [2026-05-15T17:19:36.269+0000] {dag.py:3954} INFO - Setting next_dagrun for produce_json to 2026-05-15 13:00:00+00:00, run_after=2026-05-16 13:00:00+00:00
[2026-05-15T17:19:36.296+0000] {logging_mixin.py:188} INFO - [2026-05-15T17:19:36.295+0000] {dag.py:3954} INFO - Setting next_dagrun for update_staging_json to 2026-05-15 13:00:00+00:00, run_after=2026-05-16 13:00:00+00:00
[2026-05-15T17:19:36.309+0000] {logging_mixin.py:188} INFO - [2026-05-15T17:19:36.308+0000] {dag.py:3954} INFO - Setting next_dagrun for youtube_dwh_update to 2026-05-15 13:30:00+00:00, run_after=2026-05-16 13:30:00+00:00
[2026-05-15T17:19:36.373+0000] {processor.py:183} INFO - Processing /opt/airflow/dags/main.py took 0.654 seconds
[2026-05-15T17:20:06.653+0000] {processor.py:161} INFO - Started process (PID=2417) to work on /opt/airflow/dags/main.py
[2026-05-15T17:20:06.656+0000] {processor.py:830} INFO - Processing file /opt/airflow/dags/main.py for tasks to queue
[2026-05-15T17:20:06.664+0000] {logging_mixin.py:188} INFO - [2026-05-15T17:20:06.663+0000] {dagbag.py:545} INFO - Filling up the DagBag from /opt/airflow/dags/main.py
[2026-05-15T17:20:06.988+0000] {processor.py:840} INFO - DAG(s) 'youtube_dwh_update', 'produce_json', 'update_staging_json' retrieved from /opt/airflow/dags/main.py
[2026-05-15T17:20:07.161+0000] {logging_mixin.py:188} INFO - [2026-05-15T17:20:07.160+0000] {dag.py:3096} INFO - Sync 3 DAGs
[2026-05-15T17:20:07.354+0000] {logging_mixin.py:188} INFO - [2026-05-15T17:20:07.354+0000] {dag.py:3954} INFO - Setting next_dagrun for produce_json to 2026-05-15 13:00:00+00:00, run_after=2026-05-16 13:00:00+00:00
[2026-05-15T17:20:07.371+0000] {logging_mixin.py:188} INFO - [2026-05-15T17:20:07.371+0000] {dag.py:3954} INFO - Setting next_dagrun for update_staging_json to 2026-05-15 13:00:00+00:00, run_after=2026-05-16 13:00:00+00:00
[2026-05-15T17:20:07.381+0000] {logging_mixin.py:188} INFO - [2026-05-15T17:20:07.380+0000] {dag.py:3954} INFO - Setting next_dagrun for youtube_dwh_update to 2026-05-15 13:30:00+00:00, run_after=2026-05-16 13:30:00+00:00
[2026-05-15T17:20:07.434+0000] {processor.py:183} INFO - Processing /opt/airflow/dags/main.py took 0.805 seconds
[2026-05-15T17:20:38.145+0000] {processor.py:161} INFO - Started process (PID=2424) to work on /opt/airflow/dags/main.py
[2026-05-15T17:20:38.156+0000] {processor.py:830} INFO - Processing file /opt/airflow/dags/main.py for tasks to queue
[2026-05-15T17:20:38.175+0000] {logging_mixin.py:188} INFO - [2026-05-15T17:20:38.172+0000] {dagbag.py:545} INFO - Filling up the DagBag from /opt/airflow/dags/main.py
[2026-05-15T17:20:38.669+0000] {processor.py:840} INFO - DAG(s) 'youtube_dwh_update', 'update_staging_json', 'produce_json' retrieved from /opt/airflow/dags/main.py
[2026-05-15T17:20:38.764+0000] {logging_mixin.py:188} INFO - [2026-05-15T17:20:38.763+0000] {dag.py:3096} INFO - Sync 3 DAGs
[2026-05-15T17:20:38.841+0000] {logging_mixin.py:188} INFO - [2026-05-15T17:20:38.840+0000] {dag.py:3954} INFO - Setting next_dagrun for produce_json to 2026-05-15 13:00:00+00:00, run_after=2026-05-16 13:00:00+00:00
[2026-05-15T17:20:38.853+0000] {logging_mixin.py:188} INFO - [2026-05-15T17:20:38.852+0000] {dag.py:3954} INFO - Setting next_dagrun for update_staging_json to 2026-05-15 13:00:00+00:00, run_after=2026-05-16 13:00:00+00:00
[2026-05-15T17:20:38.860+0000] {logging_mixin.py:188} INFO - [2026-05-15T17:20:38.859+0000] {dag.py:3954} INFO - Setting next_dagrun for youtube_dwh_update to 2026-05-15 13:30:00+00:00, run_after=2026-05-16 13:30:00+00:00
[2026-05-15T17:20:38.904+0000] {processor.py:183} INFO - Processing /opt/airflow/dags/main.py took 0.826 seconds
[2026-05-15T17:21:09.342+0000] {processor.py:161} INFO - Started process (PID=2431) to work on /opt/airflow/dags/main.py
[2026-05-15T17:21:09.345+0000] {processor.py:830} INFO - Processing file /opt/airflow/dags/main.py for tasks to queue
[2026-05-15T17:21:09.351+0000] {logging_mixin.py:188} INFO - [2026-05-15T17:21:09.350+0000] {dagbag.py:545} INFO - Filling up the DagBag from /opt/airflow/dags/main.py
[2026-05-15T17:21:10.755+0000] {processor.py:840} INFO - DAG(s) 'produce_json', 'update_staging_json', 'youtube_dwh_update' retrieved from /opt/airflow/dags/main.py
[2026-05-15T17:21:10.861+0000] {logging_mixin.py:188} INFO - [2026-05-15T17:21:10.861+0000] {dag.py:3096} INFO - Sync 3 DAGs
[2026-05-15T17:21:10.914+0000] {logging_mixin.py:188} INFO - [2026-05-15T17:21:10.913+0000] {dag.py:3954} INFO - Setting next_dagrun for produce_json to 2026-05-15 13:00:00+00:00, run_after=2026-05-16 13:00:00+00:00
[2026-05-15T17:21:10.934+0000] {logging_mixin.py:188} INFO - [2026-05-15T17:21:10.933+0000] {dag.py:3954} INFO - Setting next_dagrun for update_staging_json to 2026-05-15 13:00:00+00:00, run_after=2026-05-16 13:00:00+00:00
[2026-05-15T17:21:10.946+0000] {logging_mixin.py:188} INFO - [2026-05-15T17:21:10.946+0000] {dag.py:3954} INFO - Setting next_dagrun for youtube_dwh_update to 2026-05-15 13:30:00+00:00, run_after=2026-05-16 13:30:00+00:00
[2026-05-15T17:21:11.008+0000] {processor.py:183} INFO - Processing /opt/airflow/dags/main.py took 1.688 seconds
[2026-05-15T17:21:41.511+0000] {processor.py:161} INFO - Started process (PID=2443) to work on /opt/airflow/dags/main.py
[2026-05-15T17:21:41.514+0000] {processor.py:830} INFO - Processing file /opt/airflow/dags/main.py for tasks to queue
[2026-05-15T17:21:41.520+0000] {logging_mixin.py:188} INFO - [2026-05-15T17:21:41.519+0000] {dagbag.py:545} INFO - Filling up the DagBag from /opt/airflow/dags/main.py
[2026-05-15T17:21:41.856+0000] {processor.py:840} INFO - DAG(s) 'produce_json', 'update_staging_json', 'youtube_dwh_update' retrieved from /opt/airflow/dags/main.py
[2026-05-15T17:21:41.988+0000] {logging_mixin.py:188} INFO - [2026-05-15T17:21:41.987+0000] {dag.py:3096} INFO - Sync 3 DAGs
[2026-05-15T17:21:42.087+0000] {logging_mixin.py:188} INFO - [2026-05-15T17:21:42.085+0000] {dag.py:3954} INFO - Setting next_dagrun for produce_json to 2026-05-15 13:00:00+00:00, run_after=2026-05-16 13:00:00+00:00
[2026-05-15T17:21:42.114+0000] {logging_mixin.py:188} INFO - [2026-05-15T17:21:42.113+0000] {dag.py:3954} INFO - Setting next_dagrun for update_staging_json to 2026-05-15 13:00:00+00:00, run_after=2026-05-16 13:00:00+00:00
[2026-05-15T17:21:42.125+0000] {logging_mixin.py:188} INFO - [2026-05-15T17:21:42.124+0000] {dag.py:3954} INFO - Setting next_dagrun for youtube_dwh_update to 2026-05-15 13:30:00+00:00, run_after=2026-05-16 13:30:00+00:00
[2026-05-15T17:21:42.174+0000] {processor.py:183} INFO - Processing /opt/airflow/dags/main.py took 0.680 seconds
[2026-05-15T17:22:12.640+0000] {processor.py:161} INFO - Started process (PID=2450) to work on /opt/airflow/dags/main.py
[2026-05-15T17:22:12.652+0000] {processor.py:830} INFO - Processing file /opt/airflow/dags/main.py for tasks to queue
[2026-05-15T17:22:12.673+0000] {logging_mixin.py:188} INFO - [2026-05-15T17:22:12.672+0000] {dagbag.py:545} INFO - Filling up the DagBag from /opt/airflow/dags/main.py
[2026-05-15T17:22:13.125+0000] {processor.py:840} INFO - DAG(s) 'update_staging_json', 'youtube_dwh_update', 'produce_json' retrieved from /opt/airflow/dags/main.py
[2026-05-15T17:22:13.210+0000] {logging_mixin.py:188} INFO - [2026-05-15T17:22:13.209+0000] {dag.py:3096} INFO - Sync 3 DAGs
[2026-05-15T17:22:13.276+0000] {logging_mixin.py:188} INFO - [2026-05-15T17:22:13.276+0000] {dag.py:3954} INFO - Setting next_dagrun for produce_json to 2026-05-15 13:00:00+00:00, run_after=2026-05-16 13:00:00+00:00
[2026-05-15T17:22:13.292+0000] {logging_mixin.py:188} INFO - [2026-05-15T17:22:13.292+0000] {dag.py:3954} INFO - Setting next_dagrun for update_staging_json to 2026-05-15 13:00:00+00:00, run_after=2026-05-16 13:00:00+00:00
[2026-05-15T17:22:13.302+0000] {logging_mixin.py:188} INFO - [2026-05-15T17:22:13.301+0000] {dag.py:3954} INFO - Setting next_dagrun for youtube_dwh_update to 2026-05-15 13:30:00+00:00, run_after=2026-05-16 13:30:00+00:00
[2026-05-15T17:22:13.361+0000] {processor.py:183} INFO - Processing /opt/airflow/dags/main.py took 0.807 seconds
[2026-05-15T17:22:43.879+0000] {processor.py:161} INFO - Started process (PID=2458) to work on /opt/airflow/dags/main.py
[2026-05-15T17:22:43.883+0000] {processor.py:830} INFO - Processing file /opt/airflow/dags/main.py for tasks to queue
[2026-05-15T17:22:43.890+0000] {logging_mixin.py:188} INFO - [2026-05-15T17:22:43.889+0000] {dagbag.py:545} INFO - Filling up the DagBag from /opt/airflow/dags/main.py
[2026-05-15T17:22:44.191+0000] {processor.py:840} INFO - DAG(s) 'produce_json', 'update_staging_json', 'youtube_dwh_update' retrieved from /opt/airflow/dags/main.py
[2026-05-15T17:22:44.278+0000] {logging_mixin.py:188} INFO - [2026-05-15T17:22:44.277+0000] {dag.py:3096} INFO - Sync 3 DAGs
[2026-05-15T17:22:44.344+0000] {logging_mixin.py:188} INFO - [2026-05-15T17:22:44.343+0000] {dag.py:3954} INFO - Setting next_dagrun for produce_json to 2026-05-15 13:00:00+00:00, run_after=2026-05-16 13:00:00+00:00
[2026-05-15T17:22:44.361+0000] {logging_mixin.py:188} INFO - [2026-05-15T17:22:44.360+0000] {dag.py:3954} INFO - Setting next_dagrun for update_staging_json to 2026-05-15 13:00:00+00:00, run_after=2026-05-16 13:00:00+00:00
[2026-05-15T17:22:44.373+0000] {logging_mixin.py:188} INFO - [2026-05-15T17:22:44.372+0000] {dag.py:3954} INFO - Setting next_dagrun for youtube_dwh_update to 2026-05-15 13:30:00+00:00, run_after=2026-05-16 13:30:00+00:00
[2026-05-15T17:22:44.426+0000] {processor.py:183} INFO - Processing /opt/airflow/dags/main.py took 0.573 seconds
[2026-05-15T17:23:14.576+0000] {processor.py:161} INFO - Started process (PID=2465) to work on /opt/airflow/dags/main.py
[2026-05-15T17:23:14.579+0000] {processor.py:830} INFO - Processing file /opt/airflow/dags/main.py for tasks to queue
[2026-05-15T17:23:14.584+0000] {logging_mixin.py:188} INFO - [2026-05-15T17:23:14.583+0000] {dagbag.py:545} INFO - Filling up the DagBag from /opt/airflow/dags/main.py
[2026-05-15T17:23:14.896+0000] {processor.py:840} INFO - DAG(s) 'youtube_dwh_update', 'produce_json', 'update_staging_json' retrieved from /opt/airflow/dags/main.py
[2026-05-15T17:23:14.982+0000] {logging_mixin.py:188} INFO - [2026-05-15T17:23:14.981+0000] {dag.py:3096} INFO - Sync 3 DAGs
[2026-05-15T17:23:15.079+0000] {logging_mixin.py:188} INFO - [2026-05-15T17:23:15.079+0000] {dag.py:3954} INFO - Setting next_dagrun for produce_json to 2026-05-15 13:00:00+00:00, run_after=2026-05-16 13:00:00+00:00
[2026-05-15T17:23:15.117+0000] {logging_mixin.py:188} INFO - [2026-05-15T17:23:15.116+0000] {dag.py:3954} INFO - Setting next_dagrun for update_staging_json to 2026-05-15 13:00:00+00:00, run_after=2026-05-16 13:00:00+00:00
[2026-05-15T17:23:15.138+0000] {logging_mixin.py:188} INFO - [2026-05-15T17:23:15.137+0000] {dag.py:3954} INFO - Setting next_dagrun for youtube_dwh_update to 2026-05-15 13:30:00+00:00, run_after=2026-05-16 13:30:00+00:00
[2026-05-15T17:23:15.206+0000] {processor.py:183} INFO - Processing /opt/airflow/dags/main.py took 0.653 seconds
[2026-05-15T17:23:46.419+0000] {processor.py:161} INFO - Started process (PID=2472) to work on /opt/airflow/dags/main.py
[2026-05-15T17:23:46.422+0000] {processor.py:830} INFO - Processing file /opt/airflow/dags/main.py for tasks to queue
[2026-05-15T17:23:46.428+0000] {logging_mixin.py:188} INFO - [2026-05-15T17:23:46.427+0000] {dagbag.py:545} INFO - Filling up the DagBag from /opt/airflow/dags/main.py
[2026-05-15T17:23:46.710+0000] {processor.py:840} INFO - DAG(s) 'produce_json', 'youtube_dwh_update', 'update_staging_json' retrieved from /opt/airflow/dags/main.py
[2026-05-15T17:23:46.796+0000] {logging_mixin.py:188} INFO - [2026-05-15T17:23:46.795+0000] {dag.py:3096} INFO - Sync 3 DAGs
[2026-05-15T17:23:46.866+0000] {logging_mixin.py:188} INFO - [2026-05-15T17:23:46.865+0000] {dag.py:3954} INFO - Setting next_dagrun for produce_json to 2026-05-15 13:00:00+00:00, run_after=2026-05-16 13:00:00+00:00
[2026-05-15T17:23:46.887+0000] {logging_mixin.py:188} INFO - [2026-05-15T17:23:46.886+0000] {dag.py:3954} INFO - Setting next_dagrun for update_staging_json to 2026-05-15 13:00:00+00:00, run_after=2026-05-16 13:00:00+00:00
[2026-05-15T17:23:46.903+0000] {logging_mixin.py:188} INFO - [2026-05-15T17:23:46.902+0000] {dag.py:3954} INFO - Setting next_dagrun for youtube_dwh_update to 2026-05-15 13:30:00+00:00, run_after=2026-05-16 13:30:00+00:00
[2026-05-15T17:23:47.013+0000] {processor.py:183} INFO - Processing /opt/airflow/dags/main.py took 0.616 seconds
[2026-05-15T17:24:17.672+0000] {processor.py:161} INFO - Started process (PID=2479) to work on /opt/airflow/dags/main.py
[2026-05-15T17:24:17.674+0000] {processor.py:830} INFO - Processing file /opt/airflow/dags/main.py for tasks to queue
[2026-05-15T17:24:17.679+0000] {logging_mixin.py:188} INFO - [2026-05-15T17:24:17.678+0000] {dagbag.py:545} INFO - Filling up the DagBag from /opt/airflow/dags/main.py
[2026-05-15T17:24:17.937+0000] {processor.py:840} INFO - DAG(s) 'youtube_dwh_update', 'produce_json', 'update_staging_json' retrieved from /opt/airflow/dags/main.py
[2026-05-15T17:24:18.032+0000] {logging_mixin.py:188} INFO - [2026-05-15T17:24:18.031+0000] {dag.py:3096} INFO - Sync 3 DAGs
[2026-05-15T17:24:18.085+0000] {logging_mixin.py:188} INFO - [2026-05-15T17:24:18.084+0000] {dag.py:3954} INFO - Setting next_dagrun for produce_json to 2026-05-15 13:00:00+00:00, run_after=2026-05-16 13:00:00+00:00
[2026-05-15T17:24:18.097+0000] {logging_mixin.py:188} INFO - [2026-05-15T17:24:18.097+0000] {dag.py:3954} INFO - Setting next_dagrun for update_staging_json to 2026-05-15 13:00:00+00:00, run_after=2026-05-16 13:00:00+00:00
[2026-05-15T17:24:18.108+0000] {logging_mixin.py:188} INFO - [2026-05-15T17:24:18.108+0000] {dag.py:3954} INFO - Setting next_dagrun for youtube_dwh_update to 2026-05-15 13:30:00+00:00, run_after=2026-05-16 13:30:00+00:00
[2026-05-15T17:24:18.146+0000] {processor.py:183} INFO - Processing /opt/airflow/dags/main.py took 0.490 seconds
[2026-05-15T17:24:48.640+0000] {processor.py:161} INFO - Started process (PID=2486) to work on /opt/airflow/dags/main.py
[2026-05-15T17:24:48.643+0000] {processor.py:830} INFO - Processing file /opt/airflow/dags/main.py for tasks to queue
[2026-05-15T17:24:48.649+0000] {logging_mixin.py:188} INFO - [2026-05-15T17:24:48.648+0000] {dagbag.py:545} INFO - Filling up the DagBag from /opt/airflow/dags/main.py
[2026-05-15T17:24:49.014+0000] {processor.py:840} INFO - DAG(s) 'produce_json', 'update_staging_json', 'youtube_dwh_update' retrieved from /opt/airflow/dags/main.py
[2026-05-15T17:24:49.117+0000] {logging_mixin.py:188} INFO - [2026-05-15T17:24:49.116+0000] {dag.py:3096} INFO - Sync 3 DAGs
[2026-05-15T17:24:49.187+0000] {logging_mixin.py:188} INFO - [2026-05-15T17:24:49.187+0000] {dag.py:3954} INFO - Setting next_dagrun for produce_json to 2026-05-15 13:00:00+00:00, run_after=2026-05-16 13:00:00+00:00
[2026-05-15T17:24:49.206+0000] {logging_mixin.py:188} INFO - [2026-05-15T17:24:49.205+0000] {dag.py:3954} INFO - Setting next_dagrun for update_staging_json to 2026-05-15 13:00:00+00:00, run_after=2026-05-16 13:00:00+00:00
[2026-05-15T17:24:49.218+0000] {logging_mixin.py:188} INFO - [2026-05-15T17:24:49.217+0000] {dag.py:3954} INFO - Setting next_dagrun for youtube_dwh_update to 2026-05-15 13:30:00+00:00, run_after=2026-05-16 13:30:00+00:00
[2026-05-15T17:24:49.271+0000] {processor.py:183} INFO - Processing /opt/airflow/dags/main.py took 0.648 seconds
[2026-05-15T17:25:19.596+0000] {processor.py:161} INFO - Started process (PID=2493) to work on /opt/airflow/dags/main.py
[2026-05-15T17:25:19.600+0000] {processor.py:830} INFO - Processing file /opt/airflow/dags/main.py for tasks to queue
[2026-05-15T17:25:19.608+0000] {logging_mixin.py:188} INFO - [2026-05-15T17:25:19.607+0000] {dagbag.py:545} INFO - Filling up the DagBag from /opt/airflow/dags/main.py
[2026-05-15T17:25:20.186+0000] {processor.py:840} INFO - DAG(s) 'update_staging_json', 'produce_json', 'youtube_dwh_update' retrieved from /opt/airflow/dags/main.py
[2026-05-15T17:25:20.444+0000] {logging_mixin.py:188} INFO - [2026-05-15T17:25:20.443+0000] {dag.py:3096} INFO - Sync 3 DAGs
[2026-05-15T17:25:20.591+0000] {logging_mixin.py:188} INFO - [2026-05-15T17:25:20.590+0000] {dag.py:3954} INFO - Setting next_dagrun for produce_json to 2026-05-15 13:00:00+00:00, run_after=2026-05-16 13:00:00+00:00
[2026-05-15T17:25:20.612+0000] {logging_mixin.py:188} INFO - [2026-05-15T17:25:20.611+0000] {dag.py:3954} INFO - Setting next_dagrun for update_staging_json to 2026-05-15 13:00:00+00:00, run_after=2026-05-16 13:00:00+00:00
[2026-05-15T17:25:20.633+0000] {logging_mixin.py:188} INFO - [2026-05-15T17:25:20.633+0000] {dag.py:3954} INFO - Setting next_dagrun for youtube_dwh_update to 2026-05-15 13:30:00+00:00, run_after=2026-05-16 13:30:00+00:00
[2026-05-15T17:25:20.721+0000] {processor.py:183} INFO - Processing /opt/airflow/dags/main.py took 1.163 seconds
[2026-05-15T17:25:51.788+0000] {processor.py:161} INFO - Started process (PID=2500) to work on /opt/airflow/dags/main.py
[2026-05-15T17:25:51.955+0000] {processor.py:830} INFO - Processing file /opt/airflow/dags/main.py for tasks to queue
[2026-05-15T17:25:52.014+0000] {logging_mixin.py:188} INFO - [2026-05-15T17:25:52.013+0000] {dagbag.py:545} INFO - Filling up the DagBag from /opt/airflow/dags/main.py
