[2026-05-14T11:28:32.006+0000] {manager.py:470} INFO - Processing files using up to 2 processes at a time 
[2026-05-14T11:28:32.032+0000] {manager.py:471} INFO - Process each file at most once every 30 seconds
[2026-05-14T11:28:32.037+0000] {manager.py:472} INFO - Checking for new files in /opt/airflow/dags every 300 seconds
[2026-05-14T11:28:32.052+0000] {manager.py:737} INFO - Searching for files in /opt/airflow/dags
[2026-05-14T11:28:32.268+0000] {manager.py:740} INFO - There are 1 files in /opt/airflow/dags
[2026-05-14T11:28:32.886+0000] {manager.py:878} INFO - 
================================================================================
DAG File Processing Stats

File Path                    PID  Runtime      # DAGs    # Errors  Last Runtime    Last Run
-------------------------  -----  ---------  --------  ----------  --------------  ----------
/opt/airflow/dags/main.py     69  0.28s             0           0
================================================================================
[2026-05-14T11:29:02.939+0000] {manager.py:878} INFO - 
================================================================================
DAG File Processing Stats

File Path                  PID    Runtime      # DAGs    # Errors  Last Runtime    Last Run
-------------------------  -----  ---------  --------  ----------  --------------  -------------------
/opt/airflow/dags/main.py                           1           0  3.69s           2026-05-14T11:28:36
================================================================================
[2026-05-14T11:29:33.719+0000] {manager.py:878} INFO - 
================================================================================
DAG File Processing Stats

File Path                  PID    Runtime      # DAGs    # Errors  Last Runtime    Last Run
-------------------------  -----  ---------  --------  ----------  --------------  -------------------
/opt/airflow/dags/main.py                           1           0  0.50s           2026-05-14T11:29:07
================================================================================
[2026-05-14T11:30:04.724+0000] {manager.py:878} INFO - 
================================================================================
DAG File Processing Stats

File Path                  PID    Runtime      # DAGs    # Errors  Last Runtime    Last Run
-------------------------  -----  ---------  --------  ----------  --------------  -------------------
/opt/airflow/dags/main.py                           1           0  0.86s           2026-05-14T11:29:38
================================================================================
[2026-05-14T11:30:35.179+0000] {manager.py:878} INFO - 
================================================================================
DAG File Processing Stats

File Path                  PID    Runtime      # DAGs    # Errors  Last Runtime    Last Run
-------------------------  -----  ---------  --------  ----------  --------------  -------------------
/opt/airflow/dags/main.py                           1           0  1.19s           2026-05-14T11:30:09
================================================================================
[2026-05-14T11:31:05.598+0000] {manager.py:878} INFO - 
================================================================================
DAG File Processing Stats

File Path                  PID    Runtime      # DAGs    # Errors  Last Runtime    Last Run
-------------------------  -----  ---------  --------  ----------  --------------  -------------------
/opt/airflow/dags/main.py                           1           0  0.75s           2026-05-14T11:30:41
================================================================================
[2026-05-14T11:31:35.830+0000] {manager.py:878} INFO - 
================================================================================
DAG File Processing Stats

File Path                  PID    Runtime      # DAGs    # Errors  Last Runtime    Last Run
-------------------------  -----  ---------  --------  ----------  --------------  -------------------
/opt/airflow/dags/main.py                           1           0  0.98s           2026-05-14T11:31:12
================================================================================
[2026-05-14T11:32:05.873+0000] {manager.py:878} INFO - 
================================================================================
DAG File Processing Stats

File Path                  PID    Runtime      # DAGs    # Errors  Last Runtime    Last Run
-------------------------  -----  ---------  --------  ----------  --------------  -------------------
/opt/airflow/dags/main.py                           1           0  0.53s           2026-05-14T11:31:43
================================================================================
[2026-05-14T11:32:35.999+0000] {manager.py:878} INFO - 
================================================================================
DAG File Processing Stats

File Path                  PID    Runtime      # DAGs    # Errors  Last Runtime    Last Run
-------------------------  -----  ---------  --------  ----------  --------------  -------------------
/opt/airflow/dags/main.py                           1           0  0.69s           2026-05-14T11:32:14
================================================================================
[2026-05-14T11:33:06.358+0000] {manager.py:878} INFO - 
================================================================================
DAG File Processing Stats

File Path                  PID    Runtime      # DAGs    # Errors  Last Runtime    Last Run
-------------------------  -----  ---------  --------  ----------  --------------  -------------------
/opt/airflow/dags/main.py                           1           0  0.40s           2026-05-14T11:32:45
================================================================================
[2026-05-14T11:33:32.135+0000] {manager.py:737} INFO - Searching for files in /opt/airflow/dags
[2026-05-14T11:33:32.309+0000] {manager.py:740} INFO - There are 1 files in /opt/airflow/dags
[2026-05-14T11:33:36.516+0000] {manager.py:878} INFO - 
================================================================================
DAG File Processing Stats

File Path                  PID    Runtime      # DAGs    # Errors  Last Runtime    Last Run
-------------------------  -----  ---------  --------  ----------  --------------  -------------------
/opt/airflow/dags/main.py                           1           0  0.49s           2026-05-14T11:33:16
================================================================================
[2026-05-14T11:34:06.905+0000] {manager.py:878} INFO - 
================================================================================
DAG File Processing Stats

File Path                  PID    Runtime      # DAGs    # Errors  Last Runtime    Last Run
-------------------------  -----  ---------  --------  ----------  --------------  -------------------
/opt/airflow/dags/main.py                           1           0  0.42s           2026-05-14T11:33:47
================================================================================
[2026-05-14T11:34:37.635+0000] {manager.py:878} INFO - 
================================================================================
DAG File Processing Stats

File Path                  PID    Runtime      # DAGs    # Errors  Last Runtime    Last Run
-------------------------  -----  ---------  --------  ----------  --------------  -------------------
/opt/airflow/dags/main.py                           1           0  0.43s           2026-05-14T11:34:17
================================================================================
[2026-05-14T11:35:08.152+0000] {manager.py:878} INFO - 
================================================================================
DAG File Processing Stats

File Path                  PID    Runtime      # DAGs    # Errors  Last Runtime    Last Run
-------------------------  -----  ---------  --------  ----------  --------------  -------------------
/opt/airflow/dags/main.py                           1           0  0.37s           2026-05-14T11:34:48
================================================================================
[2026-05-14T11:35:38.635+0000] {manager.py:878} INFO - 
================================================================================
DAG File Processing Stats

File Path                  PID    Runtime      # DAGs    # Errors  Last Runtime    Last Run
-------------------------  -----  ---------  --------  ----------  --------------  -------------------
/opt/airflow/dags/main.py                           1           0  0.36s           2026-05-14T11:35:18
================================================================================
[2026-05-14T11:36:09.149+0000] {manager.py:878} INFO - 
================================================================================
DAG File Processing Stats

File Path                  PID    Runtime      # DAGs    # Errors  Last Runtime    Last Run
-------------------------  -----  ---------  --------  ----------  --------------  -------------------
/opt/airflow/dags/main.py                           1           0  0.37s           2026-05-14T11:35:49
================================================================================
[2026-05-14T11:36:39.705+0000] {manager.py:878} INFO - 
================================================================================
DAG File Processing Stats

File Path                  PID    Runtime      # DAGs    # Errors  Last Runtime    Last Run
-------------------------  -----  ---------  --------  ----------  --------------  -------------------
/opt/airflow/dags/main.py                           1           0  0.52s           2026-05-14T11:36:19
================================================================================
[2026-05-14T11:37:10.306+0000] {manager.py:878} INFO - 
================================================================================
DAG File Processing Stats

File Path                  PID    Runtime      # DAGs    # Errors  Last Runtime    Last Run
-------------------------  -----  ---------  --------  ----------  --------------  -------------------
/opt/airflow/dags/main.py                           1           0  0.38s           2026-05-14T11:36:50
================================================================================
[2026-05-14T11:37:40.656+0000] {manager.py:878} INFO - 
================================================================================
DAG File Processing Stats

File Path                  PID    Runtime      # DAGs    # Errors  Last Runtime    Last Run
-------------------------  -----  ---------  --------  ----------  --------------  -------------------
/opt/airflow/dags/main.py                           1           0  0.40s           2026-05-14T11:37:20
================================================================================
[2026-05-14T11:38:10.785+0000] {manager.py:878} INFO - 
================================================================================
DAG File Processing Stats

File Path                  PID    Runtime      # DAGs    # Errors  Last Runtime    Last Run
-------------------------  -----  ---------  --------  ----------  --------------  -------------------
/opt/airflow/dags/main.py                           1           0  0.35s           2026-05-14T11:37:51
================================================================================
[2026-05-14T11:38:32.315+0000] {manager.py:737} INFO - Searching for files in /opt/airflow/dags
[2026-05-14T11:38:32.440+0000] {manager.py:740} INFO - There are 1 files in /opt/airflow/dags
[2026-05-14T11:38:41.114+0000] {manager.py:878} INFO - 
================================================================================
DAG File Processing Stats

File Path                  PID    Runtime      # DAGs    # Errors  Last Runtime    Last Run
-------------------------  -----  ---------  --------  ----------  --------------  -------------------
/opt/airflow/dags/main.py                           1           0  0.32s           2026-05-14T11:38:22
================================================================================
[2026-05-14T11:39:11.546+0000] {manager.py:878} INFO - 
================================================================================
DAG File Processing Stats

File Path                  PID    Runtime      # DAGs    # Errors  Last Runtime    Last Run
-------------------------  -----  ---------  --------  ----------  --------------  -------------------
/opt/airflow/dags/main.py                           1           0  0.36s           2026-05-14T11:38:52
================================================================================
[2026-05-14T11:39:42.190+0000] {manager.py:878} INFO - 
================================================================================
DAG File Processing Stats

File Path                  PID    Runtime      # DAGs    # Errors  Last Runtime    Last Run
-------------------------  -----  ---------  --------  ----------  --------------  -------------------
/opt/airflow/dags/main.py                           1           0  0.46s           2026-05-14T11:39:23
================================================================================
[2026-05-14T11:40:12.226+0000] {manager.py:878} INFO - 
================================================================================
DAG File Processing Stats

File Path                  PID    Runtime      # DAGs    # Errors  Last Runtime    Last Run
-------------------------  -----  ---------  --------  ----------  --------------  -------------------
/opt/airflow/dags/main.py                           1           0  0.50s           2026-05-14T11:39:53
================================================================================
[2026-05-14T11:40:42.575+0000] {manager.py:878} INFO - 
================================================================================
DAG File Processing Stats

File Path                  PID    Runtime      # DAGs    # Errors  Last Runtime    Last Run
-------------------------  -----  ---------  --------  ----------  --------------  -------------------
/opt/airflow/dags/main.py                           1           0  0.89s           2026-05-14T11:40:24
================================================================================
[2026-05-14T11:41:13.122+0000] {manager.py:878} INFO - 
================================================================================
DAG File Processing Stats

File Path                  PID    Runtime      # DAGs    # Errors  Last Runtime    Last Run
-------------------------  -----  ---------  --------  ----------  --------------  -------------------
/opt/airflow/dags/main.py                           1           0  0.40s           2026-05-14T11:40:55
================================================================================
[2026-05-14T11:41:43.144+0000] {manager.py:878} INFO - 
================================================================================
DAG File Processing Stats

File Path                  PID    Runtime      # DAGs    # Errors  Last Runtime    Last Run
-------------------------  -----  ---------  --------  ----------  --------------  -------------------
/opt/airflow/dags/main.py                           1           0  1.26s           2026-05-14T11:41:28
================================================================================
[2026-05-14T11:42:13.427+0000] {manager.py:878} INFO - 
================================================================================
DAG File Processing Stats

File Path                  PID    Runtime      # DAGs    # Errors  Last Runtime    Last Run
-------------------------  -----  ---------  --------  ----------  --------------  -------------------
/opt/airflow/dags/main.py                           1           0  1.23s           2026-05-14T11:42:00
================================================================================
[2026-05-14T11:42:43.965+0000] {manager.py:878} INFO - 
================================================================================
DAG File Processing Stats

File Path                  PID    Runtime      # DAGs    # Errors  Last Runtime    Last Run
-------------------------  -----  ---------  --------  ----------  --------------  -------------------
/opt/airflow/dags/main.py                           1           0  0.48s           2026-05-14T11:42:31
================================================================================
[2026-05-14T11:43:14.677+0000] {manager.py:878} INFO - 
================================================================================
DAG File Processing Stats

File Path                  PID    Runtime      # DAGs    # Errors  Last Runtime    Last Run
-------------------------  -----  ---------  --------  ----------  --------------  -------------------
/opt/airflow/dags/main.py                           1           0  0.50s           2026-05-14T11:43:01
================================================================================
[2026-05-14T11:43:32.402+0000] {manager.py:737} INFO - Searching for files in /opt/airflow/dags
[2026-05-14T11:43:32.684+0000] {manager.py:740} INFO - There are 1 files in /opt/airflow/dags
[2026-05-14T11:43:45.383+0000] {manager.py:878} INFO - 
================================================================================
DAG File Processing Stats

File Path                  PID    Runtime      # DAGs    # Errors  Last Runtime    Last Run
-------------------------  -----  ---------  --------  ----------  --------------  -------------------
/opt/airflow/dags/main.py                           1           0  0.93s           2026-05-14T11:43:33
================================================================================
[2026-05-14T11:44:16.032+0000] {manager.py:878} INFO - 
================================================================================
DAG File Processing Stats

File Path                  PID    Runtime      # DAGs    # Errors  Last Runtime    Last Run
-------------------------  -----  ---------  --------  ----------  --------------  -------------------
/opt/airflow/dags/main.py                           1           0  1.31s           2026-05-14T11:44:05
================================================================================
[2026-05-14T11:44:46.038+0000] {manager.py:878} INFO - 
================================================================================
DAG File Processing Stats

File Path                  PID    Runtime      # DAGs    # Errors  Last Runtime    Last Run
-------------------------  -----  ---------  --------  ----------  --------------  -------------------
/opt/airflow/dags/main.py                           1           0  1.42s           2026-05-14T11:44:36
================================================================================
[2026-05-14T11:45:16.057+0000] {manager.py:878} INFO - 
================================================================================
DAG File Processing Stats

File Path                  PID    Runtime      # DAGs    # Errors  Last Runtime    Last Run
-------------------------  -----  ---------  --------  ----------  --------------  -------------------
/opt/airflow/dags/main.py                           1           0  0.63s           2026-05-14T11:45:07
================================================================================
[2026-05-14T11:45:46.072+0000] {manager.py:878} INFO - 
================================================================================
DAG File Processing Stats

File Path                  PID    Runtime      # DAGs    # Errors  Last Runtime    Last Run
-------------------------  -----  ---------  --------  ----------  --------------  -------------------
/opt/airflow/dags/main.py                           1           0  0.60s           2026-05-14T11:45:38
================================================================================
[2026-05-14T11:46:16.522+0000] {manager.py:878} INFO - 
================================================================================
DAG File Processing Stats

File Path                  PID    Runtime      # DAGs    # Errors  Last Runtime    Last Run
-------------------------  -----  ---------  --------  ----------  --------------  -------------------
/opt/airflow/dags/main.py                           1           0  1.02s           2026-05-14T11:46:10
================================================================================
[2026-05-14T11:46:46.538+0000] {manager.py:878} INFO - 
================================================================================
DAG File Processing Stats

File Path                  PID    Runtime      # DAGs    # Errors  Last Runtime    Last Run
-------------------------  -----  ---------  --------  ----------  --------------  -------------------
/opt/airflow/dags/main.py                           1           0  0.38s           2026-05-14T11:46:41
================================================================================
[2026-05-14T11:47:16.619+0000] {manager.py:878} INFO - 
================================================================================
DAG File Processing Stats

File Path                  PID    Runtime      # DAGs    # Errors  Last Runtime    Last Run
-------------------------  -----  ---------  --------  ----------  --------------  -------------------
/opt/airflow/dags/main.py                           1           0  0.37s           2026-05-14T11:47:11
================================================================================
[2026-05-14T11:47:46.705+0000] {manager.py:878} INFO - 
================================================================================
DAG File Processing Stats

File Path                  PID    Runtime      # DAGs    # Errors  Last Runtime    Last Run
-------------------------  -----  ---------  --------  ----------  --------------  -------------------
/opt/airflow/dags/main.py                           1           0  0.67s           2026-05-14T11:47:43
================================================================================
[2026-05-14T11:48:16.800+0000] {manager.py:878} INFO - 
================================================================================
DAG File Processing Stats

File Path                  PID    Runtime      # DAGs    # Errors  Last Runtime    Last Run
-------------------------  -----  ---------  --------  ----------  --------------  -------------------
/opt/airflow/dags/main.py                           1           0  1.29s           2026-05-14T11:48:14
================================================================================
[2026-05-14T11:48:32.793+0000] {manager.py:737} INFO - Searching for files in /opt/airflow/dags
[2026-05-14T11:48:33.218+0000] {manager.py:740} INFO - There are 1 files in /opt/airflow/dags
[2026-05-14T11:48:46.802+0000] {manager.py:878} INFO - 
================================================================================
DAG File Processing Stats

File Path                  PID    Runtime      # DAGs    # Errors  Last Runtime    Last Run
-------------------------  -----  ---------  --------  ----------  --------------  -------------------
/opt/airflow/dags/main.py                           1           0  0.35s           2026-05-14T11:48:45
================================================================================
[2026-05-14T11:49:17.225+0000] {manager.py:878} INFO - 
================================================================================
DAG File Processing Stats

File Path                  PID    Runtime      # DAGs    # Errors  Last Runtime    Last Run
-------------------------  -----  ---------  --------  ----------  --------------  -------------------
/opt/airflow/dags/main.py                           1           0  0.37s           2026-05-14T11:49:16
================================================================================
[2026-05-14T11:49:47.404+0000] {manager.py:878} INFO - 
================================================================================
DAG File Processing Stats

File Path                  PID    Runtime      # DAGs    # Errors  Last Runtime    Last Run
-------------------------  -----  ---------  --------  ----------  --------------  -------------------
/opt/airflow/dags/main.py                           1           0  0.39s           2026-05-14T11:49:47
================================================================================
[2026-05-14T11:50:17.795+0000] {manager.py:878} INFO - 
================================================================================
DAG File Processing Stats

File Path                    PID  Runtime      # DAGs    # Errors  Last Runtime    Last Run
-------------------------  -----  ---------  --------  ----------  --------------  -------------------
/opt/airflow/dags/main.py    388  0.01s             1           0  0.39s           2026-05-14T11:49:47
================================================================================
[2026-05-14T11:50:48.299+0000] {manager.py:878} INFO - 
================================================================================
DAG File Processing Stats

File Path                    PID  Runtime      # DAGs    # Errors  Last Runtime    Last Run
-------------------------  -----  ---------  --------  ----------  --------------  -------------------
/opt/airflow/dags/main.py    395  0.02s             1           0  0.37s           2026-05-14T11:50:18
================================================================================
[2026-05-14T11:51:18.446+0000] {manager.py:878} INFO - 
================================================================================
DAG File Processing Stats

File Path                  PID    Runtime      # DAGs    # Errors  Last Runtime    Last Run
-------------------------  -----  ---------  --------  ----------  --------------  -------------------
/opt/airflow/dags/main.py                           1           0  0.54s           2026-05-14T11:50:48
================================================================================
[2026-05-14T11:51:48.963+0000] {manager.py:878} INFO - 
================================================================================
DAG File Processing Stats

File Path                  PID    Runtime      # DAGs    # Errors  Last Runtime    Last Run
-------------------------  -----  ---------  --------  ----------  --------------  -------------------
/opt/airflow/dags/main.py                           1           0  1.24s           2026-05-14T11:51:20
================================================================================
[2026-05-14T11:52:19.024+0000] {manager.py:878} INFO - 
================================================================================
DAG File Processing Stats

File Path                  PID    Runtime      # DAGs    # Errors  Last Runtime    Last Run
-------------------------  -----  ---------  --------  ----------  --------------  -------------------
/opt/airflow/dags/main.py                           1           0  0.51s           2026-05-14T11:51:51
================================================================================
[2026-05-14T11:52:49.506+0000] {manager.py:878} INFO - 
================================================================================
DAG File Processing Stats

File Path                  PID    Runtime      # DAGs    # Errors  Last Runtime    Last Run
-------------------------  -----  ---------  --------  ----------  --------------  -------------------
/opt/airflow/dags/main.py                           1           0  0.34s           2026-05-14T11:52:22
================================================================================
[2026-05-14T11:53:19.998+0000] {manager.py:878} INFO - 
================================================================================
DAG File Processing Stats

File Path                  PID    Runtime      # DAGs    # Errors  Last Runtime    Last Run
-------------------------  -----  ---------  --------  ----------  --------------  -------------------
/opt/airflow/dags/main.py                           1           0  0.39s           2026-05-14T11:52:52
================================================================================
[2026-05-14T11:53:33.396+0000] {manager.py:737} INFO - Searching for files in /opt/airflow/dags
[2026-05-14T11:53:33.641+0000] {manager.py:740} INFO - There are 1 files in /opt/airflow/dags
[2026-05-14T11:53:50.858+0000] {manager.py:878} INFO - 
================================================================================
DAG File Processing Stats

File Path                  PID    Runtime      # DAGs    # Errors  Last Runtime    Last Run
-------------------------  -----  ---------  --------  ----------  --------------  -------------------
/opt/airflow/dags/main.py                           1           0  0.43s           2026-05-14T11:53:23
================================================================================
[2026-05-14T11:54:21.361+0000] {manager.py:878} INFO - 
================================================================================
DAG File Processing Stats

File Path                  PID    Runtime      # DAGs    # Errors  Last Runtime    Last Run
-------------------------  -----  ---------  --------  ----------  --------------  -------------------
/opt/airflow/dags/main.py                           1           0  0.38s           2026-05-14T11:53:54
================================================================================
[2026-05-14T11:54:51.578+0000] {manager.py:878} INFO - 
================================================================================
DAG File Processing Stats

File Path                  PID    Runtime      # DAGs    # Errors  Last Runtime    Last Run
-------------------------  -----  ---------  --------  ----------  --------------  -------------------
/opt/airflow/dags/main.py                           1           0  0.40s           2026-05-14T11:54:24
================================================================================
[2026-05-14T11:55:21.877+0000] {manager.py:878} INFO - 
================================================================================
DAG File Processing Stats

File Path                  PID    Runtime      # DAGs    # Errors  Last Runtime    Last Run
-------------------------  -----  ---------  --------  ----------  --------------  -------------------
/opt/airflow/dags/main.py                           1           0  0.86s           2026-05-14T11:54:55
================================================================================
[2026-05-14T11:55:52.455+0000] {manager.py:878} INFO - 
================================================================================
DAG File Processing Stats

File Path                  PID    Runtime      # DAGs    # Errors  Last Runtime    Last Run
-------------------------  -----  ---------  --------  ----------  --------------  -------------------
/opt/airflow/dags/main.py                           1           0  0.34s           2026-05-14T11:55:26
================================================================================
[2026-05-14T11:56:22.882+0000] {manager.py:878} INFO - 
================================================================================
DAG File Processing Stats

File Path                  PID    Runtime      # DAGs    # Errors  Last Runtime    Last Run
-------------------------  -----  ---------  --------  ----------  --------------  -------------------
/opt/airflow/dags/main.py                           1           0  0.48s           2026-05-14T11:55:57
================================================================================
[2026-05-14T11:56:53.065+0000] {manager.py:878} INFO - 
================================================================================
DAG File Processing Stats

File Path                  PID    Runtime      # DAGs    # Errors  Last Runtime    Last Run
-------------------------  -----  ---------  --------  ----------  --------------  -------------------
/opt/airflow/dags/main.py                           1           0  0.43s           2026-05-14T11:56:27
================================================================================
[2026-05-14T11:57:23.351+0000] {manager.py:878} INFO - 
================================================================================
DAG File Processing Stats

File Path                  PID    Runtime      # DAGs    # Errors  Last Runtime    Last Run
-------------------------  -----  ---------  --------  ----------  --------------  -------------------
/opt/airflow/dags/main.py                           1           0  0.43s           2026-05-14T11:56:58
================================================================================
[2026-05-14T11:57:53.939+0000] {manager.py:878} INFO - 
================================================================================
DAG File Processing Stats

File Path                  PID    Runtime      # DAGs    # Errors  Last Runtime    Last Run
-------------------------  -----  ---------  --------  ----------  --------------  -------------------
/opt/airflow/dags/main.py                           1           0  0.77s           2026-05-14T11:57:29
================================================================================
[2026-05-14T11:58:24.374+0000] {manager.py:878} INFO - 
================================================================================
DAG File Processing Stats

File Path                  PID    Runtime      # DAGs    # Errors  Last Runtime    Last Run
-------------------------  -----  ---------  --------  ----------  --------------  -------------------
/opt/airflow/dags/main.py                           1           0  0.33s           2026-05-14T11:58:00
================================================================================
[2026-05-14T11:58:33.842+0000] {manager.py:737} INFO - Searching for files in /opt/airflow/dags
[2026-05-14T11:58:34.023+0000] {manager.py:740} INFO - There are 1 files in /opt/airflow/dags
[2026-05-14T11:58:55.257+0000] {manager.py:878} INFO - 
================================================================================
DAG File Processing Stats

File Path                  PID    Runtime      # DAGs    # Errors  Last Runtime    Last Run
-------------------------  -----  ---------  --------  ----------  --------------  -------------------
/opt/airflow/dags/main.py                           1           0  0.35s           2026-05-14T11:58:30
================================================================================
[2026-05-14T11:59:25.667+0000] {manager.py:878} INFO - 
================================================================================
DAG File Processing Stats

File Path                  PID    Runtime      # DAGs    # Errors  Last Runtime    Last Run
-------------------------  -----  ---------  --------  ----------  --------------  -------------------
/opt/airflow/dags/main.py                           1           0  0.39s           2026-05-14T11:59:01
================================================================================
[2026-05-14T11:59:56.318+0000] {manager.py:878} INFO - 
================================================================================
DAG File Processing Stats

File Path                  PID    Runtime      # DAGs    # Errors  Last Runtime    Last Run
-------------------------  -----  ---------  --------  ----------  --------------  -------------------
/opt/airflow/dags/main.py                           1           0  0.54s           2026-05-14T11:59:32
================================================================================
[2026-05-14T12:00:26.790+0000] {manager.py:878} INFO - 
================================================================================
DAG File Processing Stats

File Path                  PID    Runtime      # DAGs    # Errors  Last Runtime    Last Run
-------------------------  -----  ---------  --------  ----------  --------------  -------------------
/opt/airflow/dags/main.py                           1           0  1.21s           2026-05-14T12:00:03
================================================================================
[2026-05-14T12:00:57.207+0000] {manager.py:878} INFO - 
================================================================================
DAG File Processing Stats

File Path                  PID    Runtime      # DAGs    # Errors  Last Runtime    Last Run
-------------------------  -----  ---------  --------  ----------  --------------  -------------------
/opt/airflow/dags/main.py                           1           0  0.37s           2026-05-14T12:00:34
================================================================================
[2026-05-14T12:01:28.122+0000] {manager.py:878} INFO - 
================================================================================
DAG File Processing Stats

File Path                  PID    Runtime      # DAGs    # Errors  Last Runtime    Last Run
-------------------------  -----  ---------  --------  ----------  --------------  -------------------
/opt/airflow/dags/main.py                           1           0  0.59s           2026-05-14T12:01:04
================================================================================
[2026-05-14T12:01:58.689+0000] {manager.py:878} INFO - 
================================================================================
DAG File Processing Stats

File Path                  PID    Runtime      # DAGs    # Errors  Last Runtime    Last Run
-------------------------  -----  ---------  --------  ----------  --------------  -------------------
/opt/airflow/dags/main.py                           1           0  2.24s           2026-05-14T12:01:37
================================================================================
[2026-05-14T12:02:29.413+0000] {manager.py:878} INFO - 
================================================================================
DAG File Processing Stats

File Path                  PID    Runtime      # DAGs    # Errors  Last Runtime    Last Run
-------------------------  -----  ---------  --------  ----------  --------------  -------------------
/opt/airflow/dags/main.py                           1           0  0.53s           2026-05-14T12:02:08
================================================================================
[2026-05-14T12:03:00.040+0000] {manager.py:878} INFO - 
================================================================================
DAG File Processing Stats

File Path                  PID    Runtime      # DAGs    # Errors  Last Runtime    Last Run
-------------------------  -----  ---------  --------  ----------  --------------  -------------------
/opt/airflow/dags/main.py                           1           0  0.39s           2026-05-14T12:02:38
================================================================================
[2026-05-14T12:03:30.589+0000] {manager.py:878} INFO - 
================================================================================
DAG File Processing Stats

File Path                  PID    Runtime      # DAGs    # Errors  Last Runtime    Last Run
-------------------------  -----  ---------  --------  ----------  --------------  -------------------
/opt/airflow/dags/main.py                           1           0  0.56s           2026-05-14T12:03:09
================================================================================
[2026-05-14T12:03:33.844+0000] {manager.py:737} INFO - Searching for files in /opt/airflow/dags
[2026-05-14T12:03:34.241+0000] {manager.py:740} INFO - There are 1 files in /opt/airflow/dags
[2026-05-14T12:04:00.595+0000] {manager.py:878} INFO - 
================================================================================
DAG File Processing Stats

File Path                  PID    Runtime      # DAGs    # Errors  Last Runtime    Last Run
-------------------------  -----  ---------  --------  ----------  --------------  -------------------
/opt/airflow/dags/main.py                           1           0  0.69s           2026-05-14T12:03:41
================================================================================
[2026-05-14T12:04:30.651+0000] {manager.py:878} INFO - 
================================================================================
DAG File Processing Stats

File Path                  PID    Runtime      # DAGs    # Errors  Last Runtime    Last Run
-------------------------  -----  ---------  --------  ----------  --------------  -------------------
/opt/airflow/dags/main.py                           1           0  0.33s           2026-05-14T12:04:11
================================================================================
[2026-05-14T12:05:00.800+0000] {manager.py:878} INFO - 
================================================================================
DAG File Processing Stats

File Path                  PID    Runtime      # DAGs    # Errors  Last Runtime    Last Run
-------------------------  -----  ---------  --------  ----------  --------------  -------------------
/opt/airflow/dags/main.py                           1           0  0.97s           2026-05-14T12:04:42
================================================================================
[2026-05-14T12:05:31.069+0000] {manager.py:878} INFO - 
================================================================================
DAG File Processing Stats

File Path                  PID    Runtime      # DAGs    # Errors  Last Runtime    Last Run
-------------------------  -----  ---------  --------  ----------  --------------  -------------------
/opt/airflow/dags/main.py                           1           0  0.48s           2026-05-14T12:05:13
================================================================================
[2026-05-14T12:06:01.824+0000] {manager.py:878} INFO - 
================================================================================
DAG File Processing Stats

File Path                  PID    Runtime      # DAGs    # Errors  Last Runtime    Last Run
-------------------------  -----  ---------  --------  ----------  --------------  -------------------
/opt/airflow/dags/main.py                           1           0  1.07s           2026-05-14T12:05:45
================================================================================
[2026-05-14T12:06:32.293+0000] {manager.py:878} INFO - 
================================================================================
DAG File Processing Stats

File Path                  PID    Runtime      # DAGs    # Errors  Last Runtime    Last Run
-------------------------  -----  ---------  --------  ----------  --------------  -------------------
/opt/airflow/dags/main.py                           1           0  0.44s           2026-05-14T12:06:16
================================================================================
[2026-05-14T12:07:02.338+0000] {manager.py:878} INFO - 
================================================================================
DAG File Processing Stats

File Path                  PID    Runtime      # DAGs    # Errors  Last Runtime    Last Run
-------------------------  -----  ---------  --------  ----------  --------------  -------------------
/opt/airflow/dags/main.py                           1           0  0.36s           2026-05-14T12:06:47
================================================================================
[2026-05-14T12:07:32.650+0000] {manager.py:878} INFO - 
================================================================================
DAG File Processing Stats

File Path                  PID    Runtime      # DAGs    # Errors  Last Runtime    Last Run
-------------------------  -----  ---------  --------  ----------  --------------  -------------------
/opt/airflow/dags/main.py                           1           0  0.33s           2026-05-14T12:07:17
================================================================================
[2026-05-14T12:08:03.309+0000] {manager.py:878} INFO - 
================================================================================
DAG File Processing Stats

File Path                  PID    Runtime      # DAGs    # Errors  Last Runtime    Last Run
-------------------------  -----  ---------  --------  ----------  --------------  -------------------
/opt/airflow/dags/main.py                           1           0  0.33s           2026-05-14T12:07:48
================================================================================
[2026-05-14T12:08:33.833+0000] {manager.py:878} INFO - 
================================================================================
DAG File Processing Stats

File Path                  PID    Runtime      # DAGs    # Errors  Last Runtime    Last Run
-------------------------  -----  ---------  --------  ----------  --------------  -------------------
/opt/airflow/dags/main.py                           1           0  0.54s           2026-05-14T12:08:19
================================================================================
[2026-05-14T12:08:34.329+0000] {manager.py:737} INFO - Searching for files in /opt/airflow/dags
[2026-05-14T12:08:34.522+0000] {manager.py:740} INFO - There are 1 files in /opt/airflow/dags
[2026-05-14T12:09:04.176+0000] {manager.py:878} INFO - 
================================================================================
DAG File Processing Stats

File Path                  PID    Runtime      # DAGs    # Errors  Last Runtime    Last Run
-------------------------  -----  ---------  --------  ----------  --------------  -------------------
/opt/airflow/dags/main.py                           1           0  0.45s           2026-05-14T12:08:50
================================================================================
[2026-05-14T12:09:34.671+0000] {manager.py:878} INFO - 
================================================================================
DAG File Processing Stats

File Path                  PID    Runtime      # DAGs    # Errors  Last Runtime    Last Run
-------------------------  -----  ---------  --------  ----------  --------------  -------------------
/opt/airflow/dags/main.py                           1           0  0.34s           2026-05-14T12:09:20
================================================================================
[2026-05-14T12:10:05.097+0000] {manager.py:878} INFO - 
================================================================================
DAG File Processing Stats

File Path                  PID    Runtime      # DAGs    # Errors  Last Runtime    Last Run
-------------------------  -----  ---------  --------  ----------  --------------  -------------------
/opt/airflow/dags/main.py                           1           0  0.58s           2026-05-14T12:09:51
================================================================================
[2026-05-14T12:10:35.339+0000] {manager.py:878} INFO - 
================================================================================
DAG File Processing Stats

File Path                  PID    Runtime      # DAGs    # Errors  Last Runtime    Last Run
-------------------------  -----  ---------  --------  ----------  --------------  -------------------
/opt/airflow/dags/main.py                           1           0  0.37s           2026-05-14T12:10:22
================================================================================
[2026-05-14T12:11:05.622+0000] {manager.py:878} INFO - 
================================================================================
DAG File Processing Stats

File Path                  PID    Runtime      # DAGs    # Errors  Last Runtime    Last Run
-------------------------  -----  ---------  --------  ----------  --------------  -------------------
/opt/airflow/dags/main.py                           1           0  0.47s           2026-05-14T12:10:52
================================================================================
[2026-05-14T12:11:35.894+0000] {manager.py:878} INFO - 
================================================================================
DAG File Processing Stats

File Path                  PID    Runtime      # DAGs    # Errors  Last Runtime    Last Run
-------------------------  -----  ---------  --------  ----------  --------------  -------------------
/opt/airflow/dags/main.py                           1           0  0.53s           2026-05-14T12:11:23
================================================================================
[2026-05-14T12:12:06.175+0000] {manager.py:878} INFO - 
================================================================================
DAG File Processing Stats

File Path                  PID    Runtime      # DAGs    # Errors  Last Runtime    Last Run
-------------------------  -----  ---------  --------  ----------  --------------  -------------------
/opt/airflow/dags/main.py                           1           0  0.37s           2026-05-14T12:11:54
================================================================================
[2026-05-14T12:12:36.449+0000] {manager.py:878} INFO - 
================================================================================
DAG File Processing Stats

File Path                  PID    Runtime      # DAGs    # Errors  Last Runtime    Last Run
-------------------------  -----  ---------  --------  ----------  --------------  -------------------
/opt/airflow/dags/main.py                           1           0  0.58s           2026-05-14T12:12:25
================================================================================
[2026-05-14T12:13:06.834+0000] {manager.py:878} INFO - 
================================================================================
DAG File Processing Stats

File Path                  PID    Runtime      # DAGs    # Errors  Last Runtime    Last Run
-------------------------  -----  ---------  --------  ----------  --------------  -------------------
/opt/airflow/dags/main.py                           1           0  0.39s           2026-05-14T12:12:56
================================================================================
[2026-05-14T12:13:34.389+0000] {manager.py:737} INFO - Searching for files in /opt/airflow/dags
[2026-05-14T12:13:34.622+0000] {manager.py:740} INFO - There are 1 files in /opt/airflow/dags
[2026-05-14T12:13:37.679+0000] {manager.py:878} INFO - 
================================================================================
DAG File Processing Stats

File Path                  PID    Runtime      # DAGs    # Errors  Last Runtime    Last Run
-------------------------  -----  ---------  --------  ----------  --------------  -------------------
/opt/airflow/dags/main.py                           1           0  0.42s           2026-05-14T12:13:26
================================================================================
[2026-05-14T12:14:08.078+0000] {manager.py:878} INFO - 
================================================================================
DAG File Processing Stats

File Path                  PID    Runtime      # DAGs    # Errors  Last Runtime    Last Run
-------------------------  -----  ---------  --------  ----------  --------------  -------------------
/opt/airflow/dags/main.py                           1           0  0.31s           2026-05-14T12:13:57
================================================================================
[2026-05-14T12:14:38.586+0000] {manager.py:878} INFO - 
================================================================================
DAG File Processing Stats

File Path                  PID    Runtime      # DAGs    # Errors  Last Runtime    Last Run
-------------------------  -----  ---------  --------  ----------  --------------  -------------------
/opt/airflow/dags/main.py                           1           0  0.34s           2026-05-14T12:14:27
================================================================================
[2026-05-14T12:15:08.999+0000] {manager.py:878} INFO - 
================================================================================
DAG File Processing Stats

File Path                  PID    Runtime      # DAGs    # Errors  Last Runtime    Last Run
-------------------------  -----  ---------  --------  ----------  --------------  -------------------
/opt/airflow/dags/main.py                           1           0  0.34s           2026-05-14T12:14:58
================================================================================
[2026-05-14T12:15:39.464+0000] {manager.py:878} INFO - 
================================================================================
DAG File Processing Stats

File Path                  PID    Runtime      # DAGs    # Errors  Last Runtime    Last Run
-------------------------  -----  ---------  --------  ----------  --------------  -------------------
/opt/airflow/dags/main.py                           1           0  0.41s           2026-05-14T12:15:28
================================================================================
[2026-05-14T12:16:10.078+0000] {manager.py:878} INFO - 
================================================================================
DAG File Processing Stats

File Path                  PID    Runtime      # DAGs    # Errors  Last Runtime    Last Run
-------------------------  -----  ---------  --------  ----------  --------------  -------------------
/opt/airflow/dags/main.py                           1           0  0.44s           2026-05-14T12:15:59
================================================================================
[2026-05-14T12:16:40.577+0000] {manager.py:878} INFO - 
================================================================================
DAG File Processing Stats

File Path                  PID    Runtime      # DAGs    # Errors  Last Runtime    Last Run
-------------------------  -----  ---------  --------  ----------  --------------  -------------------
/opt/airflow/dags/main.py                           1           0  0.37s           2026-05-14T12:16:29
================================================================================
[2026-05-14T12:17:11.069+0000] {manager.py:878} INFO - 
================================================================================
DAG File Processing Stats

File Path                  PID    Runtime      # DAGs    # Errors  Last Runtime    Last Run
-------------------------  -----  ---------  --------  ----------  --------------  -------------------
/opt/airflow/dags/main.py                           1           0  0.35s           2026-05-14T12:17:00
================================================================================
[2026-05-14T12:17:41.576+0000] {manager.py:878} INFO - 
================================================================================
DAG File Processing Stats

File Path                  PID    Runtime      # DAGs    # Errors  Last Runtime    Last Run
-------------------------  -----  ---------  --------  ----------  --------------  -------------------
/opt/airflow/dags/main.py                           1           0  0.34s           2026-05-14T12:17:30
================================================================================
[2026-05-14T12:18:12.062+0000] {manager.py:878} INFO - 
================================================================================
DAG File Processing Stats

File Path                  PID    Runtime      # DAGs    # Errors  Last Runtime    Last Run
-------------------------  -----  ---------  --------  ----------  --------------  -------------------
/opt/airflow/dags/main.py                           1           0  0.35s           2026-05-14T12:18:01
================================================================================
[2026-05-14T12:18:34.389+0000] {manager.py:737} INFO - Searching for files in /opt/airflow/dags
[2026-05-14T12:18:34.604+0000] {manager.py:740} INFO - There are 1 files in /opt/airflow/dags
[2026-05-14T12:18:42.438+0000] {manager.py:878} INFO - 
================================================================================
DAG File Processing Stats

File Path                  PID    Runtime      # DAGs    # Errors  Last Runtime    Last Run
-------------------------  -----  ---------  --------  ----------  --------------  -------------------
/opt/airflow/dags/main.py                           1           0  1.10s           2026-05-14T12:18:32
================================================================================
[2026-05-14T12:19:12.471+0000] {manager.py:878} INFO - 
================================================================================
DAG File Processing Stats

File Path                  PID    Runtime      # DAGs    # Errors  Last Runtime    Last Run
-------------------------  -----  ---------  --------  ----------  --------------  -------------------
/opt/airflow/dags/main.py                           1           0  0.44s           2026-05-14T12:19:03
================================================================================
[2026-05-14T12:19:42.727+0000] {manager.py:878} INFO - 
================================================================================
DAG File Processing Stats

File Path                  PID    Runtime      # DAGs    # Errors  Last Runtime    Last Run
-------------------------  -----  ---------  --------  ----------  --------------  -------------------
/opt/airflow/dags/main.py                           1           0  0.54s           2026-05-14T12:19:34
================================================================================
[2026-05-14T12:20:12.755+0000] {manager.py:878} INFO - 
================================================================================
DAG File Processing Stats

File Path                  PID    Runtime      # DAGs    # Errors  Last Runtime    Last Run
-------------------------  -----  ---------  --------  ----------  --------------  -------------------
/opt/airflow/dags/main.py                           1           0  0.35s           2026-05-14T12:20:04
================================================================================
[2026-05-14T12:20:43.054+0000] {manager.py:878} INFO - 
================================================================================
DAG File Processing Stats

File Path                  PID    Runtime      # DAGs    # Errors  Last Runtime    Last Run
-------------------------  -----  ---------  --------  ----------  --------------  -------------------
/opt/airflow/dags/main.py                           1           0  0.40s           2026-05-14T12:20:35
================================================================================
[2026-05-14T12:21:13.199+0000] {manager.py:878} INFO - 
================================================================================
DAG File Processing Stats

File Path                  PID    Runtime      # DAGs    # Errors  Last Runtime    Last Run
-------------------------  -----  ---------  --------  ----------  --------------  -------------------
/opt/airflow/dags/main.py                           1           0  0.34s           2026-05-14T12:21:06
================================================================================
[2026-05-14T12:21:43.493+0000] {manager.py:878} INFO - 
================================================================================
DAG File Processing Stats

File Path                  PID    Runtime      # DAGs    # Errors  Last Runtime    Last Run
-------------------------  -----  ---------  --------  ----------  --------------  -------------------
/opt/airflow/dags/main.py                           1           0  0.36s           2026-05-14T12:21:36
================================================================================
[2026-05-14T12:22:14.160+0000] {manager.py:878} INFO - 
================================================================================
DAG File Processing Stats

File Path                  PID    Runtime      # DAGs    # Errors  Last Runtime    Last Run
-------------------------  -----  ---------  --------  ----------  --------------  -------------------
/opt/airflow/dags/main.py                           1           0  0.31s           2026-05-14T12:22:07
================================================================================
[2026-05-14T12:22:44.353+0000] {manager.py:878} INFO - 
================================================================================
DAG File Processing Stats

File Path                  PID    Runtime      # DAGs    # Errors  Last Runtime    Last Run
-------------------------  -----  ---------  --------  ----------  --------------  -------------------
/opt/airflow/dags/main.py                           1           0  0.35s           2026-05-14T12:22:38
================================================================================
[2026-05-14T12:23:14.638+0000] {manager.py:878} INFO - 
================================================================================
DAG File Processing Stats

File Path                  PID    Runtime      # DAGs    # Errors  Last Runtime    Last Run
-------------------------  -----  ---------  --------  ----------  --------------  -------------------
/opt/airflow/dags/main.py                           1           0  0.40s           2026-05-14T12:23:08
================================================================================
[2026-05-14T12:23:34.422+0000] {manager.py:737} INFO - Searching for files in /opt/airflow/dags
[2026-05-14T12:23:34.644+0000] {manager.py:740} INFO - There are 1 files in /opt/airflow/dags
[2026-05-14T12:23:44.920+0000] {manager.py:878} INFO - 
================================================================================
DAG File Processing Stats

File Path                  PID    Runtime      # DAGs    # Errors  Last Runtime    Last Run
-------------------------  -----  ---------  --------  ----------  --------------  -------------------
/opt/airflow/dags/main.py                           1           0  0.40s           2026-05-14T12:23:39
================================================================================
[2026-05-14T12:24:15.467+0000] {manager.py:878} INFO - 
================================================================================
DAG File Processing Stats

File Path                  PID    Runtime      # DAGs    # Errors  Last Runtime    Last Run
-------------------------  -----  ---------  --------  ----------  --------------  -------------------
/opt/airflow/dags/main.py                           1           0  0.42s           2026-05-14T12:24:09
================================================================================
[2026-05-14T12:24:46.031+0000] {manager.py:878} INFO - 
================================================================================
DAG File Processing Stats

File Path                  PID    Runtime      # DAGs    # Errors  Last Runtime    Last Run
-------------------------  -----  ---------  --------  ----------  --------------  -------------------
/opt/airflow/dags/main.py                           1           0  0.50s           2026-05-14T12:24:40
================================================================================
[2026-05-14T12:25:16.597+0000] {manager.py:878} INFO - 
================================================================================
DAG File Processing Stats

File Path                  PID    Runtime      # DAGs    # Errors  Last Runtime    Last Run
-------------------------  -----  ---------  --------  ----------  --------------  -------------------
/opt/airflow/dags/main.py                           1           0  0.39s           2026-05-14T12:25:10
================================================================================
[2026-05-14T12:25:47.066+0000] {manager.py:878} INFO - 
================================================================================
DAG File Processing Stats

File Path                  PID    Runtime      # DAGs    # Errors  Last Runtime    Last Run
-------------------------  -----  ---------  --------  ----------  --------------  -------------------
/opt/airflow/dags/main.py                           1           0  0.52s           2026-05-14T12:25:41
================================================================================
[2026-05-14T12:26:17.479+0000] {manager.py:878} INFO - 
================================================================================
DAG File Processing Stats

File Path                  PID    Runtime      # DAGs    # Errors  Last Runtime    Last Run
-------------------------  -----  ---------  --------  ----------  --------------  -------------------
/opt/airflow/dags/main.py                           1           0  1.83s           2026-05-14T12:26:13
================================================================================
[2026-05-14T12:26:47.981+0000] {manager.py:878} INFO - 
================================================================================
DAG File Processing Stats

File Path                  PID    Runtime      # DAGs    # Errors  Last Runtime    Last Run
-------------------------  -----  ---------  --------  ----------  --------------  -------------------
/opt/airflow/dags/main.py                           1           0  0.52s           2026-05-14T12:26:44
================================================================================
[2026-05-14T12:27:18.620+0000] {manager.py:878} INFO - 
================================================================================
DAG File Processing Stats

File Path                  PID    Runtime      # DAGs    # Errors  Last Runtime    Last Run
-------------------------  -----  ---------  --------  ----------  --------------  -------------------
/opt/airflow/dags/main.py                           1           0  0.31s           2026-05-14T12:27:14
================================================================================
[2026-05-14T12:27:49.270+0000] {manager.py:878} INFO - 
================================================================================
DAG File Processing Stats

File Path                  PID    Runtime      # DAGs    # Errors  Last Runtime    Last Run
-------------------------  -----  ---------  --------  ----------  --------------  -------------------
/opt/airflow/dags/main.py                           1           0  0.35s           2026-05-14T12:27:45
================================================================================
[2026-05-14T12:28:19.895+0000] {manager.py:878} INFO - 
================================================================================
DAG File Processing Stats

File Path                  PID    Runtime      # DAGs    # Errors  Last Runtime    Last Run
-------------------------  -----  ---------  --------  ----------  --------------  -------------------
/opt/airflow/dags/main.py                           1           0  0.33s           2026-05-14T12:28:16
================================================================================
[2026-05-14T12:28:35.050+0000] {manager.py:737} INFO - Searching for files in /opt/airflow/dags
[2026-05-14T12:28:35.281+0000] {manager.py:740} INFO - There are 1 files in /opt/airflow/dags
[2026-05-14T12:28:50.498+0000] {manager.py:878} INFO - 
================================================================================
DAG File Processing Stats

File Path                  PID    Runtime      # DAGs    # Errors  Last Runtime    Last Run
-------------------------  -----  ---------  --------  ----------  --------------  -------------------
/opt/airflow/dags/main.py                           1           0  0.32s           2026-05-14T12:28:46
================================================================================
[2026-05-14T12:29:21.017+0000] {manager.py:878} INFO - 
================================================================================
DAG File Processing Stats

File Path                  PID    Runtime      # DAGs    # Errors  Last Runtime    Last Run
-------------------------  -----  ---------  --------  ----------  --------------  -------------------
/opt/airflow/dags/main.py                           1           0  0.33s           2026-05-14T12:29:17
================================================================================
[2026-05-14T12:29:51.410+0000] {manager.py:878} INFO - 
================================================================================
DAG File Processing Stats

File Path                  PID    Runtime      # DAGs    # Errors  Last Runtime    Last Run
-------------------------  -----  ---------  --------  ----------  --------------  -------------------
/opt/airflow/dags/main.py                           1           0  0.34s           2026-05-14T12:29:47
================================================================================
[2026-05-14T12:30:21.912+0000] {manager.py:878} INFO - 
================================================================================
DAG File Processing Stats

File Path                  PID    Runtime      # DAGs    # Errors  Last Runtime    Last Run
-------------------------  -----  ---------  --------  ----------  --------------  -------------------
/opt/airflow/dags/main.py                           1           0  0.41s           2026-05-14T12:30:18
================================================================================
[2026-05-14T12:30:52.422+0000] {manager.py:878} INFO - 
================================================================================
DAG File Processing Stats

File Path                  PID    Runtime      # DAGs    # Errors  Last Runtime    Last Run
-------------------------  -----  ---------  --------  ----------  --------------  -------------------
/opt/airflow/dags/main.py                           1           0  0.34s           2026-05-14T12:30:48
================================================================================
[2026-05-14T12:31:23.042+0000] {manager.py:878} INFO - 
================================================================================
DAG File Processing Stats

File Path                  PID    Runtime      # DAGs    # Errors  Last Runtime    Last Run
-------------------------  -----  ---------  --------  ----------  --------------  -------------------
/opt/airflow/dags/main.py                           1           0  0.39s           2026-05-14T12:31:19
================================================================================
[2026-05-14T12:31:53.504+0000] {manager.py:878} INFO - 
================================================================================
DAG File Processing Stats

File Path                  PID    Runtime      # DAGs    # Errors  Last Runtime    Last Run
-------------------------  -----  ---------  --------  ----------  --------------  -------------------
/opt/airflow/dags/main.py                           1           0  0.36s           2026-05-14T12:31:49
================================================================================
[2026-05-14T12:32:24.042+0000] {manager.py:878} INFO - 
================================================================================
DAG File Processing Stats

File Path                  PID    Runtime      # DAGs    # Errors  Last Runtime    Last Run
-------------------------  -----  ---------  --------  ----------  --------------  -------------------
/opt/airflow/dags/main.py                           1           0  0.39s           2026-05-14T12:32:20
================================================================================
[2026-05-14T12:32:54.073+0000] {manager.py:878} INFO - 
================================================================================
DAG File Processing Stats

File Path                  PID    Runtime      # DAGs    # Errors  Last Runtime    Last Run
-------------------------  -----  ---------  --------  ----------  --------------  -------------------
/opt/airflow/dags/main.py                           1           0  0.63s           2026-05-14T12:32:51
================================================================================
[2026-05-14T12:33:24.414+0000] {manager.py:878} INFO - 
================================================================================
DAG File Processing Stats

File Path                  PID    Runtime      # DAGs    # Errors  Last Runtime    Last Run
-------------------------  -----  ---------  --------  ----------  --------------  -------------------
/opt/airflow/dags/main.py                           1           0  0.34s           2026-05-14T12:33:21
================================================================================
[2026-05-14T12:33:35.527+0000] {manager.py:737} INFO - Searching for files in /opt/airflow/dags
[2026-05-14T12:33:35.793+0000] {manager.py:740} INFO - There are 1 files in /opt/airflow/dags
[2026-05-14T12:33:55.078+0000] {manager.py:878} INFO - 
================================================================================
DAG File Processing Stats

File Path                  PID    Runtime      # DAGs    # Errors  Last Runtime    Last Run
-------------------------  -----  ---------  --------  ----------  --------------  -------------------
/opt/airflow/dags/main.py                           1           0  0.34s           2026-05-14T12:33:48
================================================================================
[2026-05-14T12:34:25.704+0000] {manager.py:878} INFO - 
================================================================================
DAG File Processing Stats

File Path                  PID    Runtime      # DAGs    # Errors  Last Runtime    Last Run
-------------------------  -----  ---------  --------  ----------  --------------  -------------------
/opt/airflow/dags/main.py                           1           0  0.34s           2026-05-14T12:34:18
================================================================================
[2026-05-14T12:34:55.796+0000] {manager.py:878} INFO - 
================================================================================
DAG File Processing Stats

File Path                  PID    Runtime      # DAGs    # Errors  Last Runtime    Last Run
-------------------------  -----  ---------  --------  ----------  --------------  -------------------
/opt/airflow/dags/main.py                           1           0  0.48s           2026-05-14T12:34:49
================================================================================
[2026-05-14T12:35:26.175+0000] {manager.py:878} INFO - 
================================================================================
DAG File Processing Stats

File Path                  PID    Runtime      # DAGs    # Errors  Last Runtime    Last Run
-------------------------  -----  ---------  --------  ----------  --------------  -------------------
/opt/airflow/dags/main.py                           1           0  0.31s           2026-05-14T12:35:20
================================================================================
[2026-05-14T12:35:56.750+0000] {manager.py:878} INFO - 
================================================================================
DAG File Processing Stats

File Path                  PID    Runtime      # DAGs    # Errors  Last Runtime    Last Run
-------------------------  -----  ---------  --------  ----------  --------------  -------------------
/opt/airflow/dags/main.py                           1           0  0.40s           2026-05-14T12:35:50
================================================================================
[2026-05-14T12:36:26.904+0000] {manager.py:878} INFO - 
================================================================================
DAG File Processing Stats

File Path                  PID    Runtime      # DAGs    # Errors  Last Runtime    Last Run
-------------------------  -----  ---------  --------  ----------  --------------  -------------------
/opt/airflow/dags/main.py                           1           0  0.68s           2026-05-14T12:36:21
================================================================================
[2026-05-14T12:36:57.044+0000] {manager.py:878} INFO - 
================================================================================
DAG File Processing Stats

File Path                  PID    Runtime      # DAGs    # Errors  Last Runtime    Last Run
-------------------------  -----  ---------  --------  ----------  --------------  -------------------
/opt/airflow/dags/main.py                           1           0  0.72s           2026-05-14T12:36:52
================================================================================
[2026-05-14T12:37:27.368+0000] {manager.py:878} INFO - 
================================================================================
DAG File Processing Stats

File Path                  PID    Runtime      # DAGs    # Errors  Last Runtime    Last Run
-------------------------  -----  ---------  --------  ----------  --------------  -------------------
/opt/airflow/dags/main.py                           1           0  0.38s           2026-05-14T12:37:23
================================================================================
[2026-05-14T12:37:58.080+0000] {manager.py:878} INFO - 
================================================================================
DAG File Processing Stats

File Path                  PID    Runtime      # DAGs    # Errors  Last Runtime    Last Run
-------------------------  -----  ---------  --------  ----------  --------------  -------------------
/opt/airflow/dags/main.py                           1           0  0.34s           2026-05-14T12:37:54
================================================================================
[2026-05-14T12:38:28.214+0000] {manager.py:878} INFO - 
================================================================================
DAG File Processing Stats

File Path                  PID    Runtime      # DAGs    # Errors  Last Runtime    Last Run
-------------------------  -----  ---------  --------  ----------  --------------  -------------------
/opt/airflow/dags/main.py                           1           0  0.53s           2026-05-14T12:38:25
================================================================================
[2026-05-14T12:38:36.173+0000] {manager.py:737} INFO - Searching for files in /opt/airflow/dags
[2026-05-14T12:38:36.394+0000] {manager.py:740} INFO - There are 1 files in /opt/airflow/dags
[2026-05-14T12:38:58.685+0000] {manager.py:878} INFO - 
================================================================================
DAG File Processing Stats

File Path                  PID    Runtime      # DAGs    # Errors  Last Runtime    Last Run
-------------------------  -----  ---------  --------  ----------  --------------  -------------------
/opt/airflow/dags/main.py                           1           0  0.36s           2026-05-14T12:38:55
================================================================================
[2026-05-14T12:39:29.330+0000] {manager.py:878} INFO - 
================================================================================
DAG File Processing Stats

File Path                  PID    Runtime      # DAGs    # Errors  Last Runtime    Last Run
-------------------------  -----  ---------  --------  ----------  --------------  -------------------
/opt/airflow/dags/main.py                           1           0  0.36s           2026-05-14T12:39:26
================================================================================
[2026-05-14T12:39:59.935+0000] {manager.py:878} INFO - 
================================================================================
DAG File Processing Stats

File Path                  PID    Runtime      # DAGs    # Errors  Last Runtime    Last Run
-------------------------  -----  ---------  --------  ----------  --------------  -------------------
/opt/airflow/dags/main.py                           1           0  0.35s           2026-05-14T12:39:56
================================================================================
[2026-05-14T12:40:30.303+0000] {manager.py:878} INFO - 
================================================================================
DAG File Processing Stats

File Path                  PID    Runtime      # DAGs    # Errors  Last Runtime    Last Run
-------------------------  -----  ---------  --------  ----------  --------------  -------------------
/opt/airflow/dags/main.py                           1           0  0.49s           2026-05-14T12:40:27
================================================================================
[2026-05-14T12:41:00.587+0000] {manager.py:878} INFO - 
================================================================================
DAG File Processing Stats

File Path                  PID    Runtime      # DAGs    # Errors  Last Runtime    Last Run
-------------------------  -----  ---------  --------  ----------  --------------  -------------------
/opt/airflow/dags/main.py                           1           0  0.41s           2026-05-14T12:40:58
================================================================================
[2026-05-14T12:41:30.894+0000] {manager.py:878} INFO - 
================================================================================
DAG File Processing Stats

File Path                  PID    Runtime      # DAGs    # Errors  Last Runtime    Last Run
-------------------------  -----  ---------  --------  ----------  --------------  -------------------
/opt/airflow/dags/main.py                           1           0  0.41s           2026-05-14T12:41:29
================================================================================
[2026-05-14T12:42:01.137+0000] {manager.py:878} INFO - 
================================================================================
DAG File Processing Stats

File Path                  PID    Runtime      # DAGs    # Errors  Last Runtime    Last Run
-------------------------  -----  ---------  --------  ----------  --------------  -------------------
/opt/airflow/dags/main.py                           1           0  0.39s           2026-05-14T12:42:00
================================================================================
[2026-05-14T12:42:31.863+0000] {manager.py:878} INFO - 
================================================================================
DAG File Processing Stats

File Path                  PID    Runtime      # DAGs    # Errors  Last Runtime    Last Run
-------------------------  -----  ---------  --------  ----------  --------------  -------------------
/opt/airflow/dags/main.py                           1           0  0.35s           2026-05-14T12:42:30
================================================================================
[2026-05-14T12:43:02.407+0000] {manager.py:878} INFO - 
================================================================================
DAG File Processing Stats

File Path                  PID    Runtime      # DAGs    # Errors  Last Runtime    Last Run
-------------------------  -----  ---------  --------  ----------  --------------  -------------------
/opt/airflow/dags/main.py                           1           0  0.32s           2026-05-14T12:43:01
================================================================================
[2026-05-14T12:43:33.084+0000] {manager.py:878} INFO - 
================================================================================
DAG File Processing Stats

File Path                  PID    Runtime      # DAGs    # Errors  Last Runtime    Last Run
-------------------------  -----  ---------  --------  ----------  --------------  -------------------
/opt/airflow/dags/main.py                           1           0  0.48s           2026-05-14T12:43:32
================================================================================
[2026-05-14T12:43:36.368+0000] {manager.py:737} INFO - Searching for files in /opt/airflow/dags
[2026-05-14T12:43:36.598+0000] {manager.py:740} INFO - There are 1 files in /opt/airflow/dags
[2026-05-14T12:44:03.366+0000] {manager.py:878} INFO - 
================================================================================
DAG File Processing Stats

File Path                    PID  Runtime      # DAGs    # Errors  Last Runtime    Last Run
-------------------------  -----  ---------  --------  ----------  --------------  -------------------
/opt/airflow/dags/main.py   1130  0.02s             1           0  0.48s           2026-05-14T12:43:32
================================================================================
[2026-05-14T12:44:33.671+0000] {manager.py:878} INFO - 
================================================================================
DAG File Processing Stats

File Path                  PID    Runtime      # DAGs    # Errors  Last Runtime    Last Run
-------------------------  -----  ---------  --------  ----------  --------------  -------------------
/opt/airflow/dags/main.py                           1           0  0.95s           2026-05-14T12:44:04
================================================================================
[2026-05-14T12:45:04.369+0000] {manager.py:878} INFO - 
================================================================================
DAG File Processing Stats

File Path                  PID    Runtime      # DAGs    # Errors  Last Runtime    Last Run
-------------------------  -----  ---------  --------  ----------  --------------  -------------------
/opt/airflow/dags/main.py                           1           0  0.40s           2026-05-14T12:44:35
================================================================================
[2026-05-14T12:45:34.966+0000] {manager.py:878} INFO - 
================================================================================
DAG File Processing Stats

File Path                  PID    Runtime      # DAGs    # Errors  Last Runtime    Last Run
-------------------------  -----  ---------  --------  ----------  --------------  -------------------
/opt/airflow/dags/main.py                           1           0  1.03s           2026-05-14T12:45:06
================================================================================
[2026-05-14T12:46:05.421+0000] {manager.py:878} INFO - 
================================================================================
DAG File Processing Stats

File Path                  PID    Runtime      # DAGs    # Errors  Last Runtime    Last Run
-------------------------  -----  ---------  --------  ----------  --------------  -------------------
/opt/airflow/dags/main.py                           1           0  0.36s           2026-05-14T12:45:37
================================================================================
[2026-05-14T12:46:36.302+0000] {manager.py:878} INFO - 
================================================================================
DAG File Processing Stats

File Path                  PID    Runtime      # DAGs    # Errors  Last Runtime    Last Run
-------------------------  -----  ---------  --------  ----------  --------------  -------------------
/opt/airflow/dags/main.py                           1           0  0.40s           2026-05-14T12:46:07
================================================================================
[2026-05-14T12:47:06.625+0000] {manager.py:878} INFO - 
================================================================================
DAG File Processing Stats

File Path                  PID    Runtime      # DAGs    # Errors  Last Runtime    Last Run
-------------------------  -----  ---------  --------  ----------  --------------  -------------------
/opt/airflow/dags/main.py                           1           0  0.38s           2026-05-14T12:46:38
================================================================================
[2026-05-14T12:47:36.638+0000] {manager.py:878} INFO - 
================================================================================
DAG File Processing Stats

File Path                  PID    Runtime      # DAGs    # Errors  Last Runtime    Last Run
-------------------------  -----  ---------  --------  ----------  --------------  -------------------
/opt/airflow/dags/main.py                           1           0  0.37s           2026-05-14T12:47:09
================================================================================
[2026-05-14T12:48:07.048+0000] {manager.py:878} INFO - 
================================================================================
DAG File Processing Stats

File Path                  PID    Runtime      # DAGs    # Errors  Last Runtime    Last Run
-------------------------  -----  ---------  --------  ----------  --------------  -------------------
/opt/airflow/dags/main.py                           1           0  0.32s           2026-05-14T12:47:40
================================================================================
[2026-05-14T12:48:36.757+0000] {manager.py:737} INFO - Searching for files in /opt/airflow/dags
[2026-05-14T12:48:36.951+0000] {manager.py:740} INFO - There are 1 files in /opt/airflow/dags
[2026-05-14T12:48:37.985+0000] {manager.py:878} INFO - 
================================================================================
DAG File Processing Stats

File Path                  PID    Runtime      # DAGs    # Errors  Last Runtime    Last Run
-------------------------  -----  ---------  --------  ----------  --------------  -------------------
/opt/airflow/dags/main.py                           1           0  0.45s           2026-05-14T12:48:10
================================================================================
[2026-05-14T12:49:08.444+0000] {manager.py:878} INFO - 
================================================================================
DAG File Processing Stats

File Path                  PID    Runtime      # DAGs    # Errors  Last Runtime    Last Run
-------------------------  -----  ---------  --------  ----------  --------------  -------------------
/opt/airflow/dags/main.py                           1           0  0.31s           2026-05-14T12:48:41
================================================================================
[2026-05-14T12:49:38.655+0000] {manager.py:878} INFO - 
================================================================================
DAG File Processing Stats

File Path                  PID    Runtime      # DAGs    # Errors  Last Runtime    Last Run
-------------------------  -----  ---------  --------  ----------  --------------  -------------------
/opt/airflow/dags/main.py                           1           0  0.56s           2026-05-14T12:49:12
================================================================================
[2026-05-14T12:50:08.974+0000] {manager.py:878} INFO - 
================================================================================
DAG File Processing Stats

File Path                  PID    Runtime      # DAGs    # Errors  Last Runtime    Last Run
-------------------------  -----  ---------  --------  ----------  --------------  -------------------
/opt/airflow/dags/main.py                           1           0  0.70s           2026-05-14T12:49:43
================================================================================
[2026-05-14T12:50:39.293+0000] {manager.py:878} INFO - 
================================================================================
DAG File Processing Stats

File Path                  PID    Runtime      # DAGs    # Errors  Last Runtime    Last Run
-------------------------  -----  ---------  --------  ----------  --------------  -------------------
/opt/airflow/dags/main.py                           1           0  0.66s           2026-05-14T12:50:14
================================================================================
[2026-05-14T12:51:09.640+0000] {manager.py:878} INFO - 
================================================================================
DAG File Processing Stats

File Path                  PID    Runtime      # DAGs    # Errors  Last Runtime    Last Run
-------------------------  -----  ---------  --------  ----------  --------------  -------------------
/opt/airflow/dags/main.py                           1           0  0.47s           2026-05-14T12:50:44
================================================================================
[2026-05-14T12:51:39.781+0000] {manager.py:878} INFO - 
================================================================================
DAG File Processing Stats

File Path                  PID    Runtime      # DAGs    # Errors  Last Runtime    Last Run
-------------------------  -----  ---------  --------  ----------  --------------  -------------------
/opt/airflow/dags/main.py                           1           0  0.43s           2026-05-14T12:51:15
================================================================================
[2026-05-14T12:52:10.364+0000] {manager.py:878} INFO - 
================================================================================
DAG File Processing Stats

File Path                  PID    Runtime      # DAGs    # Errors  Last Runtime    Last Run
-------------------------  -----  ---------  --------  ----------  --------------  -------------------
/opt/airflow/dags/main.py                           1           0  1.23s           2026-05-14T12:51:47
================================================================================
[2026-05-14T12:52:40.736+0000] {manager.py:878} INFO - 
================================================================================
DAG File Processing Stats

File Path                  PID    Runtime      # DAGs    # Errors  Last Runtime    Last Run
-------------------------  -----  ---------  --------  ----------  --------------  -------------------
/opt/airflow/dags/main.py                           1           0  0.33s           2026-05-14T12:52:17
================================================================================
[2026-05-14T12:53:10.794+0000] {manager.py:878} INFO - 
================================================================================
DAG File Processing Stats

File Path                  PID    Runtime      # DAGs    # Errors  Last Runtime    Last Run
-------------------------  -----  ---------  --------  ----------  --------------  -------------------
/opt/airflow/dags/main.py                           1           0  0.34s           2026-05-14T12:52:48
================================================================================
[2026-05-14T12:53:37.228+0000] {manager.py:737} INFO - Searching for files in /opt/airflow/dags
[2026-05-14T12:53:37.439+0000] {manager.py:740} INFO - There are 1 files in /opt/airflow/dags
[2026-05-14T12:53:41.498+0000] {manager.py:878} INFO - 
================================================================================
DAG File Processing Stats

File Path                  PID    Runtime      # DAGs    # Errors  Last Runtime    Last Run
-------------------------  -----  ---------  --------  ----------  --------------  -------------------
/opt/airflow/dags/main.py                           1           0  0.43s           2026-05-14T12:53:18
================================================================================
[2026-05-14T12:54:11.518+0000] {manager.py:878} INFO - 
================================================================================
DAG File Processing Stats

File Path                  PID    Runtime      # DAGs    # Errors  Last Runtime    Last Run
-------------------------  -----  ---------  --------  ----------  --------------  -------------------
/opt/airflow/dags/main.py                           1           0  0.42s           2026-05-14T12:53:50
================================================================================
[2026-05-14T12:54:42.032+0000] {manager.py:878} INFO - 
================================================================================
DAG File Processing Stats

File Path                  PID    Runtime      # DAGs    # Errors  Last Runtime    Last Run
-------------------------  -----  ---------  --------  ----------  --------------  -------------------
/opt/airflow/dags/main.py                           1           0  0.34s           2026-05-14T12:54:21
================================================================================
[2026-05-14T12:55:12.064+0000] {manager.py:878} INFO - 
================================================================================
DAG File Processing Stats

File Path                  PID    Runtime      # DAGs    # Errors  Last Runtime    Last Run
-------------------------  -----  ---------  --------  ----------  --------------  -------------------
/opt/airflow/dags/main.py                           1           0  0.45s           2026-05-14T12:54:51
================================================================================
[2026-05-14T12:55:42.657+0000] {manager.py:878} INFO - 
================================================================================
DAG File Processing Stats

File Path                  PID    Runtime      # DAGs    # Errors  Last Runtime    Last Run
-------------------------  -----  ---------  --------  ----------  --------------  -------------------
/opt/airflow/dags/main.py                           1           0  0.40s           2026-05-14T12:55:22
================================================================================
[2026-05-14T12:56:13.169+0000] {manager.py:878} INFO - 
================================================================================
DAG File Processing Stats

File Path                  PID    Runtime      # DAGs    # Errors  Last Runtime    Last Run
-------------------------  -----  ---------  --------  ----------  --------------  -------------------
/opt/airflow/dags/main.py                           1           0  0.53s           2026-05-14T12:55:53
================================================================================
[2026-05-14T12:56:43.347+0000] {manager.py:878} INFO - 
================================================================================
DAG File Processing Stats

File Path                  PID    Runtime      # DAGs    # Errors  Last Runtime    Last Run
-------------------------  -----  ---------  --------  ----------  --------------  -------------------
/opt/airflow/dags/main.py                           1           0  0.80s           2026-05-14T12:56:25
================================================================================
[2026-05-14T12:57:13.606+0000] {manager.py:878} INFO - 
================================================================================
DAG File Processing Stats

File Path                  PID    Runtime      # DAGs    # Errors  Last Runtime    Last Run
-------------------------  -----  ---------  --------  ----------  --------------  -------------------
/opt/airflow/dags/main.py                           1           0  0.91s           2026-05-14T12:56:56
================================================================================
[2026-05-14T12:57:43.910+0000] {manager.py:878} INFO - 
================================================================================
DAG File Processing Stats

File Path                  PID    Runtime      # DAGs    # Errors  Last Runtime    Last Run
-------------------------  -----  ---------  --------  ----------  --------------  -------------------
/opt/airflow/dags/main.py                           1           0  0.37s           2026-05-14T12:57:27
================================================================================
[2026-05-14T12:58:13.914+0000] {manager.py:878} INFO - 
================================================================================
DAG File Processing Stats

File Path                  PID    Runtime      # DAGs    # Errors  Last Runtime    Last Run
-------------------------  -----  ---------  --------  ----------  --------------  -------------------
/opt/airflow/dags/main.py                           1           0  0.33s           2026-05-14T12:57:57
================================================================================
[2026-05-14T12:58:37.265+0000] {manager.py:737} INFO - Searching for files in /opt/airflow/dags
[2026-05-14T12:58:37.506+0000] {manager.py:740} INFO - There are 1 files in /opt/airflow/dags
[2026-05-14T12:58:44.233+0000] {manager.py:878} INFO - 
================================================================================
DAG File Processing Stats

File Path                  PID    Runtime      # DAGs    # Errors  Last Runtime    Last Run
-------------------------  -----  ---------  --------  ----------  --------------  -------------------
/opt/airflow/dags/main.py                           1           0  0.42s           2026-05-14T12:58:28
================================================================================
[2026-05-14T12:59:14.618+0000] {manager.py:878} INFO - 
================================================================================
DAG File Processing Stats

File Path                  PID    Runtime      # DAGs    # Errors  Last Runtime    Last Run
-------------------------  -----  ---------  --------  ----------  --------------  -------------------
/opt/airflow/dags/main.py                           1           0  0.35s           2026-05-14T12:58:58
================================================================================
[2026-05-14T12:59:45.534+0000] {manager.py:878} INFO - 
================================================================================
DAG File Processing Stats

File Path                  PID    Runtime      # DAGs    # Errors  Last Runtime    Last Run
-------------------------  -----  ---------  --------  ----------  --------------  -------------------
/opt/airflow/dags/main.py                           1           0  0.36s           2026-05-14T12:59:29
================================================================================
[2026-05-14T13:00:16.146+0000] {manager.py:878} INFO - 
================================================================================
DAG File Processing Stats

File Path                  PID    Runtime      # DAGs    # Errors  Last Runtime    Last Run
-------------------------  -----  ---------  --------  ----------  --------------  -------------------
/opt/airflow/dags/main.py                           1           0  0.36s           2026-05-14T13:00:00
================================================================================
[2026-05-14T13:00:46.161+0000] {manager.py:878} INFO - 
================================================================================
DAG File Processing Stats

File Path                  PID    Runtime      # DAGs    # Errors  Last Runtime    Last Run
-------------------------  -----  ---------  --------  ----------  --------------  -------------------
/opt/airflow/dags/main.py                           1           0  0.62s           2026-05-14T13:00:30
================================================================================
[2026-05-14T13:01:16.430+0000] {manager.py:878} INFO - 
================================================================================
DAG File Processing Stats

File Path                  PID    Runtime      # DAGs    # Errors  Last Runtime    Last Run
-------------------------  -----  ---------  --------  ----------  --------------  -------------------
/opt/airflow/dags/main.py                           1           0  0.35s           2026-05-14T13:01:01
================================================================================
[2026-05-14T13:01:47.010+0000] {manager.py:878} INFO - 
================================================================================
DAG File Processing Stats

File Path                  PID    Runtime      # DAGs    # Errors  Last Runtime    Last Run
-------------------------  -----  ---------  --------  ----------  --------------  -------------------
/opt/airflow/dags/main.py                           1           0  0.35s           2026-05-14T13:01:31
================================================================================
[2026-05-14T13:02:17.375+0000] {manager.py:878} INFO - 
================================================================================
DAG File Processing Stats

File Path                  PID    Runtime      # DAGs    # Errors  Last Runtime    Last Run
-------------------------  -----  ---------  --------  ----------  --------------  -------------------
/opt/airflow/dags/main.py                           1           0  0.33s           2026-05-14T13:02:02
================================================================================
[2026-05-14T13:02:47.939+0000] {manager.py:878} INFO - 
================================================================================
DAG File Processing Stats

File Path                  PID    Runtime      # DAGs    # Errors  Last Runtime    Last Run
-------------------------  -----  ---------  --------  ----------  --------------  -------------------
/opt/airflow/dags/main.py                           1           0  0.36s           2026-05-14T13:02:32
================================================================================
[2026-05-14T13:03:18.424+0000] {manager.py:878} INFO - 
================================================================================
DAG File Processing Stats

File Path                  PID    Runtime      # DAGs    # Errors  Last Runtime    Last Run
-------------------------  -----  ---------  --------  ----------  --------------  -------------------
/opt/airflow/dags/main.py                           1           0  0.48s           2026-05-14T13:03:03
================================================================================
[2026-05-14T13:03:37.654+0000] {manager.py:737} INFO - Searching for files in /opt/airflow/dags
[2026-05-14T13:03:37.901+0000] {manager.py:740} INFO - There are 1 files in /opt/airflow/dags
[2026-05-14T13:03:49.020+0000] {manager.py:878} INFO - 
================================================================================
DAG File Processing Stats

File Path                  PID    Runtime      # DAGs    # Errors  Last Runtime    Last Run
-------------------------  -----  ---------  --------  ----------  --------------  -------------------
/opt/airflow/dags/main.py                           1           0  0.59s           2026-05-14T13:03:34
================================================================================
[2026-05-14T13:04:19.460+0000] {manager.py:878} INFO - 
================================================================================
DAG File Processing Stats

File Path                  PID    Runtime      # DAGs    # Errors  Last Runtime    Last Run
-------------------------  -----  ---------  --------  ----------  --------------  -------------------
/opt/airflow/dags/main.py                           1           0  0.47s           2026-05-14T13:04:05
================================================================================
[2026-05-14T13:04:49.751+0000] {manager.py:878} INFO - 
================================================================================
DAG File Processing Stats

File Path                  PID    Runtime      # DAGs    # Errors  Last Runtime    Last Run
-------------------------  -----  ---------  --------  ----------  --------------  -------------------
/opt/airflow/dags/main.py                           1           0  0.57s           2026-05-14T13:04:36
================================================================================
[2026-05-14T13:05:20.110+0000] {manager.py:878} INFO - 
================================================================================
DAG File Processing Stats

File Path                  PID    Runtime      # DAGs    # Errors  Last Runtime    Last Run
-------------------------  -----  ---------  --------  ----------  --------------  -------------------
/opt/airflow/dags/main.py                           1           0  0.41s           2026-05-14T13:05:07
================================================================================
[2026-05-14T13:05:50.180+0000] {manager.py:878} INFO - 
================================================================================
DAG File Processing Stats

File Path                  PID    Runtime      # DAGs    # Errors  Last Runtime    Last Run
-------------------------  -----  ---------  --------  ----------  --------------  -------------------
/opt/airflow/dags/main.py                           1           0  0.39s           2026-05-14T13:05:38
================================================================================
[2026-05-14T13:06:20.658+0000] {manager.py:878} INFO - 
================================================================================
DAG File Processing Stats

File Path                  PID    Runtime      # DAGs    # Errors  Last Runtime    Last Run
-------------------------  -----  ---------  --------  ----------  --------------  -------------------
/opt/airflow/dags/main.py                           1           0  0.52s           2026-05-14T13:06:08
================================================================================
[2026-05-14T13:06:51.049+0000] {manager.py:878} INFO - 
================================================================================
DAG File Processing Stats

File Path                  PID    Runtime      # DAGs    # Errors  Last Runtime    Last Run
-------------------------  -----  ---------  --------  ----------  --------------  -------------------
/opt/airflow/dags/main.py                           1           0  0.34s           2026-05-14T13:06:39
================================================================================
[2026-05-14T13:07:21.546+0000] {manager.py:878} INFO - 
================================================================================
DAG File Processing Stats

File Path                  PID    Runtime      # DAGs    # Errors  Last Runtime    Last Run
-------------------------  -----  ---------  --------  ----------  --------------  -------------------
/opt/airflow/dags/main.py                           1           0  0.37s           2026-05-14T13:07:09
================================================================================
[2026-05-14T13:07:51.619+0000] {manager.py:878} INFO - 
================================================================================
DAG File Processing Stats

File Path                  PID    Runtime      # DAGs    # Errors  Last Runtime    Last Run
-------------------------  -----  ---------  --------  ----------  --------------  -------------------
/opt/airflow/dags/main.py                           1           0  0.73s           2026-05-14T13:07:40
================================================================================
[2026-05-14T13:08:22.309+0000] {manager.py:878} INFO - 
================================================================================
DAG File Processing Stats

File Path                  PID    Runtime      # DAGs    # Errors  Last Runtime    Last Run
-------------------------  -----  ---------  --------  ----------  --------------  -------------------
/opt/airflow/dags/main.py                           1           0  0.51s           2026-05-14T13:08:11
================================================================================
[2026-05-14T13:08:38.458+0000] {manager.py:737} INFO - Searching for files in /opt/airflow/dags
[2026-05-14T13:08:38.684+0000] {manager.py:740} INFO - There are 1 files in /opt/airflow/dags
[2026-05-14T13:08:52.874+0000] {manager.py:878} INFO - 
================================================================================
DAG File Processing Stats

File Path                  PID    Runtime      # DAGs    # Errors  Last Runtime    Last Run
-------------------------  -----  ---------  --------  ----------  --------------  -------------------
/opt/airflow/dags/main.py                           1           0  0.34s           2026-05-14T13:08:42
================================================================================
[2026-05-14T13:09:22.960+0000] {manager.py:878} INFO - 
================================================================================
DAG File Processing Stats

File Path                  PID    Runtime      # DAGs    # Errors  Last Runtime    Last Run
-------------------------  -----  ---------  --------  ----------  --------------  -------------------
/opt/airflow/dags/main.py                           1           0  0.34s           2026-05-14T13:09:12
================================================================================
[2026-05-14T13:09:53.057+0000] {manager.py:878} INFO - 
================================================================================
DAG File Processing Stats

File Path                  PID    Runtime      # DAGs    # Errors  Last Runtime    Last Run
-------------------------  -----  ---------  --------  ----------  --------------  -------------------
/opt/airflow/dags/main.py                           1           0  0.41s           2026-05-14T13:09:43
================================================================================
[2026-05-14T14:08:39.166+0000] {manager.py:737} INFO - Searching for files in /opt/airflow/dags
[2026-05-14T14:09:07.222+0000] {manager.py:740} INFO - There are 1 files in /opt/airflow/dags
[2026-05-14T14:09:10.506+0000] {manager.py:878} INFO - 
================================================================================
DAG File Processing Stats

File Path                    PID  Runtime      # DAGs    # Errors  Last Runtime    Last Run
-------------------------  -----  ---------  --------  ----------  --------------  -------------------
/opt/airflow/dags/main.py   1494  0.04s             1           0  0.41s           2026-05-14T13:09:43
================================================================================
[2026-05-14T14:09:41.180+0000] {manager.py:878} INFO - 
================================================================================
DAG File Processing Stats

File Path                  PID    Runtime      # DAGs    # Errors  Last Runtime    Last Run
-------------------------  -----  ---------  --------  ----------  --------------  -------------------
/opt/airflow/dags/main.py                           1           0  8.20s           2026-05-14T14:09:18
================================================================================
[2026-05-14T14:10:11.221+0000] {manager.py:878} INFO - 
================================================================================
DAG File Processing Stats

File Path                  PID    Runtime      # DAGs    # Errors  Last Runtime    Last Run
-------------------------  -----  ---------  --------  ----------  --------------  -------------------
/opt/airflow/dags/main.py                           1           0  0.50s           2026-05-14T14:09:49
================================================================================
[2026-05-14T14:10:41.604+0000] {manager.py:878} INFO - 
================================================================================
DAG File Processing Stats

File Path                  PID    Runtime      # DAGs    # Errors  Last Runtime    Last Run
-------------------------  -----  ---------  --------  ----------  --------------  -------------------
/opt/airflow/dags/main.py                           1           0  0.35s           2026-05-14T14:10:19
================================================================================
[2026-05-14T14:11:12.172+0000] {manager.py:878} INFO - 
================================================================================
DAG File Processing Stats

File Path                  PID    Runtime      # DAGs    # Errors  Last Runtime    Last Run
-------------------------  -----  ---------  --------  ----------  --------------  -------------------
/opt/airflow/dags/main.py                           1           0  0.39s           2026-05-14T14:10:50
================================================================================
[2026-05-14T14:11:42.541+0000] {manager.py:878} INFO - 
================================================================================
DAG File Processing Stats

File Path                  PID    Runtime      # DAGs    # Errors  Last Runtime    Last Run
-------------------------  -----  ---------  --------  ----------  --------------  -------------------
/opt/airflow/dags/main.py                           1           0  0.41s           2026-05-14T14:11:20
================================================================================
[2026-05-14T14:12:12.808+0000] {manager.py:878} INFO - 
================================================================================
DAG File Processing Stats

File Path                  PID    Runtime      # DAGs    # Errors  Last Runtime    Last Run
-------------------------  -----  ---------  --------  ----------  --------------  -------------------
/opt/airflow/dags/main.py                           1           0  0.63s           2026-05-14T14:11:51
================================================================================
[2026-05-14T14:12:42.952+0000] {manager.py:878} INFO - 
================================================================================
DAG File Processing Stats

File Path                  PID    Runtime      # DAGs    # Errors  Last Runtime    Last Run
-------------------------  -----  ---------  --------  ----------  --------------  -------------------
/opt/airflow/dags/main.py                           1           0  0.84s           2026-05-14T14:12:22
================================================================================
[2026-05-14T14:13:13.778+0000] {manager.py:878} INFO - 
================================================================================
DAG File Processing Stats

File Path                  PID    Runtime      # DAGs    # Errors  Last Runtime    Last Run
-------------------------  -----  ---------  --------  ----------  --------------  -------------------
/opt/airflow/dags/main.py                           1           0  0.53s           2026-05-14T14:12:53
================================================================================
[2026-05-14T14:13:39.291+0000] {manager.py:737} INFO - Searching for files in /opt/airflow/dags
[2026-05-14T14:13:39.466+0000] {manager.py:740} INFO - There are 1 files in /opt/airflow/dags
[2026-05-14T14:13:43.932+0000] {manager.py:878} INFO - 
================================================================================
DAG File Processing Stats

File Path                  PID    Runtime      # DAGs    # Errors  Last Runtime    Last Run
-------------------------  -----  ---------  --------  ----------  --------------  -------------------
/opt/airflow/dags/main.py                           1           0  0.66s           2026-05-14T14:13:24
================================================================================
[2026-05-14T14:14:14.271+0000] {manager.py:878} INFO - 
================================================================================
DAG File Processing Stats

File Path                  PID    Runtime      # DAGs    # Errors  Last Runtime    Last Run
-------------------------  -----  ---------  --------  ----------  --------------  -------------------
/opt/airflow/dags/main.py                           1           0  0.32s           2026-05-14T14:13:55
================================================================================
[2026-05-14T14:14:44.863+0000] {manager.py:878} INFO - 
================================================================================
DAG File Processing Stats

File Path                  PID    Runtime      # DAGs    # Errors  Last Runtime    Last Run
-------------------------  -----  ---------  --------  ----------  --------------  -------------------
/opt/airflow/dags/main.py                           1           0  0.33s           2026-05-14T14:14:26
================================================================================
[2026-05-14T14:15:15.142+0000] {manager.py:878} INFO - 
================================================================================
DAG File Processing Stats

File Path                  PID    Runtime      # DAGs    # Errors  Last Runtime    Last Run
-------------------------  -----  ---------  --------  ----------  --------------  -------------------
/opt/airflow/dags/main.py                           1           0  0.41s           2026-05-14T14:14:56
================================================================================
[2026-05-14T14:15:45.450+0000] {manager.py:878} INFO - 
================================================================================
DAG File Processing Stats

File Path                  PID    Runtime      # DAGs    # Errors  Last Runtime    Last Run
-------------------------  -----  ---------  --------  ----------  --------------  -------------------
/opt/airflow/dags/main.py                           1           0  0.46s           2026-05-14T14:15:27
================================================================================
[2026-05-14T14:16:15.921+0000] {manager.py:878} INFO - 
================================================================================
DAG File Processing Stats

File Path                  PID    Runtime      # DAGs    # Errors  Last Runtime    Last Run
-------------------------  -----  ---------  --------  ----------  --------------  -------------------
/opt/airflow/dags/main.py                           1           0  0.34s           2026-05-14T14:15:57
================================================================================
[2026-05-14T14:16:46.520+0000] {manager.py:878} INFO - 
================================================================================
DAG File Processing Stats

File Path                  PID    Runtime      # DAGs    # Errors  Last Runtime    Last Run
-------------------------  -----  ---------  --------  ----------  --------------  -------------------
/opt/airflow/dags/main.py                           1           0  0.46s           2026-05-14T14:16:28
================================================================================
[2026-05-14T14:17:16.842+0000] {manager.py:878} INFO - 
================================================================================
DAG File Processing Stats

File Path                  PID    Runtime      # DAGs    # Errors  Last Runtime    Last Run
-------------------------  -----  ---------  --------  ----------  --------------  -------------------
/opt/airflow/dags/main.py                           1           0  3.56s           2026-05-14T14:17:02
================================================================================
[2026-05-14T14:17:47.305+0000] {manager.py:878} INFO - 
================================================================================
DAG File Processing Stats

File Path                  PID    Runtime      # DAGs    # Errors  Last Runtime    Last Run
-------------------------  -----  ---------  --------  ----------  --------------  -------------------
/opt/airflow/dags/main.py                           1           0  0.86s           2026-05-14T14:17:33
================================================================================
[2026-05-14T14:18:17.515+0000] {manager.py:878} INFO - 
================================================================================
DAG File Processing Stats

File Path                  PID    Runtime      # DAGs    # Errors  Last Runtime    Last Run
-------------------------  -----  ---------  --------  ----------  --------------  -------------------
/opt/airflow/dags/main.py                           1           0  6.63s           2026-05-14T14:18:14
================================================================================
[2026-05-14T14:18:39.384+0000] {manager.py:737} INFO - Searching for files in /opt/airflow/dags
[2026-05-14T14:18:42.390+0000] {manager.py:740} INFO - There are 1 files in /opt/airflow/dags
[2026-05-14T14:18:48.044+0000] {manager.py:878} INFO - 
================================================================================
DAG File Processing Stats

File Path                    PID  Runtime      # DAGs    # Errors  Last Runtime    Last Run
-------------------------  -----  ---------  --------  ----------  --------------  -------------------
/opt/airflow/dags/main.py   1626  2.09s             1           0  6.63s           2026-05-14T14:18:14
================================================================================
[2026-05-14T14:19:18.311+0000] {manager.py:878} INFO - 
================================================================================
DAG File Processing Stats

File Path                  PID    Runtime      # DAGs    # Errors  Last Runtime    Last Run
-------------------------  -----  ---------  --------  ----------  --------------  -------------------
/opt/airflow/dags/main.py                           1           0  3.32s           2026-05-14T14:18:49
================================================================================
[2026-05-14T14:19:48.574+0000] {manager.py:878} INFO - 
================================================================================
DAG File Processing Stats

File Path                  PID    Runtime      # DAGs    # Errors  Last Runtime    Last Run
-------------------------  -----  ---------  --------  ----------  --------------  -------------------
/opt/airflow/dags/main.py                           1           0  9.23s           2026-05-14T14:19:29
================================================================================
[2026-05-14T14:20:18.793+0000] {manager.py:878} INFO - 
================================================================================
DAG File Processing Stats

File Path                  PID    Runtime      # DAGs    # Errors  Last Runtime    Last Run
-------------------------  -----  ---------  --------  ----------  --------------  -------------------
/opt/airflow/dags/main.py                           1           0  3.61s           2026-05-14T14:20:04
================================================================================
[2026-05-14T14:20:48.902+0000] {manager.py:878} INFO - 
================================================================================
DAG File Processing Stats

File Path                  PID    Runtime      # DAGs    # Errors  Last Runtime    Last Run
-------------------------  -----  ---------  --------  ----------  --------------  -------------------
/opt/airflow/dags/main.py                           1           0  0.72s           2026-05-14T14:20:35
================================================================================
[2026-05-14T14:21:18.932+0000] {manager.py:878} INFO - 
================================================================================
DAG File Processing Stats

File Path                  PID    Runtime      # DAGs    # Errors  Last Runtime    Last Run
-------------------------  -----  ---------  --------  ----------  --------------  -------------------
/opt/airflow/dags/main.py                           1           0  1.01s           2026-05-14T14:21:07
================================================================================
[2026-05-14T14:21:49.085+0000] {manager.py:878} INFO - 
================================================================================
DAG File Processing Stats

File Path                  PID    Runtime      # DAGs    # Errors  Last Runtime    Last Run
-------------------------  -----  ---------  --------  ----------  --------------  -------------------
/opt/airflow/dags/main.py                           1           0  0.41s           2026-05-14T14:21:37
================================================================================
[2026-05-14T14:22:19.555+0000] {manager.py:878} INFO - 
================================================================================
DAG File Processing Stats

File Path                  PID    Runtime      # DAGs    # Errors  Last Runtime    Last Run
-------------------------  -----  ---------  --------  ----------  --------------  -------------------
/opt/airflow/dags/main.py                           1           0  0.47s           2026-05-14T14:22:08
================================================================================
[2026-05-14T14:22:50.186+0000] {manager.py:878} INFO - 
================================================================================
DAG File Processing Stats

File Path                  PID    Runtime      # DAGs    # Errors  Last Runtime    Last Run
-------------------------  -----  ---------  --------  ----------  --------------  -------------------
/opt/airflow/dags/main.py                           1           0  2.57s           2026-05-14T14:22:42
================================================================================
[2026-05-14T14:23:20.602+0000] {manager.py:878} INFO - 
================================================================================
DAG File Processing Stats

File Path                    PID  Runtime      # DAGs    # Errors  Last Runtime    Last Run
-------------------------  -----  ---------  --------  ----------  --------------  -------------------
/opt/airflow/dags/main.py   1689  3.54s             1           0  2.57s           2026-05-14T14:22:42
================================================================================
[2026-05-14T14:23:39.880+0000] {manager.py:737} INFO - Searching for files in /opt/airflow/dags
[2026-05-14T14:23:40.195+0000] {manager.py:740} INFO - There are 1 files in /opt/airflow/dags
[2026-05-14T14:23:51.479+0000] {manager.py:878} INFO - 
================================================================================
DAG File Processing Stats

File Path                  PID    Runtime      # DAGs    # Errors  Last Runtime    Last Run
-------------------------  -----  ---------  --------  ----------  --------------  -------------------
/opt/airflow/dags/main.py                           1           0  7.13s           2026-05-14T14:23:24
================================================================================
[2026-05-14T14:24:21.807+0000] {manager.py:878} INFO - 
================================================================================
DAG File Processing Stats

File Path                  PID    Runtime      # DAGs    # Errors  Last Runtime    Last Run
-------------------------  -----  ---------  --------  ----------  --------------  -------------------
/opt/airflow/dags/main.py                           1           0  0.65s           2026-05-14T14:23:55
================================================================================
[2026-05-14T14:24:51.896+0000] {manager.py:878} INFO - 
================================================================================
DAG File Processing Stats

File Path                  PID    Runtime      # DAGs    # Errors  Last Runtime    Last Run
-------------------------  -----  ---------  --------  ----------  --------------  -------------------
/opt/airflow/dags/main.py                           1           0  1.24s           2026-05-14T14:24:27
================================================================================
[2026-05-14T14:25:22.069+0000] {manager.py:878} INFO - 
================================================================================
DAG File Processing Stats

File Path                  PID    Runtime      # DAGs    # Errors  Last Runtime    Last Run
-------------------------  -----  ---------  --------  ----------  --------------  -------------------
/opt/airflow/dags/main.py                           1           0  0.43s           2026-05-14T14:24:57
================================================================================
[2026-05-14T14:25:52.119+0000] {manager.py:878} INFO - 
================================================================================
DAG File Processing Stats

File Path                  PID    Runtime      # DAGs    # Errors  Last Runtime    Last Run
-------------------------  -----  ---------  --------  ----------  --------------  -------------------
/opt/airflow/dags/main.py                           1           0  3.79s           2026-05-14T14:25:33
================================================================================
[2026-05-14T14:26:22.536+0000] {manager.py:878} INFO - 
================================================================================
DAG File Processing Stats

File Path                  PID    Runtime      # DAGs    # Errors  Last Runtime    Last Run
-------------------------  -----  ---------  --------  ----------  --------------  -------------------
/opt/airflow/dags/main.py                           1           0  3.44s           2026-05-14T14:26:07
================================================================================
[2026-05-14T14:26:53.546+0000] {manager.py:878} INFO - 
================================================================================
DAG File Processing Stats

File Path                  PID    Runtime      # DAGs    # Errors  Last Runtime    Last Run
-------------------------  -----  ---------  --------  ----------  --------------  -------------------
/opt/airflow/dags/main.py                           1           0  0.46s           2026-05-14T14:26:38
================================================================================
[2026-05-14T14:27:23.943+0000] {manager.py:878} INFO - 
================================================================================
DAG File Processing Stats

File Path                  PID    Runtime      # DAGs    # Errors  Last Runtime    Last Run
-------------------------  -----  ---------  --------  ----------  --------------  -------------------
/opt/airflow/dags/main.py                           1           0  1.61s           2026-05-14T14:27:10
================================================================================
[2026-05-14T14:27:54.301+0000] {manager.py:878} INFO - 
================================================================================
DAG File Processing Stats

File Path                  PID    Runtime      # DAGs    # Errors  Last Runtime    Last Run
-------------------------  -----  ---------  --------  ----------  --------------  -------------------
/opt/airflow/dags/main.py                           1           0  0.38s           2026-05-14T14:27:41
================================================================================
[2026-05-14T14:28:24.716+0000] {manager.py:878} INFO - 
================================================================================
DAG File Processing Stats

File Path                  PID    Runtime      # DAGs    # Errors  Last Runtime    Last Run
-------------------------  -----  ---------  --------  ----------  --------------  -------------------
/opt/airflow/dags/main.py                           1           0  0.49s           2026-05-14T14:28:12
================================================================================
[2026-05-14T14:28:40.137+0000] {manager.py:737} INFO - Searching for files in /opt/airflow/dags
[2026-05-14T14:28:41.004+0000] {manager.py:740} INFO - There are 1 files in /opt/airflow/dags
[2026-05-14T14:28:55.474+0000] {manager.py:878} INFO - 
================================================================================
DAG File Processing Stats

File Path                  PID    Runtime      # DAGs    # Errors  Last Runtime    Last Run
-------------------------  -----  ---------  --------  ----------  --------------  -------------------
/opt/airflow/dags/main.py                           1           0  1.00s           2026-05-14T14:28:44
================================================================================
[2026-05-14T14:29:25.904+0000] {manager.py:878} INFO - 
================================================================================
DAG File Processing Stats

File Path                  PID    Runtime      # DAGs    # Errors  Last Runtime    Last Run
-------------------------  -----  ---------  --------  ----------  --------------  -------------------
/opt/airflow/dags/main.py                           1           0  0.35s           2026-05-14T14:29:15
================================================================================
[2026-05-14T14:29:56.467+0000] {manager.py:878} INFO - 
================================================================================
DAG File Processing Stats

File Path                  PID    Runtime      # DAGs    # Errors  Last Runtime    Last Run
-------------------------  -----  ---------  --------  ----------  --------------  -------------------
/opt/airflow/dags/main.py                           1           0  0.36s           2026-05-14T14:29:45
================================================================================
[2026-05-14T14:30:26.990+0000] {manager.py:878} INFO - 
================================================================================
DAG File Processing Stats

File Path                  PID    Runtime      # DAGs    # Errors  Last Runtime    Last Run
-------------------------  -----  ---------  --------  ----------  --------------  -------------------
/opt/airflow/dags/main.py                           1           0  0.36s           2026-05-14T14:30:16
================================================================================
[2026-05-14T14:30:57.481+0000] {manager.py:878} INFO - 
================================================================================
DAG File Processing Stats

File Path                  PID    Runtime      # DAGs    # Errors  Last Runtime    Last Run
-------------------------  -----  ---------  --------  ----------  --------------  -------------------
/opt/airflow/dags/main.py                           1           0  0.34s           2026-05-14T14:30:46
================================================================================
[2026-05-14T14:31:27.984+0000] {manager.py:878} INFO - 
================================================================================
DAG File Processing Stats

File Path                  PID    Runtime      # DAGs    # Errors  Last Runtime    Last Run
-------------------------  -----  ---------  --------  ----------  --------------  -------------------
/opt/airflow/dags/main.py                           1           0  0.42s           2026-05-14T14:31:17
================================================================================
[2026-05-14T14:31:58.697+0000] {manager.py:878} INFO - 
================================================================================
DAG File Processing Stats

File Path                  PID    Runtime      # DAGs    # Errors  Last Runtime    Last Run
-------------------------  -----  ---------  --------  ----------  --------------  -------------------
/opt/airflow/dags/main.py                           1           0  0.41s           2026-05-14T14:31:47
================================================================================
[2026-05-14T14:32:29.631+0000] {manager.py:878} INFO - 
================================================================================
DAG File Processing Stats

File Path                  PID    Runtime      # DAGs    # Errors  Last Runtime    Last Run
-------------------------  -----  ---------  --------  ----------  --------------  -------------------
/opt/airflow/dags/main.py                           1           0  1.16s           2026-05-14T14:32:19
================================================================================
[2026-05-14T14:32:59.762+0000] {manager.py:878} INFO - 
================================================================================
DAG File Processing Stats

File Path                  PID    Runtime      # DAGs    # Errors  Last Runtime    Last Run
-------------------------  -----  ---------  --------  ----------  --------------  -------------------
/opt/airflow/dags/main.py                           1           0  0.63s           2026-05-14T14:32:50
================================================================================
[2026-05-14T14:33:30.108+0000] {manager.py:878} INFO - 
================================================================================
DAG File Processing Stats

File Path                  PID    Runtime      # DAGs    # Errors  Last Runtime    Last Run
-------------------------  -----  ---------  --------  ----------  --------------  -------------------
/opt/airflow/dags/main.py                           1           0  0.80s           2026-05-14T14:33:21
================================================================================
[2026-05-14T14:33:40.263+0000] {manager.py:737} INFO - Searching for files in /opt/airflow/dags
[2026-05-14T14:33:45.345+0000] {manager.py:740} INFO - There are 1 files in /opt/airflow/dags
[2026-05-14T14:34:00.565+0000] {manager.py:878} INFO - 
================================================================================
DAG File Processing Stats

File Path                  PID    Runtime      # DAGs    # Errors  Last Runtime    Last Run
-------------------------  -----  ---------  --------  ----------  --------------  -------------------
/opt/airflow/dags/main.py                           1           0  1.24s           2026-05-14T14:33:53
================================================================================
[2026-05-14T14:34:30.802+0000] {manager.py:878} INFO - 
================================================================================
DAG File Processing Stats

File Path                  PID    Runtime      # DAGs    # Errors  Last Runtime    Last Run
-------------------------  -----  ---------  --------  ----------  --------------  -------------------
/opt/airflow/dags/main.py                           1           0  0.55s           2026-05-14T14:34:24
================================================================================
[2026-05-14T14:35:01.054+0000] {manager.py:878} INFO - 
================================================================================
DAG File Processing Stats

File Path                  PID    Runtime      # DAGs    # Errors  Last Runtime    Last Run
-------------------------  -----  ---------  --------  ----------  --------------  -------------------
/opt/airflow/dags/main.py                           1           0  0.57s           2026-05-14T14:34:55
================================================================================
[2026-05-14T14:35:31.679+0000] {manager.py:878} INFO - 
================================================================================
DAG File Processing Stats

File Path                  PID    Runtime      # DAGs    # Errors  Last Runtime    Last Run
-------------------------  -----  ---------  --------  ----------  --------------  -------------------
/opt/airflow/dags/main.py                           1           0  0.44s           2026-05-14T14:35:27
================================================================================
[2026-05-14T14:36:02.118+0000] {manager.py:878} INFO - 
================================================================================
DAG File Processing Stats

File Path                  PID    Runtime      # DAGs    # Errors  Last Runtime    Last Run
-------------------------  -----  ---------  --------  ----------  --------------  -------------------
/opt/airflow/dags/main.py                           1           0  0.60s           2026-05-14T14:35:58
================================================================================
[2026-05-14T14:36:32.576+0000] {manager.py:878} INFO - 
================================================================================
DAG File Processing Stats

File Path                  PID    Runtime      # DAGs    # Errors  Last Runtime    Last Run
-------------------------  -----  ---------  --------  ----------  --------------  -------------------
/opt/airflow/dags/main.py                           1           0  0.44s           2026-05-14T14:36:28
================================================================================
[2026-05-14T14:37:03.028+0000] {manager.py:878} INFO - 
================================================================================
DAG File Processing Stats

File Path                  PID    Runtime      # DAGs    # Errors  Last Runtime    Last Run
-------------------------  -----  ---------  --------  ----------  --------------  -------------------
/opt/airflow/dags/main.py                           1           0  0.53s           2026-05-14T14:36:59
================================================================================
[2026-05-14T14:37:33.517+0000] {manager.py:878} INFO - 
================================================================================
DAG File Processing Stats

File Path                  PID    Runtime      # DAGs    # Errors  Last Runtime    Last Run
-------------------------  -----  ---------  --------  ----------  --------------  -------------------
/opt/airflow/dags/main.py                           1           0  0.97s           2026-05-14T14:37:30
================================================================================
[2026-05-14T14:38:03.580+0000] {manager.py:878} INFO - 
================================================================================
DAG File Processing Stats

File Path                  PID    Runtime      # DAGs    # Errors  Last Runtime    Last Run
-------------------------  -----  ---------  --------  ----------  --------------  -------------------
/opt/airflow/dags/main.py                           1           0  0.52s           2026-05-14T14:38:01
================================================================================
[2026-05-14T14:38:33.693+0000] {manager.py:878} INFO - 
================================================================================
DAG File Processing Stats

File Path                  PID    Runtime      # DAGs    # Errors  Last Runtime    Last Run
-------------------------  -----  ---------  --------  ----------  --------------  -------------------
/opt/airflow/dags/main.py                           1           0  0.80s           2026-05-14T14:38:32
================================================================================
[2026-05-14T14:38:40.801+0000] {manager.py:737} INFO - Searching for files in /opt/airflow/dags
[2026-05-14T14:38:42.251+0000] {manager.py:740} INFO - There are 1 files in /opt/airflow/dags
[2026-05-14T14:39:04.131+0000] {manager.py:878} INFO - 
================================================================================
DAG File Processing Stats

File Path                  PID    Runtime      # DAGs    # Errors  Last Runtime    Last Run
-------------------------  -----  ---------  --------  ----------  --------------  -------------------
/opt/airflow/dags/main.py                           1           0  0.48s           2026-05-14T14:39:04
================================================================================
[2026-05-14T14:39:34.241+0000] {manager.py:878} INFO - 
================================================================================
DAG File Processing Stats

File Path                    PID  Runtime      # DAGs    # Errors  Last Runtime    Last Run
-------------------------  -----  ---------  --------  ----------  --------------  -------------------
/opt/airflow/dags/main.py   1919  0.01s             1           0  0.48s           2026-05-14T14:39:04
================================================================================
[2026-05-14T14:40:04.622+0000] {manager.py:878} INFO - 
================================================================================
DAG File Processing Stats

File Path                  PID    Runtime      # DAGs    # Errors  Last Runtime    Last Run
-------------------------  -----  ---------  --------  ----------  --------------  -------------------
/opt/airflow/dags/main.py                           1           0  0.42s           2026-05-14T14:39:34
================================================================================
[2026-05-14T14:40:34.809+0000] {manager.py:878} INFO - 
================================================================================
DAG File Processing Stats

File Path                  PID    Runtime      # DAGs    # Errors  Last Runtime    Last Run
-------------------------  -----  ---------  --------  ----------  --------------  -------------------
/opt/airflow/dags/main.py                           1           0  0.37s           2026-05-14T14:40:05
================================================================================
[2026-05-14T14:41:05.041+0000] {manager.py:878} INFO - 
================================================================================
DAG File Processing Stats

File Path                  PID    Runtime      # DAGs    # Errors  Last Runtime    Last Run
-------------------------  -----  ---------  --------  ----------  --------------  -------------------
/opt/airflow/dags/main.py                           1           0  1.76s           2026-05-14T14:40:37
================================================================================
[2026-05-14T14:41:35.322+0000] {manager.py:878} INFO - 
================================================================================
DAG File Processing Stats

File Path                  PID    Runtime      # DAGs    # Errors  Last Runtime    Last Run
-------------------------  -----  ---------  --------  ----------  --------------  -------------------
/opt/airflow/dags/main.py                           1           0  0.39s           2026-05-14T14:41:08
================================================================================
[2026-05-14T14:42:05.424+0000] {manager.py:878} INFO - 
================================================================================
DAG File Processing Stats

File Path                  PID    Runtime      # DAGs    # Errors  Last Runtime    Last Run
-------------------------  -----  ---------  --------  ----------  --------------  -------------------
/opt/airflow/dags/main.py                           1           0  0.50s           2026-05-14T14:41:38
================================================================================
[2026-05-14T14:42:35.752+0000] {manager.py:878} INFO - 
================================================================================
DAG File Processing Stats

File Path                  PID    Runtime      # DAGs    # Errors  Last Runtime    Last Run
-------------------------  -----  ---------  --------  ----------  --------------  -------------------
/opt/airflow/dags/main.py                           1           0  0.32s           2026-05-14T14:42:09
================================================================================
[2026-05-14T14:43:05.827+0000] {manager.py:878} INFO - 
================================================================================
DAG File Processing Stats

File Path                  PID    Runtime      # DAGs    # Errors  Last Runtime    Last Run
-------------------------  -----  ---------  --------  ----------  --------------  -------------------
/opt/airflow/dags/main.py                           1           0  0.45s           2026-05-14T14:42:40
================================================================================
[2026-05-14T14:43:35.843+0000] {manager.py:878} INFO - 
================================================================================
DAG File Processing Stats

File Path                  PID    Runtime      # DAGs    # Errors  Last Runtime    Last Run
-------------------------  -----  ---------  --------  ----------  --------------  -------------------
/opt/airflow/dags/main.py                           1           0  0.81s           2026-05-14T14:43:11
================================================================================
[2026-05-14T14:43:40.881+0000] {manager.py:737} INFO - Searching for files in /opt/airflow/dags
[2026-05-14T14:43:41.207+0000] {manager.py:740} INFO - There are 1 files in /opt/airflow/dags
[2026-05-14T14:44:05.877+0000] {manager.py:878} INFO - 
================================================================================
DAG File Processing Stats

File Path                  PID    Runtime      # DAGs    # Errors  Last Runtime    Last Run
-------------------------  -----  ---------  --------  ----------  --------------  -------------------
/opt/airflow/dags/main.py                           1           0  0.38s           2026-05-14T14:43:42
================================================================================
[2026-05-14T14:44:36.174+0000] {manager.py:878} INFO - 
================================================================================
DAG File Processing Stats

File Path                  PID    Runtime      # DAGs    # Errors  Last Runtime    Last Run
-------------------------  -----  ---------  --------  ----------  --------------  -------------------
/opt/airflow/dags/main.py                           1           0  0.52s           2026-05-14T14:44:13
================================================================================
[2026-05-14T14:45:06.467+0000] {manager.py:878} INFO - 
================================================================================
DAG File Processing Stats

File Path                  PID    Runtime      # DAGs    # Errors  Last Runtime    Last Run
-------------------------  -----  ---------  --------  ----------  --------------  -------------------
/opt/airflow/dags/main.py                           1           0  1.15s           2026-05-14T14:44:44
================================================================================
[2026-05-14T14:45:36.675+0000] {manager.py:878} INFO - 
================================================================================
DAG File Processing Stats

File Path                  PID    Runtime      # DAGs    # Errors  Last Runtime    Last Run
-------------------------  -----  ---------  --------  ----------  --------------  -------------------
/opt/airflow/dags/main.py                           1           0  0.45s           2026-05-14T14:45:15
================================================================================
[2026-05-14T14:46:07.165+0000] {manager.py:878} INFO - 
================================================================================
DAG File Processing Stats

File Path                  PID    Runtime      # DAGs    # Errors  Last Runtime    Last Run
-------------------------  -----  ---------  --------  ----------  --------------  -------------------
/opt/airflow/dags/main.py                           1           0  0.39s           2026-05-14T14:45:46
================================================================================
[2026-05-14T14:46:37.946+0000] {manager.py:878} INFO - 
================================================================================
DAG File Processing Stats

File Path                  PID    Runtime      # DAGs    # Errors  Last Runtime    Last Run
-------------------------  -----  ---------  --------  ----------  --------------  -------------------
/opt/airflow/dags/main.py                           1           0  0.52s           2026-05-14T14:46:16
================================================================================
[2026-05-14T14:47:08.391+0000] {manager.py:878} INFO - 
================================================================================
DAG File Processing Stats

File Path                  PID    Runtime      # DAGs    # Errors  Last Runtime    Last Run
-------------------------  -----  ---------  --------  ----------  --------------  -------------------
/opt/airflow/dags/main.py                           1           0  0.34s           2026-05-14T14:46:47
================================================================================
[2026-05-14T14:47:38.984+0000] {manager.py:878} INFO - 
================================================================================
DAG File Processing Stats

File Path                  PID    Runtime      # DAGs    # Errors  Last Runtime    Last Run
-------------------------  -----  ---------  --------  ----------  --------------  -------------------
/opt/airflow/dags/main.py                           1           0  0.34s           2026-05-14T14:47:17
================================================================================
[2026-05-14T14:48:09.296+0000] {manager.py:878} INFO - 
================================================================================
DAG File Processing Stats

File Path                  PID    Runtime      # DAGs    # Errors  Last Runtime    Last Run
-------------------------  -----  ---------  --------  ----------  --------------  -------------------
/opt/airflow/dags/main.py                           1           0  0.48s           2026-05-14T14:47:48
================================================================================
[2026-05-14T14:48:39.403+0000] {manager.py:878} INFO - 
================================================================================
DAG File Processing Stats

File Path                  PID    Runtime      # DAGs    # Errors  Last Runtime    Last Run
-------------------------  -----  ---------  --------  ----------  --------------  -------------------
/opt/airflow/dags/main.py                           1           0  0.33s           2026-05-14T14:48:19
================================================================================
[2026-05-14T14:48:41.127+0000] {manager.py:737} INFO - Searching for files in /opt/airflow/dags
[2026-05-14T14:48:41.475+0000] {manager.py:740} INFO - There are 1 files in /opt/airflow/dags
[2026-05-14T14:49:09.827+0000] {manager.py:878} INFO - 
================================================================================
DAG File Processing Stats

File Path                  PID    Runtime      # DAGs    # Errors  Last Runtime    Last Run
-------------------------  -----  ---------  --------  ----------  --------------  -------------------
/opt/airflow/dags/main.py                           1           0  0.44s           2026-05-14T14:48:50
================================================================================
[2026-05-14T14:49:40.151+0000] {manager.py:878} INFO - 
================================================================================
DAG File Processing Stats

File Path                  PID    Runtime      # DAGs    # Errors  Last Runtime    Last Run
-------------------------  -----  ---------  --------  ----------  --------------  -------------------
/opt/airflow/dags/main.py                           1           0  0.60s           2026-05-14T14:49:21
================================================================================
[2026-05-14T14:50:10.531+0000] {manager.py:878} INFO - 
================================================================================
DAG File Processing Stats

File Path                  PID    Runtime      # DAGs    # Errors  Last Runtime    Last Run
-------------------------  -----  ---------  --------  ----------  --------------  -------------------
/opt/airflow/dags/main.py                           1           0  0.46s           2026-05-14T14:49:51
================================================================================
[2026-05-14T14:50:40.572+0000] {manager.py:878} INFO - 
================================================================================
DAG File Processing Stats

File Path                  PID    Runtime      # DAGs    # Errors  Last Runtime    Last Run
-------------------------  -----  ---------  --------  ----------  --------------  -------------------
/opt/airflow/dags/main.py                           1           0  0.33s           2026-05-14T14:50:22
================================================================================
[2026-05-14T14:51:10.861+0000] {manager.py:878} INFO - 
================================================================================
DAG File Processing Stats

File Path                  PID    Runtime      # DAGs    # Errors  Last Runtime    Last Run
-------------------------  -----  ---------  --------  ----------  --------------  -------------------
/opt/airflow/dags/main.py                           1           0  0.48s           2026-05-14T14:50:53
================================================================================
[2026-05-14T14:51:41.031+0000] {manager.py:878} INFO - 
================================================================================
DAG File Processing Stats

File Path                  PID    Runtime      # DAGs    # Errors  Last Runtime    Last Run
-------------------------  -----  ---------  --------  ----------  --------------  -------------------
/opt/airflow/dags/main.py                           1           0  0.34s           2026-05-14T14:51:23
================================================================================
[2026-05-14T14:52:11.324+0000] {manager.py:878} INFO - 
================================================================================
DAG File Processing Stats

File Path                  PID    Runtime      # DAGs    # Errors  Last Runtime    Last Run
-------------------------  -----  ---------  --------  ----------  --------------  -------------------
/opt/airflow/dags/main.py                           1           0  0.39s           2026-05-14T14:51:54
================================================================================
[2026-05-14T14:52:41.342+0000] {manager.py:878} INFO - 
================================================================================
DAG File Processing Stats

File Path                  PID    Runtime      # DAGs    # Errors  Last Runtime    Last Run
-------------------------  -----  ---------  --------  ----------  --------------  -------------------
/opt/airflow/dags/main.py                           1           0  0.35s           2026-05-14T14:52:25
================================================================================
[2026-05-14T14:53:11.623+0000] {manager.py:878} INFO - 
================================================================================
DAG File Processing Stats

File Path                  PID    Runtime      # DAGs    # Errors  Last Runtime    Last Run
-------------------------  -----  ---------  --------  ----------  --------------  -------------------
/opt/airflow/dags/main.py                           1           0  0.33s           2026-05-14T14:52:55
================================================================================
[2026-05-14T14:53:41.231+0000] {manager.py:737} INFO - Searching for files in /opt/airflow/dags
[2026-05-14T14:53:42.393+0000] {manager.py:740} INFO - There are 1 files in /opt/airflow/dags
[2026-05-14T14:53:42.430+0000] {manager.py:878} INFO - 
================================================================================
DAG File Processing Stats

File Path                  PID    Runtime      # DAGs    # Errors  Last Runtime    Last Run
-------------------------  -----  ---------  --------  ----------  --------------  -------------------
/opt/airflow/dags/main.py                           1           0  0.40s           2026-05-14T14:53:26
================================================================================
[2026-05-14T14:54:12.844+0000] {manager.py:878} INFO - 
================================================================================
DAG File Processing Stats

File Path                  PID    Runtime      # DAGs    # Errors  Last Runtime    Last Run
-------------------------  -----  ---------  --------  ----------  --------------  -------------------
/opt/airflow/dags/main.py                           1           0  0.35s           2026-05-14T14:53:56
================================================================================
[2026-05-14T14:54:43.400+0000] {manager.py:878} INFO - 
================================================================================
DAG File Processing Stats

File Path                  PID    Runtime      # DAGs    # Errors  Last Runtime    Last Run
-------------------------  -----  ---------  --------  ----------  --------------  -------------------
/opt/airflow/dags/main.py                           1           0  0.35s           2026-05-14T14:54:27
================================================================================
[2026-05-14T14:55:13.745+0000] {manager.py:878} INFO - 
================================================================================
DAG File Processing Stats

File Path                  PID    Runtime      # DAGs    # Errors  Last Runtime    Last Run
-------------------------  -----  ---------  --------  ----------  --------------  -------------------
/opt/airflow/dags/main.py                           1           0  0.40s           2026-05-14T14:54:57
================================================================================
[2026-05-14T14:55:43.952+0000] {manager.py:878} INFO - 
================================================================================
DAG File Processing Stats

File Path                  PID    Runtime      # DAGs    # Errors  Last Runtime    Last Run
-------------------------  -----  ---------  --------  ----------  --------------  -------------------
/opt/airflow/dags/main.py                           1           0  0.37s           2026-05-14T14:55:28
================================================================================
[2026-05-14T14:56:14.261+0000] {manager.py:878} INFO - 
================================================================================
DAG File Processing Stats

File Path                  PID    Runtime      # DAGs    # Errors  Last Runtime    Last Run
-------------------------  -----  ---------  --------  ----------  --------------  -------------------
/opt/airflow/dags/main.py                           1           0  0.32s           2026-05-14T14:55:59
================================================================================
[2026-05-14T14:56:44.363+0000] {manager.py:878} INFO - 
================================================================================
DAG File Processing Stats

File Path                  PID    Runtime      # DAGs    # Errors  Last Runtime    Last Run
-------------------------  -----  ---------  --------  ----------  --------------  -------------------
/opt/airflow/dags/main.py                           1           0  0.52s           2026-05-14T14:56:30
================================================================================
[2026-05-14T14:57:14.697+0000] {manager.py:878} INFO - 
================================================================================
DAG File Processing Stats

File Path                  PID    Runtime      # DAGs    # Errors  Last Runtime    Last Run
-------------------------  -----  ---------  --------  ----------  --------------  -------------------
/opt/airflow/dags/main.py                           1           0  0.44s           2026-05-14T14:57:00
================================================================================
[2026-05-14T14:57:44.791+0000] {manager.py:878} INFO - 
================================================================================
DAG File Processing Stats

File Path                  PID    Runtime      # DAGs    # Errors  Last Runtime    Last Run
-------------------------  -----  ---------  --------  ----------  --------------  -------------------
/opt/airflow/dags/main.py                           1           0  0.44s           2026-05-14T14:57:31
================================================================================
[2026-05-14T14:58:15.750+0000] {manager.py:878} INFO - 
================================================================================
DAG File Processing Stats

File Path                  PID    Runtime      # DAGs    # Errors  Last Runtime    Last Run
-------------------------  -----  ---------  --------  ----------  --------------  -------------------
/opt/airflow/dags/main.py                           1           0  0.64s           2026-05-14T14:58:02
================================================================================
[2026-05-14T14:58:41.383+0000] {manager.py:737} INFO - Searching for files in /opt/airflow/dags
[2026-05-14T14:58:41.619+0000] {manager.py:740} INFO - There are 1 files in /opt/airflow/dags
[2026-05-14T14:58:46.098+0000] {manager.py:878} INFO - 
================================================================================
DAG File Processing Stats

File Path                  PID    Runtime      # DAGs    # Errors  Last Runtime    Last Run
-------------------------  -----  ---------  --------  ----------  --------------  -------------------
/opt/airflow/dags/main.py                           1           0  0.36s           2026-05-14T14:58:33
================================================================================
[2026-05-14T14:59:16.581+0000] {manager.py:878} INFO - 
================================================================================
DAG File Processing Stats

File Path                  PID    Runtime      # DAGs    # Errors  Last Runtime    Last Run
-------------------------  -----  ---------  --------  ----------  --------------  -------------------
/opt/airflow/dags/main.py                           1           0  0.47s           2026-05-14T14:59:03
================================================================================
[2026-05-14T14:59:46.793+0000] {manager.py:878} INFO - 
================================================================================
DAG File Processing Stats

File Path                  PID    Runtime      # DAGs    # Errors  Last Runtime    Last Run
-------------------------  -----  ---------  --------  ----------  --------------  -------------------
/opt/airflow/dags/main.py                           1           0  0.36s           2026-05-14T14:59:34
================================================================================
[2026-05-14T15:00:17.537+0000] {manager.py:878} INFO - 
================================================================================
DAG File Processing Stats

File Path                  PID    Runtime      # DAGs    # Errors  Last Runtime    Last Run
-------------------------  -----  ---------  --------  ----------  --------------  -------------------
/opt/airflow/dags/main.py                           1           0  0.53s           2026-05-14T15:00:05
================================================================================
[2026-05-14T15:00:47.905+0000] {manager.py:878} INFO - 
================================================================================
DAG File Processing Stats

File Path                  PID    Runtime      # DAGs    # Errors  Last Runtime    Last Run
-------------------------  -----  ---------  --------  ----------  --------------  -------------------
/opt/airflow/dags/main.py                           1           0  0.36s           2026-05-14T15:00:36
================================================================================
[2026-05-14T15:01:18.505+0000] {manager.py:878} INFO - 
================================================================================
DAG File Processing Stats

File Path                  PID    Runtime      # DAGs    # Errors  Last Runtime    Last Run
-------------------------  -----  ---------  --------  ----------  --------------  -------------------
/opt/airflow/dags/main.py                           1           0  0.35s           2026-05-14T15:01:06
================================================================================
[2026-05-14T15:01:48.941+0000] {manager.py:878} INFO - 
================================================================================
DAG File Processing Stats

File Path                  PID    Runtime      # DAGs    # Errors  Last Runtime    Last Run
-------------------------  -----  ---------  --------  ----------  --------------  -------------------
/opt/airflow/dags/main.py                           1           0  0.54s           2026-05-14T15:01:37
================================================================================
[2026-05-14T15:02:19.227+0000] {manager.py:878} INFO - 
================================================================================
DAG File Processing Stats

File Path                  PID    Runtime      # DAGs    # Errors  Last Runtime    Last Run
-------------------------  -----  ---------  --------  ----------  --------------  -------------------
/opt/airflow/dags/main.py                           1           0  0.61s           2026-05-14T15:02:08
================================================================================
[2026-05-14T15:02:50.087+0000] {manager.py:878} INFO - 
================================================================================
DAG File Processing Stats

File Path                  PID    Runtime      # DAGs    # Errors  Last Runtime    Last Run
-------------------------  -----  ---------  --------  ----------  --------------  -------------------
/opt/airflow/dags/main.py                           1           0  1.27s           2026-05-14T15:02:40
================================================================================
[2026-05-14T15:03:20.115+0000] {manager.py:878} INFO - 
================================================================================
DAG File Processing Stats

File Path                  PID    Runtime      # DAGs    # Errors  Last Runtime    Last Run
-------------------------  -----  ---------  --------  ----------  --------------  -------------------
/opt/airflow/dags/main.py                           1           0  5.30s           2026-05-14T15:03:17
================================================================================
[2026-05-14T15:03:41.441+0000] {manager.py:737} INFO - Searching for files in /opt/airflow/dags
[2026-05-14T15:03:45.318+0000] {manager.py:740} INFO - There are 1 files in /opt/airflow/dags
[2026-05-14T15:03:51.578+0000] {manager.py:878} INFO - 
================================================================================
DAG File Processing Stats

File Path                  PID    Runtime      # DAGs    # Errors  Last Runtime    Last Run
-------------------------  -----  ---------  --------  ----------  --------------  -------------------
/opt/airflow/dags/main.py                           1           0  1.09s           2026-05-14T15:03:50
================================================================================
[2026-05-14T15:04:22.056+0000] {manager.py:878} INFO - 
================================================================================
DAG File Processing Stats

File Path                    PID  Runtime      # DAGs    # Errors  Last Runtime    Last Run
-------------------------  -----  ---------  --------  ----------  --------------  -------------------
/opt/airflow/dags/main.py   2263  1.04s             1           0  1.09s           2026-05-14T15:03:50
================================================================================
[2026-05-14T15:04:52.193+0000] {manager.py:878} INFO - 
================================================================================
DAG File Processing Stats

File Path                  PID    Runtime      # DAGs    # Errors  Last Runtime    Last Run
-------------------------  -----  ---------  --------  ----------  --------------  -------------------
/opt/airflow/dags/main.py                           1           0  1.61s           2026-05-14T15:04:22
================================================================================
[2026-05-14T15:05:22.262+0000] {manager.py:878} INFO - 
================================================================================
DAG File Processing Stats

File Path                  PID    Runtime      # DAGs    # Errors  Last Runtime    Last Run
-------------------------  -----  ---------  --------  ----------  --------------  -------------------
/opt/airflow/dags/main.py                           1           0  1.28s           2026-05-14T15:04:54
================================================================================
[2026-05-14T15:05:52.298+0000] {manager.py:878} INFO - 
================================================================================
DAG File Processing Stats

File Path                  PID    Runtime      # DAGs    # Errors  Last Runtime    Last Run
-------------------------  -----  ---------  --------  ----------  --------------  -------------------
/opt/airflow/dags/main.py                           1           0  0.62s           2026-05-14T15:05:24
================================================================================
[2026-05-14T15:06:22.578+0000] {manager.py:878} INFO - 
================================================================================
DAG File Processing Stats

File Path                  PID    Runtime      # DAGs    # Errors  Last Runtime    Last Run
-------------------------  -----  ---------  --------  ----------  --------------  -------------------
/opt/airflow/dags/main.py                           1           0  0.93s           2026-05-14T15:05:55
================================================================================
[2026-05-14T15:06:52.668+0000] {manager.py:878} INFO - 
================================================================================
DAG File Processing Stats

File Path                  PID    Runtime      # DAGs    # Errors  Last Runtime    Last Run
-------------------------  -----  ---------  --------  ----------  --------------  -------------------
/opt/airflow/dags/main.py                           1           0  0.33s           2026-05-14T15:06:26
================================================================================
[2026-05-14T15:07:22.937+0000] {manager.py:878} INFO - 
================================================================================
DAG File Processing Stats

File Path                  PID    Runtime      # DAGs    # Errors  Last Runtime    Last Run
-------------------------  -----  ---------  --------  ----------  --------------  -------------------
/opt/airflow/dags/main.py                           1           0  0.60s           2026-05-14T15:06:57
================================================================================
[2026-05-14T15:07:53.643+0000] {manager.py:878} INFO - 
================================================================================
DAG File Processing Stats

File Path                  PID    Runtime      # DAGs    # Errors  Last Runtime    Last Run
-------------------------  -----  ---------  --------  ----------  --------------  -------------------
/opt/airflow/dags/main.py                           1           0  0.39s           2026-05-14T15:07:28
================================================================================
[2026-05-14T15:08:24.029+0000] {manager.py:878} INFO - 
================================================================================
DAG File Processing Stats

File Path                  PID    Runtime      # DAGs    # Errors  Last Runtime    Last Run
-------------------------  -----  ---------  --------  ----------  --------------  -------------------
/opt/airflow/dags/main.py                           1           0  0.35s           2026-05-14T15:07:59
================================================================================
[2026-05-14T15:08:41.576+0000] {manager.py:737} INFO - Searching for files in /opt/airflow/dags
[2026-05-14T15:08:42.497+0000] {manager.py:740} INFO - There are 1 files in /opt/airflow/dags
[2026-05-14T15:08:54.821+0000] {manager.py:878} INFO - 
================================================================================
DAG File Processing Stats

File Path                  PID    Runtime      # DAGs    # Errors  Last Runtime    Last Run
-------------------------  -----  ---------  --------  ----------  --------------  -------------------
/opt/airflow/dags/main.py                           1           0  1.21s           2026-05-14T15:08:30
================================================================================
[2026-05-14T15:09:25.184+0000] {manager.py:878} INFO - 
================================================================================
DAG File Processing Stats

File Path                  PID    Runtime      # DAGs    # Errors  Last Runtime    Last Run
-------------------------  -----  ---------  --------  ----------  --------------  -------------------
/opt/airflow/dags/main.py                           1           0  0.37s           2026-05-14T15:09:01
================================================================================
[2026-05-14T15:09:55.409+0000] {manager.py:878} INFO - 
================================================================================
DAG File Processing Stats

File Path                  PID    Runtime      # DAGs    # Errors  Last Runtime    Last Run
-------------------------  -----  ---------  --------  ----------  --------------  -------------------
/opt/airflow/dags/main.py                           1           0  0.49s           2026-05-14T15:09:32
================================================================================
[2026-05-14T15:10:26.044+0000] {manager.py:878} INFO - 
================================================================================
DAG File Processing Stats

File Path                  PID    Runtime      # DAGs    # Errors  Last Runtime    Last Run
-------------------------  -----  ---------  --------  ----------  --------------  -------------------
/opt/airflow/dags/main.py                           1           0  3.16s           2026-05-14T15:10:06
================================================================================
[2026-05-14T15:10:56.168+0000] {manager.py:878} INFO - 
================================================================================
DAG File Processing Stats

File Path                  PID    Runtime      # DAGs    # Errors  Last Runtime    Last Run
-------------------------  -----  ---------  --------  ----------  --------------  -------------------
/opt/airflow/dags/main.py                           1           0  0.55s           2026-05-14T15:10:37
================================================================================
[2026-05-14T15:11:26.235+0000] {manager.py:878} INFO - 
================================================================================
DAG File Processing Stats

File Path                  PID    Runtime      # DAGs    # Errors  Last Runtime    Last Run
-------------------------  -----  ---------  --------  ----------  --------------  -------------------
/opt/airflow/dags/main.py                           1           0  0.97s           2026-05-14T15:11:09
================================================================================
[2026-05-14T15:11:56.645+0000] {manager.py:878} INFO - 
================================================================================
DAG File Processing Stats

File Path                  PID    Runtime      # DAGs    # Errors  Last Runtime    Last Run
-------------------------  -----  ---------  --------  ----------  --------------  -------------------
/opt/airflow/dags/main.py                           1           0  0.37s           2026-05-14T15:11:39
================================================================================
[2026-05-14T15:12:27.286+0000] {manager.py:878} INFO - 
================================================================================
DAG File Processing Stats

File Path                  PID    Runtime      # DAGs    # Errors  Last Runtime    Last Run
-------------------------  -----  ---------  --------  ----------  --------------  -------------------
/opt/airflow/dags/main.py                           1           0  0.34s           2026-05-14T15:12:10
================================================================================
[2026-05-14T15:12:57.747+0000] {manager.py:878} INFO - 
================================================================================
DAG File Processing Stats

File Path                  PID    Runtime      # DAGs    # Errors  Last Runtime    Last Run
-------------------------  -----  ---------  --------  ----------  --------------  -------------------
/opt/airflow/dags/main.py                           1           0  0.41s           2026-05-14T15:12:40
================================================================================
[2026-05-14T15:13:28.359+0000] {manager.py:878} INFO - 
================================================================================
DAG File Processing Stats

File Path                  PID    Runtime      # DAGs    # Errors  Last Runtime    Last Run
-------------------------  -----  ---------  --------  ----------  --------------  -------------------
/opt/airflow/dags/main.py                           1           0  0.33s           2026-05-14T15:13:11
================================================================================
[2026-05-14T15:13:41.798+0000] {manager.py:737} INFO - Searching for files in /opt/airflow/dags
[2026-05-14T15:13:42.009+0000] {manager.py:740} INFO - There are 1 files in /opt/airflow/dags
[2026-05-14T15:13:58.693+0000] {manager.py:878} INFO - 
================================================================================
DAG File Processing Stats

File Path                  PID    Runtime      # DAGs    # Errors  Last Runtime    Last Run
-------------------------  -----  ---------  --------  ----------  --------------  -------------------
/opt/airflow/dags/main.py                           1           0  0.49s           2026-05-14T15:13:42
================================================================================
[2026-05-14T15:14:28.882+0000] {manager.py:878} INFO - 
================================================================================
DAG File Processing Stats

File Path                  PID    Runtime      # DAGs    # Errors  Last Runtime    Last Run
-------------------------  -----  ---------  --------  ----------  --------------  -------------------
/opt/airflow/dags/main.py                           1           0  0.36s           2026-05-14T15:14:12
================================================================================
[2026-05-14T15:14:58.931+0000] {manager.py:878} INFO - 
================================================================================
DAG File Processing Stats

File Path                  PID    Runtime      # DAGs    # Errors  Last Runtime    Last Run
-------------------------  -----  ---------  --------  ----------  --------------  -------------------
/opt/airflow/dags/main.py                           1           0  3.34s           2026-05-14T15:14:47
================================================================================
[2026-05-14T15:15:29.411+0000] {manager.py:878} INFO - 
================================================================================
DAG File Processing Stats

File Path                  PID    Runtime      # DAGs    # Errors  Last Runtime    Last Run
-------------------------  -----  ---------  --------  ----------  --------------  -------------------
/opt/airflow/dags/main.py                           1           0  2.67s           2026-05-14T15:15:21
================================================================================
[2026-05-14T15:16:01.253+0000] {manager.py:878} INFO - 
================================================================================
DAG File Processing Stats

File Path                  PID    Runtime      # DAGs    # Errors  Last Runtime    Last Run
-------------------------  -----  ---------  --------  ----------  --------------  -------------------
/opt/airflow/dags/main.py                           1           0  1.60s           2026-05-14T15:15:54
================================================================================
[2026-05-14T15:16:32.258+0000] {manager.py:878} INFO - 
================================================================================
DAG File Processing Stats

File Path                  PID    Runtime      # DAGs    # Errors  Last Runtime    Last Run
-------------------------  -----  ---------  --------  ----------  --------------  -------------------
/opt/airflow/dags/main.py                           1           0  0.49s           2026-05-14T15:16:25
================================================================================
[2026-05-14T15:17:02.841+0000] {manager.py:878} INFO - 
================================================================================
DAG File Processing Stats

File Path                  PID    Runtime      # DAGs    # Errors  Last Runtime    Last Run
-------------------------  -----  ---------  --------  ----------  --------------  -------------------
/opt/airflow/dags/main.py                           1           0  1.08s           2026-05-14T15:16:56
================================================================================
[2026-05-14T15:17:33.202+0000] {manager.py:878} INFO - 
================================================================================
DAG File Processing Stats

File Path                  PID    Runtime      # DAGs    # Errors  Last Runtime    Last Run
-------------------------  -----  ---------  --------  ----------  --------------  -------------------
/opt/airflow/dags/main.py                           1           0  0.39s           2026-05-14T15:17:27
================================================================================
[2026-05-14T15:18:04.008+0000] {manager.py:878} INFO - 
================================================================================
DAG File Processing Stats

File Path                  PID    Runtime      # DAGs    # Errors  Last Runtime    Last Run
-------------------------  -----  ---------  --------  ----------  --------------  -------------------
/opt/airflow/dags/main.py                           1           0  0.65s           2026-05-14T15:17:58
================================================================================
[2026-05-14T15:18:34.513+0000] {manager.py:878} INFO - 
================================================================================
DAG File Processing Stats

File Path                  PID    Runtime      # DAGs    # Errors  Last Runtime    Last Run
-------------------------  -----  ---------  --------  ----------  --------------  -------------------
/opt/airflow/dags/main.py                           1           0  3.83s           2026-05-14T15:18:32
================================================================================
[2026-05-15T12:27:19.758+0000] {manager.py:470} INFO - Processing files using up to 2 processes at a time 
[2026-05-15T12:27:19.775+0000] {manager.py:471} INFO - Process each file at most once every 30 seconds
[2026-05-15T12:27:19.778+0000] {manager.py:472} INFO - Checking for new files in /opt/airflow/dags every 300 seconds
[2026-05-15T12:27:19.780+0000] {manager.py:737} INFO - Searching for files in /opt/airflow/dags
[2026-05-15T12:27:20.327+0000] {manager.py:740} INFO - There are 1 files in /opt/airflow/dags
[2026-05-15T12:27:20.915+0000] {manager.py:878} INFO - 
================================================================================
DAG File Processing Stats

File Path                    PID  Runtime      # DAGs    # Errors  Last Runtime    Last Run
-------------------------  -----  ---------  --------  ----------  --------------  ----------
/opt/airflow/dags/main.py     65  0.34s             0           0
================================================================================
[2026-05-15T12:27:51.023+0000] {manager.py:878} INFO - 
================================================================================
DAG File Processing Stats

File Path                  PID    Runtime      # DAGs    # Errors  Last Runtime    Last Run
-------------------------  -----  ---------  --------  ----------  --------------  -------------------
/opt/airflow/dags/main.py                           0           1  0.69s           2026-05-15T12:27:21
================================================================================
[2026-05-15T12:28:21.498+0000] {manager.py:878} INFO - 
================================================================================
DAG File Processing Stats

File Path                  PID    Runtime      # DAGs    # Errors  Last Runtime    Last Run
-------------------------  -----  ---------  --------  ----------  --------------  -------------------
/opt/airflow/dags/main.py                           0           1  0.47s           2026-05-15T12:27:52
================================================================================
[2026-05-15T12:28:51.958+0000] {manager.py:878} INFO - 
================================================================================
DAG File Processing Stats

File Path                  PID    Runtime      # DAGs    # Errors  Last Runtime    Last Run
-------------------------  -----  ---------  --------  ----------  --------------  -------------------
/opt/airflow/dags/main.py                           0           1  0.38s           2026-05-15T12:28:22
================================================================================
[2026-05-15T12:29:22.813+0000] {manager.py:878} INFO - 
================================================================================
DAG File Processing Stats

File Path                  PID    Runtime      # DAGs    # Errors  Last Runtime    Last Run
-------------------------  -----  ---------  --------  ----------  --------------  -------------------
/opt/airflow/dags/main.py                           0           1  0.41s           2026-05-15T12:28:53
================================================================================
[2026-05-15T12:29:53.287+0000] {manager.py:878} INFO - 
================================================================================
DAG File Processing Stats

File Path                  PID    Runtime      # DAGs    # Errors  Last Runtime    Last Run
-------------------------  -----  ---------  --------  ----------  --------------  -------------------
/opt/airflow/dags/main.py                           0           1  0.49s           2026-05-15T12:29:24
================================================================================
[2026-05-15T12:30:23.467+0000] {manager.py:878} INFO - 
================================================================================
DAG File Processing Stats

File Path                  PID    Runtime      # DAGs    # Errors  Last Runtime    Last Run
-------------------------  -----  ---------  --------  ----------  --------------  -------------------
/opt/airflow/dags/main.py                           0           1  0.34s           2026-05-15T12:29:55
================================================================================
[2026-05-15T12:30:53.817+0000] {manager.py:878} INFO - 
================================================================================
DAG File Processing Stats

File Path                  PID    Runtime      # DAGs    # Errors  Last Runtime    Last Run
-------------------------  -----  ---------  --------  ----------  --------------  -------------------
/opt/airflow/dags/main.py                           0           1  0.21s           2026-05-15T12:30:25
================================================================================
[2026-05-15T12:31:24.323+0000] {manager.py:878} INFO - 
================================================================================
DAG File Processing Stats

File Path                  PID    Runtime      # DAGs    # Errors  Last Runtime    Last Run
-------------------------  -----  ---------  --------  ----------  --------------  -------------------
/opt/airflow/dags/main.py                           0           1  0.27s           2026-05-15T12:30:56
================================================================================
[2026-05-15T12:31:54.736+0000] {manager.py:878} INFO - 
================================================================================
DAG File Processing Stats

File Path                  PID    Runtime      # DAGs    # Errors  Last Runtime    Last Run
-------------------------  -----  ---------  --------  ----------  --------------  -------------------
/opt/airflow/dags/main.py                           0           1  0.26s           2026-05-15T12:31:26
================================================================================
[2026-05-15T12:32:20.216+0000] {manager.py:737} INFO - Searching for files in /opt/airflow/dags
[2026-05-15T12:32:20.861+0000] {manager.py:740} INFO - There are 1 files in /opt/airflow/dags
[2026-05-15T12:32:24.953+0000] {manager.py:878} INFO - 
================================================================================
DAG File Processing Stats

File Path                  PID    Runtime      # DAGs    # Errors  Last Runtime    Last Run
-------------------------  -----  ---------  --------  ----------  --------------  -------------------
/opt/airflow/dags/main.py                           0           1  0.28s           2026-05-15T12:31:57
================================================================================
[2026-05-15T12:32:55.276+0000] {manager.py:878} INFO - 
================================================================================
DAG File Processing Stats

File Path                  PID    Runtime      # DAGs    # Errors  Last Runtime    Last Run
-------------------------  -----  ---------  --------  ----------  --------------  -------------------
/opt/airflow/dags/main.py                           0           1  0.29s           2026-05-15T12:32:28
================================================================================
[2026-05-15T12:33:25.626+0000] {manager.py:878} INFO - 
================================================================================
DAG File Processing Stats

File Path                  PID    Runtime      # DAGs    # Errors  Last Runtime    Last Run
-------------------------  -----  ---------  --------  ----------  --------------  -------------------
/opt/airflow/dags/main.py                           0           1  0.20s           2026-05-15T12:32:58
================================================================================
[2026-05-15T12:33:56.128+0000] {manager.py:878} INFO - 
================================================================================
DAG File Processing Stats

File Path                  PID    Runtime      # DAGs    # Errors  Last Runtime    Last Run
-------------------------  -----  ---------  --------  ----------  --------------  -------------------
/opt/airflow/dags/main.py                           0           1  0.28s           2026-05-15T12:33:28
================================================================================
[2026-05-15T12:34:26.582+0000] {manager.py:878} INFO - 
================================================================================
DAG File Processing Stats

File Path                  PID    Runtime      # DAGs    # Errors  Last Runtime    Last Run
-------------------------  -----  ---------  --------  ----------  --------------  -------------------
/opt/airflow/dags/main.py                           0           1  0.32s           2026-05-15T12:33:59
================================================================================
[2026-05-15T12:34:57.081+0000] {manager.py:878} INFO - 
================================================================================
DAG File Processing Stats

File Path                  PID    Runtime      # DAGs    # Errors  Last Runtime    Last Run
-------------------------  -----  ---------  --------  ----------  --------------  -------------------
/opt/airflow/dags/main.py                           0           1  0.29s           2026-05-15T12:34:29
================================================================================
[2026-05-15T12:35:27.393+0000] {manager.py:878} INFO - 
================================================================================
DAG File Processing Stats

File Path                  PID    Runtime      # DAGs    # Errors  Last Runtime    Last Run
-------------------------  -----  ---------  --------  ----------  --------------  -------------------
/opt/airflow/dags/main.py                           0           1  0.27s           2026-05-15T12:35:00
================================================================================
[2026-05-15T12:35:57.884+0000] {manager.py:878} INFO - 
================================================================================
DAG File Processing Stats

File Path                  PID    Runtime      # DAGs    # Errors  Last Runtime    Last Run
-------------------------  -----  ---------  --------  ----------  --------------  -------------------
/opt/airflow/dags/main.py                           0           1  0.27s           2026-05-15T12:35:30
================================================================================
[2026-05-15T12:36:28.213+0000] {manager.py:878} INFO - 
================================================================================
DAG File Processing Stats

File Path                  PID    Runtime      # DAGs    # Errors  Last Runtime    Last Run
-------------------------  -----  ---------  --------  ----------  --------------  -------------------
/opt/airflow/dags/main.py                           0           1  0.27s           2026-05-15T12:36:01
================================================================================
[2026-05-15T12:36:58.718+0000] {manager.py:878} INFO - 
================================================================================
DAG File Processing Stats

File Path                  PID    Runtime      # DAGs    # Errors  Last Runtime    Last Run
-------------------------  -----  ---------  --------  ----------  --------------  -------------------
/opt/airflow/dags/main.py                           0           1  0.34s           2026-05-15T12:36:31
================================================================================
[2026-05-15T12:37:20.221+0000] {manager.py:737} INFO - Searching for files in /opt/airflow/dags
[2026-05-15T12:37:20.411+0000] {manager.py:740} INFO - There are 1 files in /opt/airflow/dags
[2026-05-15T12:37:29.516+0000] {manager.py:878} INFO - 
================================================================================
DAG File Processing Stats

File Path                  PID    Runtime      # DAGs    # Errors  Last Runtime    Last Run
-------------------------  -----  ---------  --------  ----------  --------------  -------------------
/opt/airflow/dags/main.py                           0           1  0.32s           2026-05-15T12:37:02
================================================================================
[2026-05-15T12:37:59.967+0000] {manager.py:878} INFO - 
================================================================================
DAG File Processing Stats

File Path                  PID    Runtime      # DAGs    # Errors  Last Runtime    Last Run
-------------------------  -----  ---------  --------  ----------  --------------  -------------------
/opt/airflow/dags/main.py                           0           1  0.58s           2026-05-15T12:37:33
================================================================================
[2026-05-15T12:38:30.017+0000] {manager.py:878} INFO - 
================================================================================
DAG File Processing Stats

File Path                  PID    Runtime      # DAGs    # Errors  Last Runtime    Last Run
-------------------------  -----  ---------  --------  ----------  --------------  -------------------
/opt/airflow/dags/main.py                           0           1  0.29s           2026-05-15T12:38:03
================================================================================
[2026-05-15T12:39:00.328+0000] {manager.py:878} INFO - 
================================================================================
DAG File Processing Stats

File Path                  PID    Runtime      # DAGs    # Errors  Last Runtime    Last Run
-------------------------  -----  ---------  --------  ----------  --------------  -------------------
/opt/airflow/dags/main.py                           0           1  0.36s           2026-05-15T12:38:34
================================================================================
[2026-05-15T12:39:30.417+0000] {manager.py:878} INFO - 
================================================================================
DAG File Processing Stats

File Path                  PID    Runtime      # DAGs    # Errors  Last Runtime    Last Run
-------------------------  -----  ---------  --------  ----------  --------------  -------------------
/opt/airflow/dags/main.py                           0           1  0.44s           2026-05-15T12:39:05
================================================================================
[2026-05-15T12:40:00.684+0000] {manager.py:878} INFO - 
================================================================================
DAG File Processing Stats

File Path                  PID    Runtime      # DAGs    # Errors  Last Runtime    Last Run
-------------------------  -----  ---------  --------  ----------  --------------  -------------------
/opt/airflow/dags/main.py                           0           1  0.26s           2026-05-15T12:39:35
================================================================================
[2026-05-15T12:40:30.924+0000] {manager.py:878} INFO - 
================================================================================
DAG File Processing Stats

File Path                  PID    Runtime      # DAGs    # Errors  Last Runtime    Last Run
-------------------------  -----  ---------  --------  ----------  --------------  -------------------
/opt/airflow/dags/main.py                           0           1  0.59s           2026-05-15T12:40:06
================================================================================
[2026-05-15T12:41:01.248+0000] {manager.py:878} INFO - 
================================================================================
DAG File Processing Stats

File Path                  PID    Runtime      # DAGs    # Errors  Last Runtime    Last Run
-------------------------  -----  ---------  --------  ----------  --------------  -------------------
/opt/airflow/dags/main.py                           0           1  0.27s           2026-05-15T12:40:37
================================================================================
[2026-05-15T12:41:31.891+0000] {manager.py:878} INFO - 
================================================================================
DAG File Processing Stats

File Path                  PID    Runtime      # DAGs    # Errors  Last Runtime    Last Run
-------------------------  -----  ---------  --------  ----------  --------------  -------------------
/opt/airflow/dags/main.py                           0           1  0.24s           2026-05-15T12:41:07
================================================================================
[2026-05-15T12:42:02.274+0000] {manager.py:878} INFO - 
================================================================================
DAG File Processing Stats

File Path                  PID    Runtime      # DAGs    # Errors  Last Runtime    Last Run
-------------------------  -----  ---------  --------  ----------  --------------  -------------------
/opt/airflow/dags/main.py                           0           1  0.29s           2026-05-15T12:41:38
================================================================================
[2026-05-15T12:42:20.717+0000] {manager.py:737} INFO - Searching for files in /opt/airflow/dags
[2026-05-15T12:42:20.917+0000] {manager.py:740} INFO - There are 1 files in /opt/airflow/dags
[2026-05-15T12:42:33.143+0000] {manager.py:878} INFO - 
================================================================================
DAG File Processing Stats

File Path                  PID    Runtime      # DAGs    # Errors  Last Runtime    Last Run
-------------------------  -----  ---------  --------  ----------  --------------  -------------------
/opt/airflow/dags/main.py                           0           1  0.29s           2026-05-15T12:42:08
================================================================================
[2026-05-15T12:43:03.545+0000] {manager.py:878} INFO - 
================================================================================
DAG File Processing Stats

File Path                  PID    Runtime      # DAGs    # Errors  Last Runtime    Last Run
-------------------------  -----  ---------  --------  ----------  --------------  -------------------
/opt/airflow/dags/main.py                           0           1  0.25s           2026-05-15T12:42:39
================================================================================
[2026-05-15T12:43:33.869+0000] {manager.py:878} INFO - 
================================================================================
DAG File Processing Stats

File Path                  PID    Runtime      # DAGs    # Errors  Last Runtime    Last Run
-------------------------  -----  ---------  --------  ----------  --------------  -------------------
/opt/airflow/dags/main.py                           0           1  0.26s           2026-05-15T12:43:09
================================================================================
[2026-05-15T12:44:04.538+0000] {manager.py:878} INFO - 
================================================================================
DAG File Processing Stats

File Path                  PID    Runtime      # DAGs    # Errors  Last Runtime    Last Run
-------------------------  -----  ---------  --------  ----------  --------------  -------------------
/opt/airflow/dags/main.py                           0           1  0.26s           2026-05-15T12:43:40
================================================================================
[2026-05-15T12:44:34.811+0000] {manager.py:878} INFO - 
================================================================================
DAG File Processing Stats

File Path                  PID    Runtime      # DAGs    # Errors  Last Runtime    Last Run
-------------------------  -----  ---------  --------  ----------  --------------  -------------------
/opt/airflow/dags/main.py                           0           1  0.24s           2026-05-15T12:44:10
================================================================================
[2026-05-15T12:45:05.370+0000] {manager.py:878} INFO - 
================================================================================
DAG File Processing Stats

File Path                  PID    Runtime      # DAGs    # Errors  Last Runtime    Last Run
-------------------------  -----  ---------  --------  ----------  --------------  -------------------
/opt/airflow/dags/main.py                           0           1  0.24s           2026-05-15T12:44:41
================================================================================
[2026-05-15T12:45:35.644+0000] {manager.py:878} INFO - 
================================================================================
DAG File Processing Stats

File Path                  PID    Runtime      # DAGs    # Errors  Last Runtime    Last Run
-------------------------  -----  ---------  --------  ----------  --------------  -------------------
/opt/airflow/dags/main.py                           0           1  0.24s           2026-05-15T12:45:11
================================================================================
[2026-05-15T12:46:06.162+0000] {manager.py:878} INFO - 
================================================================================
DAG File Processing Stats

File Path                  PID    Runtime      # DAGs    # Errors  Last Runtime    Last Run
-------------------------  -----  ---------  --------  ----------  --------------  -------------------
/opt/airflow/dags/main.py                           0           1  0.29s           2026-05-15T12:45:42
================================================================================
[2026-05-15T12:46:36.502+0000] {manager.py:878} INFO - 
================================================================================
DAG File Processing Stats

File Path                  PID    Runtime      # DAGs    # Errors  Last Runtime    Last Run
-------------------------  -----  ---------  --------  ----------  --------------  -------------------
/opt/airflow/dags/main.py                           0           1  0.22s           2026-05-15T12:46:12
================================================================================
[2026-05-15T12:47:06.862+0000] {manager.py:878} INFO - 
================================================================================
DAG File Processing Stats

File Path                  PID    Runtime      # DAGs    # Errors  Last Runtime    Last Run
-------------------------  -----  ---------  --------  ----------  --------------  -------------------
/opt/airflow/dags/main.py                           0           1  0.22s           2026-05-15T12:46:42
================================================================================
[2026-05-15T12:47:21.080+0000] {manager.py:737} INFO - Searching for files in /opt/airflow/dags
[2026-05-15T12:47:21.259+0000] {manager.py:740} INFO - There are 1 files in /opt/airflow/dags
[2026-05-15T12:47:37.458+0000] {manager.py:878} INFO - 
================================================================================
DAG File Processing Stats

File Path                  PID    Runtime      # DAGs    # Errors  Last Runtime    Last Run
-------------------------  -----  ---------  --------  ----------  --------------  -------------------
/opt/airflow/dags/main.py                           0           1  0.43s           2026-05-15T12:47:13
================================================================================
[2026-05-15T12:48:07.769+0000] {manager.py:878} INFO - 
================================================================================
DAG File Processing Stats

File Path                  PID    Runtime      # DAGs    # Errors  Last Runtime    Last Run
-------------------------  -----  ---------  --------  ----------  --------------  -------------------
/opt/airflow/dags/main.py                           0           1  0.20s           2026-05-15T12:47:43
================================================================================
[2026-05-15T12:48:38.214+0000] {manager.py:878} INFO - 
================================================================================
DAG File Processing Stats

File Path                  PID    Runtime      # DAGs    # Errors  Last Runtime    Last Run
-------------------------  -----  ---------  --------  ----------  --------------  -------------------
/opt/airflow/dags/main.py                           0           1  0.18s           2026-05-15T12:48:14
================================================================================
[2026-05-15T12:49:08.558+0000] {manager.py:878} INFO - 
================================================================================
DAG File Processing Stats

File Path                  PID    Runtime      # DAGs    # Errors  Last Runtime    Last Run
-------------------------  -----  ---------  --------  ----------  --------------  -------------------
/opt/airflow/dags/main.py                           0           1  0.32s           2026-05-15T12:48:44
================================================================================
[2026-05-15T12:49:39.068+0000] {manager.py:878} INFO - 
================================================================================
DAG File Processing Stats

File Path                  PID    Runtime      # DAGs    # Errors  Last Runtime    Last Run
-------------------------  -----  ---------  --------  ----------  --------------  -------------------
/opt/airflow/dags/main.py                           0           1  0.32s           2026-05-15T12:49:15
================================================================================
[2026-05-15T12:50:09.765+0000] {manager.py:878} INFO - 
================================================================================
DAG File Processing Stats

File Path                  PID    Runtime      # DAGs    # Errors  Last Runtime    Last Run
-------------------------  -----  ---------  --------  ----------  --------------  -------------------
/opt/airflow/dags/main.py                           0           1  0.36s           2026-05-15T12:49:45
================================================================================
[2026-05-15T12:50:40.580+0000] {manager.py:878} INFO - 
================================================================================
DAG File Processing Stats

File Path                  PID    Runtime      # DAGs    # Errors  Last Runtime    Last Run
-------------------------  -----  ---------  --------  ----------  --------------  -------------------
/opt/airflow/dags/main.py                           0           1  0.33s           2026-05-15T12:50:16
================================================================================
[2026-05-15T12:51:10.984+0000] {manager.py:878} INFO - 
================================================================================
DAG File Processing Stats

File Path                  PID    Runtime      # DAGs    # Errors  Last Runtime    Last Run
-------------------------  -----  ---------  --------  ----------  --------------  -------------------
/opt/airflow/dags/main.py                           0           1  0.29s           2026-05-15T12:50:47
================================================================================
[2026-05-15T12:51:41.289+0000] {manager.py:878} INFO - 
================================================================================
DAG File Processing Stats

File Path                  PID    Runtime      # DAGs    # Errors  Last Runtime    Last Run
-------------------------  -----  ---------  --------  ----------  --------------  -------------------
/opt/airflow/dags/main.py                           0           1  0.26s           2026-05-15T12:51:17
================================================================================
[2026-05-15T12:52:11.575+0000] {manager.py:878} INFO - 
================================================================================
DAG File Processing Stats

File Path                  PID    Runtime      # DAGs    # Errors  Last Runtime    Last Run
-------------------------  -----  ---------  --------  ----------  --------------  -------------------
/opt/airflow/dags/main.py                           0           1  0.24s           2026-05-15T12:51:47
================================================================================
[2026-05-15T12:52:21.906+0000] {manager.py:737} INFO - Searching for files in /opt/airflow/dags
[2026-05-15T12:52:22.114+0000] {manager.py:740} INFO - There are 1 files in /opt/airflow/dags
[2026-05-15T12:52:42.314+0000] {manager.py:878} INFO - 
================================================================================
DAG File Processing Stats

File Path                  PID    Runtime      # DAGs    # Errors  Last Runtime    Last Run
-------------------------  -----  ---------  --------  ----------  --------------  -------------------
/opt/airflow/dags/main.py                           0           1  0.27s           2026-05-15T12:52:17
================================================================================
[2026-05-15T12:53:12.627+0000] {manager.py:878} INFO - 
================================================================================
DAG File Processing Stats

File Path                  PID    Runtime      # DAGs    # Errors  Last Runtime    Last Run
-------------------------  -----  ---------  --------  ----------  --------------  -------------------
/opt/airflow/dags/main.py                           0           1  0.25s           2026-05-15T12:52:48
================================================================================
[2026-05-15T12:53:43.179+0000] {manager.py:878} INFO - 
================================================================================
DAG File Processing Stats

File Path                  PID    Runtime      # DAGs    # Errors  Last Runtime    Last Run
-------------------------  -----  ---------  --------  ----------  --------------  -------------------
/opt/airflow/dags/main.py                           0           1  0.26s           2026-05-15T12:53:18
================================================================================
[2026-05-15T12:54:13.494+0000] {manager.py:878} INFO - 
================================================================================
DAG File Processing Stats

File Path                  PID    Runtime      # DAGs    # Errors  Last Runtime    Last Run
-------------------------  -----  ---------  --------  ----------  --------------  -------------------
/opt/airflow/dags/main.py                           0           1  0.30s           2026-05-15T12:53:49
================================================================================
[2026-05-15T12:54:44.025+0000] {manager.py:878} INFO - 
================================================================================
DAG File Processing Stats

File Path                  PID    Runtime      # DAGs    # Errors  Last Runtime    Last Run
-------------------------  -----  ---------  --------  ----------  --------------  -------------------
/opt/airflow/dags/main.py                           0           1  0.25s           2026-05-15T12:54:19
================================================================================
[2026-05-15T12:55:14.419+0000] {manager.py:878} INFO - 
================================================================================
DAG File Processing Stats

File Path                  PID    Runtime      # DAGs    # Errors  Last Runtime    Last Run
-------------------------  -----  ---------  --------  ----------  --------------  -------------------
/opt/airflow/dags/main.py                           0           1  0.27s           2026-05-15T12:54:50
================================================================================
[2026-05-15T12:55:44.908+0000] {manager.py:878} INFO - 
================================================================================
DAG File Processing Stats

File Path                  PID    Runtime      # DAGs    # Errors  Last Runtime    Last Run
-------------------------  -----  ---------  --------  ----------  --------------  -------------------
/opt/airflow/dags/main.py                           0           1  0.24s           2026-05-15T12:55:20
================================================================================
[2026-05-15T12:56:15.190+0000] {manager.py:878} INFO - 
================================================================================
DAG File Processing Stats

File Path                  PID    Runtime      # DAGs    # Errors  Last Runtime    Last Run
-------------------------  -----  ---------  --------  ----------  --------------  -------------------
/opt/airflow/dags/main.py                           0           1  0.27s           2026-05-15T12:55:51
================================================================================
[2026-05-15T12:56:45.729+0000] {manager.py:878} INFO - 
================================================================================
DAG File Processing Stats

File Path                  PID    Runtime      # DAGs    # Errors  Last Runtime    Last Run
-------------------------  -----  ---------  --------  ----------  --------------  -------------------
/opt/airflow/dags/main.py                           0           1  0.33s           2026-05-15T12:56:21
================================================================================
[2026-05-15T12:57:16.317+0000] {manager.py:878} INFO - 
================================================================================
DAG File Processing Stats

File Path                  PID    Runtime      # DAGs    # Errors  Last Runtime    Last Run
-------------------------  -----  ---------  --------  ----------  --------------  -------------------
/opt/airflow/dags/main.py                           0           1  0.24s           2026-05-15T12:56:52
================================================================================
[2026-05-15T12:57:22.363+0000] {manager.py:737} INFO - Searching for files in /opt/airflow/dags
[2026-05-15T12:57:22.721+0000] {manager.py:740} INFO - There are 1 files in /opt/airflow/dags
[2026-05-15T12:57:46.438+0000] {manager.py:878} INFO - 
================================================================================
DAG File Processing Stats

File Path                  PID    Runtime      # DAGs    # Errors  Last Runtime    Last Run
-------------------------  -----  ---------  --------  ----------  --------------  -------------------
/opt/airflow/dags/main.py                           0           1  0.37s           2026-05-15T12:57:23
================================================================================
[2026-05-15T12:58:16.782+0000] {manager.py:878} INFO - 
================================================================================
DAG File Processing Stats

File Path                  PID    Runtime      # DAGs    # Errors  Last Runtime    Last Run
-------------------------  -----  ---------  --------  ----------  --------------  -------------------
/opt/airflow/dags/main.py                           0           1  0.46s           2026-05-15T12:57:53
================================================================================
[2026-05-15T12:58:47.465+0000] {manager.py:878} INFO - 
================================================================================
DAG File Processing Stats

File Path                  PID    Runtime      # DAGs    # Errors  Last Runtime    Last Run
-------------------------  -----  ---------  --------  ----------  --------------  -------------------
/opt/airflow/dags/main.py                           0           1  0.24s           2026-05-15T12:58:24
================================================================================
[2026-05-15T12:59:17.741+0000] {manager.py:878} INFO - 
================================================================================
DAG File Processing Stats

File Path                  PID    Runtime      # DAGs    # Errors  Last Runtime    Last Run
-------------------------  -----  ---------  --------  ----------  --------------  -------------------
/opt/airflow/dags/main.py                           0           1  0.23s           2026-05-15T12:58:54
================================================================================
[2026-05-15T12:59:48.067+0000] {manager.py:878} INFO - 
================================================================================
DAG File Processing Stats

File Path                  PID    Runtime      # DAGs    # Errors  Last Runtime    Last Run
-------------------------  -----  ---------  --------  ----------  --------------  -------------------
/opt/airflow/dags/main.py                           0           1  0.32s           2026-05-15T12:59:25
================================================================================
[2026-05-15T13:00:18.592+0000] {manager.py:878} INFO - 
================================================================================
DAG File Processing Stats

File Path                  PID    Runtime      # DAGs    # Errors  Last Runtime    Last Run
-------------------------  -----  ---------  --------  ----------  --------------  -------------------
/opt/airflow/dags/main.py                           0           1  0.30s           2026-05-15T12:59:55
================================================================================
[2026-05-15T13:00:49.204+0000] {manager.py:878} INFO - 
================================================================================
DAG File Processing Stats

File Path                  PID    Runtime      # DAGs    # Errors  Last Runtime    Last Run
-------------------------  -----  ---------  --------  ----------  --------------  -------------------
/opt/airflow/dags/main.py                           0           1  0.32s           2026-05-15T13:00:26
================================================================================
[2026-05-15T13:01:19.788+0000] {manager.py:878} INFO - 
================================================================================
DAG File Processing Stats

File Path                  PID    Runtime      # DAGs    # Errors  Last Runtime    Last Run
-------------------------  -----  ---------  --------  ----------  --------------  -------------------
/opt/airflow/dags/main.py                           0           1  0.32s           2026-05-15T13:00:56
================================================================================
[2026-05-15T13:01:50.427+0000] {manager.py:878} INFO - 
================================================================================
DAG File Processing Stats

File Path                  PID    Runtime      # DAGs    # Errors  Last Runtime    Last Run
-------------------------  -----  ---------  --------  ----------  --------------  -------------------
/opt/airflow/dags/main.py                           0           1  0.23s           2026-05-15T13:01:27
================================================================================
[2026-05-15T13:02:20.971+0000] {manager.py:878} INFO - 
================================================================================
DAG File Processing Stats

File Path                  PID    Runtime      # DAGs    # Errors  Last Runtime    Last Run
-------------------------  -----  ---------  --------  ----------  --------------  -------------------
/opt/airflow/dags/main.py                           0           1  0.22s           2026-05-15T13:01:57
================================================================================
[2026-05-15T13:02:22.989+0000] {manager.py:737} INFO - Searching for files in /opt/airflow/dags
[2026-05-15T13:02:23.341+0000] {manager.py:740} INFO - There are 1 files in /opt/airflow/dags
[2026-05-15T13:02:51.643+0000] {manager.py:878} INFO - 
================================================================================
DAG File Processing Stats

File Path                  PID    Runtime      # DAGs    # Errors  Last Runtime    Last Run
-------------------------  -----  ---------  --------  ----------  --------------  -------------------
/opt/airflow/dags/main.py                           0           1  0.27s           2026-05-15T13:02:28
================================================================================
[2026-05-15T13:03:22.244+0000] {manager.py:878} INFO - 
================================================================================
DAG File Processing Stats

File Path                  PID    Runtime      # DAGs    # Errors  Last Runtime    Last Run
-------------------------  -----  ---------  --------  ----------  --------------  -------------------
/opt/airflow/dags/main.py                           0           1  0.24s           2026-05-15T13:02:59
================================================================================
[2026-05-15T13:03:52.742+0000] {manager.py:878} INFO - 
================================================================================
DAG File Processing Stats

File Path                  PID    Runtime      # DAGs    # Errors  Last Runtime    Last Run
-------------------------  -----  ---------  --------  ----------  --------------  -------------------
/opt/airflow/dags/main.py                           0           1  0.25s           2026-05-15T13:03:29
================================================================================
[2026-05-15T13:04:23.126+0000] {manager.py:878} INFO - 
================================================================================
DAG File Processing Stats

File Path                  PID    Runtime      # DAGs    # Errors  Last Runtime    Last Run
-------------------------  -----  ---------  --------  ----------  --------------  -------------------
/opt/airflow/dags/main.py                           0           1  0.30s           2026-05-15T13:04:00
================================================================================
[2026-05-15T13:04:53.619+0000] {manager.py:878} INFO - 
================================================================================
DAG File Processing Stats

File Path                  PID    Runtime      # DAGs    # Errors  Last Runtime    Last Run
-------------------------  -----  ---------  --------  ----------  --------------  -------------------
/opt/airflow/dags/main.py                           0           1  0.32s           2026-05-15T13:04:30
================================================================================
[2026-05-15T13:05:23.983+0000] {manager.py:878} INFO - 
================================================================================
DAG File Processing Stats

File Path                  PID    Runtime      # DAGs    # Errors  Last Runtime    Last Run
-------------------------  -----  ---------  --------  ----------  --------------  -------------------
/opt/airflow/dags/main.py                           0           1  0.24s           2026-05-15T13:05:00
================================================================================
[2026-05-15T13:05:54.463+0000] {manager.py:878} INFO - 
================================================================================
DAG File Processing Stats

File Path                  PID    Runtime      # DAGs    # Errors  Last Runtime    Last Run
-------------------------  -----  ---------  --------  ----------  --------------  -------------------
/opt/airflow/dags/main.py                           0           1  0.29s           2026-05-15T13:05:31
================================================================================
[2026-05-15T13:06:24.808+0000] {manager.py:878} INFO - 
================================================================================
DAG File Processing Stats

File Path                  PID    Runtime      # DAGs    # Errors  Last Runtime    Last Run
-------------------------  -----  ---------  --------  ----------  --------------  -------------------
/opt/airflow/dags/main.py                           0           1  0.22s           2026-05-15T13:06:01
================================================================================
[2026-05-15T13:06:55.183+0000] {manager.py:878} INFO - 
================================================================================
DAG File Processing Stats

File Path                  PID    Runtime      # DAGs    # Errors  Last Runtime    Last Run
-------------------------  -----  ---------  --------  ----------  --------------  -------------------
/opt/airflow/dags/main.py                           0           1  0.25s           2026-05-15T13:06:32
================================================================================
[2026-05-15T13:07:23.588+0000] {manager.py:737} INFO - Searching for files in /opt/airflow/dags
[2026-05-15T13:07:23.785+0000] {manager.py:740} INFO - There are 1 files in /opt/airflow/dags
[2026-05-15T13:07:25.822+0000] {manager.py:878} INFO - 
================================================================================
DAG File Processing Stats

File Path                  PID    Runtime      # DAGs    # Errors  Last Runtime    Last Run
-------------------------  -----  ---------  --------  ----------  --------------  -------------------
/opt/airflow/dags/main.py                           0           1  0.25s           2026-05-15T13:07:02
================================================================================
[2026-05-15T13:07:56.104+0000] {manager.py:878} INFO - 
================================================================================
DAG File Processing Stats

File Path                  PID    Runtime      # DAGs    # Errors  Last Runtime    Last Run
-------------------------  -----  ---------  --------  ----------  --------------  -------------------
/opt/airflow/dags/main.py                           0           1  0.31s           2026-05-15T13:07:33
================================================================================
[2026-05-15T13:08:26.774+0000] {manager.py:878} INFO - 
================================================================================
DAG File Processing Stats

File Path                  PID    Runtime      # DAGs    # Errors  Last Runtime    Last Run
-------------------------  -----  ---------  --------  ----------  --------------  -------------------
/opt/airflow/dags/main.py                           0           1  0.35s           2026-05-15T13:08:03
================================================================================
[2026-05-15T13:08:56.927+0000] {manager.py:878} INFO - 
================================================================================
DAG File Processing Stats

File Path                  PID    Runtime      # DAGs    # Errors  Last Runtime    Last Run
-------------------------  -----  ---------  --------  ----------  --------------  -------------------
/opt/airflow/dags/main.py                           0           1  0.62s           2026-05-15T13:08:34
================================================================================
[2026-05-15T13:09:27.200+0000] {manager.py:878} INFO - 
================================================================================
DAG File Processing Stats

File Path                  PID    Runtime      # DAGs    # Errors  Last Runtime    Last Run
-------------------------  -----  ---------  --------  ----------  --------------  -------------------
/opt/airflow/dags/main.py                           0           1  0.24s           2026-05-15T13:09:05
================================================================================
[2026-05-15T13:09:57.686+0000] {manager.py:878} INFO - 
================================================================================
DAG File Processing Stats

File Path                  PID    Runtime      # DAGs    # Errors  Last Runtime    Last Run
-------------------------  -----  ---------  --------  ----------  --------------  -------------------
/opt/airflow/dags/main.py                           0           1  0.27s           2026-05-15T13:09:35
================================================================================
[2026-05-15T13:10:27.988+0000] {manager.py:878} INFO - 
================================================================================
DAG File Processing Stats

File Path                  PID    Runtime      # DAGs    # Errors  Last Runtime    Last Run
-------------------------  -----  ---------  --------  ----------  --------------  -------------------
/opt/airflow/dags/main.py                           0           1  0.28s           2026-05-15T13:10:06
================================================================================
[2026-05-15T13:10:58.530+0000] {manager.py:878} INFO - 
================================================================================
DAG File Processing Stats

File Path                  PID    Runtime      # DAGs    # Errors  Last Runtime    Last Run
-------------------------  -----  ---------  --------  ----------  --------------  -------------------
/opt/airflow/dags/main.py                           0           1  0.27s           2026-05-15T13:10:36
================================================================================
[2026-05-15T13:11:29.068+0000] {manager.py:878} INFO - 
================================================================================
DAG File Processing Stats

File Path                  PID    Runtime      # DAGs    # Errors  Last Runtime    Last Run
-------------------------  -----  ---------  --------  ----------  --------------  -------------------
/opt/airflow/dags/main.py                           0           1  0.33s           2026-05-15T13:11:06
================================================================================
[2026-05-15T13:11:59.370+0000] {manager.py:878} INFO - 
================================================================================
DAG File Processing Stats

File Path                  PID    Runtime      # DAGs    # Errors  Last Runtime    Last Run
-------------------------  -----  ---------  --------  ----------  --------------  -------------------
/opt/airflow/dags/main.py                           0           1  0.39s           2026-05-15T13:11:37
================================================================================
[2026-05-15T13:12:23.975+0000] {manager.py:737} INFO - Searching for files in /opt/airflow/dags
[2026-05-15T13:12:24.216+0000] {manager.py:740} INFO - There are 1 files in /opt/airflow/dags
[2026-05-15T13:12:30.292+0000] {manager.py:878} INFO - 
================================================================================
DAG File Processing Stats

File Path                  PID    Runtime      # DAGs    # Errors  Last Runtime    Last Run
-------------------------  -----  ---------  --------  ----------  --------------  -------------------
/opt/airflow/dags/main.py                           0           1  0.28s           2026-05-15T13:12:08
================================================================================
[2026-05-15T13:13:00.633+0000] {manager.py:878} INFO - 
================================================================================
DAG File Processing Stats

File Path                  PID    Runtime      # DAGs    # Errors  Last Runtime    Last Run
-------------------------  -----  ---------  --------  ----------  --------------  -------------------
/opt/airflow/dags/main.py                           0           1  0.25s           2026-05-15T13:12:38
================================================================================
[2026-05-15T13:13:31.170+0000] {manager.py:878} INFO - 
================================================================================
DAG File Processing Stats

File Path                  PID    Runtime      # DAGs    # Errors  Last Runtime    Last Run
-------------------------  -----  ---------  --------  ----------  --------------  -------------------
/opt/airflow/dags/main.py                           0           1  0.25s           2026-05-15T13:13:09
================================================================================
[2026-05-15T13:14:01.525+0000] {manager.py:878} INFO - 
================================================================================
DAG File Processing Stats

File Path                  PID    Runtime      # DAGs    # Errors  Last Runtime    Last Run
-------------------------  -----  ---------  --------  ----------  --------------  -------------------
/opt/airflow/dags/main.py                           0           1  0.34s           2026-05-15T13:13:39
================================================================================
[2026-05-15T13:14:32.086+0000] {manager.py:878} INFO - 
================================================================================
DAG File Processing Stats

File Path                  PID    Runtime      # DAGs    # Errors  Last Runtime    Last Run
-------------------------  -----  ---------  --------  ----------  --------------  -------------------
/opt/airflow/dags/main.py                           0           1  0.24s           2026-05-15T13:14:10
================================================================================
[2026-05-15T13:15:02.569+0000] {manager.py:878} INFO - 
================================================================================
DAG File Processing Stats

File Path                  PID    Runtime      # DAGs    # Errors  Last Runtime    Last Run
-------------------------  -----  ---------  --------  ----------  --------------  -------------------
/opt/airflow/dags/main.py                           0           1  0.24s           2026-05-15T13:14:40
================================================================================
[2026-05-15T13:15:32.903+0000] {manager.py:878} INFO - 
================================================================================
DAG File Processing Stats

File Path                  PID    Runtime      # DAGs    # Errors  Last Runtime    Last Run
-------------------------  -----  ---------  --------  ----------  --------------  -------------------
/opt/airflow/dags/main.py                           0           1  0.22s           2026-05-15T13:15:10
================================================================================
[2026-05-15T13:16:03.307+0000] {manager.py:878} INFO - 
================================================================================
DAG File Processing Stats

File Path                  PID    Runtime      # DAGs    # Errors  Last Runtime    Last Run
-------------------------  -----  ---------  --------  ----------  --------------  -------------------
/opt/airflow/dags/main.py                           0           1  0.29s           2026-05-15T13:15:41
================================================================================
[2026-05-15T13:16:33.777+0000] {manager.py:878} INFO - 
================================================================================
DAG File Processing Stats

File Path                  PID    Runtime      # DAGs    # Errors  Last Runtime    Last Run
-------------------------  -----  ---------  --------  ----------  --------------  -------------------
/opt/airflow/dags/main.py                           0           1  0.24s           2026-05-15T13:16:11
================================================================================
[2026-05-15T13:17:04.098+0000] {manager.py:878} INFO - 
================================================================================
DAG File Processing Stats

File Path                  PID    Runtime      # DAGs    # Errors  Last Runtime    Last Run
-------------------------  -----  ---------  --------  ----------  --------------  -------------------
/opt/airflow/dags/main.py                           0           1  0.22s           2026-05-15T13:16:42
================================================================================
[2026-05-15T13:17:24.429+0000] {manager.py:737} INFO - Searching for files in /opt/airflow/dags
[2026-05-15T13:17:24.681+0000] {manager.py:740} INFO - There are 1 files in /opt/airflow/dags
[2026-05-15T13:17:34.784+0000] {manager.py:878} INFO - 
================================================================================
DAG File Processing Stats

File Path                  PID    Runtime      # DAGs    # Errors  Last Runtime    Last Run
-------------------------  -----  ---------  --------  ----------  --------------  -------------------
/opt/airflow/dags/main.py                           0           1  0.27s           2026-05-15T13:17:12
================================================================================
[2026-05-15T13:18:05.121+0000] {manager.py:878} INFO - 
================================================================================
DAG File Processing Stats

File Path                  PID    Runtime      # DAGs    # Errors  Last Runtime    Last Run
-------------------------  -----  ---------  --------  ----------  --------------  -------------------
/opt/airflow/dags/main.py                           0           1  0.23s           2026-05-15T13:17:43
================================================================================
[2026-05-15T13:18:35.541+0000] {manager.py:878} INFO - 
================================================================================
DAG File Processing Stats

File Path                  PID    Runtime      # DAGs    # Errors  Last Runtime    Last Run
-------------------------  -----  ---------  --------  ----------  --------------  -------------------
/opt/airflow/dags/main.py                           0           1  0.22s           2026-05-15T13:18:13
================================================================================
[2026-05-15T13:19:05.843+0000] {manager.py:878} INFO - 
================================================================================
DAG File Processing Stats

File Path                  PID    Runtime      # DAGs    # Errors  Last Runtime    Last Run
-------------------------  -----  ---------  --------  ----------  --------------  -------------------
/opt/airflow/dags/main.py                           0           1  0.30s           2026-05-15T13:18:43
================================================================================
[2026-05-15T13:19:36.408+0000] {manager.py:878} INFO - 
================================================================================
DAG File Processing Stats

File Path                  PID    Runtime      # DAGs    # Errors  Last Runtime    Last Run
-------------------------  -----  ---------  --------  ----------  --------------  -------------------
/opt/airflow/dags/main.py                           0           1  0.22s           2026-05-15T13:19:14
================================================================================
[2026-05-15T13:20:06.849+0000] {manager.py:878} INFO - 
================================================================================
DAG File Processing Stats

File Path                  PID    Runtime      # DAGs    # Errors  Last Runtime    Last Run
-------------------------  -----  ---------  --------  ----------  --------------  -------------------
/opt/airflow/dags/main.py                           0           1  0.24s           2026-05-15T13:19:44
================================================================================
[2026-05-15T13:20:37.209+0000] {manager.py:878} INFO - 
================================================================================
DAG File Processing Stats

File Path                  PID    Runtime      # DAGs    # Errors  Last Runtime    Last Run
-------------------------  -----  ---------  --------  ----------  --------------  -------------------
/opt/airflow/dags/main.py                           0           1  0.55s           2026-05-15T13:20:15
================================================================================
[2026-05-15T13:21:07.280+0000] {manager.py:878} INFO - 
================================================================================
DAG File Processing Stats

File Path                  PID    Runtime      # DAGs    # Errors  Last Runtime    Last Run
-------------------------  -----  ---------  --------  ----------  --------------  -------------------
/opt/airflow/dags/main.py                           0           1  0.26s           2026-05-15T13:20:46
================================================================================
[2026-05-15T13:21:37.529+0000] {manager.py:878} INFO - 
================================================================================
DAG File Processing Stats

File Path                  PID    Runtime      # DAGs    # Errors  Last Runtime    Last Run
-------------------------  -----  ---------  --------  ----------  --------------  -------------------
/opt/airflow/dags/main.py                           0           1  0.28s           2026-05-15T13:21:16
================================================================================
[2026-05-15T13:22:07.834+0000] {manager.py:878} INFO - 
================================================================================
DAG File Processing Stats

File Path                  PID    Runtime      # DAGs    # Errors  Last Runtime    Last Run
-------------------------  -----  ---------  --------  ----------  --------------  -------------------
/opt/airflow/dags/main.py                           0           1  0.23s           2026-05-15T13:21:46
================================================================================
[2026-05-15T13:22:25.198+0000] {manager.py:737} INFO - Searching for files in /opt/airflow/dags
[2026-05-15T13:22:25.615+0000] {manager.py:740} INFO - There are 1 files in /opt/airflow/dags
[2026-05-15T13:22:38.776+0000] {manager.py:878} INFO - 
================================================================================
DAG File Processing Stats

File Path                  PID    Runtime      # DAGs    # Errors  Last Runtime    Last Run
-------------------------  -----  ---------  --------  ----------  --------------  -------------------
/opt/airflow/dags/main.py                           0           1  0.24s           2026-05-15T13:22:17
================================================================================
[2026-05-15T13:23:09.059+0000] {manager.py:878} INFO - 
================================================================================
DAG File Processing Stats

File Path                  PID    Runtime      # DAGs    # Errors  Last Runtime    Last Run
-------------------------  -----  ---------  --------  ----------  --------------  -------------------
/opt/airflow/dags/main.py                           0           1  0.23s           2026-05-15T13:22:48
================================================================================
[2026-05-15T13:23:39.600+0000] {manager.py:878} INFO - 
================================================================================
DAG File Processing Stats

File Path                  PID    Runtime      # DAGs    # Errors  Last Runtime    Last Run
-------------------------  -----  ---------  --------  ----------  --------------  -------------------
/opt/airflow/dags/main.py                           0           1  0.23s           2026-05-15T13:23:18
================================================================================
[2026-05-15T13:24:09.956+0000] {manager.py:878} INFO - 
================================================================================
DAG File Processing Stats

File Path                  PID    Runtime      # DAGs    # Errors  Last Runtime    Last Run
-------------------------  -----  ---------  --------  ----------  --------------  -------------------
/opt/airflow/dags/main.py                           0           1  0.25s           2026-05-15T13:23:48
================================================================================
[2026-05-15T13:24:40.405+0000] {manager.py:878} INFO - 
================================================================================
DAG File Processing Stats

File Path                  PID    Runtime      # DAGs    # Errors  Last Runtime    Last Run
-------------------------  -----  ---------  --------  ----------  --------------  -------------------
/opt/airflow/dags/main.py                           0           1  0.28s           2026-05-15T13:24:19
================================================================================
[2026-05-15T13:25:10.938+0000] {manager.py:878} INFO - 
================================================================================
DAG File Processing Stats

File Path                  PID    Runtime      # DAGs    # Errors  Last Runtime    Last Run
-------------------------  -----  ---------  --------  ----------  --------------  -------------------
/opt/airflow/dags/main.py                           0           1  0.28s           2026-05-15T13:24:49
================================================================================
[2026-05-15T13:25:41.284+0000] {manager.py:878} INFO - 
================================================================================
DAG File Processing Stats

File Path                  PID    Runtime      # DAGs    # Errors  Last Runtime    Last Run
-------------------------  -----  ---------  --------  ----------  --------------  -------------------
/opt/airflow/dags/main.py                           0           1  0.26s           2026-05-15T13:25:20
================================================================================
[2026-05-15T13:26:11.489+0000] {manager.py:878} INFO - 
================================================================================
DAG File Processing Stats

File Path                  PID    Runtime      # DAGs    # Errors  Last Runtime    Last Run
-------------------------  -----  ---------  --------  ----------  --------------  -------------------
/opt/airflow/dags/main.py                           0           1  0.24s           2026-05-15T13:25:51
================================================================================
[2026-05-15T13:26:41.744+0000] {manager.py:878} INFO - 
================================================================================
DAG File Processing Stats

File Path                  PID    Runtime      # DAGs    # Errors  Last Runtime    Last Run
-------------------------  -----  ---------  --------  ----------  --------------  -------------------
/opt/airflow/dags/main.py                           0           1  0.60s           2026-05-15T13:26:22
================================================================================
[2026-05-15T13:27:12.128+0000] {manager.py:878} INFO - 
================================================================================
DAG File Processing Stats

File Path                  PID    Runtime      # DAGs    # Errors  Last Runtime    Last Run
-------------------------  -----  ---------  --------  ----------  --------------  -------------------
/opt/airflow/dags/main.py                           0           1  0.31s           2026-05-15T13:26:53
================================================================================
[2026-05-15T13:27:25.515+0000] {manager.py:737} INFO - Searching for files in /opt/airflow/dags
[2026-05-15T13:27:26.095+0000] {manager.py:740} INFO - There are 1 files in /opt/airflow/dags
[2026-05-15T13:27:42.430+0000] {manager.py:878} INFO - 
================================================================================
DAG File Processing Stats

File Path                  PID    Runtime      # DAGs    # Errors  Last Runtime    Last Run
-------------------------  -----  ---------  --------  ----------  --------------  -------------------
/opt/airflow/dags/main.py                           0           1  0.30s           2026-05-15T13:27:23
================================================================================
[2026-05-15T13:28:12.779+0000] {manager.py:878} INFO - 
================================================================================
DAG File Processing Stats

File Path                  PID    Runtime      # DAGs    # Errors  Last Runtime    Last Run
-------------------------  -----  ---------  --------  ----------  --------------  -------------------
/opt/airflow/dags/main.py                           0           1  0.31s           2026-05-15T13:27:54
================================================================================
[2026-05-15T13:28:43.346+0000] {manager.py:878} INFO - 
================================================================================
DAG File Processing Stats

File Path                  PID    Runtime      # DAGs    # Errors  Last Runtime    Last Run
-------------------------  -----  ---------  --------  ----------  --------------  -------------------
/opt/airflow/dags/main.py                           0           1  0.27s           2026-05-15T13:28:25
================================================================================
[2026-05-15T13:29:13.612+0000] {manager.py:878} INFO - 
================================================================================
DAG File Processing Stats

File Path                  PID    Runtime      # DAGs    # Errors  Last Runtime    Last Run
-------------------------  -----  ---------  --------  ----------  --------------  -------------------
/opt/airflow/dags/main.py                           0           1  0.74s           2026-05-15T13:28:56
================================================================================
[2026-05-15T13:29:43.632+0000] {manager.py:878} INFO - 
================================================================================
DAG File Processing Stats

File Path                  PID    Runtime      # DAGs    # Errors  Last Runtime    Last Run
-------------------------  -----  ---------  --------  ----------  --------------  -------------------
/opt/airflow/dags/main.py                           0           1  0.78s           2026-05-15T13:29:27
================================================================================
[2026-05-15T13:30:14.047+0000] {manager.py:878} INFO - 
================================================================================
DAG File Processing Stats

File Path                  PID    Runtime      # DAGs    # Errors  Last Runtime    Last Run
-------------------------  -----  ---------  --------  ----------  --------------  -------------------
/opt/airflow/dags/main.py                           0           1  0.43s           2026-05-15T13:29:58
================================================================================
[2026-05-15T13:30:44.448+0000] {manager.py:878} INFO - 
================================================================================
DAG File Processing Stats

File Path                  PID    Runtime      # DAGs    # Errors  Last Runtime    Last Run
-------------------------  -----  ---------  --------  ----------  --------------  -------------------
/opt/airflow/dags/main.py                           0           1  0.23s           2026-05-15T13:30:29
================================================================================
[2026-05-15T13:31:14.952+0000] {manager.py:878} INFO - 
================================================================================
DAG File Processing Stats

File Path                  PID    Runtime      # DAGs    # Errors  Last Runtime    Last Run
-------------------------  -----  ---------  --------  ----------  --------------  -------------------
/opt/airflow/dags/main.py                           0           1  0.27s           2026-05-15T13:30:59
================================================================================
[2026-05-15T13:31:45.338+0000] {manager.py:878} INFO - 
================================================================================
DAG File Processing Stats

File Path                  PID    Runtime      # DAGs    # Errors  Last Runtime    Last Run
-------------------------  -----  ---------  --------  ----------  --------------  -------------------
/opt/airflow/dags/main.py                           0           1  0.30s           2026-05-15T13:31:30
================================================================================
[2026-05-15T13:32:16.044+0000] {manager.py:878} INFO - 
================================================================================
DAG File Processing Stats

File Path                  PID    Runtime      # DAGs    # Errors  Last Runtime    Last Run
-------------------------  -----  ---------  --------  ----------  --------------  -------------------
/opt/airflow/dags/main.py                           0           1  0.37s           2026-05-15T13:32:00
================================================================================
[2026-05-15T13:32:26.315+0000] {manager.py:737} INFO - Searching for files in /opt/airflow/dags
[2026-05-15T13:32:26.877+0000] {manager.py:740} INFO - There are 1 files in /opt/airflow/dags
[2026-05-15T13:32:46.213+0000] {manager.py:878} INFO - 
================================================================================
DAG File Processing Stats

File Path                  PID    Runtime      # DAGs    # Errors  Last Runtime    Last Run
-------------------------  -----  ---------  --------  ----------  --------------  -------------------
/opt/airflow/dags/main.py                           0           1  0.41s           2026-05-15T13:32:31
================================================================================
[2026-05-15T14:28:11.369+0000] {manager.py:878} INFO - 
================================================================================
DAG File Processing Stats

File Path                  PID    Runtime      # DAGs    # Errors  Last Runtime    Last Run
-------------------------  -----  ---------  --------  ----------  --------------  -------------------
/opt/airflow/dags/main.py                           0           1  0.89s           2026-05-15T13:33:02
================================================================================
[2026-05-15T14:28:13.408+0000] {manager.py:737} INFO - Searching for files in /opt/airflow/dags
[2026-05-15T14:28:40.960+0000] {manager.py:740} INFO - There are 1 files in /opt/airflow/dags
[2026-05-15T14:28:42.608+0000] {manager.py:878} INFO - 
================================================================================
DAG File Processing Stats

File Path                    PID  Runtime      # DAGs    # Errors  Last Runtime    Last Run
-------------------------  -----  ---------  --------  ----------  --------------  -------------------
/opt/airflow/dags/main.py    991  1.34s             0           1  0.89s           2026-05-15T13:33:02
================================================================================
[2026-05-15T14:29:12.994+0000] {manager.py:878} INFO - 
================================================================================
DAG File Processing Stats

File Path                  PID    Runtime      # DAGs    # Errors  Last Runtime    Last Run
-------------------------  -----  ---------  --------  ----------  --------------  -------------------
/opt/airflow/dags/main.py                           0           1  5.34s           2026-05-15T14:28:46
================================================================================
[2026-05-15T14:29:17.590+0000] {manager.py:452} INFO - Exiting gracefully upon receiving signal 15
[2026-05-15T14:29:17.673+0000] {manager.py:452} INFO - Exiting gracefully upon receiving signal 15
[2026-05-15T14:32:54.887+0000] {manager.py:470} INFO - Processing files using up to 2 processes at a time 
[2026-05-15T14:32:54.893+0000] {manager.py:471} INFO - Process each file at most once every 30 seconds
[2026-05-15T14:32:54.896+0000] {manager.py:472} INFO - Checking for new files in /opt/airflow/dags every 300 seconds
[2026-05-15T14:32:54.900+0000] {manager.py:737} INFO - Searching for files in /opt/airflow/dags
[2026-05-15T14:32:55.166+0000] {manager.py:740} INFO - There are 1 files in /opt/airflow/dags
[2026-05-15T14:32:56.051+0000] {manager.py:878} INFO - 
================================================================================
DAG File Processing Stats

File Path                    PID  Runtime      # DAGs    # Errors  Last Runtime    Last Run
-------------------------  -----  ---------  --------  ----------  --------------  ----------
/opt/airflow/dags/main.py     60  0.46s             0           0
================================================================================
[2026-05-15T14:33:26.577+0000] {manager.py:878} INFO - 
================================================================================
DAG File Processing Stats

File Path                  PID    Runtime      # DAGs    # Errors  Last Runtime    Last Run
-------------------------  -----  ---------  --------  ----------  --------------  -------------------
/opt/airflow/dags/main.py                           0           1  1.28s           2026-05-15T14:32:56
================================================================================
[2026-05-15T14:33:57.178+0000] {manager.py:878} INFO - 
================================================================================
DAG File Processing Stats

File Path                  PID    Runtime      # DAGs    # Errors  Last Runtime    Last Run
-------------------------  -----  ---------  --------  ----------  --------------  -------------------
/opt/airflow/dags/main.py                           0           1  0.35s           2026-05-15T14:33:27
================================================================================
[2026-05-15T14:34:27.222+0000] {manager.py:878} INFO - 
================================================================================
DAG File Processing Stats

File Path                  PID    Runtime      # DAGs    # Errors  Last Runtime    Last Run
-------------------------  -----  ---------  --------  ----------  --------------  -------------------
/opt/airflow/dags/main.py                           0           1  0.37s           2026-05-15T14:33:58
================================================================================
[2026-05-15T14:34:57.353+0000] {manager.py:878} INFO - 
================================================================================
DAG File Processing Stats

File Path                  PID    Runtime      # DAGs    # Errors  Last Runtime    Last Run
-------------------------  -----  ---------  --------  ----------  --------------  -------------------
/opt/airflow/dags/main.py                           0           1  0.31s           2026-05-15T14:34:29
================================================================================
[2026-05-15T14:35:28.031+0000] {manager.py:878} INFO - 
================================================================================
DAG File Processing Stats

File Path                  PID    Runtime      # DAGs    # Errors  Last Runtime    Last Run
-------------------------  -----  ---------  --------  ----------  --------------  -------------------
/opt/airflow/dags/main.py                           0           1  0.23s           2026-05-15T14:34:59
================================================================================
[2026-05-15T14:35:58.141+0000] {manager.py:878} INFO - 
================================================================================
DAG File Processing Stats

File Path                  PID    Runtime      # DAGs    # Errors  Last Runtime    Last Run
-------------------------  -----  ---------  --------  ----------  --------------  -------------------
/opt/airflow/dags/main.py                           0           1  0.61s           2026-05-15T14:35:29
================================================================================
[2026-05-15T14:36:28.165+0000] {manager.py:878} INFO - 
================================================================================
DAG File Processing Stats

File Path                  PID    Runtime      # DAGs    # Errors  Last Runtime    Last Run
-------------------------  -----  ---------  --------  ----------  --------------  -------------------
/opt/airflow/dags/main.py                           0           1  0.29s           2026-05-15T14:36:00
================================================================================
[2026-05-15T14:36:58.500+0000] {manager.py:878} INFO - 
================================================================================
DAG File Processing Stats

File Path                  PID    Runtime      # DAGs    # Errors  Last Runtime    Last Run
-------------------------  -----  ---------  --------  ----------  --------------  -------------------
/opt/airflow/dags/main.py                           0           1  0.23s           2026-05-15T14:36:30
================================================================================
[2026-05-15T14:37:28.963+0000] {manager.py:878} INFO - 
================================================================================
DAG File Processing Stats

File Path                  PID    Runtime      # DAGs    # Errors  Last Runtime    Last Run
-------------------------  -----  ---------  --------  ----------  --------------  -------------------
/opt/airflow/dags/main.py                           0           1  0.18s           2026-05-15T14:37:00
================================================================================
[2026-05-15T14:37:55.224+0000] {manager.py:737} INFO - Searching for files in /opt/airflow/dags
[2026-05-15T14:37:55.540+0000] {manager.py:740} INFO - There are 1 files in /opt/airflow/dags
[2026-05-15T14:37:59.633+0000] {manager.py:878} INFO - 
================================================================================
DAG File Processing Stats

File Path                  PID    Runtime      # DAGs    # Errors  Last Runtime    Last Run
-------------------------  -----  ---------  --------  ----------  --------------  -------------------
/opt/airflow/dags/main.py                           0           1  0.18s           2026-05-15T14:37:31
================================================================================
[2026-05-15T14:38:30.020+0000] {manager.py:878} INFO - 
================================================================================
DAG File Processing Stats

File Path                  PID    Runtime      # DAGs    # Errors  Last Runtime    Last Run
-------------------------  -----  ---------  --------  ----------  --------------  -------------------
/opt/airflow/dags/main.py                           0           1  0.18s           2026-05-15T14:38:01
================================================================================
[2026-05-15T14:39:00.425+0000] {manager.py:878} INFO - 
================================================================================
DAG File Processing Stats

File Path                  PID    Runtime      # DAGs    # Errors  Last Runtime    Last Run
-------------------------  -----  ---------  --------  ----------  --------------  -------------------
/opt/airflow/dags/main.py                           0           1  0.21s           2026-05-15T14:38:32
================================================================================
[2026-05-15T14:39:31.285+0000] {manager.py:878} INFO - 
================================================================================
DAG File Processing Stats

File Path                  PID    Runtime      # DAGs    # Errors  Last Runtime    Last Run
-------------------------  -----  ---------  --------  ----------  --------------  -------------------
/opt/airflow/dags/main.py                           0           1  0.17s           2026-05-15T14:39:02
================================================================================
[2026-05-15T14:40:01.778+0000] {manager.py:878} INFO - 
================================================================================
DAG File Processing Stats

File Path                  PID    Runtime      # DAGs    # Errors  Last Runtime    Last Run
-------------------------  -----  ---------  --------  ----------  --------------  -------------------
/opt/airflow/dags/main.py                           0           1  0.16s           2026-05-15T14:39:33
================================================================================
[2026-05-15T14:40:32.194+0000] {manager.py:878} INFO - 
================================================================================
DAG File Processing Stats

File Path                  PID    Runtime      # DAGs    # Errors  Last Runtime    Last Run
-------------------------  -----  ---------  --------  ----------  --------------  -------------------
/opt/airflow/dags/main.py                           0           1  0.20s           2026-05-15T14:40:04
================================================================================
[2026-05-15T14:41:02.723+0000] {manager.py:878} INFO - 
================================================================================
DAG File Processing Stats

File Path                  PID    Runtime      # DAGs    # Errors  Last Runtime    Last Run
-------------------------  -----  ---------  --------  ----------  --------------  -------------------
/opt/airflow/dags/main.py                           0           1  0.21s           2026-05-15T14:40:34
================================================================================
[2026-05-15T14:41:33.103+0000] {manager.py:878} INFO - 
================================================================================
DAG File Processing Stats

File Path                  PID    Runtime      # DAGs    # Errors  Last Runtime    Last Run
-------------------------  -----  ---------  --------  ----------  --------------  -------------------
/opt/airflow/dags/main.py                           0           1  0.17s           2026-05-15T14:41:04
================================================================================
[2026-05-15T14:42:03.546+0000] {manager.py:878} INFO - 
================================================================================
DAG File Processing Stats

File Path                  PID    Runtime      # DAGs    # Errors  Last Runtime    Last Run
-------------------------  -----  ---------  --------  ----------  --------------  -------------------
/opt/airflow/dags/main.py                           0           1  0.33s           2026-05-15T14:41:35
================================================================================
[2026-05-15T14:42:33.904+0000] {manager.py:878} INFO - 
================================================================================
DAG File Processing Stats

File Path                  PID    Runtime      # DAGs    # Errors  Last Runtime    Last Run
-------------------------  -----  ---------  --------  ----------  --------------  -------------------
/opt/airflow/dags/main.py                           0           1  0.17s           2026-05-15T14:42:05
================================================================================
[2026-05-15T14:42:55.424+0000] {manager.py:737} INFO - Searching for files in /opt/airflow/dags
[2026-05-15T14:42:55.676+0000] {manager.py:740} INFO - There are 1 files in /opt/airflow/dags
[2026-05-15T14:43:04.264+0000] {manager.py:878} INFO - 
================================================================================
DAG File Processing Stats

File Path                  PID    Runtime      # DAGs    # Errors  Last Runtime    Last Run
-------------------------  -----  ---------  --------  ----------  --------------  -------------------
/opt/airflow/dags/main.py                           0           1  0.69s           2026-05-15T14:42:36
================================================================================
[2026-05-15T14:43:34.356+0000] {manager.py:878} INFO - 
================================================================================
DAG File Processing Stats

File Path                  PID    Runtime      # DAGs    # Errors  Last Runtime    Last Run
-------------------------  -----  ---------  --------  ----------  --------------  -------------------
/opt/airflow/dags/main.py                           0           1  0.18s           2026-05-15T14:43:07
================================================================================
[2026-05-15T14:44:04.840+0000] {manager.py:878} INFO - 
================================================================================
DAG File Processing Stats

File Path                  PID    Runtime      # DAGs    # Errors  Last Runtime    Last Run
-------------------------  -----  ---------  --------  ----------  --------------  -------------------
/opt/airflow/dags/main.py                           0           1  0.30s           2026-05-15T14:43:37
================================================================================
[2026-05-15T14:44:35.118+0000] {manager.py:878} INFO - 
================================================================================
DAG File Processing Stats

File Path                  PID    Runtime      # DAGs    # Errors  Last Runtime    Last Run
-------------------------  -----  ---------  --------  ----------  --------------  -------------------
/opt/airflow/dags/main.py                           0           1  0.39s           2026-05-15T14:44:08
================================================================================
[2026-05-15T14:45:05.152+0000] {manager.py:878} INFO - 
================================================================================
DAG File Processing Stats

File Path                  PID    Runtime      # DAGs    # Errors  Last Runtime    Last Run
-------------------------  -----  ---------  --------  ----------  --------------  -------------------
/opt/airflow/dags/main.py                           0           1  0.20s           2026-05-15T14:44:38
================================================================================
[2026-05-15T14:45:35.522+0000] {manager.py:878} INFO - 
================================================================================
DAG File Processing Stats

File Path                  PID    Runtime      # DAGs    # Errors  Last Runtime    Last Run
-------------------------  -----  ---------  --------  ----------  --------------  -------------------
/opt/airflow/dags/main.py                           0           1  0.24s           2026-05-15T14:45:09
================================================================================
[2026-05-15T14:46:05.975+0000] {manager.py:878} INFO - 
================================================================================
DAG File Processing Stats

File Path                  PID    Runtime      # DAGs    # Errors  Last Runtime    Last Run
-------------------------  -----  ---------  --------  ----------  --------------  -------------------
/opt/airflow/dags/main.py                           0           1  0.26s           2026-05-15T14:45:39
================================================================================
[2026-05-15T14:46:36.285+0000] {manager.py:878} INFO - 
================================================================================
DAG File Processing Stats

File Path                  PID    Runtime      # DAGs    # Errors  Last Runtime    Last Run
-------------------------  -----  ---------  --------  ----------  --------------  -------------------
/opt/airflow/dags/main.py                           0           1  0.16s           2026-05-15T14:46:10
================================================================================
[2026-05-15T14:47:07.137+0000] {manager.py:878} INFO - 
================================================================================
DAG File Processing Stats

File Path                  PID    Runtime      # DAGs    # Errors  Last Runtime    Last Run
-------------------------  -----  ---------  --------  ----------  --------------  -------------------
/opt/airflow/dags/main.py                           0           1  0.27s           2026-05-15T14:46:40
================================================================================
[2026-05-15T14:47:37.737+0000] {manager.py:878} INFO - 
================================================================================
DAG File Processing Stats

File Path                  PID    Runtime      # DAGs    # Errors  Last Runtime    Last Run
-------------------------  -----  ---------  --------  ----------  --------------  -------------------
/opt/airflow/dags/main.py                           0           1  0.29s           2026-05-15T14:47:11
================================================================================
[2026-05-15T14:47:56.045+0000] {manager.py:737} INFO - Searching for files in /opt/airflow/dags
[2026-05-15T14:47:56.972+0000] {manager.py:740} INFO - There are 1 files in /opt/airflow/dags
[2026-05-15T14:48:08.147+0000] {manager.py:878} INFO - 
================================================================================
DAG File Processing Stats

File Path                  PID    Runtime      # DAGs    # Errors  Last Runtime    Last Run
-------------------------  -----  ---------  --------  ----------  --------------  -------------------
/opt/airflow/dags/main.py                           0           1  0.16s           2026-05-15T14:47:41
================================================================================
[2026-05-15T14:48:38.742+0000] {manager.py:878} INFO - 
================================================================================
DAG File Processing Stats

File Path                  PID    Runtime      # DAGs    # Errors  Last Runtime    Last Run
-------------------------  -----  ---------  --------  ----------  --------------  -------------------
/opt/airflow/dags/main.py                           0           1  0.18s           2026-05-15T14:48:12
================================================================================
[2026-05-15T14:49:09.153+0000] {manager.py:878} INFO - 
================================================================================
DAG File Processing Stats

File Path                  PID    Runtime      # DAGs    # Errors  Last Runtime    Last Run
-------------------------  -----  ---------  --------  ----------  --------------  -------------------
/opt/airflow/dags/main.py                           0           1  0.18s           2026-05-15T14:48:42
================================================================================
[2026-05-15T14:49:39.635+0000] {manager.py:878} INFO - 
================================================================================
DAG File Processing Stats

File Path                  PID    Runtime      # DAGs    # Errors  Last Runtime    Last Run
-------------------------  -----  ---------  --------  ----------  --------------  -------------------
/opt/airflow/dags/main.py                           0           1  0.17s           2026-05-15T14:49:13
================================================================================
[2026-05-15T14:50:10.034+0000] {manager.py:878} INFO - 
================================================================================
DAG File Processing Stats

File Path                  PID    Runtime      # DAGs    # Errors  Last Runtime    Last Run
-------------------------  -----  ---------  --------  ----------  --------------  -------------------
/opt/airflow/dags/main.py                           0           1  0.23s           2026-05-15T14:49:43
================================================================================
[2026-05-15T14:50:40.815+0000] {manager.py:878} INFO - 
================================================================================
DAG File Processing Stats

File Path                  PID    Runtime      # DAGs    # Errors  Last Runtime    Last Run
-------------------------  -----  ---------  --------  ----------  --------------  -------------------
/opt/airflow/dags/main.py                           0           1  0.16s           2026-05-15T14:50:14
================================================================================
[2026-05-15T14:51:11.473+0000] {manager.py:878} INFO - 
================================================================================
DAG File Processing Stats

File Path                  PID    Runtime      # DAGs    # Errors  Last Runtime    Last Run
-------------------------  -----  ---------  --------  ----------  --------------  -------------------
/opt/airflow/dags/main.py                           0           1  0.16s           2026-05-15T14:50:54
================================================================================
[2026-05-15T14:51:41.927+0000] {manager.py:878} INFO - 
================================================================================
DAG File Processing Stats

File Path                  PID    Runtime      # DAGs    # Errors  Last Runtime    Last Run
-------------------------  -----  ---------  --------  ----------  --------------  -------------------
/opt/airflow/dags/main.py                           0           1  0.14s           2026-05-15T14:51:24
================================================================================
[2026-05-15T14:52:12.322+0000] {manager.py:878} INFO - 
================================================================================
DAG File Processing Stats

File Path                  PID    Runtime      # DAGs    # Errors  Last Runtime    Last Run
-------------------------  -----  ---------  --------  ----------  --------------  -------------------
/opt/airflow/dags/main.py                           0           1  0.21s           2026-05-15T14:51:55
================================================================================
[2026-05-15T14:52:42.880+0000] {manager.py:878} INFO - 
================================================================================
DAG File Processing Stats

File Path                  PID    Runtime      # DAGs    # Errors  Last Runtime    Last Run
-------------------------  -----  ---------  --------  ----------  --------------  -------------------
/opt/airflow/dags/main.py                           0           1  0.16s           2026-05-15T14:52:25
================================================================================
[2026-05-15T14:52:56.066+0000] {manager.py:737} INFO - Searching for files in /opt/airflow/dags
[2026-05-15T14:52:56.223+0000] {manager.py:740} INFO - There are 1 files in /opt/airflow/dags
[2026-05-15T14:53:13.511+0000] {manager.py:878} INFO - 
================================================================================
DAG File Processing Stats

File Path                  PID    Runtime      # DAGs    # Errors  Last Runtime    Last Run
-------------------------  -----  ---------  --------  ----------  --------------  -------------------
/opt/airflow/dags/main.py                           0           1  0.25s           2026-05-15T14:52:56
================================================================================
[2026-05-15T14:53:44.014+0000] {manager.py:878} INFO - 
================================================================================
DAG File Processing Stats

File Path                  PID    Runtime      # DAGs    # Errors  Last Runtime    Last Run
-------------------------  -----  ---------  --------  ----------  --------------  -------------------
/opt/airflow/dags/main.py                           0           1  0.53s           2026-05-15T14:53:27
================================================================================
[2026-05-15T14:54:14.861+0000] {manager.py:878} INFO - 
================================================================================
DAG File Processing Stats

File Path                  PID    Runtime      # DAGs    # Errors  Last Runtime    Last Run
-------------------------  -----  ---------  --------  ----------  --------------  -------------------
/opt/airflow/dags/main.py                           0           1  0.15s           2026-05-15T14:53:57
================================================================================
[2026-05-15T14:54:45.460+0000] {manager.py:878} INFO - 
================================================================================
DAG File Processing Stats

File Path                  PID    Runtime      # DAGs    # Errors  Last Runtime    Last Run
-------------------------  -----  ---------  --------  ----------  --------------  -------------------
/opt/airflow/dags/main.py                           0           1  0.17s           2026-05-15T14:54:28
================================================================================
[2026-05-15T14:55:15.752+0000] {manager.py:878} INFO - 
================================================================================
DAG File Processing Stats

File Path                  PID    Runtime      # DAGs    # Errors  Last Runtime    Last Run
-------------------------  -----  ---------  --------  ----------  --------------  -------------------
/opt/airflow/dags/main.py                           3           0  4.05s           2026-05-15T14:55:03
================================================================================
[2026-05-15T14:55:45.836+0000] {manager.py:878} INFO - 
================================================================================
DAG File Processing Stats

File Path                  PID    Runtime      # DAGs    # Errors  Last Runtime    Last Run
-------------------------  -----  ---------  --------  ----------  --------------  -------------------
/opt/airflow/dags/main.py                           3           0  0.51s           2026-05-15T14:55:33
================================================================================
[2026-05-15T14:56:16.136+0000] {manager.py:878} INFO - 
================================================================================
DAG File Processing Stats

File Path                  PID    Runtime      # DAGs    # Errors  Last Runtime    Last Run
-------------------------  -----  ---------  --------  ----------  --------------  -------------------
/opt/airflow/dags/main.py                           3           0  0.51s           2026-05-15T14:56:04
================================================================================
[2026-05-15T14:56:46.141+0000] {manager.py:878} INFO - 
================================================================================
DAG File Processing Stats

File Path                  PID    Runtime      # DAGs    # Errors  Last Runtime    Last Run
-------------------------  -----  ---------  --------  ----------  --------------  -------------------
/opt/airflow/dags/main.py                           3           0  0.57s           2026-05-15T14:56:35
================================================================================
[2026-05-15T14:57:16.799+0000] {manager.py:878} INFO - 
================================================================================
DAG File Processing Stats

File Path                  PID    Runtime      # DAGs    # Errors  Last Runtime    Last Run
-------------------------  -----  ---------  --------  ----------  --------------  -------------------
/opt/airflow/dags/main.py                           3           0  0.50s           2026-05-15T14:57:05
================================================================================
[2026-05-15T14:57:47.365+0000] {manager.py:878} INFO - 
================================================================================
DAG File Processing Stats

File Path                  PID    Runtime      # DAGs    # Errors  Last Runtime    Last Run
-------------------------  -----  ---------  --------  ----------  --------------  -------------------
/opt/airflow/dags/main.py                           3           0  0.47s           2026-05-15T14:57:36
================================================================================
[2026-05-15T14:57:56.503+0000] {manager.py:737} INFO - Searching for files in /opt/airflow/dags
[2026-05-15T14:57:58.152+0000] {manager.py:740} INFO - There are 1 files in /opt/airflow/dags
[2026-05-15T14:58:17.474+0000] {manager.py:878} INFO - 
================================================================================
DAG File Processing Stats

File Path                  PID    Runtime      # DAGs    # Errors  Last Runtime    Last Run
-------------------------  -----  ---------  --------  ----------  --------------  -------------------
/opt/airflow/dags/main.py                           3           0  1.80s           2026-05-15T14:58:09
================================================================================
[2026-05-15T14:58:48.001+0000] {manager.py:878} INFO - 
================================================================================
DAG File Processing Stats

File Path                  PID    Runtime      # DAGs    # Errors  Last Runtime    Last Run
-------------------------  -----  ---------  --------  ----------  --------------  -------------------
/opt/airflow/dags/main.py                           3           0  1.12s           2026-05-15T14:58:40
================================================================================
[2026-05-15T14:59:18.700+0000] {manager.py:878} INFO - 
================================================================================
DAG File Processing Stats

File Path                  PID    Runtime      # DAGs    # Errors  Last Runtime    Last Run
-------------------------  -----  ---------  --------  ----------  --------------  -------------------
/opt/airflow/dags/main.py                           3           0  0.51s           2026-05-15T14:59:11
================================================================================
[2026-05-15T14:59:49.361+0000] {manager.py:878} INFO - 
================================================================================
DAG File Processing Stats

File Path                  PID    Runtime      # DAGs    # Errors  Last Runtime    Last Run
-------------------------  -----  ---------  --------  ----------  --------------  -------------------
/opt/airflow/dags/main.py                           3           0  0.61s           2026-05-15T14:59:42
================================================================================
[2026-05-15T15:00:19.693+0000] {manager.py:878} INFO - 
================================================================================
DAG File Processing Stats

File Path                  PID    Runtime      # DAGs    # Errors  Last Runtime    Last Run
-------------------------  -----  ---------  --------  ----------  --------------  -------------------
/opt/airflow/dags/main.py                           3           0  0.82s           2026-05-15T15:00:13
================================================================================
[2026-05-15T15:00:50.203+0000] {manager.py:878} INFO - 
================================================================================
DAG File Processing Stats

File Path                  PID    Runtime      # DAGs    # Errors  Last Runtime    Last Run
-------------------------  -----  ---------  --------  ----------  --------------  -------------------
/opt/airflow/dags/main.py                           3           0  0.55s           2026-05-15T15:00:44
================================================================================
[2026-05-15T15:01:20.923+0000] {manager.py:878} INFO - 
================================================================================
DAG File Processing Stats

File Path                  PID    Runtime      # DAGs    # Errors  Last Runtime    Last Run
-------------------------  -----  ---------  --------  ----------  --------------  -------------------
/opt/airflow/dags/main.py                           3           0  1.00s           2026-05-15T15:01:15
================================================================================
[2026-05-15T15:01:51.084+0000] {manager.py:878} INFO - 
================================================================================
DAG File Processing Stats

File Path                  PID    Runtime      # DAGs    # Errors  Last Runtime    Last Run
-------------------------  -----  ---------  --------  ----------  --------------  -------------------
/opt/airflow/dags/main.py                           3           0  0.58s           2026-05-15T15:01:46
================================================================================
[2026-05-15T15:02:21.249+0000] {manager.py:878} INFO - 
================================================================================
DAG File Processing Stats

File Path                  PID    Runtime      # DAGs    # Errors  Last Runtime    Last Run
-------------------------  -----  ---------  --------  ----------  --------------  -------------------
/opt/airflow/dags/main.py                           3           0  2.26s           2026-05-15T15:02:19
================================================================================
[2026-05-15T15:02:51.811+0000] {manager.py:878} INFO - 
================================================================================
DAG File Processing Stats

File Path                    PID  Runtime      # DAGs    # Errors  Last Runtime    Last Run
-------------------------  -----  ---------  --------  ----------  --------------  -------------------
/opt/airflow/dags/main.py    501  2.07s             3           0  2.26s           2026-05-15T15:02:19
================================================================================
[2026-05-15T15:02:56.701+0000] {manager.py:737} INFO - Searching for files in /opt/airflow/dags
[2026-05-15T15:02:59.981+0000] {manager.py:740} INFO - There are 1 files in /opt/airflow/dags
[2026-05-15T15:03:22.309+0000] {manager.py:878} INFO - 
================================================================================
DAG File Processing Stats

File Path                  PID    Runtime      # DAGs    # Errors  Last Runtime    Last Run
-------------------------  -----  ---------  --------  ----------  --------------  -------------------
/opt/airflow/dags/main.py                           3           0  2.88s           2026-05-15T15:02:52
================================================================================
[2026-05-15T15:03:52.834+0000] {manager.py:878} INFO - 
================================================================================
DAG File Processing Stats

File Path                  PID    Runtime      # DAGs    # Errors  Last Runtime    Last Run
-------------------------  -----  ---------  --------  ----------  --------------  -------------------
/opt/airflow/dags/main.py                           3           0  1.06s           2026-05-15T15:03:24
================================================================================
[2026-05-15T15:04:23.176+0000] {manager.py:878} INFO - 
================================================================================
DAG File Processing Stats

File Path                  PID    Runtime      # DAGs    # Errors  Last Runtime    Last Run
-------------------------  -----  ---------  --------  ----------  --------------  -------------------
/opt/airflow/dags/main.py                           3           0  0.50s           2026-05-15T15:03:55
================================================================================
[2026-05-15T15:04:53.231+0000] {manager.py:878} INFO - 
================================================================================
DAG File Processing Stats

File Path                  PID    Runtime      # DAGs    # Errors  Last Runtime    Last Run
-------------------------  -----  ---------  --------  ----------  --------------  -------------------
/opt/airflow/dags/main.py                           3           0  2.85s           2026-05-15T15:04:28
================================================================================
[2026-05-15T15:05:23.275+0000] {manager.py:878} INFO - 
================================================================================
DAG File Processing Stats

File Path                  PID    Runtime      # DAGs    # Errors  Last Runtime    Last Run
-------------------------  -----  ---------  --------  ----------  --------------  -------------------
/opt/airflow/dags/main.py                           3           0  1.17s           2026-05-15T15:04:59
================================================================================
[2026-05-15T15:05:53.658+0000] {manager.py:878} INFO - 
================================================================================
DAG File Processing Stats

File Path                  PID    Runtime      # DAGs    # Errors  Last Runtime    Last Run
-------------------------  -----  ---------  --------  ----------  --------------  -------------------
/opt/airflow/dags/main.py                           3           0  0.47s           2026-05-15T15:05:30
================================================================================
[2026-05-15T15:06:23.738+0000] {manager.py:878} INFO - 
================================================================================
DAG File Processing Stats

File Path                  PID    Runtime      # DAGs    # Errors  Last Runtime    Last Run
-------------------------  -----  ---------  --------  ----------  --------------  -------------------
/opt/airflow/dags/main.py                           3           0  0.55s           2026-05-15T15:06:01
================================================================================
[2026-05-15T15:06:53.758+0000] {manager.py:878} INFO - 
================================================================================
DAG File Processing Stats

File Path                  PID    Runtime      # DAGs    # Errors  Last Runtime    Last Run
-------------------------  -----  ---------  --------  ----------  --------------  -------------------
/opt/airflow/dags/main.py                           3           0  0.58s           2026-05-15T15:06:32
================================================================================
[2026-05-15T15:07:24.323+0000] {manager.py:878} INFO - 
================================================================================
DAG File Processing Stats

File Path                  PID    Runtime      # DAGs    # Errors  Last Runtime    Last Run
-------------------------  -----  ---------  --------  ----------  --------------  -------------------
/opt/airflow/dags/main.py                           3           0  0.90s           2026-05-15T15:07:03
================================================================================
[2026-05-15T15:07:54.859+0000] {manager.py:878} INFO - 
================================================================================
DAG File Processing Stats

File Path                  PID    Runtime      # DAGs    # Errors  Last Runtime    Last Run
-------------------------  -----  ---------  --------  ----------  --------------  -------------------
/opt/airflow/dags/main.py                           3           0  0.88s           2026-05-15T15:07:35
================================================================================
[2026-05-15T15:07:56.945+0000] {manager.py:737} INFO - Searching for files in /opt/airflow/dags
[2026-05-15T15:07:58.086+0000] {manager.py:740} INFO - There are 1 files in /opt/airflow/dags
[2026-05-15T15:08:25.614+0000] {manager.py:878} INFO - 
================================================================================
DAG File Processing Stats

File Path                  PID    Runtime      # DAGs    # Errors  Last Runtime    Last Run
-------------------------  -----  ---------  --------  ----------  --------------  -------------------
/opt/airflow/dags/main.py                           3           0  0.76s           2026-05-15T15:08:07
================================================================================
[2026-05-15T15:08:55.723+0000] {manager.py:878} INFO - 
================================================================================
DAG File Processing Stats

File Path                  PID    Runtime      # DAGs    # Errors  Last Runtime    Last Run
-------------------------  -----  ---------  --------  ----------  --------------  -------------------
/opt/airflow/dags/main.py                           3           0  0.53s           2026-05-15T15:08:38
================================================================================
[2026-05-15T15:09:26.233+0000] {manager.py:878} INFO - 
================================================================================
DAG File Processing Stats

File Path                  PID    Runtime      # DAGs    # Errors  Last Runtime    Last Run
-------------------------  -----  ---------  --------  ----------  --------------  -------------------
/opt/airflow/dags/main.py                           3           0  0.93s           2026-05-15T15:09:09
================================================================================
[2026-05-15T15:09:56.264+0000] {manager.py:878} INFO - 
================================================================================
DAG File Processing Stats

File Path                  PID    Runtime      # DAGs    # Errors  Last Runtime    Last Run
-------------------------  -----  ---------  --------  ----------  --------------  -------------------
/opt/airflow/dags/main.py                           3           0  1.43s           2026-05-15T15:09:41
================================================================================
[2026-05-15T15:10:26.639+0000] {manager.py:878} INFO - 
================================================================================
DAG File Processing Stats

File Path                  PID    Runtime      # DAGs    # Errors  Last Runtime    Last Run
-------------------------  -----  ---------  --------  ----------  --------------  -------------------
/opt/airflow/dags/main.py                           3           0  0.86s           2026-05-15T15:10:12
================================================================================
[2026-05-15T15:10:57.311+0000] {manager.py:878} INFO - 
================================================================================
DAG File Processing Stats

File Path                  PID    Runtime      # DAGs    # Errors  Last Runtime    Last Run
-------------------------  -----  ---------  --------  ----------  --------------  -------------------
/opt/airflow/dags/main.py                           3           0  1.04s           2026-05-15T15:10:44
================================================================================
[2026-05-15T15:11:27.706+0000] {manager.py:878} INFO - 
================================================================================
DAG File Processing Stats

File Path                  PID    Runtime      # DAGs    # Errors  Last Runtime    Last Run
-------------------------  -----  ---------  --------  ----------  --------------  -------------------
/opt/airflow/dags/main.py                           3           0  0.86s           2026-05-15T15:11:15
================================================================================
[2026-05-15T15:11:58.399+0000] {manager.py:878} INFO - 
================================================================================
DAG File Processing Stats

File Path                  PID    Runtime      # DAGs    # Errors  Last Runtime    Last Run
-------------------------  -----  ---------  --------  ----------  --------------  -------------------
/opt/airflow/dags/main.py                           3           0  0.82s           2026-05-15T15:11:46
================================================================================
[2026-05-15T15:12:29.088+0000] {manager.py:878} INFO - 
================================================================================
DAG File Processing Stats

File Path                  PID    Runtime      # DAGs    # Errors  Last Runtime    Last Run
-------------------------  -----  ---------  --------  ----------  --------------  -------------------
/opt/airflow/dags/main.py                           3           0  1.26s           2026-05-15T15:12:19
================================================================================
[2026-05-15T15:12:57.488+0000] {manager.py:737} INFO - Searching for files in /opt/airflow/dags
[2026-05-15T15:12:58.255+0000] {manager.py:740} INFO - There are 1 files in /opt/airflow/dags
[2026-05-15T15:12:59.370+0000] {manager.py:878} INFO - 
================================================================================
DAG File Processing Stats

File Path                  PID    Runtime      # DAGs    # Errors  Last Runtime    Last Run
-------------------------  -----  ---------  --------  ----------  --------------  -------------------
/opt/airflow/dags/main.py                           3           0  0.80s           2026-05-15T15:12:50
================================================================================
[2026-05-15T15:13:29.738+0000] {manager.py:878} INFO - 
================================================================================
DAG File Processing Stats

File Path                  PID    Runtime      # DAGs    # Errors  Last Runtime    Last Run
-------------------------  -----  ---------  --------  ----------  --------------  -------------------
/opt/airflow/dags/main.py                           3           0  0.75s           2026-05-15T15:13:21
================================================================================
[2026-05-15T15:13:59.751+0000] {manager.py:878} INFO - 
================================================================================
DAG File Processing Stats

File Path                  PID    Runtime      # DAGs    # Errors  Last Runtime    Last Run
-------------------------  -----  ---------  --------  ----------  --------------  -------------------
/opt/airflow/dags/main.py                           3           0  0.73s           2026-05-15T15:13:52
================================================================================
[2026-05-15T15:14:30.220+0000] {manager.py:878} INFO - 
================================================================================
DAG File Processing Stats

File Path                  PID    Runtime      # DAGs    # Errors  Last Runtime    Last Run
-------------------------  -----  ---------  --------  ----------  --------------  -------------------
/opt/airflow/dags/main.py                           3           0  0.91s           2026-05-15T15:14:24
================================================================================
[2026-05-15T15:15:00.249+0000] {manager.py:878} INFO - 
================================================================================
DAG File Processing Stats

File Path                  PID    Runtime      # DAGs    # Errors  Last Runtime    Last Run
-------------------------  -----  ---------  --------  ----------  --------------  -------------------
/opt/airflow/dags/main.py                           3           0  1.02s           2026-05-15T15:14:55
================================================================================
[2026-05-15T15:15:30.354+0000] {manager.py:878} INFO - 
================================================================================
DAG File Processing Stats

File Path                  PID    Runtime      # DAGs    # Errors  Last Runtime    Last Run
-------------------------  -----  ---------  --------  ----------  --------------  -------------------
/opt/airflow/dags/main.py                           3           0  0.80s           2026-05-15T15:15:26
================================================================================
[2026-05-15T15:16:00.939+0000] {manager.py:878} INFO - 
================================================================================
DAG File Processing Stats

File Path                  PID    Runtime      # DAGs    # Errors  Last Runtime    Last Run
-------------------------  -----  ---------  --------  ----------  --------------  -------------------
/opt/airflow/dags/main.py                           3           0  1.00s           2026-05-15T15:15:57
================================================================================
[2026-05-15T15:16:30.980+0000] {manager.py:878} INFO - 
================================================================================
DAG File Processing Stats

File Path                  PID    Runtime      # DAGs    # Errors  Last Runtime    Last Run
-------------------------  -----  ---------  --------  ----------  --------------  -------------------
/opt/airflow/dags/main.py                           3           0  1.01s           2026-05-15T15:16:28
================================================================================
[2026-05-15T15:17:01.726+0000] {manager.py:878} INFO - 
================================================================================
DAG File Processing Stats

File Path                  PID    Runtime      # DAGs    # Errors  Last Runtime    Last Run
-------------------------  -----  ---------  --------  ----------  --------------  -------------------
/opt/airflow/dags/main.py                           3           0  0.76s           2026-05-15T15:16:59
================================================================================
[2026-05-15T15:17:32.124+0000] {manager.py:878} INFO - 
================================================================================
DAG File Processing Stats

File Path                  PID    Runtime      # DAGs    # Errors  Last Runtime    Last Run
-------------------------  -----  ---------  --------  ----------  --------------  -------------------
/opt/airflow/dags/main.py                           3           0  0.82s           2026-05-15T15:17:31
================================================================================
[2026-05-15T15:17:57.622+0000] {manager.py:737} INFO - Searching for files in /opt/airflow/dags
[2026-05-15T15:17:58.908+0000] {manager.py:740} INFO - There are 1 files in /opt/airflow/dags
[2026-05-15T15:18:02.186+0000] {manager.py:878} INFO - 
================================================================================
DAG File Processing Stats

File Path                    PID  Runtime      # DAGs    # Errors  Last Runtime    Last Run
-------------------------  -----  ---------  --------  ----------  --------------  -------------------
/opt/airflow/dags/main.py    727  0.11s             3           0  0.82s           2026-05-15T15:17:31
================================================================================
[2026-05-15T15:18:32.275+0000] {manager.py:878} INFO - 
================================================================================
DAG File Processing Stats

File Path                  PID    Runtime      # DAGs    # Errors  Last Runtime    Last Run
-------------------------  -----  ---------  --------  ----------  --------------  -------------------
/opt/airflow/dags/main.py                           3           0  0.72s           2026-05-15T15:18:02
================================================================================
[2026-05-15T15:19:02.780+0000] {manager.py:878} INFO - 
================================================================================
DAG File Processing Stats

File Path                  PID    Runtime      # DAGs    # Errors  Last Runtime    Last Run
-------------------------  -----  ---------  --------  ----------  --------------  -------------------
/opt/airflow/dags/main.py                           3           0  0.82s           2026-05-15T15:18:34
================================================================================
[2026-05-15T15:19:33.345+0000] {manager.py:878} INFO - 
================================================================================
DAG File Processing Stats

File Path                  PID    Runtime      # DAGs    # Errors  Last Runtime    Last Run
-------------------------  -----  ---------  --------  ----------  --------------  -------------------
/opt/airflow/dags/main.py                           3           0  0.87s           2026-05-15T15:19:05
================================================================================
[2026-05-15T15:20:03.550+0000] {manager.py:878} INFO - 
================================================================================
DAG File Processing Stats

File Path                  PID    Runtime      # DAGs    # Errors  Last Runtime    Last Run
-------------------------  -----  ---------  --------  ----------  --------------  -------------------
/opt/airflow/dags/main.py                           3           0  0.64s           2026-05-15T15:19:36
================================================================================
[2026-05-15T15:20:33.748+0000] {manager.py:878} INFO - 
================================================================================
DAG File Processing Stats

File Path                  PID    Runtime      # DAGs    # Errors  Last Runtime    Last Run
-------------------------  -----  ---------  --------  ----------  --------------  -------------------
/opt/airflow/dags/main.py                           3           0  0.79s           2026-05-15T15:20:07
================================================================================
[2026-05-15T15:21:03.787+0000] {manager.py:878} INFO - 
================================================================================
DAG File Processing Stats

File Path                  PID    Runtime      # DAGs    # Errors  Last Runtime    Last Run
-------------------------  -----  ---------  --------  ----------  --------------  -------------------
/opt/airflow/dags/main.py                           3           0  1.31s           2026-05-15T15:20:38
================================================================================
[2026-05-15T15:21:34.012+0000] {manager.py:878} INFO - 
================================================================================
DAG File Processing Stats

File Path                  PID    Runtime      # DAGs    # Errors  Last Runtime    Last Run
-------------------------  -----  ---------  --------  ----------  --------------  -------------------
/opt/airflow/dags/main.py                           3           0  0.66s           2026-05-15T15:21:09
================================================================================
[2026-05-15T15:22:04.018+0000] {manager.py:878} INFO - 
================================================================================
DAG File Processing Stats

File Path                  PID    Runtime      # DAGs    # Errors  Last Runtime    Last Run
-------------------------  -----  ---------  --------  ----------  --------------  -------------------
/opt/airflow/dags/main.py                           3           0  0.97s           2026-05-15T15:21:40
================================================================================
[2026-05-15T15:22:34.658+0000] {manager.py:878} INFO - 
================================================================================
DAG File Processing Stats

File Path                  PID    Runtime      # DAGs    # Errors  Last Runtime    Last Run
-------------------------  -----  ---------  --------  ----------  --------------  -------------------
/opt/airflow/dags/main.py                           3           0  0.61s           2026-05-15T15:22:11
================================================================================
[2026-05-15T15:22:58.001+0000] {manager.py:737} INFO - Searching for files in /opt/airflow/dags
[2026-05-15T15:22:58.877+0000] {manager.py:740} INFO - There are 1 files in /opt/airflow/dags
[2026-05-15T15:23:04.955+0000] {manager.py:878} INFO - 
================================================================================
DAG File Processing Stats

File Path                  PID    Runtime      # DAGs    # Errors  Last Runtime    Last Run
-------------------------  -----  ---------  --------  ----------  --------------  -------------------
/opt/airflow/dags/main.py                           3           0  0.90s           2026-05-15T15:22:42
================================================================================
[2026-05-15T15:23:35.313+0000] {manager.py:878} INFO - 
================================================================================
DAG File Processing Stats

File Path                  PID    Runtime      # DAGs    # Errors  Last Runtime    Last Run
-------------------------  -----  ---------  --------  ----------  --------------  -------------------
/opt/airflow/dags/main.py                           3           0  0.49s           2026-05-15T15:23:13
================================================================================
[2026-05-15T15:24:05.596+0000] {manager.py:878} INFO - 
================================================================================
DAG File Processing Stats

File Path                  PID    Runtime      # DAGs    # Errors  Last Runtime    Last Run
-------------------------  -----  ---------  --------  ----------  --------------  -------------------
/opt/airflow/dags/main.py                           3           0  0.50s           2026-05-15T15:23:44
================================================================================
[2026-05-15T15:24:36.369+0000] {manager.py:878} INFO - 
================================================================================
DAG File Processing Stats

File Path                  PID    Runtime      # DAGs    # Errors  Last Runtime    Last Run
-------------------------  -----  ---------  --------  ----------  --------------  -------------------
/opt/airflow/dags/main.py                           3           0  0.59s           2026-05-15T15:24:15
================================================================================
[2026-05-15T15:25:06.632+0000] {manager.py:878} INFO - 
================================================================================
DAG File Processing Stats

File Path                  PID    Runtime      # DAGs    # Errors  Last Runtime    Last Run
-------------------------  -----  ---------  --------  ----------  --------------  -------------------
/opt/airflow/dags/main.py                           3           0  0.93s           2026-05-15T15:24:46
================================================================================
[2026-05-15T15:25:36.998+0000] {manager.py:878} INFO - 
================================================================================
DAG File Processing Stats

File Path                  PID    Runtime      # DAGs    # Errors  Last Runtime    Last Run
-------------------------  -----  ---------  --------  ----------  --------------  -------------------
/opt/airflow/dags/main.py                           3           0  0.44s           2026-05-15T15:25:17
================================================================================
[2026-05-15T15:26:07.287+0000] {manager.py:878} INFO - 
================================================================================
DAG File Processing Stats

File Path                  PID    Runtime      # DAGs    # Errors  Last Runtime    Last Run
-------------------------  -----  ---------  --------  ----------  --------------  -------------------
/opt/airflow/dags/main.py                           3           0  0.53s           2026-05-15T15:25:48
================================================================================
[2026-05-15T15:26:37.336+0000] {manager.py:878} INFO - 
================================================================================
DAG File Processing Stats

File Path                  PID    Runtime      # DAGs    # Errors  Last Runtime    Last Run
-------------------------  -----  ---------  --------  ----------  --------------  -------------------
/opt/airflow/dags/main.py                           3           0  0.77s           2026-05-15T15:26:19
================================================================================
[2026-05-15T15:27:07.623+0000] {manager.py:878} INFO - 
================================================================================
DAG File Processing Stats

File Path                  PID    Runtime      # DAGs    # Errors  Last Runtime    Last Run
-------------------------  -----  ---------  --------  ----------  --------------  -------------------
/opt/airflow/dags/main.py                           3           0  0.57s           2026-05-15T15:26:50
================================================================================
[2026-05-15T15:27:37.936+0000] {manager.py:878} INFO - 
================================================================================
DAG File Processing Stats

File Path                  PID    Runtime      # DAGs    # Errors  Last Runtime    Last Run
-------------------------  -----  ---------  --------  ----------  --------------  -------------------
/opt/airflow/dags/main.py                           3           0  0.81s           2026-05-15T15:27:21
================================================================================
[2026-05-15T15:27:58.450+0000] {manager.py:737} INFO - Searching for files in /opt/airflow/dags
[2026-05-15T15:27:59.003+0000] {manager.py:740} INFO - There are 1 files in /opt/airflow/dags
[2026-05-15T15:28:08.202+0000] {manager.py:878} INFO - 
================================================================================
DAG File Processing Stats

File Path                  PID    Runtime      # DAGs    # Errors  Last Runtime    Last Run
-------------------------  -----  ---------  --------  ----------  --------------  -------------------
/opt/airflow/dags/main.py                           3           0  0.46s           2026-05-15T15:27:51
================================================================================
[2026-05-15T15:28:38.584+0000] {manager.py:878} INFO - 
================================================================================
DAG File Processing Stats

File Path                  PID    Runtime      # DAGs    # Errors  Last Runtime    Last Run
-------------------------  -----  ---------  --------  ----------  --------------  -------------------
/opt/airflow/dags/main.py                           3           0  0.47s           2026-05-15T15:28:22
================================================================================
[2026-05-15T15:29:08.801+0000] {manager.py:878} INFO - 
================================================================================
DAG File Processing Stats

File Path                  PID    Runtime      # DAGs    # Errors  Last Runtime    Last Run
-------------------------  -----  ---------  --------  ----------  --------------  -------------------
/opt/airflow/dags/main.py                           3           0  0.54s           2026-05-15T15:28:53
================================================================================
[2026-05-15T15:29:39.031+0000] {manager.py:878} INFO - 
================================================================================
DAG File Processing Stats

File Path                  PID    Runtime      # DAGs    # Errors  Last Runtime    Last Run
-------------------------  -----  ---------  --------  ----------  --------------  -------------------
/opt/airflow/dags/main.py                           3           0  0.91s           2026-05-15T15:29:24
================================================================================
[2026-05-15T15:30:09.300+0000] {manager.py:878} INFO - 
================================================================================
DAG File Processing Stats

File Path                  PID    Runtime      # DAGs    # Errors  Last Runtime    Last Run
-------------------------  -----  ---------  --------  ----------  --------------  -------------------
/opt/airflow/dags/main.py                           3           0  0.52s           2026-05-15T15:29:55
================================================================================
[2026-05-15T15:30:39.565+0000] {manager.py:878} INFO - 
================================================================================
DAG File Processing Stats

File Path                  PID    Runtime      # DAGs    # Errors  Last Runtime    Last Run
-------------------------  -----  ---------  --------  ----------  --------------  -------------------
/opt/airflow/dags/main.py                           3           0  0.48s           2026-05-15T15:30:26
================================================================================
[2026-05-15T15:31:09.919+0000] {manager.py:878} INFO - 
================================================================================
DAG File Processing Stats

File Path                  PID    Runtime      # DAGs    # Errors  Last Runtime    Last Run
-------------------------  -----  ---------  --------  ----------  --------------  -------------------
/opt/airflow/dags/main.py                           3           0  0.48s           2026-05-15T15:30:57
================================================================================
[2026-05-15T15:31:40.087+0000] {manager.py:878} INFO - 
================================================================================
DAG File Processing Stats

File Path                  PID    Runtime      # DAGs    # Errors  Last Runtime    Last Run
-------------------------  -----  ---------  --------  ----------  --------------  -------------------
/opt/airflow/dags/main.py                           3           0  0.48s           2026-05-15T15:31:27
================================================================================
[2026-05-15T15:32:10.352+0000] {manager.py:878} INFO - 
================================================================================
DAG File Processing Stats

File Path                  PID    Runtime      # DAGs    # Errors  Last Runtime    Last Run
-------------------------  -----  ---------  --------  ----------  --------------  -------------------
/opt/airflow/dags/main.py                           3           0  1.12s           2026-05-15T15:31:59
================================================================================
[2026-05-15T15:32:40.694+0000] {manager.py:878} INFO - 
================================================================================
DAG File Processing Stats

File Path                  PID    Runtime      # DAGs    # Errors  Last Runtime    Last Run
-------------------------  -----  ---------  --------  ----------  --------------  -------------------
/opt/airflow/dags/main.py                           3           0  0.43s           2026-05-15T15:32:29
================================================================================
[2026-05-15T15:32:58.863+0000] {manager.py:737} INFO - Searching for files in /opt/airflow/dags
[2026-05-15T15:32:59.247+0000] {manager.py:740} INFO - There are 1 files in /opt/airflow/dags
[2026-05-15T15:33:10.898+0000] {manager.py:878} INFO - 
================================================================================
DAG File Processing Stats

File Path                  PID    Runtime      # DAGs    # Errors  Last Runtime    Last Run
-------------------------  -----  ---------  --------  ----------  --------------  -------------------
/opt/airflow/dags/main.py                           3           0  0.49s           2026-05-15T15:33:00
================================================================================
[2026-05-15T15:33:41.663+0000] {manager.py:878} INFO - 
================================================================================
DAG File Processing Stats

File Path                  PID    Runtime      # DAGs    # Errors  Last Runtime    Last Run
-------------------------  -----  ---------  --------  ----------  --------------  -------------------
/opt/airflow/dags/main.py                           3           0  0.55s           2026-05-15T15:33:31
================================================================================
[2026-05-15T15:34:12.000+0000] {manager.py:878} INFO - 
================================================================================
DAG File Processing Stats

File Path                  PID    Runtime      # DAGs    # Errors  Last Runtime    Last Run
-------------------------  -----  ---------  --------  ----------  --------------  -------------------
/opt/airflow/dags/main.py                           3           0  0.48s           2026-05-15T15:34:02
================================================================================
[2026-05-15T15:34:42.189+0000] {manager.py:878} INFO - 
================================================================================
DAG File Processing Stats

File Path                  PID    Runtime      # DAGs    # Errors  Last Runtime    Last Run
-------------------------  -----  ---------  --------  ----------  --------------  -------------------
/opt/airflow/dags/main.py                           3           0  0.47s           2026-05-15T15:34:33
================================================================================
[2026-05-15T15:35:13.026+0000] {manager.py:878} INFO - 
================================================================================
DAG File Processing Stats

File Path                  PID    Runtime      # DAGs    # Errors  Last Runtime    Last Run
-------------------------  -----  ---------  --------  ----------  --------------  -------------------
/opt/airflow/dags/main.py                           3           0  0.50s           2026-05-15T15:35:03
================================================================================
[2026-05-15T15:35:43.556+0000] {manager.py:878} INFO - 
================================================================================
DAG File Processing Stats

File Path                  PID    Runtime      # DAGs    # Errors  Last Runtime    Last Run
-------------------------  -----  ---------  --------  ----------  --------------  -------------------
/opt/airflow/dags/main.py                           3           0  1.99s           2026-05-15T15:35:37
================================================================================
[2026-05-15T15:36:14.179+0000] {manager.py:878} INFO - 
================================================================================
DAG File Processing Stats

File Path                  PID    Runtime      # DAGs    # Errors  Last Runtime    Last Run
-------------------------  -----  ---------  --------  ----------  --------------  -------------------
/opt/airflow/dags/main.py                           3           0  0.51s           2026-05-15T15:36:08
================================================================================
[2026-05-15T15:36:44.367+0000] {manager.py:878} INFO - 
================================================================================
DAG File Processing Stats

File Path                  PID    Runtime      # DAGs    # Errors  Last Runtime    Last Run
-------------------------  -----  ---------  --------  ----------  --------------  -------------------
/opt/airflow/dags/main.py                           3           0  0.92s           2026-05-15T15:36:39
================================================================================
[2026-05-15T15:37:14.826+0000] {manager.py:878} INFO - 
================================================================================
DAG File Processing Stats

File Path                  PID    Runtime      # DAGs    # Errors  Last Runtime    Last Run
-------------------------  -----  ---------  --------  ----------  --------------  -------------------
/opt/airflow/dags/main.py                           3           0  0.51s           2026-05-15T15:37:10
================================================================================
[2026-05-15T15:37:45.377+0000] {manager.py:878} INFO - 
================================================================================
DAG File Processing Stats

File Path                  PID    Runtime      # DAGs    # Errors  Last Runtime    Last Run
-------------------------  -----  ---------  --------  ----------  --------------  -------------------
/opt/airflow/dags/main.py                           3           0  0.49s           2026-05-15T15:37:40
================================================================================
[2026-05-15T15:37:59.477+0000] {manager.py:737} INFO - Searching for files in /opt/airflow/dags
[2026-05-15T15:37:59.722+0000] {manager.py:740} INFO - There are 1 files in /opt/airflow/dags
[2026-05-15T15:38:15.497+0000] {manager.py:878} INFO - 
================================================================================
DAG File Processing Stats

File Path                  PID    Runtime      # DAGs    # Errors  Last Runtime    Last Run
-------------------------  -----  ---------  --------  ----------  --------------  -------------------
/opt/airflow/dags/main.py                           3           0  0.60s           2026-05-15T15:38:11
================================================================================
[2026-05-15T15:38:46.195+0000] {manager.py:878} INFO - 
================================================================================
DAG File Processing Stats

File Path                  PID    Runtime      # DAGs    # Errors  Last Runtime    Last Run
-------------------------  -----  ---------  --------  ----------  --------------  -------------------
/opt/airflow/dags/main.py                           3           0  0.46s           2026-05-15T15:38:42
================================================================================
[2026-05-15T15:39:16.508+0000] {manager.py:878} INFO - 
================================================================================
DAG File Processing Stats

File Path                  PID    Runtime      # DAGs    # Errors  Last Runtime    Last Run
-------------------------  -----  ---------  --------  ----------  --------------  -------------------
/opt/airflow/dags/main.py                           3           0  0.46s           2026-05-15T15:39:12
================================================================================
[2026-05-15T15:39:46.713+0000] {manager.py:878} INFO - 
================================================================================
DAG File Processing Stats

File Path                  PID    Runtime      # DAGs    # Errors  Last Runtime    Last Run
-------------------------  -----  ---------  --------  ----------  --------------  -------------------
/opt/airflow/dags/main.py                           3           0  0.49s           2026-05-15T15:39:43
================================================================================
[2026-05-15T15:40:17.481+0000] {manager.py:878} INFO - 
================================================================================
DAG File Processing Stats

File Path                  PID    Runtime      # DAGs    # Errors  Last Runtime    Last Run
-------------------------  -----  ---------  --------  ----------  --------------  -------------------
/opt/airflow/dags/main.py                           3           0  0.52s           2026-05-15T15:40:14
================================================================================
[2026-05-15T15:40:47.773+0000] {manager.py:878} INFO - 
================================================================================
DAG File Processing Stats

File Path                  PID    Runtime      # DAGs    # Errors  Last Runtime    Last Run
-------------------------  -----  ---------  --------  ----------  --------------  -------------------
/opt/airflow/dags/main.py                           3           0  0.48s           2026-05-15T15:40:45
================================================================================
[2026-05-15T15:41:18.018+0000] {manager.py:878} INFO - 
================================================================================
DAG File Processing Stats

File Path                  PID    Runtime      # DAGs    # Errors  Last Runtime    Last Run
-------------------------  -----  ---------  --------  ----------  --------------  -------------------
/opt/airflow/dags/main.py                           3           0  0.51s           2026-05-15T15:41:16
================================================================================
[2026-05-15T15:41:48.368+0000] {manager.py:878} INFO - 
================================================================================
DAG File Processing Stats

File Path                  PID    Runtime      # DAGs    # Errors  Last Runtime    Last Run
-------------------------  -----  ---------  --------  ----------  --------------  -------------------
/opt/airflow/dags/main.py                           3           0  0.62s           2026-05-15T15:41:46
================================================================================
[2026-05-15T15:42:18.637+0000] {manager.py:878} INFO - 
================================================================================
DAG File Processing Stats

File Path                  PID    Runtime      # DAGs    # Errors  Last Runtime    Last Run
-------------------------  -----  ---------  --------  ----------  --------------  -------------------
/opt/airflow/dags/main.py                           3           0  0.48s           2026-05-15T15:42:17
================================================================================
[2026-05-15T15:42:48.922+0000] {manager.py:878} INFO - 
================================================================================
DAG File Processing Stats

File Path                  PID    Runtime      # DAGs    # Errors  Last Runtime    Last Run
-------------------------  -----  ---------  --------  ----------  --------------  -------------------
/opt/airflow/dags/main.py                           3           0  0.48s           2026-05-15T15:42:48
================================================================================
[2026-05-15T15:42:59.490+0000] {manager.py:737} INFO - Searching for files in /opt/airflow/dags
[2026-05-15T15:42:59.898+0000] {manager.py:740} INFO - There are 1 files in /opt/airflow/dags
[2026-05-15T15:43:19.193+0000] {manager.py:878} INFO - 
================================================================================
DAG File Processing Stats

File Path                    PID  Runtime      # DAGs    # Errors  Last Runtime    Last Run
-------------------------  -----  ---------  --------  ----------  --------------  -------------------
/opt/airflow/dags/main.py   1079  0.02s             3           0  0.48s           2026-05-15T15:42:48
================================================================================
[2026-05-15T15:43:49.368+0000] {manager.py:878} INFO - 
================================================================================
DAG File Processing Stats

File Path                  PID    Runtime      # DAGs    # Errors  Last Runtime    Last Run
-------------------------  -----  ---------  --------  ----------  --------------  -------------------
/opt/airflow/dags/main.py                           3           0  0.86s           2026-05-15T15:43:20
================================================================================
[2026-05-15T15:44:19.807+0000] {manager.py:878} INFO - 
================================================================================
DAG File Processing Stats

File Path                  PID    Runtime      # DAGs    # Errors  Last Runtime    Last Run
-------------------------  -----  ---------  --------  ----------  --------------  -------------------
/opt/airflow/dags/main.py                           3           0  0.49s           2026-05-15T15:43:50
================================================================================
[2026-05-15T15:44:49.964+0000] {manager.py:878} INFO - 
================================================================================
DAG File Processing Stats

File Path                  PID    Runtime      # DAGs    # Errors  Last Runtime    Last Run
-------------------------  -----  ---------  --------  ----------  --------------  -------------------
/opt/airflow/dags/main.py                           3           0  0.58s           2026-05-15T15:44:21
================================================================================
[2026-05-15T15:45:20.744+0000] {manager.py:878} INFO - 
================================================================================
DAG File Processing Stats

File Path                  PID    Runtime      # DAGs    # Errors  Last Runtime    Last Run
-------------------------  -----  ---------  --------  ----------  --------------  -------------------
/opt/airflow/dags/main.py                           3           0  0.53s           2026-05-15T15:44:52
================================================================================
[2026-05-15T15:45:51.034+0000] {manager.py:878} INFO - 
================================================================================
DAG File Processing Stats

File Path                  PID    Runtime      # DAGs    # Errors  Last Runtime    Last Run
-------------------------  -----  ---------  --------  ----------  --------------  -------------------
/opt/airflow/dags/main.py                           3           0  0.45s           2026-05-15T15:45:23
================================================================================
[2026-05-15T15:46:21.226+0000] {manager.py:878} INFO - 
================================================================================
DAG File Processing Stats

File Path                  PID    Runtime      # DAGs    # Errors  Last Runtime    Last Run
-------------------------  -----  ---------  --------  ----------  --------------  -------------------
/opt/airflow/dags/main.py                           3           0  0.47s           2026-05-15T15:45:53
================================================================================
[2026-05-15T15:46:51.510+0000] {manager.py:878} INFO - 
================================================================================
DAG File Processing Stats

File Path                  PID    Runtime      # DAGs    # Errors  Last Runtime    Last Run
-------------------------  -----  ---------  --------  ----------  --------------  -------------------
/opt/airflow/dags/main.py                           3           0  0.51s           2026-05-15T15:46:24
================================================================================
[2026-05-15T15:47:21.760+0000] {manager.py:878} INFO - 
================================================================================
DAG File Processing Stats

File Path                  PID    Runtime      # DAGs    # Errors  Last Runtime    Last Run
-------------------------  -----  ---------  --------  ----------  --------------  -------------------
/opt/airflow/dags/main.py                           3           0  0.50s           2026-05-15T15:46:55
================================================================================
[2026-05-15T15:47:52.013+0000] {manager.py:878} INFO - 
================================================================================
DAG File Processing Stats

File Path                  PID    Runtime      # DAGs    # Errors  Last Runtime    Last Run
-------------------------  -----  ---------  --------  ----------  --------------  -------------------
/opt/airflow/dags/main.py                           3           0  0.46s           2026-05-15T15:47:26
================================================================================
[2026-05-15T15:48:00.080+0000] {manager.py:737} INFO - Searching for files in /opt/airflow/dags
[2026-05-15T15:48:00.284+0000] {manager.py:740} INFO - There are 1 files in /opt/airflow/dags
[2026-05-15T15:48:22.538+0000] {manager.py:878} INFO - 
================================================================================
DAG File Processing Stats

File Path                  PID    Runtime      # DAGs    # Errors  Last Runtime    Last Run
-------------------------  -----  ---------  --------  ----------  --------------  -------------------
/opt/airflow/dags/main.py                           3           0  0.47s           2026-05-15T15:47:57
================================================================================
[2026-05-15T15:48:52.882+0000] {manager.py:878} INFO - 
================================================================================
DAG File Processing Stats

File Path                  PID    Runtime      # DAGs    # Errors  Last Runtime    Last Run
-------------------------  -----  ---------  --------  ----------  --------------  -------------------
/opt/airflow/dags/main.py                           3           0  0.43s           2026-05-15T15:48:28
================================================================================
[2026-05-15T15:49:22.983+0000] {manager.py:878} INFO - 
================================================================================
DAG File Processing Stats

File Path                  PID    Runtime      # DAGs    # Errors  Last Runtime    Last Run
-------------------------  -----  ---------  --------  ----------  --------------  -------------------
/opt/airflow/dags/main.py                           3           0  0.51s           2026-05-15T15:48:58
================================================================================
[2026-05-15T15:49:53.066+0000] {manager.py:878} INFO - 
================================================================================
DAG File Processing Stats

File Path                  PID    Runtime      # DAGs    # Errors  Last Runtime    Last Run
-------------------------  -----  ---------  --------  ----------  --------------  -------------------
/opt/airflow/dags/main.py                           3           0  0.80s           2026-05-15T15:49:29
================================================================================
[2026-05-15T15:50:23.310+0000] {manager.py:878} INFO - 
================================================================================
DAG File Processing Stats

File Path                  PID    Runtime      # DAGs    # Errors  Last Runtime    Last Run
-------------------------  -----  ---------  --------  ----------  --------------  -------------------
/opt/airflow/dags/main.py                           3           0  0.50s           2026-05-15T15:50:00
================================================================================
[2026-05-15T15:50:53.457+0000] {manager.py:878} INFO - 
================================================================================
DAG File Processing Stats

File Path                  PID    Runtime      # DAGs    # Errors  Last Runtime    Last Run
-------------------------  -----  ---------  --------  ----------  --------------  -------------------
/opt/airflow/dags/main.py                           3           0  0.54s           2026-05-15T15:50:31
================================================================================
[2026-05-15T15:51:23.761+0000] {manager.py:878} INFO - 
================================================================================
DAG File Processing Stats

File Path                  PID    Runtime      # DAGs    # Errors  Last Runtime    Last Run
-------------------------  -----  ---------  --------  ----------  --------------  -------------------
/opt/airflow/dags/main.py                           3           0  0.53s           2026-05-15T15:51:02
================================================================================
[2026-05-15T15:51:53.959+0000] {manager.py:878} INFO - 
================================================================================
DAG File Processing Stats

File Path                  PID    Runtime      # DAGs    # Errors  Last Runtime    Last Run
-------------------------  -----  ---------  --------  ----------  --------------  -------------------
/opt/airflow/dags/main.py                           3           0  0.46s           2026-05-15T15:51:32
================================================================================
[2026-05-15T15:52:24.251+0000] {manager.py:878} INFO - 
================================================================================
DAG File Processing Stats

File Path                  PID    Runtime      # DAGs    # Errors  Last Runtime    Last Run
-------------------------  -----  ---------  --------  ----------  --------------  -------------------
/opt/airflow/dags/main.py                           3           0  0.47s           2026-05-15T15:52:03
================================================================================
[2026-05-15T15:52:54.496+0000] {manager.py:878} INFO - 
================================================================================
DAG File Processing Stats

File Path                  PID    Runtime      # DAGs    # Errors  Last Runtime    Last Run
-------------------------  -----  ---------  --------  ----------  --------------  -------------------
/opt/airflow/dags/main.py                           3           0  0.57s           2026-05-15T15:52:34
================================================================================
[2026-05-15T15:53:00.559+0000] {manager.py:737} INFO - Searching for files in /opt/airflow/dags
[2026-05-15T15:53:00.932+0000] {manager.py:740} INFO - There are 1 files in /opt/airflow/dags
[2026-05-15T15:53:24.647+0000] {manager.py:878} INFO - 
================================================================================
DAG File Processing Stats

File Path                  PID    Runtime      # DAGs    # Errors  Last Runtime    Last Run
-------------------------  -----  ---------  --------  ----------  --------------  -------------------
/opt/airflow/dags/main.py                           3           0  1.60s           2026-05-15T15:53:06
================================================================================
[2026-05-15T15:53:55.445+0000] {manager.py:878} INFO - 
================================================================================
DAG File Processing Stats

File Path                  PID    Runtime      # DAGs    # Errors  Last Runtime    Last Run
-------------------------  -----  ---------  --------  ----------  --------------  -------------------
/opt/airflow/dags/main.py                           3           0  0.52s           2026-05-15T15:53:37
================================================================================
[2026-05-15T15:54:26.072+0000] {manager.py:878} INFO - 
================================================================================
DAG File Processing Stats

File Path                  PID    Runtime      # DAGs    # Errors  Last Runtime    Last Run
-------------------------  -----  ---------  --------  ----------  --------------  -------------------
/opt/airflow/dags/main.py                           3           0  0.48s           2026-05-15T15:54:08
================================================================================
[2026-05-15T15:54:56.415+0000] {manager.py:878} INFO - 
================================================================================
DAG File Processing Stats

File Path                  PID    Runtime      # DAGs    # Errors  Last Runtime    Last Run
-------------------------  -----  ---------  --------  ----------  --------------  -------------------
/opt/airflow/dags/main.py                           3           0  1.02s           2026-05-15T15:54:39
================================================================================
[2026-05-15T15:55:26.893+0000] {manager.py:878} INFO - 
================================================================================
DAG File Processing Stats

File Path                  PID    Runtime      # DAGs    # Errors  Last Runtime    Last Run
-------------------------  -----  ---------  --------  ----------  --------------  -------------------
/opt/airflow/dags/main.py                           3           0  1.39s           2026-05-15T15:55:11
================================================================================
[2026-05-15T15:55:57.083+0000] {manager.py:878} INFO - 
================================================================================
DAG File Processing Stats

File Path                  PID    Runtime      # DAGs    # Errors  Last Runtime    Last Run
-------------------------  -----  ---------  --------  ----------  --------------  -------------------
/opt/airflow/dags/main.py                           3           0  0.68s           2026-05-15T15:55:41
================================================================================
[2026-05-15T15:56:28.071+0000] {manager.py:878} INFO - 
================================================================================
DAG File Processing Stats

File Path                  PID    Runtime      # DAGs    # Errors  Last Runtime    Last Run
-------------------------  -----  ---------  --------  ----------  --------------  -------------------
/opt/airflow/dags/main.py                           3           0  0.54s           2026-05-15T15:56:12
================================================================================
[2026-05-15T15:56:58.092+0000] {manager.py:878} INFO - 
================================================================================
DAG File Processing Stats

File Path                  PID    Runtime      # DAGs    # Errors  Last Runtime    Last Run
-------------------------  -----  ---------  --------  ----------  --------------  -------------------
/opt/airflow/dags/main.py                           3           0  0.54s           2026-05-15T15:56:43
================================================================================
[2026-05-15T15:57:28.129+0000] {manager.py:878} INFO - 
================================================================================
DAG File Processing Stats

File Path                  PID    Runtime      # DAGs    # Errors  Last Runtime    Last Run
-------------------------  -----  ---------  --------  ----------  --------------  -------------------
/opt/airflow/dags/main.py                           3           0  0.49s           2026-05-15T15:57:14
================================================================================
[2026-05-15T15:57:58.449+0000] {manager.py:878} INFO - 
================================================================================
DAG File Processing Stats

File Path                  PID    Runtime      # DAGs    # Errors  Last Runtime    Last Run
-------------------------  -----  ---------  --------  ----------  --------------  -------------------
/opt/airflow/dags/main.py                           3           0  0.53s           2026-05-15T15:57:45
================================================================================
[2026-05-15T15:58:00.978+0000] {manager.py:737} INFO - Searching for files in /opt/airflow/dags
[2026-05-15T15:58:01.204+0000] {manager.py:740} INFO - There are 1 files in /opt/airflow/dags
[2026-05-15T15:58:28.728+0000] {manager.py:878} INFO - 
================================================================================
DAG File Processing Stats

File Path                  PID    Runtime      # DAGs    # Errors  Last Runtime    Last Run
-------------------------  -----  ---------  --------  ----------  --------------  -------------------
/opt/airflow/dags/main.py                           3           0  0.52s           2026-05-15T15:58:16
================================================================================
[2026-05-15T15:58:58.971+0000] {manager.py:878} INFO - 
================================================================================
DAG File Processing Stats

File Path                  PID    Runtime      # DAGs    # Errors  Last Runtime    Last Run
-------------------------  -----  ---------  --------  ----------  --------------  -------------------
/opt/airflow/dags/main.py                           3           0  0.59s           2026-05-15T15:58:47
================================================================================
[2026-05-15T15:59:29.778+0000] {manager.py:878} INFO - 
================================================================================
DAG File Processing Stats

File Path                  PID    Runtime      # DAGs    # Errors  Last Runtime    Last Run
-------------------------  -----  ---------  --------  ----------  --------------  -------------------
/opt/airflow/dags/main.py                           3           0  0.63s           2026-05-15T15:59:18
================================================================================
[2026-05-15T16:00:00.212+0000] {manager.py:878} INFO - 
================================================================================
DAG File Processing Stats

File Path                  PID    Runtime      # DAGs    # Errors  Last Runtime    Last Run
-------------------------  -----  ---------  --------  ----------  --------------  -------------------
/opt/airflow/dags/main.py                           3           0  0.48s           2026-05-15T15:59:49
================================================================================
[2026-05-15T16:00:30.614+0000] {manager.py:878} INFO - 
================================================================================
DAG File Processing Stats

File Path                  PID    Runtime      # DAGs    # Errors  Last Runtime    Last Run
-------------------------  -----  ---------  --------  ----------  --------------  -------------------
/opt/airflow/dags/main.py                           3           0  0.91s           2026-05-15T16:00:20
================================================================================
[2026-05-15T16:01:01.041+0000] {manager.py:878} INFO - 
================================================================================
DAG File Processing Stats

File Path                  PID    Runtime      # DAGs    # Errors  Last Runtime    Last Run
-------------------------  -----  ---------  --------  ----------  --------------  -------------------
/opt/airflow/dags/main.py                           3           0  0.46s           2026-05-15T16:00:51
================================================================================
[2026-05-15T16:01:31.274+0000] {manager.py:878} INFO - 
================================================================================
DAG File Processing Stats

File Path                  PID    Runtime      # DAGs    # Errors  Last Runtime    Last Run
-------------------------  -----  ---------  --------  ----------  --------------  -------------------
/opt/airflow/dags/main.py                           3           0  0.54s           2026-05-15T16:01:22
================================================================================
[2026-05-15T16:02:01.952+0000] {manager.py:878} INFO - 
================================================================================
DAG File Processing Stats

File Path                  PID    Runtime      # DAGs    # Errors  Last Runtime    Last Run
-------------------------  -----  ---------  --------  ----------  --------------  -------------------
/opt/airflow/dags/main.py                           3           0  0.64s           2026-05-15T16:01:53
================================================================================
[2026-05-15T16:02:32.157+0000] {manager.py:878} INFO - 
================================================================================
DAG File Processing Stats

File Path                  PID    Runtime      # DAGs    # Errors  Last Runtime    Last Run
-------------------------  -----  ---------  --------  ----------  --------------  -------------------
/opt/airflow/dags/main.py                           3           0  0.50s           2026-05-15T16:02:24
================================================================================
[2026-05-15T16:03:01.911+0000] {manager.py:737} INFO - Searching for files in /opt/airflow/dags
[2026-05-15T16:03:02.132+0000] {manager.py:740} INFO - There are 1 files in /opt/airflow/dags
[2026-05-15T16:03:02.160+0000] {manager.py:878} INFO - 
================================================================================
DAG File Processing Stats

File Path                  PID    Runtime      # DAGs    # Errors  Last Runtime    Last Run
-------------------------  -----  ---------  --------  ----------  --------------  -------------------
/opt/airflow/dags/main.py                           3           0  0.53s           2026-05-15T16:02:54
================================================================================
[2026-05-15T16:03:32.535+0000] {manager.py:878} INFO - 
================================================================================
DAG File Processing Stats

File Path                  PID    Runtime      # DAGs    # Errors  Last Runtime    Last Run
-------------------------  -----  ---------  --------  ----------  --------------  -------------------
/opt/airflow/dags/main.py                           3           0  0.46s           2026-05-15T16:03:25
================================================================================
[2026-05-15T16:04:02.669+0000] {manager.py:878} INFO - 
================================================================================
DAG File Processing Stats

File Path                  PID    Runtime      # DAGs    # Errors  Last Runtime    Last Run
-------------------------  -----  ---------  --------  ----------  --------------  -------------------
/opt/airflow/dags/main.py                           3           0  0.50s           2026-05-15T16:03:56
================================================================================
[2026-05-15T16:04:33.433+0000] {manager.py:878} INFO - 
================================================================================
DAG File Processing Stats

File Path                  PID    Runtime      # DAGs    # Errors  Last Runtime    Last Run
-------------------------  -----  ---------  --------  ----------  --------------  -------------------
/opt/airflow/dags/main.py                           3           0  0.48s           2026-05-15T16:04:27
================================================================================
[2026-05-15T16:05:03.763+0000] {manager.py:878} INFO - 
================================================================================
DAG File Processing Stats

File Path                  PID    Runtime      # DAGs    # Errors  Last Runtime    Last Run
-------------------------  -----  ---------  --------  ----------  --------------  -------------------
/opt/airflow/dags/main.py                           3           0  0.46s           2026-05-15T16:04:58
================================================================================
[2026-05-15T16:05:33.844+0000] {manager.py:878} INFO - 
================================================================================
DAG File Processing Stats

File Path                  PID    Runtime      # DAGs    # Errors  Last Runtime    Last Run
-------------------------  -----  ---------  --------  ----------  --------------  -------------------
/opt/airflow/dags/main.py                           3           0  0.52s           2026-05-15T16:05:28
================================================================================
[2026-05-15T16:06:03.890+0000] {manager.py:878} INFO - 
================================================================================
DAG File Processing Stats

File Path                  PID    Runtime      # DAGs    # Errors  Last Runtime    Last Run
-------------------------  -----  ---------  --------  ----------  --------------  -------------------
/opt/airflow/dags/main.py                           3           0  0.77s           2026-05-15T16:05:59
================================================================================
[2026-05-15T16:06:34.194+0000] {manager.py:878} INFO - 
================================================================================
DAG File Processing Stats

File Path                  PID    Runtime      # DAGs    # Errors  Last Runtime    Last Run
-------------------------  -----  ---------  --------  ----------  --------------  -------------------
/opt/airflow/dags/main.py                           3           0  1.55s           2026-05-15T16:06:31
================================================================================
[2026-05-15T16:07:04.509+0000] {manager.py:878} INFO - 
================================================================================
DAG File Processing Stats

File Path                  PID    Runtime      # DAGs    # Errors  Last Runtime    Last Run
-------------------------  -----  ---------  --------  ----------  --------------  -------------------
/opt/airflow/dags/main.py                           3           0  0.56s           2026-05-15T16:07:02
================================================================================
[2026-05-15T16:07:34.987+0000] {manager.py:878} INFO - 
================================================================================
DAG File Processing Stats

File Path                  PID    Runtime      # DAGs    # Errors  Last Runtime    Last Run
-------------------------  -----  ---------  --------  ----------  --------------  -------------------
/opt/airflow/dags/main.py                           3           0  0.66s           2026-05-15T16:07:33
================================================================================
[2026-05-15T16:08:02.224+0000] {manager.py:737} INFO - Searching for files in /opt/airflow/dags
[2026-05-15T16:08:02.450+0000] {manager.py:740} INFO - There are 1 files in /opt/airflow/dags
[2026-05-15T16:08:05.119+0000] {manager.py:878} INFO - 
================================================================================
DAG File Processing Stats

File Path                  PID    Runtime      # DAGs    # Errors  Last Runtime    Last Run
-------------------------  -----  ---------  --------  ----------  --------------  -------------------
/opt/airflow/dags/main.py                           3           0  0.52s           2026-05-15T16:08:04
================================================================================
[2026-05-15T16:08:35.581+0000] {manager.py:878} INFO - 
================================================================================
DAG File Processing Stats

File Path                  PID    Runtime      # DAGs    # Errors  Last Runtime    Last Run
-------------------------  -----  ---------  --------  ----------  --------------  -------------------
/opt/airflow/dags/main.py                           3           0  0.44s           2026-05-15T16:08:34
================================================================================
[2026-05-15T16:09:05.973+0000] {manager.py:878} INFO - 
================================================================================
DAG File Processing Stats

File Path                  PID    Runtime      # DAGs    # Errors  Last Runtime    Last Run
-------------------------  -----  ---------  --------  ----------  --------------  -------------------
/opt/airflow/dags/main.py                           3           0  0.49s           2026-05-15T16:09:05
================================================================================
[2026-05-15T16:09:36.205+0000] {manager.py:878} INFO - 
================================================================================
DAG File Processing Stats

File Path                  PID    Runtime      # DAGs    # Errors  Last Runtime    Last Run
-------------------------  -----  ---------  --------  ----------  --------------  -------------------
/opt/airflow/dags/main.py                           3           0  0.48s           2026-05-15T16:09:36
================================================================================
[2026-05-15T16:10:06.630+0000] {manager.py:878} INFO - 
================================================================================
DAG File Processing Stats

File Path                    PID  Runtime      # DAGs    # Errors  Last Runtime    Last Run
-------------------------  -----  ---------  --------  ----------  --------------  -------------------
/opt/airflow/dags/main.py   1452  0.01s             3           0  0.48s           2026-05-15T16:09:36
================================================================================
[2026-05-15T16:10:37.444+0000] {manager.py:878} INFO - 
================================================================================
DAG File Processing Stats

File Path                    PID  Runtime      # DAGs    # Errors  Last Runtime    Last Run
-------------------------  -----  ---------  --------  ----------  --------------  -------------------
/opt/airflow/dags/main.py   1459  0.01s             3           0  0.49s           2026-05-15T16:10:07
================================================================================
[2026-05-15T16:11:07.733+0000] {manager.py:878} INFO - 
================================================================================
DAG File Processing Stats

File Path                  PID    Runtime      # DAGs    # Errors  Last Runtime    Last Run
-------------------------  -----  ---------  --------  ----------  --------------  -------------------
/opt/airflow/dags/main.py                           3           0  0.60s           2026-05-15T16:10:38
================================================================================
[2026-05-15T16:11:38.067+0000] {manager.py:878} INFO - 
================================================================================
DAG File Processing Stats

File Path                  PID    Runtime      # DAGs    # Errors  Last Runtime    Last Run
-------------------------  -----  ---------  --------  ----------  --------------  -------------------
/opt/airflow/dags/main.py                           3           0  0.50s           2026-05-15T16:11:08
================================================================================
[2026-05-15T16:12:08.086+0000] {manager.py:878} INFO - 
================================================================================
DAG File Processing Stats

File Path                  PID    Runtime      # DAGs    # Errors  Last Runtime    Last Run
-------------------------  -----  ---------  --------  ----------  --------------  -------------------
/opt/airflow/dags/main.py                           3           0  0.57s           2026-05-15T16:11:39
================================================================================
[2026-05-15T16:12:38.152+0000] {manager.py:878} INFO - 
================================================================================
DAG File Processing Stats

File Path                  PID    Runtime      # DAGs    # Errors  Last Runtime    Last Run
-------------------------  -----  ---------  --------  ----------  --------------  -------------------
/opt/airflow/dags/main.py                           3           0  0.70s           2026-05-15T16:12:10
================================================================================
[2026-05-15T16:13:02.237+0000] {manager.py:737} INFO - Searching for files in /opt/airflow/dags
[2026-05-15T16:13:02.472+0000] {manager.py:740} INFO - There are 1 files in /opt/airflow/dags
[2026-05-15T16:13:08.546+0000] {manager.py:878} INFO - 
================================================================================
DAG File Processing Stats

File Path                  PID    Runtime      # DAGs    # Errors  Last Runtime    Last Run
-------------------------  -----  ---------  --------  ----------  --------------  -------------------
/opt/airflow/dags/main.py                           3           0  1.10s           2026-05-15T16:12:42
================================================================================
[2026-05-15T16:13:38.597+0000] {manager.py:878} INFO - 
================================================================================
DAG File Processing Stats

File Path                  PID    Runtime      # DAGs    # Errors  Last Runtime    Last Run
-------------------------  -----  ---------  --------  ----------  --------------  -------------------
/opt/airflow/dags/main.py                           3           0  0.60s           2026-05-15T16:13:13
================================================================================
[2026-05-15T16:14:08.683+0000] {manager.py:878} INFO - 
================================================================================
DAG File Processing Stats

File Path                  PID    Runtime      # DAGs    # Errors  Last Runtime    Last Run
-------------------------  -----  ---------  --------  ----------  --------------  -------------------
/opt/airflow/dags/main.py                           3           0  0.72s           2026-05-15T16:13:44
================================================================================
[2026-05-15T16:14:38.986+0000] {manager.py:878} INFO - 
================================================================================
DAG File Processing Stats

File Path                  PID    Runtime      # DAGs    # Errors  Last Runtime    Last Run
-------------------------  -----  ---------  --------  ----------  --------------  -------------------
/opt/airflow/dags/main.py                           3           0  0.59s           2026-05-15T16:14:15
================================================================================
[2026-05-15T16:15:09.309+0000] {manager.py:878} INFO - 
================================================================================
DAG File Processing Stats

File Path                  PID    Runtime      # DAGs    # Errors  Last Runtime    Last Run
-------------------------  -----  ---------  --------  ----------  --------------  -------------------
/opt/airflow/dags/main.py                           3           0  0.56s           2026-05-15T16:14:46
================================================================================
[2026-05-15T16:15:39.536+0000] {manager.py:878} INFO - 
================================================================================
DAG File Processing Stats

File Path                  PID    Runtime      # DAGs    # Errors  Last Runtime    Last Run
-------------------------  -----  ---------  --------  ----------  --------------  -------------------
/opt/airflow/dags/main.py                           3           0  0.69s           2026-05-15T16:15:17
================================================================================
[2026-05-15T16:16:10.361+0000] {manager.py:878} INFO - 
================================================================================
DAG File Processing Stats

File Path                  PID    Runtime      # DAGs    # Errors  Last Runtime    Last Run
-------------------------  -----  ---------  --------  ----------  --------------  -------------------
/opt/airflow/dags/main.py                           3           0  0.44s           2026-05-15T16:15:47
================================================================================
[2026-05-15T16:16:40.851+0000] {manager.py:878} INFO - 
================================================================================
DAG File Processing Stats

File Path                  PID    Runtime      # DAGs    # Errors  Last Runtime    Last Run
-------------------------  -----  ---------  --------  ----------  --------------  -------------------
/opt/airflow/dags/main.py                           3           0  0.48s           2026-05-15T16:16:18
================================================================================
[2026-05-15T16:17:11.638+0000] {manager.py:878} INFO - 
================================================================================
DAG File Processing Stats

File Path                  PID    Runtime      # DAGs    # Errors  Last Runtime    Last Run
-------------------------  -----  ---------  --------  ----------  --------------  -------------------
/opt/airflow/dags/main.py                           3           0  0.47s           2026-05-15T16:16:49
================================================================================
[2026-05-15T16:17:42.144+0000] {manager.py:878} INFO - 
================================================================================
DAG File Processing Stats

File Path                  PID    Runtime      # DAGs    # Errors  Last Runtime    Last Run
-------------------------  -----  ---------  --------  ----------  --------------  -------------------
/opt/airflow/dags/main.py                           3           0  0.66s           2026-05-15T16:17:20
================================================================================
[2026-05-15T16:18:02.660+0000] {manager.py:737} INFO - Searching for files in /opt/airflow/dags
[2026-05-15T16:18:03.836+0000] {manager.py:740} INFO - There are 1 files in /opt/airflow/dags
[2026-05-15T16:18:13.146+0000] {manager.py:878} INFO - 
================================================================================
DAG File Processing Stats

File Path                  PID    Runtime      # DAGs    # Errors  Last Runtime    Last Run
-------------------------  -----  ---------  --------  ----------  --------------  -------------------
/opt/airflow/dags/main.py                           3           0  1.32s           2026-05-15T16:17:51
================================================================================
[2026-05-15T16:18:43.587+0000] {manager.py:878} INFO - 
================================================================================
DAG File Processing Stats

File Path                  PID    Runtime      # DAGs    # Errors  Last Runtime    Last Run
-------------------------  -----  ---------  --------  ----------  --------------  -------------------
/opt/airflow/dags/main.py                           3           0  1.11s           2026-05-15T16:18:23
================================================================================
[2026-05-15T16:19:14.188+0000] {manager.py:878} INFO - 
================================================================================
DAG File Processing Stats

File Path                  PID    Runtime      # DAGs    # Errors  Last Runtime    Last Run
-------------------------  -----  ---------  --------  ----------  --------------  -------------------
/opt/airflow/dags/main.py                           3           0  0.47s           2026-05-15T16:18:54
================================================================================
[2026-05-15T16:19:44.635+0000] {manager.py:878} INFO - 
================================================================================
DAG File Processing Stats

File Path                  PID    Runtime      # DAGs    # Errors  Last Runtime    Last Run
-------------------------  -----  ---------  --------  ----------  --------------  -------------------
/opt/airflow/dags/main.py                           3           0  0.65s           2026-05-15T16:19:25
================================================================================
[2026-05-15T16:20:15.004+0000] {manager.py:878} INFO - 
================================================================================
DAG File Processing Stats

File Path                  PID    Runtime      # DAGs    # Errors  Last Runtime    Last Run
-------------------------  -----  ---------  --------  ----------  --------------  -------------------
/opt/airflow/dags/main.py                           3           0  0.66s           2026-05-15T16:19:56
================================================================================
[2026-05-15T16:20:45.276+0000] {manager.py:878} INFO - 
================================================================================
DAG File Processing Stats

File Path                  PID    Runtime      # DAGs    # Errors  Last Runtime    Last Run
-------------------------  -----  ---------  --------  ----------  --------------  -------------------
/opt/airflow/dags/main.py                           3           0  0.46s           2026-05-15T16:20:27
================================================================================
[2026-05-15T16:21:15.576+0000] {manager.py:878} INFO - 
================================================================================
DAG File Processing Stats

File Path                  PID    Runtime      # DAGs    # Errors  Last Runtime    Last Run
-------------------------  -----  ---------  --------  ----------  --------------  -------------------
/opt/airflow/dags/main.py                           3           0  0.49s           2026-05-15T16:20:57
================================================================================
[2026-05-15T16:21:45.813+0000] {manager.py:878} INFO - 
================================================================================
DAG File Processing Stats

File Path                  PID    Runtime      # DAGs    # Errors  Last Runtime    Last Run
-------------------------  -----  ---------  --------  ----------  --------------  -------------------
/opt/airflow/dags/main.py                           3           0  0.48s           2026-05-15T16:21:28
================================================================================
[2026-05-15T16:22:16.082+0000] {manager.py:878} INFO - 
================================================================================
DAG File Processing Stats

File Path                  PID    Runtime      # DAGs    # Errors  Last Runtime    Last Run
-------------------------  -----  ---------  --------  ----------  --------------  -------------------
/opt/airflow/dags/main.py                           3           0  0.48s           2026-05-15T16:21:59
================================================================================
[2026-05-15T16:22:46.376+0000] {manager.py:878} INFO - 
================================================================================
DAG File Processing Stats

File Path                  PID    Runtime      # DAGs    # Errors  Last Runtime    Last Run
-------------------------  -----  ---------  --------  ----------  --------------  -------------------
/opt/airflow/dags/main.py                           3           0  0.47s           2026-05-15T16:22:30
================================================================================
[2026-05-15T16:23:03.012+0000] {manager.py:737} INFO - Searching for files in /opt/airflow/dags
[2026-05-15T16:23:03.196+0000] {manager.py:740} INFO - There are 1 files in /opt/airflow/dags
[2026-05-15T16:23:16.504+0000] {manager.py:878} INFO - 
================================================================================
DAG File Processing Stats

File Path                  PID    Runtime      # DAGs    # Errors  Last Runtime    Last Run
-------------------------  -----  ---------  --------  ----------  --------------  -------------------
/opt/airflow/dags/main.py                           3           0  0.76s           2026-05-15T16:23:01
================================================================================
[2026-05-15T16:23:46.970+0000] {manager.py:878} INFO - 
================================================================================
DAG File Processing Stats

File Path                  PID    Runtime      # DAGs    # Errors  Last Runtime    Last Run
-------------------------  -----  ---------  --------  ----------  --------------  -------------------
/opt/airflow/dags/main.py                           3           0  1.41s           2026-05-15T16:23:33
================================================================================
[2026-05-15T16:24:17.657+0000] {manager.py:878} INFO - 
================================================================================
DAG File Processing Stats

File Path                  PID    Runtime      # DAGs    # Errors  Last Runtime    Last Run
-------------------------  -----  ---------  --------  ----------  --------------  -------------------
/opt/airflow/dags/main.py                           3           0  1.20s           2026-05-15T16:24:04
================================================================================
[2026-05-15T16:24:47.674+0000] {manager.py:878} INFO - 
================================================================================
DAG File Processing Stats

File Path                  PID    Runtime      # DAGs    # Errors  Last Runtime    Last Run
-------------------------  -----  ---------  --------  ----------  --------------  -------------------
/opt/airflow/dags/main.py                           3           0  0.59s           2026-05-15T16:24:35
================================================================================
[2026-05-15T16:25:17.855+0000] {manager.py:878} INFO - 
================================================================================
DAG File Processing Stats

File Path                  PID    Runtime      # DAGs    # Errors  Last Runtime    Last Run
-------------------------  -----  ---------  --------  ----------  --------------  -------------------
/opt/airflow/dags/main.py                           3           0  1.04s           2026-05-15T16:25:06
================================================================================
[2026-05-15T16:25:48.236+0000] {manager.py:878} INFO - 
================================================================================
DAG File Processing Stats

File Path                  PID    Runtime      # DAGs    # Errors  Last Runtime    Last Run
-------------------------  -----  ---------  --------  ----------  --------------  -------------------
/opt/airflow/dags/main.py                           3           0  0.50s           2026-05-15T16:25:37
================================================================================
[2026-05-15T16:26:18.504+0000] {manager.py:878} INFO - 
================================================================================
DAG File Processing Stats

File Path                  PID    Runtime      # DAGs    # Errors  Last Runtime    Last Run
-------------------------  -----  ---------  --------  ----------  --------------  -------------------
/opt/airflow/dags/main.py                           3           0  0.58s           2026-05-15T16:26:08
================================================================================
[2026-05-15T16:26:48.979+0000] {manager.py:878} INFO - 
================================================================================
DAG File Processing Stats

File Path                  PID    Runtime      # DAGs    # Errors  Last Runtime    Last Run
-------------------------  -----  ---------  --------  ----------  --------------  -------------------
/opt/airflow/dags/main.py                           3           0  0.47s           2026-05-15T16:26:39
================================================================================
[2026-05-15T16:27:19.665+0000] {manager.py:878} INFO - 
================================================================================
DAG File Processing Stats

File Path                  PID    Runtime      # DAGs    # Errors  Last Runtime    Last Run
-------------------------  -----  ---------  --------  ----------  --------------  -------------------
/opt/airflow/dags/main.py                           3           0  0.49s           2026-05-15T16:27:09
================================================================================
[2026-05-15T16:27:49.823+0000] {manager.py:878} INFO - 
================================================================================
DAG File Processing Stats

File Path                  PID    Runtime      # DAGs    # Errors  Last Runtime    Last Run
-------------------------  -----  ---------  --------  ----------  --------------  -------------------
/opt/airflow/dags/main.py                           3           0  3.80s           2026-05-15T16:27:46
================================================================================
[2026-05-15T16:28:03.380+0000] {manager.py:737} INFO - Searching for files in /opt/airflow/dags
[2026-05-15T16:28:07.422+0000] {manager.py:740} INFO - There are 1 files in /opt/airflow/dags
[2026-05-15T16:28:20.403+0000] {manager.py:878} INFO - 
================================================================================
DAG File Processing Stats

File Path                  PID    Runtime      # DAGs    # Errors  Last Runtime    Last Run
-------------------------  -----  ---------  --------  ----------  --------------  -------------------
/opt/airflow/dags/main.py                           3           0  1.83s           2026-05-15T16:28:19
================================================================================
[2026-05-15T16:28:50.945+0000] {manager.py:878} INFO - 
================================================================================
DAG File Processing Stats

File Path                  PID    Runtime      # DAGs    # Errors  Last Runtime    Last Run
-------------------------  -----  ---------  --------  ----------  --------------  -------------------
/opt/airflow/dags/main.py                           3           0  0.49s           2026-05-15T16:28:50
================================================================================
[2026-05-15T16:29:21.383+0000] {manager.py:878} INFO - 
================================================================================
DAG File Processing Stats

File Path                  PID    Runtime      # DAGs    # Errors  Last Runtime    Last Run
-------------------------  -----  ---------  --------  ----------  --------------  -------------------
/opt/airflow/dags/main.py                           3           0  1.02s           2026-05-15T16:29:21
================================================================================
[2026-05-15T16:29:51.760+0000] {manager.py:878} INFO - 
================================================================================
DAG File Processing Stats

File Path                    PID  Runtime      # DAGs    # Errors  Last Runtime    Last Run
-------------------------  -----  ---------  --------  ----------  --------------  -------------------
/opt/airflow/dags/main.py   1732  0.01s             3           0  1.02s           2026-05-15T16:29:21
================================================================================
[2026-05-15T16:30:21.918+0000] {manager.py:878} INFO - 
================================================================================
DAG File Processing Stats

File Path                  PID    Runtime      # DAGs    # Errors  Last Runtime    Last Run
-------------------------  -----  ---------  --------  ----------  --------------  -------------------
/opt/airflow/dags/main.py                           3           0  0.89s           2026-05-15T16:29:52
================================================================================
[2026-05-15T16:30:52.412+0000] {manager.py:878} INFO - 
================================================================================
DAG File Processing Stats

File Path                  PID    Runtime      # DAGs    # Errors  Last Runtime    Last Run
-------------------------  -----  ---------  --------  ----------  --------------  -------------------
/opt/airflow/dags/main.py                           3           0  0.53s           2026-05-15T16:30:23
================================================================================
[2026-05-15T16:31:22.587+0000] {manager.py:878} INFO - 
================================================================================
DAG File Processing Stats

File Path                  PID    Runtime      # DAGs    # Errors  Last Runtime    Last Run
-------------------------  -----  ---------  --------  ----------  --------------  -------------------
/opt/airflow/dags/main.py                           3           0  0.56s           2026-05-15T16:30:54
================================================================================
[2026-05-15T16:31:53.448+0000] {manager.py:878} INFO - 
================================================================================
DAG File Processing Stats

File Path                  PID    Runtime      # DAGs    # Errors  Last Runtime    Last Run
-------------------------  -----  ---------  --------  ----------  --------------  -------------------
/opt/airflow/dags/main.py                           3           0  0.48s           2026-05-15T16:31:25
================================================================================
[2026-05-15T16:32:23.703+0000] {manager.py:878} INFO - 
================================================================================
DAG File Processing Stats

File Path                  PID    Runtime      # DAGs    # Errors  Last Runtime    Last Run
-------------------------  -----  ---------  --------  ----------  --------------  -------------------
/opt/airflow/dags/main.py                           3           0  0.72s           2026-05-15T16:31:56
================================================================================
[2026-05-15T16:32:53.982+0000] {manager.py:878} INFO - 
================================================================================
DAG File Processing Stats

File Path                  PID    Runtime      # DAGs    # Errors  Last Runtime    Last Run
-------------------------  -----  ---------  --------  ----------  --------------  -------------------
/opt/airflow/dags/main.py                           3           0  0.96s           2026-05-15T16:32:27
================================================================================
[2026-05-15T16:33:03.878+0000] {manager.py:737} INFO - Searching for files in /opt/airflow/dags
[2026-05-15T16:33:04.168+0000] {manager.py:740} INFO - There are 1 files in /opt/airflow/dags
[2026-05-15T16:33:24.445+0000] {manager.py:878} INFO - 
================================================================================
DAG File Processing Stats

File Path                  PID    Runtime      # DAGs    # Errors  Last Runtime    Last Run
-------------------------  -----  ---------  --------  ----------  --------------  -------------------
/opt/airflow/dags/main.py                           3           0  0.65s           2026-05-15T16:32:58
================================================================================
[2026-05-15T16:33:54.509+0000] {manager.py:878} INFO - 
================================================================================
DAG File Processing Stats

File Path                  PID    Runtime      # DAGs    # Errors  Last Runtime    Last Run
-------------------------  -----  ---------  --------  ----------  --------------  -------------------
/opt/airflow/dags/main.py                           3           0  0.73s           2026-05-15T16:33:30
================================================================================
[2026-05-15T16:34:25.031+0000] {manager.py:878} INFO - 
================================================================================
DAG File Processing Stats

File Path                  PID    Runtime      # DAGs    # Errors  Last Runtime    Last Run
-------------------------  -----  ---------  --------  ----------  --------------  -------------------
/opt/airflow/dags/main.py                           3           0  0.51s           2026-05-15T16:34:01
================================================================================
[2026-05-15T16:34:55.565+0000] {manager.py:878} INFO - 
================================================================================
DAG File Processing Stats

File Path                  PID    Runtime      # DAGs    # Errors  Last Runtime    Last Run
-------------------------  -----  ---------  --------  ----------  --------------  -------------------
/opt/airflow/dags/main.py                           3           0  0.59s           2026-05-15T16:34:31
================================================================================
[2026-05-15T16:35:25.647+0000] {manager.py:878} INFO - 
================================================================================
DAG File Processing Stats

File Path                  PID    Runtime      # DAGs    # Errors  Last Runtime    Last Run
-------------------------  -----  ---------  --------  ----------  --------------  -------------------
/opt/airflow/dags/main.py                           3           0  1.09s           2026-05-15T16:35:03
================================================================================
[2026-05-15T16:35:55.917+0000] {manager.py:878} INFO - 
================================================================================
DAG File Processing Stats

File Path                  PID    Runtime      # DAGs    # Errors  Last Runtime    Last Run
-------------------------  -----  ---------  --------  ----------  --------------  -------------------
/opt/airflow/dags/main.py                           3           0  0.52s           2026-05-15T16:35:34
================================================================================
[2026-05-15T16:36:26.199+0000] {manager.py:878} INFO - 
================================================================================
DAG File Processing Stats

File Path                  PID    Runtime      # DAGs    # Errors  Last Runtime    Last Run
-------------------------  -----  ---------  --------  ----------  --------------  -------------------
/opt/airflow/dags/main.py                           3           0  0.53s           2026-05-15T16:36:05
================================================================================
[2026-05-15T16:36:56.565+0000] {manager.py:878} INFO - 
================================================================================
DAG File Processing Stats

File Path                  PID    Runtime      # DAGs    # Errors  Last Runtime    Last Run
-------------------------  -----  ---------  --------  ----------  --------------  -------------------
/opt/airflow/dags/main.py                           3           0  0.58s           2026-05-15T16:36:35
================================================================================
[2026-05-15T16:37:26.873+0000] {manager.py:878} INFO - 
================================================================================
DAG File Processing Stats

File Path                  PID    Runtime      # DAGs    # Errors  Last Runtime    Last Run
-------------------------  -----  ---------  --------  ----------  --------------  -------------------
/opt/airflow/dags/main.py                           3           0  0.54s           2026-05-15T16:37:06
================================================================================
[2026-05-15T16:37:57.188+0000] {manager.py:878} INFO - 
================================================================================
DAG File Processing Stats

File Path                  PID    Runtime      # DAGs    # Errors  Last Runtime    Last Run
-------------------------  -----  ---------  --------  ----------  --------------  -------------------
/opt/airflow/dags/main.py                           3           0  0.98s           2026-05-15T16:37:37
================================================================================
[2026-05-15T16:38:04.257+0000] {manager.py:737} INFO - Searching for files in /opt/airflow/dags
[2026-05-15T16:38:04.541+0000] {manager.py:740} INFO - There are 1 files in /opt/airflow/dags
[2026-05-15T16:38:27.272+0000] {manager.py:878} INFO - 
================================================================================
DAG File Processing Stats

File Path                  PID    Runtime      # DAGs    # Errors  Last Runtime    Last Run
-------------------------  -----  ---------  --------  ----------  --------------  -------------------
/opt/airflow/dags/main.py                           3           0  0.48s           2026-05-15T16:38:09
================================================================================
[2026-05-15T16:38:58.105+0000] {manager.py:878} INFO - 
================================================================================
DAG File Processing Stats

File Path                  PID    Runtime      # DAGs    # Errors  Last Runtime    Last Run
-------------------------  -----  ---------  --------  ----------  --------------  -------------------
/opt/airflow/dags/main.py                           3           0  0.69s           2026-05-15T16:38:40
================================================================================
[2026-05-15T16:39:28.658+0000] {manager.py:878} INFO - 
================================================================================
DAG File Processing Stats

File Path                  PID    Runtime      # DAGs    # Errors  Last Runtime    Last Run
-------------------------  -----  ---------  --------  ----------  --------------  -------------------
/opt/airflow/dags/main.py                           3           0  0.50s           2026-05-15T16:39:10
================================================================================
[2026-05-15T16:39:59.283+0000] {manager.py:878} INFO - 
================================================================================
DAG File Processing Stats

File Path                  PID    Runtime      # DAGs    # Errors  Last Runtime    Last Run
-------------------------  -----  ---------  --------  ----------  --------------  -------------------
/opt/airflow/dags/main.py                           3           0  0.65s           2026-05-15T16:39:41
================================================================================
[2026-05-15T16:40:29.542+0000] {manager.py:878} INFO - 
================================================================================
DAG File Processing Stats

File Path                  PID    Runtime      # DAGs    # Errors  Last Runtime    Last Run
-------------------------  -----  ---------  --------  ----------  --------------  -------------------
/opt/airflow/dags/main.py                           3           0  0.59s           2026-05-15T16:40:12
================================================================================
[2026-05-15T16:40:59.603+0000] {manager.py:878} INFO - 
================================================================================
DAG File Processing Stats

File Path                  PID    Runtime      # DAGs    # Errors  Last Runtime    Last Run
-------------------------  -----  ---------  --------  ----------  --------------  -------------------
/opt/airflow/dags/main.py                           3           0  0.72s           2026-05-15T16:40:43
================================================================================
[2026-05-15T16:41:30.185+0000] {manager.py:878} INFO - 
================================================================================
DAG File Processing Stats

File Path                  PID    Runtime      # DAGs    # Errors  Last Runtime    Last Run
-------------------------  -----  ---------  --------  ----------  --------------  -------------------
/opt/airflow/dags/main.py                           3           0  0.55s           2026-05-15T16:41:14
================================================================================
[2026-05-15T16:42:00.521+0000] {manager.py:878} INFO - 
================================================================================
DAG File Processing Stats

File Path                  PID    Runtime      # DAGs    # Errors  Last Runtime    Last Run
-------------------------  -----  ---------  --------  ----------  --------------  -------------------
/opt/airflow/dags/main.py                           3           0  0.75s           2026-05-15T16:41:45
================================================================================
[2026-05-15T16:42:30.528+0000] {manager.py:878} INFO - 
================================================================================
DAG File Processing Stats

File Path                  PID    Runtime      # DAGs    # Errors  Last Runtime    Last Run
-------------------------  -----  ---------  --------  ----------  --------------  -------------------
/opt/airflow/dags/main.py                           3           0  0.73s           2026-05-15T16:42:16
================================================================================
[2026-05-15T16:43:01.102+0000] {manager.py:878} INFO - 
================================================================================
DAG File Processing Stats

File Path                  PID    Runtime      # DAGs    # Errors  Last Runtime    Last Run
-------------------------  -----  ---------  --------  ----------  --------------  -------------------
/opt/airflow/dags/main.py                           3           0  1.11s           2026-05-15T16:42:48
================================================================================
[2026-05-15T16:43:05.141+0000] {manager.py:737} INFO - Searching for files in /opt/airflow/dags
[2026-05-15T16:43:05.505+0000] {manager.py:740} INFO - There are 1 files in /opt/airflow/dags
[2026-05-15T16:43:31.623+0000] {manager.py:878} INFO - 
================================================================================
DAG File Processing Stats

File Path                  PID    Runtime      # DAGs    # Errors  Last Runtime    Last Run
-------------------------  -----  ---------  --------  ----------  --------------  -------------------
/opt/airflow/dags/main.py                           3           0  0.85s           2026-05-15T16:43:19
================================================================================
[2026-05-15T16:44:01.647+0000] {manager.py:878} INFO - 
================================================================================
DAG File Processing Stats

File Path                  PID    Runtime      # DAGs    # Errors  Last Runtime    Last Run
-------------------------  -----  ---------  --------  ----------  --------------  -------------------
/opt/airflow/dags/main.py                           3           0  0.72s           2026-05-15T16:43:50
================================================================================
[2026-05-15T16:44:32.443+0000] {manager.py:878} INFO - 
================================================================================
DAG File Processing Stats

File Path                  PID    Runtime      # DAGs    # Errors  Last Runtime    Last Run
-------------------------  -----  ---------  --------  ----------  --------------  -------------------
/opt/airflow/dags/main.py                           3           0  0.54s           2026-05-15T16:44:21
================================================================================
[2026-05-15T16:45:03.022+0000] {manager.py:878} INFO - 
================================================================================
DAG File Processing Stats

File Path                  PID    Runtime      # DAGs    # Errors  Last Runtime    Last Run
-------------------------  -----  ---------  --------  ----------  --------------  -------------------
/opt/airflow/dags/main.py                           3           0  0.55s           2026-05-15T16:44:52
================================================================================
[2026-05-15T16:45:33.310+0000] {manager.py:878} INFO - 
================================================================================
DAG File Processing Stats

File Path                  PID    Runtime      # DAGs    # Errors  Last Runtime    Last Run
-------------------------  -----  ---------  --------  ----------  --------------  -------------------
/opt/airflow/dags/main.py                           3           0  0.74s           2026-05-15T16:45:23
================================================================================
[2026-05-15T16:46:03.656+0000] {manager.py:878} INFO - 
================================================================================
DAG File Processing Stats

File Path                  PID    Runtime      # DAGs    # Errors  Last Runtime    Last Run
-------------------------  -----  ---------  --------  ----------  --------------  -------------------
/opt/airflow/dags/main.py                           3           0  0.48s           2026-05-15T16:45:53
================================================================================
[2026-05-15T16:46:34.056+0000] {manager.py:878} INFO - 
================================================================================
DAG File Processing Stats

File Path                  PID    Runtime      # DAGs    # Errors  Last Runtime    Last Run
-------------------------  -----  ---------  --------  ----------  --------------  -------------------
/opt/airflow/dags/main.py                           3           0  0.52s           2026-05-15T16:46:24
================================================================================
[2026-05-15T16:47:04.083+0000] {manager.py:878} INFO - 
================================================================================
DAG File Processing Stats

File Path                  PID    Runtime      # DAGs    # Errors  Last Runtime    Last Run
-------------------------  -----  ---------  --------  ----------  --------------  -------------------
/opt/airflow/dags/main.py                           3           0  0.67s           2026-05-15T16:46:55
================================================================================
[2026-05-15T16:47:34.377+0000] {manager.py:878} INFO - 
================================================================================
DAG File Processing Stats

File Path                  PID    Runtime      # DAGs    # Errors  Last Runtime    Last Run
-------------------------  -----  ---------  --------  ----------  --------------  -------------------
/opt/airflow/dags/main.py                           3           0  0.53s           2026-05-15T16:47:26
================================================================================
[2026-05-15T16:48:04.897+0000] {manager.py:878} INFO - 
================================================================================
DAG File Processing Stats

File Path                  PID    Runtime      # DAGs    # Errors  Last Runtime    Last Run
-------------------------  -----  ---------  --------  ----------  --------------  -------------------
/opt/airflow/dags/main.py                           3           0  0.51s           2026-05-15T16:47:57
================================================================================
[2026-05-15T16:48:05.183+0000] {manager.py:737} INFO - Searching for files in /opt/airflow/dags
[2026-05-15T16:48:05.857+0000] {manager.py:740} INFO - There are 1 files in /opt/airflow/dags
[2026-05-15T16:48:35.398+0000] {manager.py:878} INFO - 
================================================================================
DAG File Processing Stats

File Path                  PID    Runtime      # DAGs    # Errors  Last Runtime    Last Run
-------------------------  -----  ---------  --------  ----------  --------------  -------------------
/opt/airflow/dags/main.py                           3           0  1.42s           2026-05-15T16:48:28
================================================================================
[2026-05-15T16:49:05.718+0000] {manager.py:878} INFO - 
================================================================================
DAG File Processing Stats

File Path                  PID    Runtime      # DAGs    # Errors  Last Runtime    Last Run
-------------------------  -----  ---------  --------  ----------  --------------  -------------------
/opt/airflow/dags/main.py                           3           0  0.91s           2026-05-15T16:49:00
================================================================================
[2026-05-15T16:49:35.968+0000] {manager.py:878} INFO - 
================================================================================
DAG File Processing Stats

File Path                  PID    Runtime      # DAGs    # Errors  Last Runtime    Last Run
-------------------------  -----  ---------  --------  ----------  --------------  -------------------
/opt/airflow/dags/main.py                           3           0  0.60s           2026-05-15T16:49:30
================================================================================
[2026-05-15T16:50:06.317+0000] {manager.py:878} INFO - 
================================================================================
DAG File Processing Stats

File Path                  PID    Runtime      # DAGs    # Errors  Last Runtime    Last Run
-------------------------  -----  ---------  --------  ----------  --------------  -------------------
/opt/airflow/dags/main.py                           3           0  0.70s           2026-05-15T16:50:01
================================================================================
[2026-05-15T16:50:36.549+0000] {manager.py:878} INFO - 
================================================================================
DAG File Processing Stats

File Path                  PID    Runtime      # DAGs    # Errors  Last Runtime    Last Run
-------------------------  -----  ---------  --------  ----------  --------------  -------------------
/opt/airflow/dags/main.py                           3           0  0.52s           2026-05-15T16:50:32
================================================================================
[2026-05-15T16:51:07.395+0000] {manager.py:878} INFO - 
================================================================================
DAG File Processing Stats

File Path                  PID    Runtime      # DAGs    # Errors  Last Runtime    Last Run
-------------------------  -----  ---------  --------  ----------  --------------  -------------------
/opt/airflow/dags/main.py                           3           0  0.65s           2026-05-15T16:51:03
================================================================================
[2026-05-15T16:51:37.529+0000] {manager.py:878} INFO - 
================================================================================
DAG File Processing Stats

File Path                  PID    Runtime      # DAGs    # Errors  Last Runtime    Last Run
-------------------------  -----  ---------  --------  ----------  --------------  -------------------
/opt/airflow/dags/main.py                           3           0  0.70s           2026-05-15T16:51:34
================================================================================
[2026-05-15T16:52:08.164+0000] {manager.py:878} INFO - 
================================================================================
DAG File Processing Stats

File Path                  PID    Runtime      # DAGs    # Errors  Last Runtime    Last Run
-------------------------  -----  ---------  --------  ----------  --------------  -------------------
/opt/airflow/dags/main.py                           3           0  0.58s           2026-05-15T16:52:05
================================================================================
[2026-05-15T16:52:38.670+0000] {manager.py:878} INFO - 
================================================================================
DAG File Processing Stats

File Path                  PID    Runtime      # DAGs    # Errors  Last Runtime    Last Run
-------------------------  -----  ---------  --------  ----------  --------------  -------------------
/opt/airflow/dags/main.py                           3           0  0.67s           2026-05-15T16:52:36
================================================================================
[2026-05-15T16:53:05.415+0000] {manager.py:737} INFO - Searching for files in /opt/airflow/dags
[2026-05-15T16:53:05.719+0000] {manager.py:740} INFO - There are 1 files in /opt/airflow/dags
[2026-05-15T16:53:09.019+0000] {manager.py:878} INFO - 
================================================================================
DAG File Processing Stats

File Path                  PID    Runtime      # DAGs    # Errors  Last Runtime    Last Run
-------------------------  -----  ---------  --------  ----------  --------------  -------------------
/opt/airflow/dags/main.py                           3           0  0.52s           2026-05-15T16:53:07
================================================================================
[2026-05-15T16:53:39.608+0000] {manager.py:878} INFO - 
================================================================================
DAG File Processing Stats

File Path                  PID    Runtime      # DAGs    # Errors  Last Runtime    Last Run
-------------------------  -----  ---------  --------  ----------  --------------  -------------------
/opt/airflow/dags/main.py                           3           0  1.04s           2026-05-15T16:53:38
================================================================================
[2026-05-15T16:54:09.981+0000] {manager.py:878} INFO - 
================================================================================
DAG File Processing Stats

File Path                  PID    Runtime      # DAGs    # Errors  Last Runtime    Last Run
-------------------------  -----  ---------  --------  ----------  --------------  -------------------
/opt/airflow/dags/main.py                           3           0  0.90s           2026-05-15T16:54:09
================================================================================
[2026-05-15T16:54:40.306+0000] {manager.py:878} INFO - 
================================================================================
DAG File Processing Stats

File Path                    PID  Runtime      # DAGs    # Errors  Last Runtime    Last Run
-------------------------  -----  ---------  --------  ----------  --------------  -------------------
/opt/airflow/dags/main.py   2074  0.01s             3           0  0.90s           2026-05-15T16:54:09
================================================================================
[2026-05-15T16:55:10.620+0000] {manager.py:878} INFO - 
================================================================================
DAG File Processing Stats

File Path                  PID    Runtime      # DAGs    # Errors  Last Runtime    Last Run
-------------------------  -----  ---------  --------  ----------  --------------  -------------------
/opt/airflow/dags/main.py                           3           0  0.63s           2026-05-15T16:54:40
================================================================================
[2026-05-15T16:55:41.236+0000] {manager.py:878} INFO - 
================================================================================
DAG File Processing Stats

File Path                  PID    Runtime      # DAGs    # Errors  Last Runtime    Last Run
-------------------------  -----  ---------  --------  ----------  --------------  -------------------
/opt/airflow/dags/main.py                           3           0  0.47s           2026-05-15T16:55:12
================================================================================
[2026-05-15T16:56:11.875+0000] {manager.py:878} INFO - 
================================================================================
DAG File Processing Stats

File Path                  PID    Runtime      # DAGs    # Errors  Last Runtime    Last Run
-------------------------  -----  ---------  --------  ----------  --------------  -------------------
/opt/airflow/dags/main.py                           3           0  0.49s           2026-05-15T16:55:42
================================================================================
[2026-05-15T16:56:42.046+0000] {manager.py:878} INFO - 
================================================================================
DAG File Processing Stats

File Path                  PID    Runtime      # DAGs    # Errors  Last Runtime    Last Run
-------------------------  -----  ---------  --------  ----------  --------------  -------------------
/opt/airflow/dags/main.py                           3           0  0.70s           2026-05-15T16:56:13
================================================================================
[2026-05-15T16:57:12.836+0000] {manager.py:878} INFO - 
================================================================================
DAG File Processing Stats

File Path                  PID    Runtime      # DAGs    # Errors  Last Runtime    Last Run
-------------------------  -----  ---------  --------  ----------  --------------  -------------------
/opt/airflow/dags/main.py                           3           0  0.58s           2026-05-15T16:56:44
================================================================================
[2026-05-15T16:57:43.424+0000] {manager.py:878} INFO - 
================================================================================
DAG File Processing Stats

File Path                  PID    Runtime      # DAGs    # Errors  Last Runtime    Last Run
-------------------------  -----  ---------  --------  ----------  --------------  -------------------
/opt/airflow/dags/main.py                           3           0  0.52s           2026-05-15T16:57:15
================================================================================
[2026-05-15T16:58:06.175+0000] {manager.py:737} INFO - Searching for files in /opt/airflow/dags
[2026-05-15T16:58:06.542+0000] {manager.py:740} INFO - There are 1 files in /opt/airflow/dags
[2026-05-15T16:58:13.639+0000] {manager.py:878} INFO - 
================================================================================
DAG File Processing Stats

File Path                  PID    Runtime      # DAGs    # Errors  Last Runtime    Last Run
-------------------------  -----  ---------  --------  ----------  --------------  -------------------
/opt/airflow/dags/main.py                           3           0  0.71s           2026-05-15T16:57:46
================================================================================
[2026-05-15T16:58:43.663+0000] {manager.py:878} INFO - 
================================================================================
DAG File Processing Stats

File Path                  PID    Runtime      # DAGs    # Errors  Last Runtime    Last Run
-------------------------  -----  ---------  --------  ----------  --------------  -------------------
/opt/airflow/dags/main.py                           3           0  0.47s           2026-05-15T16:58:17
================================================================================
[2026-05-15T16:59:14.427+0000] {manager.py:878} INFO - 
================================================================================
DAG File Processing Stats

File Path                  PID    Runtime      # DAGs    # Errors  Last Runtime    Last Run
-------------------------  -----  ---------  --------  ----------  --------------  -------------------
/opt/airflow/dags/main.py                           3           0  1.49s           2026-05-15T16:58:49
================================================================================
[2026-05-15T16:59:44.779+0000] {manager.py:878} INFO - 
================================================================================
DAG File Processing Stats

File Path                  PID    Runtime      # DAGs    # Errors  Last Runtime    Last Run
-------------------------  -----  ---------  --------  ----------  --------------  -------------------
/opt/airflow/dags/main.py                           3           0  0.53s           2026-05-15T16:59:20
================================================================================
[2026-05-15T17:00:15.203+0000] {manager.py:878} INFO - 
================================================================================
DAG File Processing Stats

File Path                  PID    Runtime      # DAGs    # Errors  Last Runtime    Last Run
-------------------------  -----  ---------  --------  ----------  --------------  -------------------
/opt/airflow/dags/main.py                           3           0  0.50s           2026-05-15T16:59:50
================================================================================
[2026-05-15T17:00:45.570+0000] {manager.py:878} INFO - 
================================================================================
DAG File Processing Stats

File Path                  PID    Runtime      # DAGs    # Errors  Last Runtime    Last Run
-------------------------  -----  ---------  --------  ----------  --------------  -------------------
/opt/airflow/dags/main.py                           3           0  0.85s           2026-05-15T17:00:22
================================================================================
[2026-05-15T17:01:15.588+0000] {manager.py:878} INFO - 
================================================================================
DAG File Processing Stats

File Path                  PID    Runtime      # DAGs    # Errors  Last Runtime    Last Run
-------------------------  -----  ---------  --------  ----------  --------------  -------------------
/opt/airflow/dags/main.py                           3           0  0.63s           2026-05-15T17:00:53
================================================================================
[2026-05-15T17:01:45.889+0000] {manager.py:878} INFO - 
================================================================================
DAG File Processing Stats

File Path                  PID    Runtime      # DAGs    # Errors  Last Runtime    Last Run
-------------------------  -----  ---------  --------  ----------  --------------  -------------------
/opt/airflow/dags/main.py                           3           0  0.93s           2026-05-15T17:01:24
================================================================================
[2026-05-15T17:02:15.922+0000] {manager.py:878} INFO - 
================================================================================
DAG File Processing Stats

File Path                  PID    Runtime      # DAGs    # Errors  Last Runtime    Last Run
-------------------------  -----  ---------  --------  ----------  --------------  -------------------
/opt/airflow/dags/main.py                           3           0  0.72s           2026-05-15T17:01:55
================================================================================
[2026-05-15T17:02:46.920+0000] {manager.py:878} INFO - 
================================================================================
DAG File Processing Stats

File Path                  PID    Runtime      # DAGs    # Errors  Last Runtime    Last Run
-------------------------  -----  ---------  --------  ----------  --------------  -------------------
/opt/airflow/dags/main.py                           3           0  0.58s           2026-05-15T17:02:26
================================================================================
[2026-05-15T17:03:06.695+0000] {manager.py:737} INFO - Searching for files in /opt/airflow/dags
[2026-05-15T17:03:06.994+0000] {manager.py:740} INFO - There are 1 files in /opt/airflow/dags
[2026-05-15T17:03:17.098+0000] {manager.py:878} INFO - 
================================================================================
DAG File Processing Stats

File Path                  PID    Runtime      # DAGs    # Errors  Last Runtime    Last Run
-------------------------  -----  ---------  --------  ----------  --------------  -------------------
/opt/airflow/dags/main.py                           3           0  0.51s           2026-05-15T17:02:57
================================================================================
[2026-05-15T17:03:47.379+0000] {manager.py:878} INFO - 
================================================================================
DAG File Processing Stats

File Path                  PID    Runtime      # DAGs    # Errors  Last Runtime    Last Run
-------------------------  -----  ---------  --------  ----------  --------------  -------------------
/opt/airflow/dags/main.py                           3           0  1.00s           2026-05-15T17:03:29
================================================================================
[2026-05-15T17:04:17.856+0000] {manager.py:878} INFO - 
================================================================================
DAG File Processing Stats

File Path                  PID    Runtime      # DAGs    # Errors  Last Runtime    Last Run
-------------------------  -----  ---------  --------  ----------  --------------  -------------------
/opt/airflow/dags/main.py                           3           0  0.64s           2026-05-15T17:04:00
================================================================================
[2026-05-15T17:04:48.264+0000] {manager.py:878} INFO - 
================================================================================
DAG File Processing Stats

File Path                  PID    Runtime      # DAGs    # Errors  Last Runtime    Last Run
-------------------------  -----  ---------  --------  ----------  --------------  -------------------
/opt/airflow/dags/main.py                           3           0  0.64s           2026-05-15T17:04:31
================================================================================
[2026-05-15T17:05:18.596+0000] {manager.py:878} INFO - 
================================================================================
DAG File Processing Stats

File Path                  PID    Runtime      # DAGs    # Errors  Last Runtime    Last Run
-------------------------  -----  ---------  --------  ----------  --------------  -------------------
/opt/airflow/dags/main.py                           3           0  0.54s           2026-05-15T17:05:01
================================================================================
[2026-05-15T17:05:48.912+0000] {manager.py:878} INFO - 
================================================================================
DAG File Processing Stats

File Path                  PID    Runtime      # DAGs    # Errors  Last Runtime    Last Run
-------------------------  -----  ---------  --------  ----------  --------------  -------------------
/opt/airflow/dags/main.py                           3           0  0.50s           2026-05-15T17:05:32
================================================================================
[2026-05-15T17:06:19.815+0000] {manager.py:878} INFO - 
================================================================================
DAG File Processing Stats

File Path                  PID    Runtime      # DAGs    # Errors  Last Runtime    Last Run
-------------------------  -----  ---------  --------  ----------  --------------  -------------------
/opt/airflow/dags/main.py                           3           0  0.56s           2026-05-15T17:06:03
================================================================================
[2026-05-15T17:06:49.975+0000] {manager.py:878} INFO - 
================================================================================
DAG File Processing Stats

File Path                  PID    Runtime      # DAGs    # Errors  Last Runtime    Last Run
-------------------------  -----  ---------  --------  ----------  --------------  -------------------
/opt/airflow/dags/main.py                           3           0  0.74s           2026-05-15T17:06:34
================================================================================
[2026-05-15T17:07:20.595+0000] {manager.py:878} INFO - 
================================================================================
DAG File Processing Stats

File Path                  PID    Runtime      # DAGs    # Errors  Last Runtime    Last Run
-------------------------  -----  ---------  --------  ----------  --------------  -------------------
/opt/airflow/dags/main.py                           3           0  0.49s           2026-05-15T17:07:05
================================================================================
[2026-05-15T17:07:50.656+0000] {manager.py:878} INFO - 
================================================================================
DAG File Processing Stats

File Path                  PID    Runtime      # DAGs    # Errors  Last Runtime    Last Run
-------------------------  -----  ---------  --------  ----------  --------------  -------------------
/opt/airflow/dags/main.py                           3           0  0.71s           2026-05-15T17:07:36
================================================================================
[2026-05-15T17:08:06.843+0000] {manager.py:737} INFO - Searching for files in /opt/airflow/dags
[2026-05-15T17:08:07.230+0000] {manager.py:740} INFO - There are 1 files in /opt/airflow/dags
[2026-05-15T17:08:20.942+0000] {manager.py:878} INFO - 
================================================================================
DAG File Processing Stats

File Path                  PID    Runtime      # DAGs    # Errors  Last Runtime    Last Run
-------------------------  -----  ---------  --------  ----------  --------------  -------------------
/opt/airflow/dags/main.py                           3           0  0.50s           2026-05-15T17:08:07
================================================================================
[2026-05-15T17:08:51.161+0000] {manager.py:878} INFO - 
================================================================================
DAG File Processing Stats

File Path                  PID    Runtime      # DAGs    # Errors  Last Runtime    Last Run
-------------------------  -----  ---------  --------  ----------  --------------  -------------------
/opt/airflow/dags/main.py                           3           0  0.82s           2026-05-15T17:08:38
================================================================================
[2026-05-15T17:09:21.503+0000] {manager.py:878} INFO - 
================================================================================
DAG File Processing Stats

File Path                  PID    Runtime      # DAGs    # Errors  Last Runtime    Last Run
-------------------------  -----  ---------  --------  ----------  --------------  -------------------
/opt/airflow/dags/main.py                           3           0  0.59s           2026-05-15T17:09:09
================================================================================
[2026-05-15T17:09:51.865+0000] {manager.py:878} INFO - 
================================================================================
DAG File Processing Stats

File Path                  PID    Runtime      # DAGs    # Errors  Last Runtime    Last Run
-------------------------  -----  ---------  --------  ----------  --------------  -------------------
/opt/airflow/dags/main.py                           3           0  0.57s           2026-05-15T17:09:40
================================================================================
[2026-05-15T17:10:22.074+0000] {manager.py:878} INFO - 
================================================================================
DAG File Processing Stats

File Path                  PID    Runtime      # DAGs    # Errors  Last Runtime    Last Run
-------------------------  -----  ---------  --------  ----------  --------------  -------------------
/opt/airflow/dags/main.py                           3           0  0.66s           2026-05-15T17:10:11
================================================================================
[2026-05-15T17:10:52.534+0000] {manager.py:878} INFO - 
================================================================================
DAG File Processing Stats

File Path                  PID    Runtime      # DAGs    # Errors  Last Runtime    Last Run
-------------------------  -----  ---------  --------  ----------  --------------  -------------------
/opt/airflow/dags/main.py                           3           0  0.97s           2026-05-15T17:10:43
================================================================================
[2026-05-15T17:11:23.223+0000] {manager.py:878} INFO - 
================================================================================
DAG File Processing Stats

File Path                  PID    Runtime      # DAGs    # Errors  Last Runtime    Last Run
-------------------------  -----  ---------  --------  ----------  --------------  -------------------
/opt/airflow/dags/main.py                           3           0  1.46s           2026-05-15T17:11:15
================================================================================
[2026-05-15T17:11:53.301+0000] {manager.py:878} INFO - 
================================================================================
DAG File Processing Stats

File Path                  PID    Runtime      # DAGs    # Errors  Last Runtime    Last Run
-------------------------  -----  ---------  --------  ----------  --------------  -------------------
/opt/airflow/dags/main.py                           3           0  0.62s           2026-05-15T17:11:46
================================================================================
[2026-05-15T17:12:23.425+0000] {manager.py:878} INFO - 
================================================================================
DAG File Processing Stats

File Path                  PID    Runtime      # DAGs    # Errors  Last Runtime    Last Run
-------------------------  -----  ---------  --------  ----------  --------------  -------------------
/opt/airflow/dags/main.py                           3           0  0.70s           2026-05-15T17:12:17
================================================================================
[2026-05-15T17:12:53.780+0000] {manager.py:878} INFO - 
================================================================================
DAG File Processing Stats

File Path                  PID    Runtime      # DAGs    # Errors  Last Runtime    Last Run
-------------------------  -----  ---------  --------  ----------  --------------  -------------------
/opt/airflow/dags/main.py                           3           0  0.64s           2026-05-15T17:12:48
================================================================================
[2026-05-15T17:13:07.190+0000] {manager.py:737} INFO - Searching for files in /opt/airflow/dags
[2026-05-15T17:13:07.911+0000] {manager.py:740} INFO - There are 1 files in /opt/airflow/dags
[2026-05-15T17:13:23.979+0000] {manager.py:878} INFO - 
================================================================================
DAG File Processing Stats

File Path                  PID    Runtime      # DAGs    # Errors  Last Runtime    Last Run
-------------------------  -----  ---------  --------  ----------  --------------  -------------------
/opt/airflow/dags/main.py                           3           0  0.65s           2026-05-15T17:13:18
================================================================================
[2026-05-15T17:13:54.022+0000] {manager.py:878} INFO - 
================================================================================
DAG File Processing Stats

File Path                  PID    Runtime      # DAGs    # Errors  Last Runtime    Last Run
-------------------------  -----  ---------  --------  ----------  --------------  -------------------
/opt/airflow/dags/main.py                           3           0  0.54s           2026-05-15T17:13:50
================================================================================
[2026-05-15T17:14:24.578+0000] {manager.py:878} INFO - 
================================================================================
DAG File Processing Stats

File Path                  PID    Runtime      # DAGs    # Errors  Last Runtime    Last Run
-------------------------  -----  ---------  --------  ----------  --------------  -------------------
/opt/airflow/dags/main.py                           3           0  0.74s           2026-05-15T17:14:21
================================================================================
[2026-05-15T17:14:55.020+0000] {manager.py:878} INFO - 
================================================================================
DAG File Processing Stats

File Path                  PID    Runtime      # DAGs    # Errors  Last Runtime    Last Run
-------------------------  -----  ---------  --------  ----------  --------------  -------------------
/opt/airflow/dags/main.py                           3           0  0.64s           2026-05-15T17:14:52
================================================================================
[2026-05-15T17:15:25.702+0000] {manager.py:878} INFO - 
================================================================================
DAG File Processing Stats

File Path                  PID    Runtime      # DAGs    # Errors  Last Runtime    Last Run
-------------------------  -----  ---------  --------  ----------  --------------  -------------------
/opt/airflow/dags/main.py                           3           0  0.89s           2026-05-15T17:15:24
================================================================================
[2026-05-15T17:15:55.826+0000] {manager.py:878} INFO - 
================================================================================
DAG File Processing Stats

File Path                  PID    Runtime      # DAGs    # Errors  Last Runtime    Last Run
-------------------------  -----  ---------  --------  ----------  --------------  -------------------
/opt/airflow/dags/main.py                           3           0  0.90s           2026-05-15T17:15:55
================================================================================
[2026-05-15T17:16:26.762+0000] {manager.py:878} INFO - 
================================================================================
DAG File Processing Stats

File Path                    PID  Runtime      # DAGs    # Errors  Last Runtime    Last Run
-------------------------  -----  ---------  --------  ----------  --------------  -------------------
/opt/airflow/dags/main.py   2368  0.05s             3           0  0.90s           2026-05-15T17:15:55
================================================================================
[2026-05-15T17:16:56.816+0000] {manager.py:878} INFO - 
================================================================================
DAG File Processing Stats

File Path                  PID    Runtime      # DAGs    # Errors  Last Runtime    Last Run
-------------------------  -----  ---------  --------  ----------  --------------  -------------------
/opt/airflow/dags/main.py                           3           0  2.59s           2026-05-15T17:16:29
================================================================================
[2026-05-15T17:17:26.855+0000] {manager.py:878} INFO - 
================================================================================
DAG File Processing Stats

File Path                  PID    Runtime      # DAGs    # Errors  Last Runtime    Last Run
-------------------------  -----  ---------  --------  ----------  --------------  -------------------
/opt/airflow/dags/main.py                           3           0  0.77s           2026-05-15T17:17:00
================================================================================
[2026-05-15T17:17:57.062+0000] {manager.py:878} INFO - 
================================================================================
DAG File Processing Stats

File Path                  PID    Runtime      # DAGs    # Errors  Last Runtime    Last Run
-------------------------  -----  ---------  --------  ----------  --------------  -------------------
/opt/airflow/dags/main.py                           3           0  0.83s           2026-05-15T17:17:31
================================================================================
[2026-05-15T17:18:07.488+0000] {manager.py:737} INFO - Searching for files in /opt/airflow/dags
[2026-05-15T17:18:08.088+0000] {manager.py:740} INFO - There are 1 files in /opt/airflow/dags
[2026-05-15T17:18:27.184+0000] {manager.py:878} INFO - 
================================================================================
DAG File Processing Stats

File Path                  PID    Runtime      # DAGs    # Errors  Last Runtime    Last Run
-------------------------  -----  ---------  --------  ----------  --------------  -------------------
/opt/airflow/dags/main.py                           3           0  0.88s           2026-05-15T17:18:03
================================================================================
[2026-05-15T17:18:57.436+0000] {manager.py:878} INFO - 
================================================================================
DAG File Processing Stats

File Path                  PID    Runtime      # DAGs    # Errors  Last Runtime    Last Run
-------------------------  -----  ---------  --------  ----------  --------------  -------------------
/opt/airflow/dags/main.py                           3           0  0.74s           2026-05-15T17:18:33
================================================================================
[2026-05-15T17:19:27.820+0000] {manager.py:878} INFO - 
================================================================================
DAG File Processing Stats

File Path                  PID    Runtime      # DAGs    # Errors  Last Runtime    Last Run
-------------------------  -----  ---------  --------  ----------  --------------  -------------------
/opt/airflow/dags/main.py                           3           0  0.81s           2026-05-15T17:19:05
================================================================================
[2026-05-15T17:19:57.974+0000] {manager.py:878} INFO - 
================================================================================
DAG File Processing Stats

File Path                  PID    Runtime      # DAGs    # Errors  Last Runtime    Last Run
-------------------------  -----  ---------  --------  ----------  --------------  -------------------
/opt/airflow/dags/main.py                           3           0  0.78s           2026-05-15T17:19:36
================================================================================
[2026-05-15T17:20:28.694+0000] {manager.py:878} INFO - 
================================================================================
DAG File Processing Stats

File Path                  PID    Runtime      # DAGs    # Errors  Last Runtime    Last Run
-------------------------  -----  ---------  --------  ----------  --------------  -------------------
/opt/airflow/dags/main.py                           3           0  0.88s           2026-05-15T17:20:07
================================================================================
[2026-05-15T17:20:59.397+0000] {manager.py:878} INFO - 
================================================================================
DAG File Processing Stats

File Path                  PID    Runtime      # DAGs    # Errors  Last Runtime    Last Run
-------------------------  -----  ---------  --------  ----------  --------------  -------------------
/opt/airflow/dags/main.py                           3           0  0.97s           2026-05-15T17:20:38
================================================================================
[2026-05-15T17:21:29.433+0000] {manager.py:878} INFO - 
================================================================================
DAG File Processing Stats

File Path                  PID    Runtime      # DAGs    # Errors  Last Runtime    Last Run
-------------------------  -----  ---------  --------  ----------  --------------  -------------------
/opt/airflow/dags/main.py                           3           0  1.86s           2026-05-15T17:21:11
================================================================================
[2026-05-15T17:21:59.611+0000] {manager.py:878} INFO - 
================================================================================
DAG File Processing Stats

File Path                  PID    Runtime      # DAGs    # Errors  Last Runtime    Last Run
-------------------------  -----  ---------  --------  ----------  --------------  -------------------
/opt/airflow/dags/main.py                           3           0  0.76s           2026-05-15T17:21:42
================================================================================
[2026-05-15T17:22:29.760+0000] {manager.py:878} INFO - 
================================================================================
DAG File Processing Stats

File Path                  PID    Runtime      # DAGs    # Errors  Last Runtime    Last Run
-------------------------  -----  ---------  --------  ----------  --------------  -------------------
/opt/airflow/dags/main.py                           3           0  1.00s           2026-05-15T17:22:13
================================================================================
[2026-05-15T17:23:00.181+0000] {manager.py:878} INFO - 
================================================================================
DAG File Processing Stats

File Path                  PID    Runtime      # DAGs    # Errors  Last Runtime    Last Run
-------------------------  -----  ---------  --------  ----------  --------------  -------------------
/opt/airflow/dags/main.py                           3           0  0.67s           2026-05-15T17:22:44
================================================================================
[2026-05-15T17:23:07.683+0000] {manager.py:737} INFO - Searching for files in /opt/airflow/dags
[2026-05-15T17:23:08.276+0000] {manager.py:740} INFO - There are 1 files in /opt/airflow/dags
[2026-05-15T17:23:30.757+0000] {manager.py:878} INFO - 
================================================================================
DAG File Processing Stats

File Path                  PID    Runtime      # DAGs    # Errors  Last Runtime    Last Run
-------------------------  -----  ---------  --------  ----------  --------------  -------------------
/opt/airflow/dags/main.py                           3           0  0.72s           2026-05-15T17:23:15
================================================================================
[2026-05-15T17:24:01.280+0000] {manager.py:878} INFO - 
================================================================================
DAG File Processing Stats

File Path                  PID    Runtime      # DAGs    # Errors  Last Runtime    Last Run
-------------------------  -----  ---------  --------  ----------  --------------  -------------------
/opt/airflow/dags/main.py                           3           0  0.78s           2026-05-15T17:23:47
================================================================================
[2026-05-15T17:24:31.585+0000] {manager.py:878} INFO - 
================================================================================
DAG File Processing Stats

File Path                  PID    Runtime      # DAGs    # Errors  Last Runtime    Last Run
-------------------------  -----  ---------  --------  ----------  --------------  -------------------
/opt/airflow/dags/main.py                           3           0  0.55s           2026-05-15T17:24:18
================================================================================
[2026-05-15T17:25:02.058+0000] {manager.py:878} INFO - 
================================================================================
DAG File Processing Stats

File Path                  PID    Runtime      # DAGs    # Errors  Last Runtime    Last Run
-------------------------  -----  ---------  --------  ----------  --------------  -------------------
/opt/airflow/dags/main.py                           3           0  0.72s           2026-05-15T17:24:49
================================================================================
[2026-05-15T17:25:32.742+0000] {manager.py:878} INFO - 
================================================================================
DAG File Processing Stats

File Path                  PID    Runtime      # DAGs    # Errors  Last Runtime    Last Run
-------------------------  -----  ---------  --------  ----------  --------------  -------------------
/opt/airflow/dags/main.py                           3           0  1.31s           2026-05-15T17:25:20
================================================================================
[2026-05-15T17:25:52.061+0000] {manager.py:452} INFO - Exiting gracefully upon receiving signal 15
[2026-05-15T17:25:52.061+0000] {manager.py:452} INFO - Exiting gracefully upon receiving signal 15
