[2026-05-14T11:28:32.712+0000] {processor.py:161} INFO - Started process (PID=69) to work on /opt/airflow/dags/main.py
[2026-05-14T11:28:32.716+0000] {processor.py:830} INFO - Processing file /opt/airflow/dags/main.py for tasks to queue
[2026-05-14T11:28:32.745+0000] {logging_mixin.py:188} INFO - [2026-05-14T11:28:32.740+0000] {dagbag.py:545} INFO - Filling up the DagBag from /opt/airflow/dags/main.py
[2026-05-14T11:28:33.363+0000] {processor.py:840} INFO - DAG(s) 'produce_json' retrieved from /opt/airflow/dags/main.py
[2026-05-14T11:28:35.655+0000] {logging_mixin.py:188} INFO - [2026-05-14T11:28:35.636+0000] {override.py:1829} INFO - Created Permission View: can read on DAG:produce_json
[2026-05-14T11:28:35.780+0000] {logging_mixin.py:188} INFO - [2026-05-14T11:28:35.779+0000] {override.py:1829} INFO - Created Permission View: can edit on DAG:produce_json
[2026-05-14T11:28:35.848+0000] {logging_mixin.py:188} INFO - [2026-05-14T11:28:35.847+0000] {override.py:1829} INFO - Created Permission View: can delete on DAG:produce_json
[2026-05-14T11:28:35.851+0000] {logging_mixin.py:188} INFO - [2026-05-14T11:28:35.850+0000] {dag.py:3096} INFO - Sync 1 DAGs
[2026-05-14T11:28:36.006+0000] {logging_mixin.py:188} INFO - [2026-05-14T11:28:36.006+0000] {dag.py:3118} INFO - Creating ORM DAG for produce_json
[2026-05-14T11:28:36.113+0000] {logging_mixin.py:188} INFO - [2026-05-14T11:28:36.112+0000] {dag.py:3954} INFO - Setting next_dagrun for produce_json to 2026-05-12 13:00:00+00:00, run_after=2026-05-13 13:00:00+00:00
[2026-05-14T11:28:36.248+0000] {processor.py:183} INFO - Processing /opt/airflow/dags/main.py took 3.576 seconds
[2026-05-14T11:29:06.761+0000] {processor.py:161} INFO - Started process (PID=76) to work on /opt/airflow/dags/main.py
[2026-05-14T11:29:06.765+0000] {processor.py:830} INFO - Processing file /opt/airflow/dags/main.py for tasks to queue
[2026-05-14T11:29:06.775+0000] {logging_mixin.py:188} INFO - [2026-05-14T11:29:06.774+0000] {dagbag.py:545} INFO - Filling up the DagBag from /opt/airflow/dags/main.py
[2026-05-14T11:29:06.966+0000] {processor.py:840} INFO - DAG(s) 'produce_json' retrieved from /opt/airflow/dags/main.py
[2026-05-14T11:29:07.053+0000] {logging_mixin.py:188} INFO - [2026-05-14T11:29:07.052+0000] {dag.py:3096} INFO - Sync 1 DAGs
[2026-05-14T11:29:07.131+0000] {logging_mixin.py:188} INFO - [2026-05-14T11:29:07.131+0000] {dag.py:3954} INFO - Setting next_dagrun for produce_json to 2026-05-12 13:00:00+00:00, run_after=2026-05-13 13:00:00+00:00
[2026-05-14T11:29:07.177+0000] {processor.py:183} INFO - Processing /opt/airflow/dags/main.py took 0.448 seconds
[2026-05-14T11:29:37.320+0000] {processor.py:161} INFO - Started process (PID=83) to work on /opt/airflow/dags/main.py
[2026-05-14T11:29:37.323+0000] {processor.py:830} INFO - Processing file /opt/airflow/dags/main.py for tasks to queue
[2026-05-14T11:29:37.330+0000] {logging_mixin.py:188} INFO - [2026-05-14T11:29:37.329+0000] {dagbag.py:545} INFO - Filling up the DagBag from /opt/airflow/dags/main.py
[2026-05-14T11:29:37.663+0000] {processor.py:840} INFO - DAG(s) 'produce_json' retrieved from /opt/airflow/dags/main.py
[2026-05-14T11:29:37.884+0000] {logging_mixin.py:188} INFO - [2026-05-14T11:29:37.883+0000] {dag.py:3096} INFO - Sync 1 DAGs
[2026-05-14T11:29:38.009+0000] {logging_mixin.py:188} INFO - [2026-05-14T11:29:38.008+0000] {dag.py:3954} INFO - Setting next_dagrun for produce_json to 2026-05-12 13:00:00+00:00, run_after=2026-05-13 13:00:00+00:00
[2026-05-14T11:29:38.085+0000] {processor.py:183} INFO - Processing /opt/airflow/dags/main.py took 0.794 seconds
[2026-05-14T11:30:08.573+0000] {processor.py:161} INFO - Started process (PID=98) to work on /opt/airflow/dags/main.py
[2026-05-14T11:30:08.588+0000] {processor.py:830} INFO - Processing file /opt/airflow/dags/main.py for tasks to queue
[2026-05-14T11:30:08.621+0000] {logging_mixin.py:188} INFO - [2026-05-14T11:30:08.620+0000] {dagbag.py:545} INFO - Filling up the DagBag from /opt/airflow/dags/main.py
[2026-05-14T11:30:08.904+0000] {processor.py:840} INFO - DAG(s) 'produce_json' retrieved from /opt/airflow/dags/main.py
[2026-05-14T11:30:09.060+0000] {logging_mixin.py:188} INFO - [2026-05-14T11:30:09.059+0000] {dag.py:3096} INFO - Sync 1 DAGs
[2026-05-14T11:30:09.297+0000] {logging_mixin.py:188} INFO - [2026-05-14T11:30:09.293+0000] {dag.py:3954} INFO - Setting next_dagrun for produce_json to 2026-05-13 13:00:00+00:00, run_after=2026-05-14 13:00:00+00:00
[2026-05-14T11:30:09.464+0000] {processor.py:183} INFO - Processing /opt/airflow/dags/main.py took 0.973 seconds
[2026-05-14T11:30:40.450+0000] {processor.py:161} INFO - Started process (PID=108) to work on /opt/airflow/dags/main.py
[2026-05-14T11:30:40.452+0000] {processor.py:830} INFO - Processing file /opt/airflow/dags/main.py for tasks to queue
[2026-05-14T11:30:40.459+0000] {logging_mixin.py:188} INFO - [2026-05-14T11:30:40.458+0000] {dagbag.py:545} INFO - Filling up the DagBag from /opt/airflow/dags/main.py
[2026-05-14T11:30:40.747+0000] {processor.py:840} INFO - DAG(s) 'produce_json' retrieved from /opt/airflow/dags/main.py
[2026-05-14T11:30:40.818+0000] {logging_mixin.py:188} INFO - [2026-05-14T11:30:40.818+0000] {dag.py:3096} INFO - Sync 1 DAGs
[2026-05-14T11:30:40.923+0000] {logging_mixin.py:188} INFO - [2026-05-14T11:30:40.920+0000] {dag.py:3954} INFO - Setting next_dagrun for produce_json to 2026-05-13 13:00:00+00:00, run_after=2026-05-14 13:00:00+00:00
[2026-05-14T11:30:41.078+0000] {processor.py:183} INFO - Processing /opt/airflow/dags/main.py took 0.649 seconds
[2026-05-14T11:31:11.487+0000] {processor.py:161} INFO - Started process (PID=123) to work on /opt/airflow/dags/main.py
[2026-05-14T11:31:11.503+0000] {processor.py:830} INFO - Processing file /opt/airflow/dags/main.py for tasks to queue
[2026-05-14T11:31:11.520+0000] {logging_mixin.py:188} INFO - [2026-05-14T11:31:11.519+0000] {dagbag.py:545} INFO - Filling up the DagBag from /opt/airflow/dags/main.py
[2026-05-14T11:31:11.865+0000] {processor.py:840} INFO - DAG(s) 'produce_json' retrieved from /opt/airflow/dags/main.py
[2026-05-14T11:31:11.958+0000] {logging_mixin.py:188} INFO - [2026-05-14T11:31:11.957+0000] {dag.py:3096} INFO - Sync 1 DAGs
[2026-05-14T11:31:12.102+0000] {logging_mixin.py:188} INFO - [2026-05-14T11:31:12.101+0000] {dag.py:3954} INFO - Setting next_dagrun for produce_json to 2026-05-13 13:00:00+00:00, run_after=2026-05-14 13:00:00+00:00
[2026-05-14T11:31:12.181+0000] {processor.py:183} INFO - Processing /opt/airflow/dags/main.py took 0.742 seconds
[2026-05-14T11:31:42.999+0000] {processor.py:161} INFO - Started process (PID=130) to work on /opt/airflow/dags/main.py
[2026-05-14T11:31:43.003+0000] {processor.py:830} INFO - Processing file /opt/airflow/dags/main.py for tasks to queue
[2026-05-14T11:31:43.016+0000] {logging_mixin.py:188} INFO - [2026-05-14T11:31:43.015+0000] {dagbag.py:545} INFO - Filling up the DagBag from /opt/airflow/dags/main.py
[2026-05-14T11:31:43.184+0000] {processor.py:840} INFO - DAG(s) 'produce_json' retrieved from /opt/airflow/dags/main.py
[2026-05-14T11:31:43.241+0000] {logging_mixin.py:188} INFO - [2026-05-14T11:31:43.240+0000] {dag.py:3096} INFO - Sync 1 DAGs
[2026-05-14T11:31:43.304+0000] {logging_mixin.py:188} INFO - [2026-05-14T11:31:43.304+0000] {dag.py:3954} INFO - Setting next_dagrun for produce_json to 2026-05-13 13:00:00+00:00, run_after=2026-05-14 13:00:00+00:00
[2026-05-14T11:31:43.399+0000] {processor.py:183} INFO - Processing /opt/airflow/dags/main.py took 0.437 seconds
[2026-05-14T11:32:14.193+0000] {processor.py:161} INFO - Started process (PID=137) to work on /opt/airflow/dags/main.py
[2026-05-14T11:32:14.207+0000] {processor.py:830} INFO - Processing file /opt/airflow/dags/main.py for tasks to queue
[2026-05-14T11:32:14.226+0000] {logging_mixin.py:188} INFO - [2026-05-14T11:32:14.225+0000] {dagbag.py:545} INFO - Filling up the DagBag from /opt/airflow/dags/main.py
[2026-05-14T11:32:14.472+0000] {processor.py:840} INFO - DAG(s) 'produce_json' retrieved from /opt/airflow/dags/main.py
[2026-05-14T11:32:14.539+0000] {logging_mixin.py:188} INFO - [2026-05-14T11:32:14.538+0000] {dag.py:3096} INFO - Sync 1 DAGs
[2026-05-14T11:32:14.698+0000] {logging_mixin.py:188} INFO - [2026-05-14T11:32:14.697+0000] {dag.py:3954} INFO - Setting next_dagrun for produce_json to 2026-05-13 13:00:00+00:00, run_after=2026-05-14 13:00:00+00:00
[2026-05-14T11:32:14.745+0000] {processor.py:183} INFO - Processing /opt/airflow/dags/main.py took 0.578 seconds
[2026-05-14T11:32:45.180+0000] {processor.py:161} INFO - Started process (PID=144) to work on /opt/airflow/dags/main.py
[2026-05-14T11:32:45.183+0000] {processor.py:830} INFO - Processing file /opt/airflow/dags/main.py for tasks to queue
[2026-05-14T11:32:45.190+0000] {logging_mixin.py:188} INFO - [2026-05-14T11:32:45.188+0000] {dagbag.py:545} INFO - Filling up the DagBag from /opt/airflow/dags/main.py
[2026-05-14T11:32:45.359+0000] {processor.py:840} INFO - DAG(s) 'produce_json' retrieved from /opt/airflow/dags/main.py
[2026-05-14T11:32:45.417+0000] {logging_mixin.py:188} INFO - [2026-05-14T11:32:45.416+0000] {dag.py:3096} INFO - Sync 1 DAGs
[2026-05-14T11:32:45.467+0000] {logging_mixin.py:188} INFO - [2026-05-14T11:32:45.466+0000] {dag.py:3954} INFO - Setting next_dagrun for produce_json to 2026-05-13 13:00:00+00:00, run_after=2026-05-14 13:00:00+00:00
[2026-05-14T11:32:45.502+0000] {processor.py:183} INFO - Processing /opt/airflow/dags/main.py took 0.348 seconds
[2026-05-14T11:33:15.598+0000] {processor.py:161} INFO - Started process (PID=151) to work on /opt/airflow/dags/main.py
[2026-05-14T11:33:15.601+0000] {processor.py:830} INFO - Processing file /opt/airflow/dags/main.py for tasks to queue
[2026-05-14T11:33:15.606+0000] {logging_mixin.py:188} INFO - [2026-05-14T11:33:15.605+0000] {dagbag.py:545} INFO - Filling up the DagBag from /opt/airflow/dags/main.py
[2026-05-14T11:33:15.745+0000] {processor.py:840} INFO - DAG(s) 'produce_json' retrieved from /opt/airflow/dags/main.py
[2026-05-14T11:33:15.860+0000] {logging_mixin.py:188} INFO - [2026-05-14T11:33:15.860+0000] {dag.py:3096} INFO - Sync 1 DAGs
[2026-05-14T11:33:15.924+0000] {logging_mixin.py:188} INFO - [2026-05-14T11:33:15.923+0000] {dag.py:3954} INFO - Setting next_dagrun for produce_json to 2026-05-13 13:00:00+00:00, run_after=2026-05-14 13:00:00+00:00
[2026-05-14T11:33:16.007+0000] {processor.py:183} INFO - Processing /opt/airflow/dags/main.py took 0.426 seconds
[2026-05-14T11:33:46.722+0000] {processor.py:161} INFO - Started process (PID=158) to work on /opt/airflow/dags/main.py
[2026-05-14T11:33:46.725+0000] {processor.py:830} INFO - Processing file /opt/airflow/dags/main.py for tasks to queue
[2026-05-14T11:33:46.735+0000] {logging_mixin.py:188} INFO - [2026-05-14T11:33:46.733+0000] {dagbag.py:545} INFO - Filling up the DagBag from /opt/airflow/dags/main.py
[2026-05-14T11:33:46.883+0000] {processor.py:840} INFO - DAG(s) 'produce_json' retrieved from /opt/airflow/dags/main.py
[2026-05-14T11:33:46.958+0000] {logging_mixin.py:188} INFO - [2026-05-14T11:33:46.957+0000] {dag.py:3096} INFO - Sync 1 DAGs
[2026-05-14T11:33:47.013+0000] {logging_mixin.py:188} INFO - [2026-05-14T11:33:47.013+0000] {dag.py:3954} INFO - Setting next_dagrun for produce_json to 2026-05-13 13:00:00+00:00, run_after=2026-05-14 13:00:00+00:00
[2026-05-14T11:33:47.053+0000] {processor.py:183} INFO - Processing /opt/airflow/dags/main.py took 0.356 seconds
[2026-05-14T11:34:17.208+0000] {processor.py:161} INFO - Started process (PID=165) to work on /opt/airflow/dags/main.py
[2026-05-14T11:34:17.214+0000] {processor.py:830} INFO - Processing file /opt/airflow/dags/main.py for tasks to queue
[2026-05-14T11:34:17.222+0000] {logging_mixin.py:188} INFO - [2026-05-14T11:34:17.221+0000] {dagbag.py:545} INFO - Filling up the DagBag from /opt/airflow/dags/main.py
[2026-05-14T11:34:17.358+0000] {processor.py:840} INFO - DAG(s) 'produce_json' retrieved from /opt/airflow/dags/main.py
[2026-05-14T11:34:17.418+0000] {logging_mixin.py:188} INFO - [2026-05-14T11:34:17.417+0000] {dag.py:3096} INFO - Sync 1 DAGs
[2026-05-14T11:34:17.498+0000] {logging_mixin.py:188} INFO - [2026-05-14T11:34:17.497+0000] {dag.py:3954} INFO - Setting next_dagrun for produce_json to 2026-05-13 13:00:00+00:00, run_after=2026-05-14 13:00:00+00:00
[2026-05-14T11:34:17.554+0000] {processor.py:183} INFO - Processing /opt/airflow/dags/main.py took 0.373 seconds
[2026-05-14T11:34:47.819+0000] {processor.py:161} INFO - Started process (PID=173) to work on /opt/airflow/dags/main.py
[2026-05-14T11:34:47.823+0000] {processor.py:830} INFO - Processing file /opt/airflow/dags/main.py for tasks to queue
[2026-05-14T11:34:47.829+0000] {logging_mixin.py:188} INFO - [2026-05-14T11:34:47.828+0000] {dagbag.py:545} INFO - Filling up the DagBag from /opt/airflow/dags/main.py
[2026-05-14T11:34:47.930+0000] {processor.py:840} INFO - DAG(s) 'produce_json' retrieved from /opt/airflow/dags/main.py
[2026-05-14T11:34:47.987+0000] {logging_mixin.py:188} INFO - [2026-05-14T11:34:47.987+0000] {dag.py:3096} INFO - Sync 1 DAGs
[2026-05-14T11:34:48.043+0000] {logging_mixin.py:188} INFO - [2026-05-14T11:34:48.042+0000] {dag.py:3954} INFO - Setting next_dagrun for produce_json to 2026-05-13 13:00:00+00:00, run_after=2026-05-14 13:00:00+00:00
[2026-05-14T11:34:48.097+0000] {processor.py:183} INFO - Processing /opt/airflow/dags/main.py took 0.303 seconds
[2026-05-14T11:35:18.366+0000] {processor.py:161} INFO - Started process (PID=180) to work on /opt/airflow/dags/main.py
[2026-05-14T11:35:18.368+0000] {processor.py:830} INFO - Processing file /opt/airflow/dags/main.py for tasks to queue
[2026-05-14T11:35:18.372+0000] {logging_mixin.py:188} INFO - [2026-05-14T11:35:18.371+0000] {dagbag.py:545} INFO - Filling up the DagBag from /opt/airflow/dags/main.py
[2026-05-14T11:35:18.502+0000] {processor.py:840} INFO - DAG(s) 'produce_json' retrieved from /opt/airflow/dags/main.py
[2026-05-14T11:35:18.569+0000] {logging_mixin.py:188} INFO - [2026-05-14T11:35:18.569+0000] {dag.py:3096} INFO - Sync 1 DAGs
[2026-05-14T11:35:18.624+0000] {logging_mixin.py:188} INFO - [2026-05-14T11:35:18.623+0000] {dag.py:3954} INFO - Setting next_dagrun for produce_json to 2026-05-13 13:00:00+00:00, run_after=2026-05-14 13:00:00+00:00
[2026-05-14T11:35:18.662+0000] {processor.py:183} INFO - Processing /opt/airflow/dags/main.py took 0.310 seconds
[2026-05-14T11:35:48.847+0000] {processor.py:161} INFO - Started process (PID=187) to work on /opt/airflow/dags/main.py
[2026-05-14T11:35:48.850+0000] {processor.py:830} INFO - Processing file /opt/airflow/dags/main.py for tasks to queue
[2026-05-14T11:35:48.854+0000] {logging_mixin.py:188} INFO - [2026-05-14T11:35:48.854+0000] {dagbag.py:545} INFO - Filling up the DagBag from /opt/airflow/dags/main.py
[2026-05-14T11:35:49.014+0000] {processor.py:840} INFO - DAG(s) 'produce_json' retrieved from /opt/airflow/dags/main.py
[2026-05-14T11:35:49.072+0000] {logging_mixin.py:188} INFO - [2026-05-14T11:35:49.071+0000] {dag.py:3096} INFO - Sync 1 DAGs
[2026-05-14T11:35:49.113+0000] {logging_mixin.py:188} INFO - [2026-05-14T11:35:49.112+0000] {dag.py:3954} INFO - Setting next_dagrun for produce_json to 2026-05-13 13:00:00+00:00, run_after=2026-05-14 13:00:00+00:00
[2026-05-14T11:35:49.154+0000] {processor.py:183} INFO - Processing /opt/airflow/dags/main.py took 0.325 seconds
[2026-05-14T11:36:19.303+0000] {processor.py:161} INFO - Started process (PID=194) to work on /opt/airflow/dags/main.py
[2026-05-14T11:36:19.307+0000] {processor.py:830} INFO - Processing file /opt/airflow/dags/main.py for tasks to queue
[2026-05-14T11:36:19.311+0000] {logging_mixin.py:188} INFO - [2026-05-14T11:36:19.310+0000] {dagbag.py:545} INFO - Filling up the DagBag from /opt/airflow/dags/main.py
[2026-05-14T11:36:19.484+0000] {processor.py:840} INFO - DAG(s) 'produce_json' retrieved from /opt/airflow/dags/main.py
[2026-05-14T11:36:19.563+0000] {logging_mixin.py:188} INFO - [2026-05-14T11:36:19.563+0000] {dag.py:3096} INFO - Sync 1 DAGs
[2026-05-14T11:36:19.689+0000] {logging_mixin.py:188} INFO - [2026-05-14T11:36:19.688+0000] {dag.py:3954} INFO - Setting next_dagrun for produce_json to 2026-05-13 13:00:00+00:00, run_after=2026-05-14 13:00:00+00:00
[2026-05-14T11:36:19.758+0000] {processor.py:183} INFO - Processing /opt/airflow/dags/main.py took 0.471 seconds
[2026-05-14T11:36:49.875+0000] {processor.py:161} INFO - Started process (PID=201) to work on /opt/airflow/dags/main.py
[2026-05-14T11:36:49.877+0000] {processor.py:830} INFO - Processing file /opt/airflow/dags/main.py for tasks to queue
[2026-05-14T11:36:49.882+0000] {logging_mixin.py:188} INFO - [2026-05-14T11:36:49.881+0000] {dagbag.py:545} INFO - Filling up the DagBag from /opt/airflow/dags/main.py
[2026-05-14T11:36:50.007+0000] {processor.py:840} INFO - DAG(s) 'produce_json' retrieved from /opt/airflow/dags/main.py
[2026-05-14T11:36:50.054+0000] {logging_mixin.py:188} INFO - [2026-05-14T11:36:50.053+0000] {dag.py:3096} INFO - Sync 1 DAGs
[2026-05-14T11:36:50.120+0000] {logging_mixin.py:188} INFO - [2026-05-14T11:36:50.119+0000] {dag.py:3954} INFO - Setting next_dagrun for produce_json to 2026-05-13 13:00:00+00:00, run_after=2026-05-14 13:00:00+00:00
[2026-05-14T11:36:50.182+0000] {processor.py:183} INFO - Processing /opt/airflow/dags/main.py took 0.321 seconds
[2026-05-14T11:37:20.474+0000] {processor.py:161} INFO - Started process (PID=208) to work on /opt/airflow/dags/main.py
[2026-05-14T11:37:20.476+0000] {processor.py:830} INFO - Processing file /opt/airflow/dags/main.py for tasks to queue
[2026-05-14T11:37:20.482+0000] {logging_mixin.py:188} INFO - [2026-05-14T11:37:20.481+0000] {dagbag.py:545} INFO - Filling up the DagBag from /opt/airflow/dags/main.py
[2026-05-14T11:37:20.618+0000] {processor.py:840} INFO - DAG(s) 'produce_json' retrieved from /opt/airflow/dags/main.py
[2026-05-14T11:37:20.670+0000] {logging_mixin.py:188} INFO - [2026-05-14T11:37:20.669+0000] {dag.py:3096} INFO - Sync 1 DAGs
[2026-05-14T11:37:20.734+0000] {logging_mixin.py:188} INFO - [2026-05-14T11:37:20.734+0000] {dag.py:3954} INFO - Setting next_dagrun for produce_json to 2026-05-13 13:00:00+00:00, run_after=2026-05-14 13:00:00+00:00
[2026-05-14T11:37:20.795+0000] {processor.py:183} INFO - Processing /opt/airflow/dags/main.py took 0.341 seconds
[2026-05-14T11:37:51.187+0000] {processor.py:161} INFO - Started process (PID=215) to work on /opt/airflow/dags/main.py
[2026-05-14T11:37:51.190+0000] {processor.py:830} INFO - Processing file /opt/airflow/dags/main.py for tasks to queue
[2026-05-14T11:37:51.198+0000] {logging_mixin.py:188} INFO - [2026-05-14T11:37:51.197+0000] {dagbag.py:545} INFO - Filling up the DagBag from /opt/airflow/dags/main.py
[2026-05-14T11:37:51.313+0000] {processor.py:840} INFO - DAG(s) 'produce_json' retrieved from /opt/airflow/dags/main.py
[2026-05-14T11:37:51.359+0000] {logging_mixin.py:188} INFO - [2026-05-14T11:37:51.358+0000] {dag.py:3096} INFO - Sync 1 DAGs
[2026-05-14T11:37:51.403+0000] {logging_mixin.py:188} INFO - [2026-05-14T11:37:51.402+0000] {dag.py:3954} INFO - Setting next_dagrun for produce_json to 2026-05-13 13:00:00+00:00, run_after=2026-05-14 13:00:00+00:00
[2026-05-14T11:37:51.465+0000] {processor.py:183} INFO - Processing /opt/airflow/dags/main.py took 0.296 seconds
[2026-05-14T11:38:21.959+0000] {processor.py:161} INFO - Started process (PID=223) to work on /opt/airflow/dags/main.py
[2026-05-14T11:38:21.962+0000] {processor.py:830} INFO - Processing file /opt/airflow/dags/main.py for tasks to queue
[2026-05-14T11:38:21.967+0000] {logging_mixin.py:188} INFO - [2026-05-14T11:38:21.966+0000] {dagbag.py:545} INFO - Filling up the DagBag from /opt/airflow/dags/main.py
[2026-05-14T11:38:22.088+0000] {processor.py:840} INFO - DAG(s) 'produce_json' retrieved from /opt/airflow/dags/main.py
[2026-05-14T11:38:22.133+0000] {logging_mixin.py:188} INFO - [2026-05-14T11:38:22.133+0000] {dag.py:3096} INFO - Sync 1 DAGs
[2026-05-14T11:38:22.175+0000] {logging_mixin.py:188} INFO - [2026-05-14T11:38:22.175+0000] {dag.py:3954} INFO - Setting next_dagrun for produce_json to 2026-05-13 13:00:00+00:00, run_after=2026-05-14 13:00:00+00:00
[2026-05-14T11:38:22.215+0000] {processor.py:183} INFO - Processing /opt/airflow/dags/main.py took 0.270 seconds
[2026-05-14T11:38:52.323+0000] {processor.py:161} INFO - Started process (PID=231) to work on /opt/airflow/dags/main.py
[2026-05-14T11:38:52.326+0000] {processor.py:830} INFO - Processing file /opt/airflow/dags/main.py for tasks to queue
[2026-05-14T11:38:52.330+0000] {logging_mixin.py:188} INFO - [2026-05-14T11:38:52.330+0000] {dagbag.py:545} INFO - Filling up the DagBag from /opt/airflow/dags/main.py
[2026-05-14T11:38:52.448+0000] {processor.py:840} INFO - DAG(s) 'produce_json' retrieved from /opt/airflow/dags/main.py
[2026-05-14T11:38:52.503+0000] {logging_mixin.py:188} INFO - [2026-05-14T11:38:52.503+0000] {dag.py:3096} INFO - Sync 1 DAGs
[2026-05-14T11:38:52.571+0000] {logging_mixin.py:188} INFO - [2026-05-14T11:38:52.570+0000] {dag.py:3954} INFO - Setting next_dagrun for produce_json to 2026-05-13 13:00:00+00:00, run_after=2026-05-14 13:00:00+00:00
[2026-05-14T11:38:52.624+0000] {processor.py:183} INFO - Processing /opt/airflow/dags/main.py took 0.314 seconds
[2026-05-14T11:39:22.789+0000] {processor.py:161} INFO - Started process (PID=238) to work on /opt/airflow/dags/main.py
[2026-05-14T11:39:22.793+0000] {processor.py:830} INFO - Processing file /opt/airflow/dags/main.py for tasks to queue
[2026-05-14T11:39:22.802+0000] {logging_mixin.py:188} INFO - [2026-05-14T11:39:22.801+0000] {dagbag.py:545} INFO - Filling up the DagBag from /opt/airflow/dags/main.py
[2026-05-14T11:39:22.956+0000] {processor.py:840} INFO - DAG(s) 'produce_json' retrieved from /opt/airflow/dags/main.py
[2026-05-14T11:39:23.036+0000] {logging_mixin.py:188} INFO - [2026-05-14T11:39:23.035+0000] {dag.py:3096} INFO - Sync 1 DAGs
[2026-05-14T11:39:23.113+0000] {logging_mixin.py:188} INFO - [2026-05-14T11:39:23.113+0000] {dag.py:3954} INFO - Setting next_dagrun for produce_json to 2026-05-13 13:00:00+00:00, run_after=2026-05-14 13:00:00+00:00
[2026-05-14T11:39:23.169+0000] {processor.py:183} INFO - Processing /opt/airflow/dags/main.py took 0.409 seconds
[2026-05-14T11:39:53.387+0000] {processor.py:161} INFO - Started process (PID=245) to work on /opt/airflow/dags/main.py
[2026-05-14T11:39:53.391+0000] {processor.py:830} INFO - Processing file /opt/airflow/dags/main.py for tasks to queue
[2026-05-14T11:39:53.396+0000] {logging_mixin.py:188} INFO - [2026-05-14T11:39:53.395+0000] {dagbag.py:545} INFO - Filling up the DagBag from /opt/airflow/dags/main.py
[2026-05-14T11:39:53.536+0000] {processor.py:840} INFO - DAG(s) 'produce_json' retrieved from /opt/airflow/dags/main.py
[2026-05-14T11:39:53.597+0000] {logging_mixin.py:188} INFO - [2026-05-14T11:39:53.596+0000] {dag.py:3096} INFO - Sync 1 DAGs
[2026-05-14T11:39:53.681+0000] {logging_mixin.py:188} INFO - [2026-05-14T11:39:53.680+0000] {dag.py:3954} INFO - Setting next_dagrun for produce_json to 2026-05-13 13:00:00+00:00, run_after=2026-05-14 13:00:00+00:00
[2026-05-14T11:39:53.761+0000] {processor.py:183} INFO - Processing /opt/airflow/dags/main.py took 0.400 seconds
[2026-05-14T11:40:24.159+0000] {processor.py:161} INFO - Started process (PID=252) to work on /opt/airflow/dags/main.py
[2026-05-14T11:40:24.175+0000] {processor.py:830} INFO - Processing file /opt/airflow/dags/main.py for tasks to queue
[2026-05-14T11:40:24.192+0000] {logging_mixin.py:188} INFO - [2026-05-14T11:40:24.191+0000] {dagbag.py:545} INFO - Filling up the DagBag from /opt/airflow/dags/main.py
[2026-05-14T11:40:24.434+0000] {processor.py:840} INFO - DAG(s) 'produce_json' retrieved from /opt/airflow/dags/main.py
[2026-05-14T11:40:24.623+0000] {logging_mixin.py:188} INFO - [2026-05-14T11:40:24.611+0000] {dag.py:3096} INFO - Sync 1 DAGs
[2026-05-14T11:40:24.775+0000] {logging_mixin.py:188} INFO - [2026-05-14T11:40:24.774+0000] {dag.py:3954} INFO - Setting next_dagrun for produce_json to 2026-05-13 13:00:00+00:00, run_after=2026-05-14 13:00:00+00:00
[2026-05-14T11:40:24.832+0000] {processor.py:183} INFO - Processing /opt/airflow/dags/main.py took 0.717 seconds
[2026-05-14T11:40:55.460+0000] {processor.py:161} INFO - Started process (PID=259) to work on /opt/airflow/dags/main.py
[2026-05-14T11:40:55.463+0000] {processor.py:830} INFO - Processing file /opt/airflow/dags/main.py for tasks to queue
[2026-05-14T11:40:55.467+0000] {logging_mixin.py:188} INFO - [2026-05-14T11:40:55.467+0000] {dagbag.py:545} INFO - Filling up the DagBag from /opt/airflow/dags/main.py
[2026-05-14T11:40:55.572+0000] {processor.py:840} INFO - DAG(s) 'produce_json' retrieved from /opt/airflow/dags/main.py
[2026-05-14T11:40:55.637+0000] {logging_mixin.py:188} INFO - [2026-05-14T11:40:55.636+0000] {dag.py:3096} INFO - Sync 1 DAGs
[2026-05-14T11:40:55.700+0000] {logging_mixin.py:188} INFO - [2026-05-14T11:40:55.699+0000] {dag.py:3954} INFO - Setting next_dagrun for produce_json to 2026-05-13 13:00:00+00:00, run_after=2026-05-14 13:00:00+00:00
[2026-05-14T11:40:55.757+0000] {processor.py:183} INFO - Processing /opt/airflow/dags/main.py took 0.316 seconds
[2026-05-14T11:41:27.738+0000] {processor.py:161} INFO - Started process (PID=265) to work on /opt/airflow/dags/main.py
[2026-05-14T11:41:27.747+0000] {processor.py:830} INFO - Processing file /opt/airflow/dags/main.py for tasks to queue
[2026-05-14T11:41:27.759+0000] {logging_mixin.py:188} INFO - [2026-05-14T11:41:27.757+0000] {dagbag.py:545} INFO - Filling up the DagBag from /opt/airflow/dags/main.py
[2026-05-14T11:41:28.281+0000] {processor.py:840} INFO - DAG(s) 'produce_json' retrieved from /opt/airflow/dags/main.py
[2026-05-14T11:41:28.437+0000] {logging_mixin.py:188} INFO - [2026-05-14T11:41:28.437+0000] {dag.py:3096} INFO - Sync 1 DAGs
[2026-05-14T11:41:28.628+0000] {logging_mixin.py:188} INFO - [2026-05-14T11:41:28.627+0000] {dag.py:3954} INFO - Setting next_dagrun for produce_json to 2026-05-13 13:00:00+00:00, run_after=2026-05-14 13:00:00+00:00
[2026-05-14T11:41:28.779+0000] {processor.py:183} INFO - Processing /opt/airflow/dags/main.py took 1.090 seconds
[2026-05-14T11:41:59.355+0000] {processor.py:161} INFO - Started process (PID=272) to work on /opt/airflow/dags/main.py
[2026-05-14T11:41:59.398+0000] {processor.py:830} INFO - Processing file /opt/airflow/dags/main.py for tasks to queue
[2026-05-14T11:41:59.407+0000] {logging_mixin.py:188} INFO - [2026-05-14T11:41:59.406+0000] {dagbag.py:545} INFO - Filling up the DagBag from /opt/airflow/dags/main.py
[2026-05-14T11:41:59.908+0000] {processor.py:840} INFO - DAG(s) 'produce_json' retrieved from /opt/airflow/dags/main.py
[2026-05-14T11:42:00.083+0000] {logging_mixin.py:188} INFO - [2026-05-14T11:42:00.082+0000] {dag.py:3096} INFO - Sync 1 DAGs
[2026-05-14T11:42:00.277+0000] {logging_mixin.py:188} INFO - [2026-05-14T11:42:00.276+0000] {dag.py:3954} INFO - Setting next_dagrun for produce_json to 2026-05-13 13:00:00+00:00, run_after=2026-05-14 13:00:00+00:00
[2026-05-14T11:42:00.412+0000] {processor.py:183} INFO - Processing /opt/airflow/dags/main.py took 1.110 seconds
[2026-05-14T11:42:30.591+0000] {processor.py:161} INFO - Started process (PID=279) to work on /opt/airflow/dags/main.py
[2026-05-14T11:42:30.597+0000] {processor.py:830} INFO - Processing file /opt/airflow/dags/main.py for tasks to queue
[2026-05-14T11:42:30.605+0000] {logging_mixin.py:188} INFO - [2026-05-14T11:42:30.603+0000] {dagbag.py:545} INFO - Filling up the DagBag from /opt/airflow/dags/main.py
[2026-05-14T11:42:30.758+0000] {processor.py:840} INFO - DAG(s) 'produce_json' retrieved from /opt/airflow/dags/main.py
[2026-05-14T11:42:30.814+0000] {logging_mixin.py:188} INFO - [2026-05-14T11:42:30.813+0000] {dag.py:3096} INFO - Sync 1 DAGs
[2026-05-14T11:42:30.887+0000] {logging_mixin.py:188} INFO - [2026-05-14T11:42:30.886+0000] {dag.py:3954} INFO - Setting next_dagrun for produce_json to 2026-05-13 13:00:00+00:00, run_after=2026-05-14 13:00:00+00:00
[2026-05-14T11:42:30.978+0000] {processor.py:183} INFO - Processing /opt/airflow/dags/main.py took 0.408 seconds
[2026-05-14T11:43:01.239+0000] {processor.py:161} INFO - Started process (PID=286) to work on /opt/airflow/dags/main.py
[2026-05-14T11:43:01.243+0000] {processor.py:830} INFO - Processing file /opt/airflow/dags/main.py for tasks to queue
[2026-05-14T11:43:01.250+0000] {logging_mixin.py:188} INFO - [2026-05-14T11:43:01.249+0000] {dagbag.py:545} INFO - Filling up the DagBag from /opt/airflow/dags/main.py
[2026-05-14T11:43:01.425+0000] {processor.py:840} INFO - DAG(s) 'produce_json' retrieved from /opt/airflow/dags/main.py
[2026-05-14T11:43:01.510+0000] {logging_mixin.py:188} INFO - [2026-05-14T11:43:01.510+0000] {dag.py:3096} INFO - Sync 1 DAGs
[2026-05-14T11:43:01.579+0000] {logging_mixin.py:188} INFO - [2026-05-14T11:43:01.578+0000] {dag.py:3954} INFO - Setting next_dagrun for produce_json to 2026-05-13 13:00:00+00:00, run_after=2026-05-14 13:00:00+00:00
[2026-05-14T11:43:01.636+0000] {processor.py:183} INFO - Processing /opt/airflow/dags/main.py took 0.433 seconds
[2026-05-14T11:43:32.339+0000] {processor.py:161} INFO - Started process (PID=293) to work on /opt/airflow/dags/main.py
[2026-05-14T11:43:32.342+0000] {processor.py:830} INFO - Processing file /opt/airflow/dags/main.py for tasks to queue
[2026-05-14T11:43:32.349+0000] {logging_mixin.py:188} INFO - [2026-05-14T11:43:32.348+0000] {dagbag.py:545} INFO - Filling up the DagBag from /opt/airflow/dags/main.py
[2026-05-14T11:43:32.656+0000] {processor.py:840} INFO - DAG(s) 'produce_json' retrieved from /opt/airflow/dags/main.py
[2026-05-14T11:43:32.822+0000] {logging_mixin.py:188} INFO - [2026-05-14T11:43:32.821+0000] {dag.py:3096} INFO - Sync 1 DAGs
[2026-05-14T11:43:32.942+0000] {logging_mixin.py:188} INFO - [2026-05-14T11:43:32.941+0000] {dag.py:3954} INFO - Setting next_dagrun for produce_json to 2026-05-13 13:00:00+00:00, run_after=2026-05-14 13:00:00+00:00
[2026-05-14T11:43:33.064+0000] {processor.py:183} INFO - Processing /opt/airflow/dags/main.py took 0.789 seconds
[2026-05-14T11:44:04.093+0000] {processor.py:161} INFO - Started process (PID=300) to work on /opt/airflow/dags/main.py
[2026-05-14T11:44:04.107+0000] {processor.py:830} INFO - Processing file /opt/airflow/dags/main.py for tasks to queue
[2026-05-14T11:44:04.116+0000] {logging_mixin.py:188} INFO - [2026-05-14T11:44:04.115+0000] {dagbag.py:545} INFO - Filling up the DagBag from /opt/airflow/dags/main.py
[2026-05-14T11:44:04.582+0000] {processor.py:840} INFO - DAG(s) 'produce_json' retrieved from /opt/airflow/dags/main.py
[2026-05-14T11:44:04.781+0000] {logging_mixin.py:188} INFO - [2026-05-14T11:44:04.781+0000] {dag.py:3096} INFO - Sync 1 DAGs
[2026-05-14T11:44:04.985+0000] {logging_mixin.py:188} INFO - [2026-05-14T11:44:04.984+0000] {dag.py:3954} INFO - Setting next_dagrun for produce_json to 2026-05-13 13:00:00+00:00, run_after=2026-05-14 13:00:00+00:00
[2026-05-14T11:44:05.154+0000] {processor.py:183} INFO - Processing /opt/airflow/dags/main.py took 1.128 seconds
[2026-05-14T11:44:35.664+0000] {processor.py:161} INFO - Started process (PID=307) to work on /opt/airflow/dags/main.py
[2026-05-14T11:44:35.742+0000] {processor.py:830} INFO - Processing file /opt/airflow/dags/main.py for tasks to queue
[2026-05-14T11:44:35.808+0000] {logging_mixin.py:188} INFO - [2026-05-14T11:44:35.807+0000] {dagbag.py:545} INFO - Filling up the DagBag from /opt/airflow/dags/main.py
[2026-05-14T11:44:36.231+0000] {processor.py:840} INFO - DAG(s) 'produce_json' retrieved from /opt/airflow/dags/main.py
[2026-05-14T11:44:36.369+0000] {logging_mixin.py:188} INFO - [2026-05-14T11:44:36.368+0000] {dag.py:3096} INFO - Sync 1 DAGs
[2026-05-14T11:44:36.624+0000] {logging_mixin.py:188} INFO - [2026-05-14T11:44:36.624+0000] {dag.py:3954} INFO - Setting next_dagrun for produce_json to 2026-05-13 13:00:00+00:00, run_after=2026-05-14 13:00:00+00:00
[2026-05-14T11:44:36.865+0000] {processor.py:183} INFO - Processing /opt/airflow/dags/main.py took 1.255 seconds
[2026-05-14T11:45:07.374+0000] {processor.py:161} INFO - Started process (PID=319) to work on /opt/airflow/dags/main.py
[2026-05-14T11:45:07.379+0000] {processor.py:830} INFO - Processing file /opt/airflow/dags/main.py for tasks to queue
[2026-05-14T11:45:07.385+0000] {logging_mixin.py:188} INFO - [2026-05-14T11:45:07.384+0000] {dagbag.py:545} INFO - Filling up the DagBag from /opt/airflow/dags/main.py
[2026-05-14T11:45:07.566+0000] {processor.py:840} INFO - DAG(s) 'produce_json' retrieved from /opt/airflow/dags/main.py
[2026-05-14T11:45:07.669+0000] {logging_mixin.py:188} INFO - [2026-05-14T11:45:07.668+0000] {dag.py:3096} INFO - Sync 1 DAGs
[2026-05-14T11:45:07.774+0000] {logging_mixin.py:188} INFO - [2026-05-14T11:45:07.773+0000] {dag.py:3954} INFO - Setting next_dagrun for produce_json to 2026-05-13 13:00:00+00:00, run_after=2026-05-14 13:00:00+00:00
[2026-05-14T11:45:07.847+0000] {processor.py:183} INFO - Processing /opt/airflow/dags/main.py took 0.538 seconds
[2026-05-14T11:45:38.395+0000] {processor.py:161} INFO - Started process (PID=326) to work on /opt/airflow/dags/main.py
[2026-05-14T11:45:38.402+0000] {processor.py:830} INFO - Processing file /opt/airflow/dags/main.py for tasks to queue
[2026-05-14T11:45:38.418+0000] {logging_mixin.py:188} INFO - [2026-05-14T11:45:38.417+0000] {dagbag.py:545} INFO - Filling up the DagBag from /opt/airflow/dags/main.py
[2026-05-14T11:45:38.642+0000] {processor.py:840} INFO - DAG(s) 'produce_json' retrieved from /opt/airflow/dags/main.py
[2026-05-14T11:45:38.726+0000] {logging_mixin.py:188} INFO - [2026-05-14T11:45:38.725+0000] {dag.py:3096} INFO - Sync 1 DAGs
[2026-05-14T11:45:38.792+0000] {logging_mixin.py:188} INFO - [2026-05-14T11:45:38.791+0000] {dag.py:3954} INFO - Setting next_dagrun for produce_json to 2026-05-13 13:00:00+00:00, run_after=2026-05-14 13:00:00+00:00
[2026-05-14T11:45:38.844+0000] {processor.py:183} INFO - Processing /opt/airflow/dags/main.py took 0.492 seconds
[2026-05-14T11:46:09.607+0000] {processor.py:161} INFO - Started process (PID=333) to work on /opt/airflow/dags/main.py
[2026-05-14T11:46:09.616+0000] {processor.py:830} INFO - Processing file /opt/airflow/dags/main.py for tasks to queue
[2026-05-14T11:46:09.622+0000] {logging_mixin.py:188} INFO - [2026-05-14T11:46:09.621+0000] {dagbag.py:545} INFO - Filling up the DagBag from /opt/airflow/dags/main.py
[2026-05-14T11:46:10.007+0000] {processor.py:840} INFO - DAG(s) 'produce_json' retrieved from /opt/airflow/dags/main.py
[2026-05-14T11:46:10.181+0000] {logging_mixin.py:188} INFO - [2026-05-14T11:46:10.180+0000] {dag.py:3096} INFO - Sync 1 DAGs
[2026-05-14T11:46:10.288+0000] {logging_mixin.py:188} INFO - [2026-05-14T11:46:10.287+0000] {dag.py:3954} INFO - Setting next_dagrun for produce_json to 2026-05-13 13:00:00+00:00, run_after=2026-05-14 13:00:00+00:00
[2026-05-14T11:46:10.416+0000] {processor.py:183} INFO - Processing /opt/airflow/dags/main.py took 0.856 seconds
[2026-05-14T11:46:40.936+0000] {processor.py:161} INFO - Started process (PID=340) to work on /opt/airflow/dags/main.py
[2026-05-14T11:46:40.940+0000] {processor.py:830} INFO - Processing file /opt/airflow/dags/main.py for tasks to queue
[2026-05-14T11:46:40.947+0000] {logging_mixin.py:188} INFO - [2026-05-14T11:46:40.946+0000] {dagbag.py:545} INFO - Filling up the DagBag from /opt/airflow/dags/main.py
[2026-05-14T11:46:41.101+0000] {processor.py:840} INFO - DAG(s) 'produce_json' retrieved from /opt/airflow/dags/main.py
[2026-05-14T11:46:41.156+0000] {logging_mixin.py:188} INFO - [2026-05-14T11:46:41.156+0000] {dag.py:3096} INFO - Sync 1 DAGs
[2026-05-14T11:46:41.203+0000] {logging_mixin.py:188} INFO - [2026-05-14T11:46:41.202+0000] {dag.py:3954} INFO - Setting next_dagrun for produce_json to 2026-05-13 13:00:00+00:00, run_after=2026-05-14 13:00:00+00:00
[2026-05-14T11:46:41.247+0000] {processor.py:183} INFO - Processing /opt/airflow/dags/main.py took 0.329 seconds
[2026-05-14T11:47:11.448+0000] {processor.py:161} INFO - Started process (PID=347) to work on /opt/airflow/dags/main.py
[2026-05-14T11:47:11.452+0000] {processor.py:830} INFO - Processing file /opt/airflow/dags/main.py for tasks to queue
[2026-05-14T11:47:11.457+0000] {logging_mixin.py:188} INFO - [2026-05-14T11:47:11.456+0000] {dagbag.py:545} INFO - Filling up the DagBag from /opt/airflow/dags/main.py
[2026-05-14T11:47:11.557+0000] {processor.py:840} INFO - DAG(s) 'produce_json' retrieved from /opt/airflow/dags/main.py
[2026-05-14T11:47:11.617+0000] {logging_mixin.py:188} INFO - [2026-05-14T11:47:11.616+0000] {dag.py:3096} INFO - Sync 1 DAGs
[2026-05-14T11:47:11.678+0000] {logging_mixin.py:188} INFO - [2026-05-14T11:47:11.677+0000] {dag.py:3954} INFO - Setting next_dagrun for produce_json to 2026-05-13 13:00:00+00:00, run_after=2026-05-14 13:00:00+00:00
[2026-05-14T11:47:11.755+0000] {processor.py:183} INFO - Processing /opt/airflow/dags/main.py took 0.321 seconds
[2026-05-14T11:47:42.607+0000] {processor.py:161} INFO - Started process (PID=353) to work on /opt/airflow/dags/main.py
[2026-05-14T11:47:42.613+0000] {processor.py:830} INFO - Processing file /opt/airflow/dags/main.py for tasks to queue
[2026-05-14T11:47:42.618+0000] {logging_mixin.py:188} INFO - [2026-05-14T11:47:42.617+0000] {dagbag.py:545} INFO - Filling up the DagBag from /opt/airflow/dags/main.py
[2026-05-14T11:47:42.875+0000] {processor.py:840} INFO - DAG(s) 'produce_json' retrieved from /opt/airflow/dags/main.py
[2026-05-14T11:47:42.929+0000] {logging_mixin.py:188} INFO - [2026-05-14T11:47:42.928+0000] {dag.py:3096} INFO - Sync 1 DAGs
[2026-05-14T11:47:43.028+0000] {logging_mixin.py:188} INFO - [2026-05-14T11:47:43.027+0000] {dag.py:3954} INFO - Setting next_dagrun for produce_json to 2026-05-13 13:00:00+00:00, run_after=2026-05-14 13:00:00+00:00
[2026-05-14T11:47:43.179+0000] {processor.py:183} INFO - Processing /opt/airflow/dags/main.py took 0.591 seconds
[2026-05-14T11:48:13.781+0000] {processor.py:161} INFO - Started process (PID=360) to work on /opt/airflow/dags/main.py
[2026-05-14T11:48:13.785+0000] {processor.py:830} INFO - Processing file /opt/airflow/dags/main.py for tasks to queue
[2026-05-14T11:48:13.800+0000] {logging_mixin.py:188} INFO - [2026-05-14T11:48:13.799+0000] {dagbag.py:545} INFO - Filling up the DagBag from /opt/airflow/dags/main.py
[2026-05-14T11:48:14.200+0000] {processor.py:840} INFO - DAG(s) 'produce_json' retrieved from /opt/airflow/dags/main.py
[2026-05-14T11:48:14.346+0000] {logging_mixin.py:188} INFO - [2026-05-14T11:48:14.346+0000] {dag.py:3096} INFO - Sync 1 DAGs
[2026-05-14T11:48:14.519+0000] {logging_mixin.py:188} INFO - [2026-05-14T11:48:14.518+0000] {dag.py:3954} INFO - Setting next_dagrun for produce_json to 2026-05-13 13:00:00+00:00, run_after=2026-05-14 13:00:00+00:00
[2026-05-14T11:48:14.676+0000] {processor.py:183} INFO - Processing /opt/airflow/dags/main.py took 0.947 seconds
[2026-05-14T11:48:45.495+0000] {processor.py:161} INFO - Started process (PID=367) to work on /opt/airflow/dags/main.py
[2026-05-14T11:48:45.497+0000] {processor.py:830} INFO - Processing file /opt/airflow/dags/main.py for tasks to queue
[2026-05-14T11:48:45.502+0000] {logging_mixin.py:188} INFO - [2026-05-14T11:48:45.502+0000] {dagbag.py:545} INFO - Filling up the DagBag from /opt/airflow/dags/main.py
[2026-05-14T11:48:45.633+0000] {processor.py:840} INFO - DAG(s) 'produce_json' retrieved from /opt/airflow/dags/main.py
[2026-05-14T11:48:45.692+0000] {logging_mixin.py:188} INFO - [2026-05-14T11:48:45.691+0000] {dag.py:3096} INFO - Sync 1 DAGs
[2026-05-14T11:48:45.738+0000] {logging_mixin.py:188} INFO - [2026-05-14T11:48:45.738+0000] {dag.py:3954} INFO - Setting next_dagrun for produce_json to 2026-05-13 13:00:00+00:00, run_after=2026-05-14 13:00:00+00:00
[2026-05-14T11:48:45.776+0000] {processor.py:183} INFO - Processing /opt/airflow/dags/main.py took 0.293 seconds
[2026-05-14T11:49:16.272+0000] {processor.py:161} INFO - Started process (PID=374) to work on /opt/airflow/dags/main.py
[2026-05-14T11:49:16.275+0000] {processor.py:830} INFO - Processing file /opt/airflow/dags/main.py for tasks to queue
[2026-05-14T11:49:16.282+0000] {logging_mixin.py:188} INFO - [2026-05-14T11:49:16.281+0000] {dagbag.py:545} INFO - Filling up the DagBag from /opt/airflow/dags/main.py
[2026-05-14T11:49:16.406+0000] {processor.py:840} INFO - DAG(s) 'produce_json' retrieved from /opt/airflow/dags/main.py
[2026-05-14T11:49:16.460+0000] {logging_mixin.py:188} INFO - [2026-05-14T11:49:16.459+0000] {dag.py:3096} INFO - Sync 1 DAGs
[2026-05-14T11:49:16.514+0000] {logging_mixin.py:188} INFO - [2026-05-14T11:49:16.513+0000] {dag.py:3954} INFO - Setting next_dagrun for produce_json to 2026-05-13 13:00:00+00:00, run_after=2026-05-14 13:00:00+00:00
[2026-05-14T11:49:16.564+0000] {processor.py:183} INFO - Processing /opt/airflow/dags/main.py took 0.311 seconds
[2026-05-14T11:49:47.063+0000] {processor.py:161} INFO - Started process (PID=381) to work on /opt/airflow/dags/main.py
[2026-05-14T11:49:47.066+0000] {processor.py:830} INFO - Processing file /opt/airflow/dags/main.py for tasks to queue
[2026-05-14T11:49:47.071+0000] {logging_mixin.py:188} INFO - [2026-05-14T11:49:47.071+0000] {dagbag.py:545} INFO - Filling up the DagBag from /opt/airflow/dags/main.py
[2026-05-14T11:49:47.202+0000] {processor.py:840} INFO - DAG(s) 'produce_json' retrieved from /opt/airflow/dags/main.py
[2026-05-14T11:49:47.257+0000] {logging_mixin.py:188} INFO - [2026-05-14T11:49:47.256+0000] {dag.py:3096} INFO - Sync 1 DAGs
[2026-05-14T11:49:47.315+0000] {logging_mixin.py:188} INFO - [2026-05-14T11:49:47.315+0000] {dag.py:3954} INFO - Setting next_dagrun for produce_json to 2026-05-13 13:00:00+00:00, run_after=2026-05-14 13:00:00+00:00
[2026-05-14T11:49:47.371+0000] {processor.py:183} INFO - Processing /opt/airflow/dags/main.py took 0.324 seconds
[2026-05-14T11:50:17.839+0000] {processor.py:161} INFO - Started process (PID=388) to work on /opt/airflow/dags/main.py
[2026-05-14T11:50:17.841+0000] {processor.py:830} INFO - Processing file /opt/airflow/dags/main.py for tasks to queue
[2026-05-14T11:50:17.846+0000] {logging_mixin.py:188} INFO - [2026-05-14T11:50:17.845+0000] {dagbag.py:545} INFO - Filling up the DagBag from /opt/airflow/dags/main.py
[2026-05-14T11:50:17.977+0000] {processor.py:840} INFO - DAG(s) 'produce_json' retrieved from /opt/airflow/dags/main.py
[2026-05-14T11:50:18.039+0000] {logging_mixin.py:188} INFO - [2026-05-14T11:50:18.039+0000] {dag.py:3096} INFO - Sync 1 DAGs
[2026-05-14T11:50:18.097+0000] {logging_mixin.py:188} INFO - [2026-05-14T11:50:18.097+0000] {dag.py:3954} INFO - Setting next_dagrun for produce_json to 2026-05-13 13:00:00+00:00, run_after=2026-05-14 13:00:00+00:00
[2026-05-14T11:50:18.142+0000] {processor.py:183} INFO - Processing /opt/airflow/dags/main.py took 0.318 seconds
[2026-05-14T11:50:48.379+0000] {processor.py:161} INFO - Started process (PID=395) to work on /opt/airflow/dags/main.py
[2026-05-14T11:50:48.381+0000] {processor.py:830} INFO - Processing file /opt/airflow/dags/main.py for tasks to queue
[2026-05-14T11:50:48.389+0000] {logging_mixin.py:188} INFO - [2026-05-14T11:50:48.388+0000] {dagbag.py:545} INFO - Filling up the DagBag from /opt/airflow/dags/main.py
[2026-05-14T11:50:48.544+0000] {processor.py:840} INFO - DAG(s) 'produce_json' retrieved from /opt/airflow/dags/main.py
[2026-05-14T11:50:48.600+0000] {logging_mixin.py:188} INFO - [2026-05-14T11:50:48.600+0000] {dag.py:3096} INFO - Sync 1 DAGs
[2026-05-14T11:50:48.673+0000] {logging_mixin.py:188} INFO - [2026-05-14T11:50:48.672+0000] {dag.py:3954} INFO - Setting next_dagrun for produce_json to 2026-05-13 13:00:00+00:00, run_after=2026-05-14 13:00:00+00:00
[2026-05-14T11:50:48.790+0000] {processor.py:183} INFO - Processing /opt/airflow/dags/main.py took 0.440 seconds
[2026-05-14T11:51:19.543+0000] {processor.py:161} INFO - Started process (PID=401) to work on /opt/airflow/dags/main.py
[2026-05-14T11:51:19.547+0000] {processor.py:830} INFO - Processing file /opt/airflow/dags/main.py for tasks to queue
[2026-05-14T11:51:19.552+0000] {logging_mixin.py:188} INFO - [2026-05-14T11:51:19.551+0000] {dagbag.py:545} INFO - Filling up the DagBag from /opt/airflow/dags/main.py
[2026-05-14T11:51:19.922+0000] {processor.py:840} INFO - DAG(s) 'produce_json' retrieved from /opt/airflow/dags/main.py
[2026-05-14T11:51:20.066+0000] {logging_mixin.py:188} INFO - [2026-05-14T11:51:20.066+0000] {dag.py:3096} INFO - Sync 1 DAGs
[2026-05-14T11:51:20.277+0000] {logging_mixin.py:188} INFO - [2026-05-14T11:51:20.277+0000] {dag.py:3954} INFO - Setting next_dagrun for produce_json to 2026-05-13 13:00:00+00:00, run_after=2026-05-14 13:00:00+00:00
[2026-05-14T11:51:20.633+0000] {processor.py:183} INFO - Processing /opt/airflow/dags/main.py took 1.110 seconds
[2026-05-14T11:51:51.056+0000] {processor.py:161} INFO - Started process (PID=408) to work on /opt/airflow/dags/main.py
[2026-05-14T11:51:51.060+0000] {processor.py:830} INFO - Processing file /opt/airflow/dags/main.py for tasks to queue
[2026-05-14T11:51:51.066+0000] {logging_mixin.py:188} INFO - [2026-05-14T11:51:51.065+0000] {dagbag.py:545} INFO - Filling up the DagBag from /opt/airflow/dags/main.py
[2026-05-14T11:51:51.255+0000] {processor.py:840} INFO - DAG(s) 'produce_json' retrieved from /opt/airflow/dags/main.py
[2026-05-14T11:51:51.315+0000] {logging_mixin.py:188} INFO - [2026-05-14T11:51:51.314+0000] {dag.py:3096} INFO - Sync 1 DAGs
[2026-05-14T11:51:51.395+0000] {logging_mixin.py:188} INFO - [2026-05-14T11:51:51.394+0000] {dag.py:3954} INFO - Setting next_dagrun for produce_json to 2026-05-13 13:00:00+00:00, run_after=2026-05-14 13:00:00+00:00
[2026-05-14T11:51:51.490+0000] {processor.py:183} INFO - Processing /opt/airflow/dags/main.py took 0.456 seconds
[2026-05-14T11:52:22.128+0000] {processor.py:161} INFO - Started process (PID=415) to work on /opt/airflow/dags/main.py
[2026-05-14T11:52:22.130+0000] {processor.py:830} INFO - Processing file /opt/airflow/dags/main.py for tasks to queue
[2026-05-14T11:52:22.135+0000] {logging_mixin.py:188} INFO - [2026-05-14T11:52:22.134+0000] {dagbag.py:545} INFO - Filling up the DagBag from /opt/airflow/dags/main.py
[2026-05-14T11:52:22.274+0000] {processor.py:840} INFO - DAG(s) 'produce_json' retrieved from /opt/airflow/dags/main.py
[2026-05-14T11:52:22.315+0000] {logging_mixin.py:188} INFO - [2026-05-14T11:52:22.314+0000] {dag.py:3096} INFO - Sync 1 DAGs
[2026-05-14T11:52:22.360+0000] {logging_mixin.py:188} INFO - [2026-05-14T11:52:22.360+0000] {dag.py:3954} INFO - Setting next_dagrun for produce_json to 2026-05-13 13:00:00+00:00, run_after=2026-05-14 13:00:00+00:00
[2026-05-14T11:52:22.400+0000] {processor.py:183} INFO - Processing /opt/airflow/dags/main.py took 0.291 seconds
[2026-05-14T11:52:52.618+0000] {processor.py:161} INFO - Started process (PID=422) to work on /opt/airflow/dags/main.py
[2026-05-14T11:52:52.620+0000] {processor.py:830} INFO - Processing file /opt/airflow/dags/main.py for tasks to queue
[2026-05-14T11:52:52.625+0000] {logging_mixin.py:188} INFO - [2026-05-14T11:52:52.625+0000] {dagbag.py:545} INFO - Filling up the DagBag from /opt/airflow/dags/main.py
[2026-05-14T11:52:52.788+0000] {processor.py:840} INFO - DAG(s) 'produce_json' retrieved from /opt/airflow/dags/main.py
[2026-05-14T11:52:52.846+0000] {logging_mixin.py:188} INFO - [2026-05-14T11:52:52.846+0000] {dag.py:3096} INFO - Sync 1 DAGs
[2026-05-14T11:52:52.896+0000] {logging_mixin.py:188} INFO - [2026-05-14T11:52:52.895+0000] {dag.py:3954} INFO - Setting next_dagrun for produce_json to 2026-05-13 13:00:00+00:00, run_after=2026-05-14 13:00:00+00:00
[2026-05-14T11:52:52.937+0000] {processor.py:183} INFO - Processing /opt/airflow/dags/main.py took 0.335 seconds
[2026-05-14T11:53:23.135+0000] {processor.py:161} INFO - Started process (PID=429) to work on /opt/airflow/dags/main.py
[2026-05-14T11:53:23.142+0000] {processor.py:830} INFO - Processing file /opt/airflow/dags/main.py for tasks to queue
[2026-05-14T11:53:23.157+0000] {logging_mixin.py:188} INFO - [2026-05-14T11:53:23.156+0000] {dagbag.py:545} INFO - Filling up the DagBag from /opt/airflow/dags/main.py
[2026-05-14T11:53:23.292+0000] {processor.py:840} INFO - DAG(s) 'produce_json' retrieved from /opt/airflow/dags/main.py
[2026-05-14T11:53:23.349+0000] {logging_mixin.py:188} INFO - [2026-05-14T11:53:23.348+0000] {dag.py:3096} INFO - Sync 1 DAGs
[2026-05-14T11:53:23.404+0000] {logging_mixin.py:188} INFO - [2026-05-14T11:53:23.404+0000] {dag.py:3954} INFO - Setting next_dagrun for produce_json to 2026-05-13 13:00:00+00:00, run_after=2026-05-14 13:00:00+00:00
[2026-05-14T11:53:23.457+0000] {processor.py:183} INFO - Processing /opt/airflow/dags/main.py took 0.362 seconds
[2026-05-14T11:53:53.960+0000] {processor.py:161} INFO - Started process (PID=436) to work on /opt/airflow/dags/main.py
[2026-05-14T11:53:53.962+0000] {processor.py:830} INFO - Processing file /opt/airflow/dags/main.py for tasks to queue
[2026-05-14T11:53:53.968+0000] {logging_mixin.py:188} INFO - [2026-05-14T11:53:53.967+0000] {dagbag.py:545} INFO - Filling up the DagBag from /opt/airflow/dags/main.py
[2026-05-14T11:53:54.104+0000] {processor.py:840} INFO - DAG(s) 'produce_json' retrieved from /opt/airflow/dags/main.py
[2026-05-14T11:53:54.159+0000] {logging_mixin.py:188} INFO - [2026-05-14T11:53:54.159+0000] {dag.py:3096} INFO - Sync 1 DAGs
[2026-05-14T11:53:54.224+0000] {logging_mixin.py:188} INFO - [2026-05-14T11:53:54.223+0000] {dag.py:3954} INFO - Setting next_dagrun for produce_json to 2026-05-13 13:00:00+00:00, run_after=2026-05-14 13:00:00+00:00
[2026-05-14T11:53:54.273+0000] {processor.py:183} INFO - Processing /opt/airflow/dags/main.py took 0.328 seconds
[2026-05-14T11:54:24.466+0000] {processor.py:161} INFO - Started process (PID=443) to work on /opt/airflow/dags/main.py
[2026-05-14T11:54:24.468+0000] {processor.py:830} INFO - Processing file /opt/airflow/dags/main.py for tasks to queue
[2026-05-14T11:54:24.473+0000] {logging_mixin.py:188} INFO - [2026-05-14T11:54:24.473+0000] {dagbag.py:545} INFO - Filling up the DagBag from /opt/airflow/dags/main.py
[2026-05-14T11:54:24.635+0000] {processor.py:840} INFO - DAG(s) 'produce_json' retrieved from /opt/airflow/dags/main.py
[2026-05-14T11:54:24.694+0000] {logging_mixin.py:188} INFO - [2026-05-14T11:54:24.694+0000] {dag.py:3096} INFO - Sync 1 DAGs
[2026-05-14T11:54:24.739+0000] {logging_mixin.py:188} INFO - [2026-05-14T11:54:24.738+0000] {dag.py:3954} INFO - Setting next_dagrun for produce_json to 2026-05-13 13:00:00+00:00, run_after=2026-05-14 13:00:00+00:00
[2026-05-14T11:54:24.793+0000] {processor.py:183} INFO - Processing /opt/airflow/dags/main.py took 0.342 seconds
[2026-05-14T11:54:55.065+0000] {processor.py:161} INFO - Started process (PID=450) to work on /opt/airflow/dags/main.py
[2026-05-14T11:54:55.070+0000] {processor.py:830} INFO - Processing file /opt/airflow/dags/main.py for tasks to queue
[2026-05-14T11:54:55.079+0000] {logging_mixin.py:188} INFO - [2026-05-14T11:54:55.077+0000] {dagbag.py:545} INFO - Filling up the DagBag from /opt/airflow/dags/main.py
[2026-05-14T11:54:55.331+0000] {processor.py:840} INFO - DAG(s) 'produce_json' retrieved from /opt/airflow/dags/main.py
[2026-05-14T11:54:55.491+0000] {logging_mixin.py:188} INFO - [2026-05-14T11:54:55.490+0000] {dag.py:3096} INFO - Sync 1 DAGs
[2026-05-14T11:54:55.664+0000] {logging_mixin.py:188} INFO - [2026-05-14T11:54:55.663+0000] {dag.py:3954} INFO - Setting next_dagrun for produce_json to 2026-05-13 13:00:00+00:00, run_after=2026-05-14 13:00:00+00:00
[2026-05-14T11:54:55.809+0000] {processor.py:183} INFO - Processing /opt/airflow/dags/main.py took 0.760 seconds
[2026-05-14T11:55:25.972+0000] {processor.py:161} INFO - Started process (PID=457) to work on /opt/airflow/dags/main.py
[2026-05-14T11:55:25.974+0000] {processor.py:830} INFO - Processing file /opt/airflow/dags/main.py for tasks to queue
[2026-05-14T11:55:25.978+0000] {logging_mixin.py:188} INFO - [2026-05-14T11:55:25.978+0000] {dagbag.py:545} INFO - Filling up the DagBag from /opt/airflow/dags/main.py
[2026-05-14T11:55:26.081+0000] {processor.py:840} INFO - DAG(s) 'produce_json' retrieved from /opt/airflow/dags/main.py
[2026-05-14T11:55:26.131+0000] {logging_mixin.py:188} INFO - [2026-05-14T11:55:26.130+0000] {dag.py:3096} INFO - Sync 1 DAGs
[2026-05-14T11:55:26.198+0000] {logging_mixin.py:188} INFO - [2026-05-14T11:55:26.198+0000] {dag.py:3954} INFO - Setting next_dagrun for produce_json to 2026-05-13 13:00:00+00:00, run_after=2026-05-14 13:00:00+00:00
[2026-05-14T11:55:26.251+0000] {processor.py:183} INFO - Processing /opt/airflow/dags/main.py took 0.296 seconds
[2026-05-14T11:55:56.668+0000] {processor.py:161} INFO - Started process (PID=464) to work on /opt/airflow/dags/main.py
[2026-05-14T11:55:56.671+0000] {processor.py:830} INFO - Processing file /opt/airflow/dags/main.py for tasks to queue
[2026-05-14T11:55:56.680+0000] {logging_mixin.py:188} INFO - [2026-05-14T11:55:56.677+0000] {dagbag.py:545} INFO - Filling up the DagBag from /opt/airflow/dags/main.py
[2026-05-14T11:55:56.867+0000] {processor.py:840} INFO - DAG(s) 'produce_json' retrieved from /opt/airflow/dags/main.py
[2026-05-14T11:55:56.914+0000] {logging_mixin.py:188} INFO - [2026-05-14T11:55:56.913+0000] {dag.py:3096} INFO - Sync 1 DAGs
[2026-05-14T11:55:56.976+0000] {logging_mixin.py:188} INFO - [2026-05-14T11:55:56.976+0000] {dag.py:3954} INFO - Setting next_dagrun for produce_json to 2026-05-13 13:00:00+00:00, run_after=2026-05-14 13:00:00+00:00
[2026-05-14T11:55:57.057+0000] {processor.py:183} INFO - Processing /opt/airflow/dags/main.py took 0.408 seconds
[2026-05-14T11:56:27.463+0000] {processor.py:161} INFO - Started process (PID=471) to work on /opt/airflow/dags/main.py
[2026-05-14T11:56:27.466+0000] {processor.py:830} INFO - Processing file /opt/airflow/dags/main.py for tasks to queue
[2026-05-14T11:56:27.471+0000] {logging_mixin.py:188} INFO - [2026-05-14T11:56:27.470+0000] {dagbag.py:545} INFO - Filling up the DagBag from /opt/airflow/dags/main.py
[2026-05-14T11:56:27.591+0000] {processor.py:840} INFO - DAG(s) 'produce_json' retrieved from /opt/airflow/dags/main.py
[2026-05-14T11:56:27.639+0000] {logging_mixin.py:188} INFO - [2026-05-14T11:56:27.638+0000] {dag.py:3096} INFO - Sync 1 DAGs
[2026-05-14T11:56:27.689+0000] {logging_mixin.py:188} INFO - [2026-05-14T11:56:27.689+0000] {dag.py:3954} INFO - Setting next_dagrun for produce_json to 2026-05-13 13:00:00+00:00, run_after=2026-05-14 13:00:00+00:00
[2026-05-14T11:56:27.762+0000] {processor.py:183} INFO - Processing /opt/airflow/dags/main.py took 0.318 seconds
[2026-05-14T11:56:58.211+0000] {processor.py:161} INFO - Started process (PID=478) to work on /opt/airflow/dags/main.py
[2026-05-14T11:56:58.234+0000] {processor.py:830} INFO - Processing file /opt/airflow/dags/main.py for tasks to queue
[2026-05-14T11:56:58.240+0000] {logging_mixin.py:188} INFO - [2026-05-14T11:56:58.239+0000] {dagbag.py:545} INFO - Filling up the DagBag from /opt/airflow/dags/main.py
[2026-05-14T11:56:58.378+0000] {processor.py:840} INFO - DAG(s) 'produce_json' retrieved from /opt/airflow/dags/main.py
[2026-05-14T11:56:58.429+0000] {logging_mixin.py:188} INFO - [2026-05-14T11:56:58.428+0000] {dag.py:3096} INFO - Sync 1 DAGs
[2026-05-14T11:56:58.486+0000] {logging_mixin.py:188} INFO - [2026-05-14T11:56:58.485+0000] {dag.py:3954} INFO - Setting next_dagrun for produce_json to 2026-05-13 13:00:00+00:00, run_after=2026-05-14 13:00:00+00:00
[2026-05-14T11:56:58.539+0000] {processor.py:183} INFO - Processing /opt/airflow/dags/main.py took 0.370 seconds
[2026-05-14T11:57:28.954+0000] {processor.py:161} INFO - Started process (PID=485) to work on /opt/airflow/dags/main.py
[2026-05-14T11:57:28.961+0000] {processor.py:830} INFO - Processing file /opt/airflow/dags/main.py for tasks to queue
[2026-05-14T11:57:28.976+0000] {logging_mixin.py:188} INFO - [2026-05-14T11:57:28.974+0000] {dagbag.py:545} INFO - Filling up the DagBag from /opt/airflow/dags/main.py
[2026-05-14T11:57:29.383+0000] {processor.py:840} INFO - DAG(s) 'produce_json' retrieved from /opt/airflow/dags/main.py
[2026-05-14T11:57:29.483+0000] {logging_mixin.py:188} INFO - [2026-05-14T11:57:29.482+0000] {dag.py:3096} INFO - Sync 1 DAGs
[2026-05-14T11:57:29.566+0000] {logging_mixin.py:188} INFO - [2026-05-14T11:57:29.564+0000] {dag.py:3954} INFO - Setting next_dagrun for produce_json to 2026-05-13 13:00:00+00:00, run_after=2026-05-14 13:00:00+00:00
[2026-05-14T11:57:29.645+0000] {processor.py:183} INFO - Processing /opt/airflow/dags/main.py took 0.708 seconds
[2026-05-14T11:58:00.089+0000] {processor.py:161} INFO - Started process (PID=491) to work on /opt/airflow/dags/main.py
[2026-05-14T11:58:00.092+0000] {processor.py:830} INFO - Processing file /opt/airflow/dags/main.py for tasks to queue
[2026-05-14T11:58:00.101+0000] {logging_mixin.py:188} INFO - [2026-05-14T11:58:00.100+0000] {dagbag.py:545} INFO - Filling up the DagBag from /opt/airflow/dags/main.py
[2026-05-14T11:58:00.216+0000] {processor.py:840} INFO - DAG(s) 'produce_json' retrieved from /opt/airflow/dags/main.py
[2026-05-14T11:58:00.259+0000] {logging_mixin.py:188} INFO - [2026-05-14T11:58:00.259+0000] {dag.py:3096} INFO - Sync 1 DAGs
[2026-05-14T11:58:00.306+0000] {logging_mixin.py:188} INFO - [2026-05-14T11:58:00.306+0000] {dag.py:3954} INFO - Setting next_dagrun for produce_json to 2026-05-13 13:00:00+00:00, run_after=2026-05-14 13:00:00+00:00
[2026-05-14T11:58:00.346+0000] {processor.py:183} INFO - Processing /opt/airflow/dags/main.py took 0.273 seconds
[2026-05-14T11:58:30.513+0000] {processor.py:161} INFO - Started process (PID=497) to work on /opt/airflow/dags/main.py
[2026-05-14T11:58:30.516+0000] {processor.py:830} INFO - Processing file /opt/airflow/dags/main.py for tasks to queue
[2026-05-14T11:58:30.521+0000] {logging_mixin.py:188} INFO - [2026-05-14T11:58:30.520+0000] {dagbag.py:545} INFO - Filling up the DagBag from /opt/airflow/dags/main.py
[2026-05-14T11:58:30.656+0000] {processor.py:840} INFO - DAG(s) 'produce_json' retrieved from /opt/airflow/dags/main.py
[2026-05-14T11:58:30.709+0000] {logging_mixin.py:188} INFO - [2026-05-14T11:58:30.708+0000] {dag.py:3096} INFO - Sync 1 DAGs
[2026-05-14T11:58:30.757+0000] {logging_mixin.py:188} INFO - [2026-05-14T11:58:30.756+0000] {dag.py:3954} INFO - Setting next_dagrun for produce_json to 2026-05-13 13:00:00+00:00, run_after=2026-05-14 13:00:00+00:00
[2026-05-14T11:58:30.797+0000] {processor.py:183} INFO - Processing /opt/airflow/dags/main.py took 0.298 seconds
[2026-05-14T11:59:01.395+0000] {processor.py:161} INFO - Started process (PID=504) to work on /opt/airflow/dags/main.py
[2026-05-14T11:59:01.397+0000] {processor.py:830} INFO - Processing file /opt/airflow/dags/main.py for tasks to queue
[2026-05-14T11:59:01.402+0000] {logging_mixin.py:188} INFO - [2026-05-14T11:59:01.401+0000] {dagbag.py:545} INFO - Filling up the DagBag from /opt/airflow/dags/main.py
[2026-05-14T11:59:01.547+0000] {processor.py:840} INFO - DAG(s) 'produce_json' retrieved from /opt/airflow/dags/main.py
[2026-05-14T11:59:01.602+0000] {logging_mixin.py:188} INFO - [2026-05-14T11:59:01.601+0000] {dag.py:3096} INFO - Sync 1 DAGs
[2026-05-14T11:59:01.653+0000] {logging_mixin.py:188} INFO - [2026-05-14T11:59:01.652+0000] {dag.py:3954} INFO - Setting next_dagrun for produce_json to 2026-05-13 13:00:00+00:00, run_after=2026-05-14 13:00:00+00:00
[2026-05-14T11:59:01.696+0000] {processor.py:183} INFO - Processing /opt/airflow/dags/main.py took 0.320 seconds
[2026-05-14T11:59:31.860+0000] {processor.py:161} INFO - Started process (PID=511) to work on /opt/airflow/dags/main.py
[2026-05-14T11:59:31.863+0000] {processor.py:830} INFO - Processing file /opt/airflow/dags/main.py for tasks to queue
[2026-05-14T11:59:31.871+0000] {logging_mixin.py:188} INFO - [2026-05-14T11:59:31.870+0000] {dagbag.py:545} INFO - Filling up the DagBag from /opt/airflow/dags/main.py
[2026-05-14T11:59:32.061+0000] {processor.py:840} INFO - DAG(s) 'produce_json' retrieved from /opt/airflow/dags/main.py
[2026-05-14T11:59:32.149+0000] {logging_mixin.py:188} INFO - [2026-05-14T11:59:32.148+0000] {dag.py:3096} INFO - Sync 1 DAGs
[2026-05-14T11:59:32.223+0000] {logging_mixin.py:188} INFO - [2026-05-14T11:59:32.223+0000] {dag.py:3954} INFO - Setting next_dagrun for produce_json to 2026-05-13 13:00:00+00:00, run_after=2026-05-14 13:00:00+00:00
[2026-05-14T11:59:32.314+0000] {processor.py:183} INFO - Processing /opt/airflow/dags/main.py took 0.477 seconds
[2026-05-14T12:00:02.547+0000] {processor.py:161} INFO - Started process (PID=518) to work on /opt/airflow/dags/main.py
[2026-05-14T12:00:02.553+0000] {processor.py:830} INFO - Processing file /opt/airflow/dags/main.py for tasks to queue
[2026-05-14T12:00:02.561+0000] {logging_mixin.py:188} INFO - [2026-05-14T12:00:02.560+0000] {dagbag.py:545} INFO - Filling up the DagBag from /opt/airflow/dags/main.py
[2026-05-14T12:00:03.012+0000] {processor.py:840} INFO - DAG(s) 'produce_json' retrieved from /opt/airflow/dags/main.py
[2026-05-14T12:00:03.204+0000] {logging_mixin.py:188} INFO - [2026-05-14T12:00:03.197+0000] {dag.py:3096} INFO - Sync 1 DAGs
[2026-05-14T12:00:03.452+0000] {logging_mixin.py:188} INFO - [2026-05-14T12:00:03.452+0000] {dag.py:3954} INFO - Setting next_dagrun for produce_json to 2026-05-13 13:00:00+00:00, run_after=2026-05-14 13:00:00+00:00
[2026-05-14T12:00:03.634+0000] {processor.py:183} INFO - Processing /opt/airflow/dags/main.py took 1.110 seconds
[2026-05-14T12:00:33.953+0000] {processor.py:161} INFO - Started process (PID=525) to work on /opt/airflow/dags/main.py
[2026-05-14T12:00:33.955+0000] {processor.py:830} INFO - Processing file /opt/airflow/dags/main.py for tasks to queue
[2026-05-14T12:00:33.961+0000] {logging_mixin.py:188} INFO - [2026-05-14T12:00:33.960+0000] {dagbag.py:545} INFO - Filling up the DagBag from /opt/airflow/dags/main.py
[2026-05-14T12:00:34.102+0000] {processor.py:840} INFO - DAG(s) 'produce_json' retrieved from /opt/airflow/dags/main.py
[2026-05-14T12:00:34.152+0000] {logging_mixin.py:188} INFO - [2026-05-14T12:00:34.152+0000] {dag.py:3096} INFO - Sync 1 DAGs
[2026-05-14T12:00:34.205+0000] {logging_mixin.py:188} INFO - [2026-05-14T12:00:34.204+0000] {dag.py:3954} INFO - Setting next_dagrun for produce_json to 2026-05-13 13:00:00+00:00, run_after=2026-05-14 13:00:00+00:00
[2026-05-14T12:00:34.249+0000] {processor.py:183} INFO - Processing /opt/airflow/dags/main.py took 0.314 seconds
[2026-05-14T12:01:04.351+0000] {processor.py:161} INFO - Started process (PID=532) to work on /opt/airflow/dags/main.py
[2026-05-14T12:01:04.354+0000] {processor.py:830} INFO - Processing file /opt/airflow/dags/main.py for tasks to queue
[2026-05-14T12:01:04.363+0000] {logging_mixin.py:188} INFO - [2026-05-14T12:01:04.362+0000] {dagbag.py:545} INFO - Filling up the DagBag from /opt/airflow/dags/main.py
[2026-05-14T12:01:04.565+0000] {processor.py:840} INFO - DAG(s) 'produce_json' retrieved from /opt/airflow/dags/main.py
[2026-05-14T12:01:04.696+0000] {logging_mixin.py:188} INFO - [2026-05-14T12:01:04.695+0000] {dag.py:3096} INFO - Sync 1 DAGs
[2026-05-14T12:01:04.788+0000] {logging_mixin.py:188} INFO - [2026-05-14T12:01:04.787+0000] {dag.py:3954} INFO - Setting next_dagrun for produce_json to 2026-05-13 13:00:00+00:00, run_after=2026-05-14 13:00:00+00:00
[2026-05-14T12:01:04.852+0000] {processor.py:183} INFO - Processing /opt/airflow/dags/main.py took 0.522 seconds
[2026-05-14T12:01:35.664+0000] {processor.py:161} INFO - Started process (PID=539) to work on /opt/airflow/dags/main.py
[2026-05-14T12:01:35.760+0000] {processor.py:830} INFO - Processing file /opt/airflow/dags/main.py for tasks to queue
[2026-05-14T12:01:35.838+0000] {logging_mixin.py:188} INFO - [2026-05-14T12:01:35.837+0000] {dagbag.py:545} INFO - Filling up the DagBag from /opt/airflow/dags/main.py
[2026-05-14T12:01:36.716+0000] {processor.py:840} INFO - DAG(s) 'produce_json' retrieved from /opt/airflow/dags/main.py
[2026-05-14T12:01:37.280+0000] {logging_mixin.py:188} INFO - [2026-05-14T12:01:37.280+0000] {dag.py:3096} INFO - Sync 1 DAGs
[2026-05-14T12:01:37.368+0000] {logging_mixin.py:188} INFO - [2026-05-14T12:01:37.367+0000] {dag.py:3954} INFO - Setting next_dagrun for produce_json to 2026-05-13 13:00:00+00:00, run_after=2026-05-14 13:00:00+00:00
[2026-05-14T12:01:37.476+0000] {processor.py:183} INFO - Processing /opt/airflow/dags/main.py took 1.853 seconds
[2026-05-14T12:02:07.912+0000] {processor.py:161} INFO - Started process (PID=546) to work on /opt/airflow/dags/main.py
[2026-05-14T12:02:07.915+0000] {processor.py:830} INFO - Processing file /opt/airflow/dags/main.py for tasks to queue
[2026-05-14T12:02:07.920+0000] {logging_mixin.py:188} INFO - [2026-05-14T12:02:07.919+0000] {dagbag.py:545} INFO - Filling up the DagBag from /opt/airflow/dags/main.py
[2026-05-14T12:02:08.142+0000] {processor.py:840} INFO - DAG(s) 'produce_json' retrieved from /opt/airflow/dags/main.py
[2026-05-14T12:02:08.210+0000] {logging_mixin.py:188} INFO - [2026-05-14T12:02:08.210+0000] {dag.py:3096} INFO - Sync 1 DAGs
[2026-05-14T12:02:08.302+0000] {logging_mixin.py:188} INFO - [2026-05-14T12:02:08.302+0000] {dag.py:3954} INFO - Setting next_dagrun for produce_json to 2026-05-13 13:00:00+00:00, run_after=2026-05-14 13:00:00+00:00
[2026-05-14T12:02:08.354+0000] {processor.py:183} INFO - Processing /opt/airflow/dags/main.py took 0.457 seconds
[2026-05-14T12:02:38.680+0000] {processor.py:161} INFO - Started process (PID=553) to work on /opt/airflow/dags/main.py
[2026-05-14T12:02:38.682+0000] {processor.py:830} INFO - Processing file /opt/airflow/dags/main.py for tasks to queue
[2026-05-14T12:02:38.687+0000] {logging_mixin.py:188} INFO - [2026-05-14T12:02:38.687+0000] {dagbag.py:545} INFO - Filling up the DagBag from /opt/airflow/dags/main.py
[2026-05-14T12:02:38.813+0000] {processor.py:840} INFO - DAG(s) 'produce_json' retrieved from /opt/airflow/dags/main.py
[2026-05-14T12:02:38.866+0000] {logging_mixin.py:188} INFO - [2026-05-14T12:02:38.866+0000] {dag.py:3096} INFO - Sync 1 DAGs
[2026-05-14T12:02:38.924+0000] {logging_mixin.py:188} INFO - [2026-05-14T12:02:38.924+0000] {dag.py:3954} INFO - Setting next_dagrun for produce_json to 2026-05-13 13:00:00+00:00, run_after=2026-05-14 13:00:00+00:00
[2026-05-14T12:02:38.987+0000] {processor.py:183} INFO - Processing /opt/airflow/dags/main.py took 0.326 seconds
[2026-05-14T12:03:09.336+0000] {processor.py:161} INFO - Started process (PID=560) to work on /opt/airflow/dags/main.py
[2026-05-14T12:03:09.340+0000] {processor.py:830} INFO - Processing file /opt/airflow/dags/main.py for tasks to queue
[2026-05-14T12:03:09.355+0000] {logging_mixin.py:188} INFO - [2026-05-14T12:03:09.354+0000] {dagbag.py:545} INFO - Filling up the DagBag from /opt/airflow/dags/main.py
[2026-05-14T12:03:09.524+0000] {processor.py:840} INFO - DAG(s) 'produce_json' retrieved from /opt/airflow/dags/main.py
[2026-05-14T12:03:09.624+0000] {logging_mixin.py:188} INFO - [2026-05-14T12:03:09.622+0000] {dag.py:3096} INFO - Sync 1 DAGs
[2026-05-14T12:03:09.728+0000] {logging_mixin.py:188} INFO - [2026-05-14T12:03:09.727+0000] {dag.py:3954} INFO - Setting next_dagrun for produce_json to 2026-05-13 13:00:00+00:00, run_after=2026-05-14 13:00:00+00:00
[2026-05-14T12:03:09.800+0000] {processor.py:183} INFO - Processing /opt/airflow/dags/main.py took 0.496 seconds
[2026-05-14T12:03:40.588+0000] {processor.py:161} INFO - Started process (PID=566) to work on /opt/airflow/dags/main.py
[2026-05-14T12:03:40.591+0000] {processor.py:830} INFO - Processing file /opt/airflow/dags/main.py for tasks to queue
[2026-05-14T12:03:40.595+0000] {logging_mixin.py:188} INFO - [2026-05-14T12:03:40.594+0000] {dagbag.py:545} INFO - Filling up the DagBag from /opt/airflow/dags/main.py
[2026-05-14T12:03:40.879+0000] {processor.py:840} INFO - DAG(s) 'produce_json' retrieved from /opt/airflow/dags/main.py
[2026-05-14T12:03:40.970+0000] {logging_mixin.py:188} INFO - [2026-05-14T12:03:40.970+0000] {dag.py:3096} INFO - Sync 1 DAGs
[2026-05-14T12:03:41.084+0000] {logging_mixin.py:188} INFO - [2026-05-14T12:03:41.083+0000] {dag.py:3954} INFO - Setting next_dagrun for produce_json to 2026-05-13 13:00:00+00:00, run_after=2026-05-14 13:00:00+00:00
[2026-05-14T12:03:41.167+0000] {processor.py:183} INFO - Processing /opt/airflow/dags/main.py took 0.596 seconds
[2026-05-14T12:04:11.517+0000] {processor.py:161} INFO - Started process (PID=573) to work on /opt/airflow/dags/main.py
[2026-05-14T12:04:11.520+0000] {processor.py:830} INFO - Processing file /opt/airflow/dags/main.py for tasks to queue
[2026-05-14T12:04:11.525+0000] {logging_mixin.py:188} INFO - [2026-05-14T12:04:11.524+0000] {dagbag.py:545} INFO - Filling up the DagBag from /opt/airflow/dags/main.py
[2026-05-14T12:04:11.632+0000] {processor.py:840} INFO - DAG(s) 'produce_json' retrieved from /opt/airflow/dags/main.py
[2026-05-14T12:04:11.684+0000] {logging_mixin.py:188} INFO - [2026-05-14T12:04:11.683+0000] {dag.py:3096} INFO - Sync 1 DAGs
[2026-05-14T12:04:11.732+0000] {logging_mixin.py:188} INFO - [2026-05-14T12:04:11.732+0000] {dag.py:3954} INFO - Setting next_dagrun for produce_json to 2026-05-13 13:00:00+00:00, run_after=2026-05-14 13:00:00+00:00
[2026-05-14T12:04:11.777+0000] {processor.py:183} INFO - Processing /opt/airflow/dags/main.py took 0.274 seconds
[2026-05-14T12:04:42.139+0000] {processor.py:161} INFO - Started process (PID=579) to work on /opt/airflow/dags/main.py
[2026-05-14T12:04:42.160+0000] {processor.py:830} INFO - Processing file /opt/airflow/dags/main.py for tasks to queue
[2026-05-14T12:04:42.175+0000] {logging_mixin.py:188} INFO - [2026-05-14T12:04:42.174+0000] {dagbag.py:545} INFO - Filling up the DagBag from /opt/airflow/dags/main.py
[2026-05-14T12:04:42.563+0000] {processor.py:840} INFO - DAG(s) 'produce_json' retrieved from /opt/airflow/dags/main.py
[2026-05-14T12:04:42.624+0000] {logging_mixin.py:188} INFO - [2026-05-14T12:04:42.623+0000] {dag.py:3096} INFO - Sync 1 DAGs
[2026-05-14T12:04:42.753+0000] {logging_mixin.py:188} INFO - [2026-05-14T12:04:42.752+0000] {dag.py:3954} INFO - Setting next_dagrun for produce_json to 2026-05-13 13:00:00+00:00, run_after=2026-05-14 13:00:00+00:00
[2026-05-14T12:04:42.855+0000] {processor.py:183} INFO - Processing /opt/airflow/dags/main.py took 0.796 seconds
[2026-05-14T12:05:13.433+0000] {processor.py:161} INFO - Started process (PID=586) to work on /opt/airflow/dags/main.py
[2026-05-14T12:05:13.436+0000] {processor.py:830} INFO - Processing file /opt/airflow/dags/main.py for tasks to queue
[2026-05-14T12:05:13.441+0000] {logging_mixin.py:188} INFO - [2026-05-14T12:05:13.440+0000] {dagbag.py:545} INFO - Filling up the DagBag from /opt/airflow/dags/main.py
[2026-05-14T12:05:13.592+0000] {processor.py:840} INFO - DAG(s) 'produce_json' retrieved from /opt/airflow/dags/main.py
[2026-05-14T12:05:13.645+0000] {logging_mixin.py:188} INFO - [2026-05-14T12:05:13.644+0000] {dag.py:3096} INFO - Sync 1 DAGs
[2026-05-14T12:05:13.699+0000] {logging_mixin.py:188} INFO - [2026-05-14T12:05:13.698+0000] {dag.py:3954} INFO - Setting next_dagrun for produce_json to 2026-05-13 13:00:00+00:00, run_after=2026-05-14 13:00:00+00:00
[2026-05-14T12:05:13.835+0000] {processor.py:183} INFO - Processing /opt/airflow/dags/main.py took 0.417 seconds
[2026-05-14T12:05:44.580+0000] {processor.py:161} INFO - Started process (PID=593) to work on /opt/airflow/dags/main.py
[2026-05-14T12:05:44.583+0000] {processor.py:830} INFO - Processing file /opt/airflow/dags/main.py for tasks to queue
[2026-05-14T12:05:44.600+0000] {logging_mixin.py:188} INFO - [2026-05-14T12:05:44.599+0000] {dagbag.py:545} INFO - Filling up the DagBag from /opt/airflow/dags/main.py
[2026-05-14T12:05:44.946+0000] {processor.py:840} INFO - DAG(s) 'produce_json' retrieved from /opt/airflow/dags/main.py
[2026-05-14T12:05:45.079+0000] {logging_mixin.py:188} INFO - [2026-05-14T12:05:45.072+0000] {dag.py:3096} INFO - Sync 1 DAGs
[2026-05-14T12:05:45.249+0000] {logging_mixin.py:188} INFO - [2026-05-14T12:05:45.249+0000] {dag.py:3954} INFO - Setting next_dagrun for produce_json to 2026-05-13 13:00:00+00:00, run_after=2026-05-14 13:00:00+00:00
[2026-05-14T12:05:45.375+0000] {processor.py:183} INFO - Processing /opt/airflow/dags/main.py took 0.861 seconds
[2026-05-14T12:06:16.154+0000] {processor.py:161} INFO - Started process (PID=601) to work on /opt/airflow/dags/main.py
[2026-05-14T12:06:16.157+0000] {processor.py:830} INFO - Processing file /opt/airflow/dags/main.py for tasks to queue
[2026-05-14T12:06:16.163+0000] {logging_mixin.py:188} INFO - [2026-05-14T12:06:16.162+0000] {dagbag.py:545} INFO - Filling up the DagBag from /opt/airflow/dags/main.py
[2026-05-14T12:06:16.358+0000] {processor.py:840} INFO - DAG(s) 'produce_json' retrieved from /opt/airflow/dags/main.py
[2026-05-14T12:06:16.403+0000] {logging_mixin.py:188} INFO - [2026-05-14T12:06:16.403+0000] {dag.py:3096} INFO - Sync 1 DAGs
[2026-05-14T12:06:16.451+0000] {logging_mixin.py:188} INFO - [2026-05-14T12:06:16.450+0000] {dag.py:3954} INFO - Setting next_dagrun for produce_json to 2026-05-13 13:00:00+00:00, run_after=2026-05-14 13:00:00+00:00
[2026-05-14T12:06:16.509+0000] {processor.py:183} INFO - Processing /opt/airflow/dags/main.py took 0.372 seconds
[2026-05-14T12:06:46.887+0000] {processor.py:161} INFO - Started process (PID=613) to work on /opt/airflow/dags/main.py
[2026-05-14T12:06:46.890+0000] {processor.py:830} INFO - Processing file /opt/airflow/dags/main.py for tasks to queue
[2026-05-14T12:06:46.897+0000] {logging_mixin.py:188} INFO - [2026-05-14T12:06:46.896+0000] {dagbag.py:545} INFO - Filling up the DagBag from /opt/airflow/dags/main.py
[2026-05-14T12:06:47.032+0000] {processor.py:840} INFO - DAG(s) 'produce_json' retrieved from /opt/airflow/dags/main.py
[2026-05-14T12:06:47.079+0000] {logging_mixin.py:188} INFO - [2026-05-14T12:06:47.079+0000] {dag.py:3096} INFO - Sync 1 DAGs
[2026-05-14T12:06:47.128+0000] {logging_mixin.py:188} INFO - [2026-05-14T12:06:47.128+0000] {dag.py:3954} INFO - Setting next_dagrun for produce_json to 2026-05-13 13:00:00+00:00, run_after=2026-05-14 13:00:00+00:00
[2026-05-14T12:06:47.177+0000] {processor.py:183} INFO - Processing /opt/airflow/dags/main.py took 0.309 seconds
[2026-05-14T12:07:17.555+0000] {processor.py:161} INFO - Started process (PID=620) to work on /opt/airflow/dags/main.py
[2026-05-14T12:07:17.558+0000] {processor.py:830} INFO - Processing file /opt/airflow/dags/main.py for tasks to queue
[2026-05-14T12:07:17.564+0000] {logging_mixin.py:188} INFO - [2026-05-14T12:07:17.563+0000] {dagbag.py:545} INFO - Filling up the DagBag from /opt/airflow/dags/main.py
[2026-05-14T12:07:17.675+0000] {processor.py:840} INFO - DAG(s) 'produce_json' retrieved from /opt/airflow/dags/main.py
[2026-05-14T12:07:17.726+0000] {logging_mixin.py:188} INFO - [2026-05-14T12:07:17.725+0000] {dag.py:3096} INFO - Sync 1 DAGs
[2026-05-14T12:07:17.777+0000] {logging_mixin.py:188} INFO - [2026-05-14T12:07:17.776+0000] {dag.py:3954} INFO - Setting next_dagrun for produce_json to 2026-05-13 13:00:00+00:00, run_after=2026-05-14 13:00:00+00:00
[2026-05-14T12:07:17.819+0000] {processor.py:183} INFO - Processing /opt/airflow/dags/main.py took 0.280 seconds
[2026-05-14T12:07:47.923+0000] {processor.py:161} INFO - Started process (PID=627) to work on /opt/airflow/dags/main.py
[2026-05-14T12:07:47.925+0000] {processor.py:830} INFO - Processing file /opt/airflow/dags/main.py for tasks to queue
[2026-05-14T12:07:47.930+0000] {logging_mixin.py:188} INFO - [2026-05-14T12:07:47.929+0000] {dagbag.py:545} INFO - Filling up the DagBag from /opt/airflow/dags/main.py
[2026-05-14T12:07:48.046+0000] {processor.py:840} INFO - DAG(s) 'produce_json' retrieved from /opt/airflow/dags/main.py
[2026-05-14T12:07:48.097+0000] {logging_mixin.py:188} INFO - [2026-05-14T12:07:48.097+0000] {dag.py:3096} INFO - Sync 1 DAGs
[2026-05-14T12:07:48.143+0000] {logging_mixin.py:188} INFO - [2026-05-14T12:07:48.143+0000] {dag.py:3954} INFO - Setting next_dagrun for produce_json to 2026-05-13 13:00:00+00:00, run_after=2026-05-14 13:00:00+00:00
[2026-05-14T12:07:48.184+0000] {processor.py:183} INFO - Processing /opt/airflow/dags/main.py took 0.279 seconds
[2026-05-14T12:08:18.713+0000] {processor.py:161} INFO - Started process (PID=634) to work on /opt/airflow/dags/main.py
[2026-05-14T12:08:18.715+0000] {processor.py:830} INFO - Processing file /opt/airflow/dags/main.py for tasks to queue
[2026-05-14T12:08:18.721+0000] {logging_mixin.py:188} INFO - [2026-05-14T12:08:18.720+0000] {dagbag.py:545} INFO - Filling up the DagBag from /opt/airflow/dags/main.py
[2026-05-14T12:08:18.893+0000] {processor.py:840} INFO - DAG(s) 'produce_json' retrieved from /opt/airflow/dags/main.py
[2026-05-14T12:08:18.963+0000] {logging_mixin.py:188} INFO - [2026-05-14T12:08:18.962+0000] {dag.py:3096} INFO - Sync 1 DAGs
[2026-05-14T12:08:19.036+0000] {logging_mixin.py:188} INFO - [2026-05-14T12:08:19.035+0000] {dag.py:3954} INFO - Setting next_dagrun for produce_json to 2026-05-13 13:00:00+00:00, run_after=2026-05-14 13:00:00+00:00
[2026-05-14T12:08:19.120+0000] {processor.py:183} INFO - Processing /opt/airflow/dags/main.py took 0.435 seconds
[2026-05-14T12:08:49.785+0000] {processor.py:161} INFO - Started process (PID=641) to work on /opt/airflow/dags/main.py
[2026-05-14T12:08:49.788+0000] {processor.py:830} INFO - Processing file /opt/airflow/dags/main.py for tasks to queue
[2026-05-14T12:08:49.793+0000] {logging_mixin.py:188} INFO - [2026-05-14T12:08:49.793+0000] {dagbag.py:545} INFO - Filling up the DagBag from /opt/airflow/dags/main.py
[2026-05-14T12:08:49.934+0000] {processor.py:840} INFO - DAG(s) 'produce_json' retrieved from /opt/airflow/dags/main.py
[2026-05-14T12:08:50.007+0000] {logging_mixin.py:188} INFO - [2026-05-14T12:08:50.005+0000] {dag.py:3096} INFO - Sync 1 DAGs
[2026-05-14T12:08:50.087+0000] {logging_mixin.py:188} INFO - [2026-05-14T12:08:50.086+0000] {dag.py:3954} INFO - Setting next_dagrun for produce_json to 2026-05-13 13:00:00+00:00, run_after=2026-05-14 13:00:00+00:00
[2026-05-14T12:08:50.144+0000] {processor.py:183} INFO - Processing /opt/airflow/dags/main.py took 0.380 seconds
[2026-05-14T12:09:20.378+0000] {processor.py:161} INFO - Started process (PID=649) to work on /opt/airflow/dags/main.py
[2026-05-14T12:09:20.381+0000] {processor.py:830} INFO - Processing file /opt/airflow/dags/main.py for tasks to queue
[2026-05-14T12:09:20.386+0000] {logging_mixin.py:188} INFO - [2026-05-14T12:09:20.385+0000] {dagbag.py:545} INFO - Filling up the DagBag from /opt/airflow/dags/main.py
[2026-05-14T12:09:20.516+0000] {processor.py:840} INFO - DAG(s) 'produce_json' retrieved from /opt/airflow/dags/main.py
[2026-05-14T12:09:20.563+0000] {logging_mixin.py:188} INFO - [2026-05-14T12:09:20.563+0000] {dag.py:3096} INFO - Sync 1 DAGs
[2026-05-14T12:09:20.608+0000] {logging_mixin.py:188} INFO - [2026-05-14T12:09:20.608+0000] {dag.py:3954} INFO - Setting next_dagrun for produce_json to 2026-05-13 13:00:00+00:00, run_after=2026-05-14 13:00:00+00:00
[2026-05-14T12:09:20.651+0000] {processor.py:183} INFO - Processing /opt/airflow/dags/main.py took 0.286 seconds
[2026-05-14T12:09:50.910+0000] {processor.py:161} INFO - Started process (PID=656) to work on /opt/airflow/dags/main.py
[2026-05-14T12:09:50.913+0000] {processor.py:830} INFO - Processing file /opt/airflow/dags/main.py for tasks to queue
[2026-05-14T12:09:50.917+0000] {logging_mixin.py:188} INFO - [2026-05-14T12:09:50.916+0000] {dagbag.py:545} INFO - Filling up the DagBag from /opt/airflow/dags/main.py
[2026-05-14T12:09:51.112+0000] {processor.py:840} INFO - DAG(s) 'produce_json' retrieved from /opt/airflow/dags/main.py
[2026-05-14T12:09:51.198+0000] {logging_mixin.py:188} INFO - [2026-05-14T12:09:51.197+0000] {dag.py:3096} INFO - Sync 1 DAGs
[2026-05-14T12:09:51.349+0000] {logging_mixin.py:188} INFO - [2026-05-14T12:09:51.349+0000] {dag.py:3954} INFO - Setting next_dagrun for produce_json to 2026-05-13 13:00:00+00:00, run_after=2026-05-14 13:00:00+00:00
[2026-05-14T12:09:51.415+0000] {processor.py:183} INFO - Processing /opt/airflow/dags/main.py took 0.524 seconds
[2026-05-14T12:10:21.928+0000] {processor.py:161} INFO - Started process (PID=663) to work on /opt/airflow/dags/main.py
[2026-05-14T12:10:21.932+0000] {processor.py:830} INFO - Processing file /opt/airflow/dags/main.py for tasks to queue
[2026-05-14T12:10:21.943+0000] {logging_mixin.py:188} INFO - [2026-05-14T12:10:21.941+0000] {dagbag.py:545} INFO - Filling up the DagBag from /opt/airflow/dags/main.py
[2026-05-14T12:10:22.068+0000] {processor.py:840} INFO - DAG(s) 'produce_json' retrieved from /opt/airflow/dags/main.py
[2026-05-14T12:10:22.113+0000] {logging_mixin.py:188} INFO - [2026-05-14T12:10:22.113+0000] {dag.py:3096} INFO - Sync 1 DAGs
[2026-05-14T12:10:22.158+0000] {logging_mixin.py:188} INFO - [2026-05-14T12:10:22.157+0000] {dag.py:3954} INFO - Setting next_dagrun for produce_json to 2026-05-13 13:00:00+00:00, run_after=2026-05-14 13:00:00+00:00
[2026-05-14T12:10:22.198+0000] {processor.py:183} INFO - Processing /opt/airflow/dags/main.py took 0.300 seconds
[2026-05-14T12:10:52.563+0000] {processor.py:161} INFO - Started process (PID=670) to work on /opt/airflow/dags/main.py
[2026-05-14T12:10:52.567+0000] {processor.py:830} INFO - Processing file /opt/airflow/dags/main.py for tasks to queue
[2026-05-14T12:10:52.578+0000] {logging_mixin.py:188} INFO - [2026-05-14T12:10:52.577+0000] {dagbag.py:545} INFO - Filling up the DagBag from /opt/airflow/dags/main.py
[2026-05-14T12:10:52.716+0000] {processor.py:840} INFO - DAG(s) 'produce_json' retrieved from /opt/airflow/dags/main.py
[2026-05-14T12:10:52.788+0000] {logging_mixin.py:188} INFO - [2026-05-14T12:10:52.787+0000] {dag.py:3096} INFO - Sync 1 DAGs
[2026-05-14T12:10:52.883+0000] {logging_mixin.py:188} INFO - [2026-05-14T12:10:52.882+0000] {dag.py:3954} INFO - Setting next_dagrun for produce_json to 2026-05-13 13:00:00+00:00, run_after=2026-05-14 13:00:00+00:00
[2026-05-14T12:10:52.945+0000] {processor.py:183} INFO - Processing /opt/airflow/dags/main.py took 0.400 seconds
[2026-05-14T12:11:23.308+0000] {processor.py:161} INFO - Started process (PID=677) to work on /opt/airflow/dags/main.py
[2026-05-14T12:11:23.310+0000] {processor.py:830} INFO - Processing file /opt/airflow/dags/main.py for tasks to queue
[2026-05-14T12:11:23.314+0000] {logging_mixin.py:188} INFO - [2026-05-14T12:11:23.314+0000] {dagbag.py:545} INFO - Filling up the DagBag from /opt/airflow/dags/main.py
[2026-05-14T12:11:23.559+0000] {processor.py:840} INFO - DAG(s) 'produce_json' retrieved from /opt/airflow/dags/main.py
[2026-05-14T12:11:23.618+0000] {logging_mixin.py:188} INFO - [2026-05-14T12:11:23.617+0000] {dag.py:3096} INFO - Sync 1 DAGs
[2026-05-14T12:11:23.675+0000] {logging_mixin.py:188} INFO - [2026-05-14T12:11:23.674+0000] {dag.py:3954} INFO - Setting next_dagrun for produce_json to 2026-05-13 13:00:00+00:00, run_after=2026-05-14 13:00:00+00:00
[2026-05-14T12:11:23.754+0000] {processor.py:183} INFO - Processing /opt/airflow/dags/main.py took 0.459 seconds
[2026-05-14T12:11:54.112+0000] {processor.py:161} INFO - Started process (PID=685) to work on /opt/airflow/dags/main.py
[2026-05-14T12:11:54.115+0000] {processor.py:830} INFO - Processing file /opt/airflow/dags/main.py for tasks to queue
[2026-05-14T12:11:54.119+0000] {logging_mixin.py:188} INFO - [2026-05-14T12:11:54.119+0000] {dagbag.py:545} INFO - Filling up the DagBag from /opt/airflow/dags/main.py
[2026-05-14T12:11:54.234+0000] {processor.py:840} INFO - DAG(s) 'produce_json' retrieved from /opt/airflow/dags/main.py
[2026-05-14T12:11:54.306+0000] {logging_mixin.py:188} INFO - [2026-05-14T12:11:54.305+0000] {dag.py:3096} INFO - Sync 1 DAGs
[2026-05-14T12:11:54.368+0000] {logging_mixin.py:188} INFO - [2026-05-14T12:11:54.368+0000] {dag.py:3954} INFO - Setting next_dagrun for produce_json to 2026-05-13 13:00:00+00:00, run_after=2026-05-14 13:00:00+00:00
[2026-05-14T12:11:54.418+0000] {processor.py:183} INFO - Processing /opt/airflow/dags/main.py took 0.322 seconds
[2026-05-14T12:12:24.829+0000] {processor.py:161} INFO - Started process (PID=692) to work on /opt/airflow/dags/main.py
[2026-05-14T12:12:24.832+0000] {processor.py:830} INFO - Processing file /opt/airflow/dags/main.py for tasks to queue
[2026-05-14T12:12:24.837+0000] {logging_mixin.py:188} INFO - [2026-05-14T12:12:24.837+0000] {dagbag.py:545} INFO - Filling up the DagBag from /opt/airflow/dags/main.py
[2026-05-14T12:12:24.954+0000] {processor.py:840} INFO - DAG(s) 'produce_json' retrieved from /opt/airflow/dags/main.py
[2026-05-14T12:12:25.131+0000] {logging_mixin.py:188} INFO - [2026-05-14T12:12:25.130+0000] {dag.py:3096} INFO - Sync 1 DAGs
[2026-05-14T12:12:25.236+0000] {logging_mixin.py:188} INFO - [2026-05-14T12:12:25.235+0000] {dag.py:3954} INFO - Setting next_dagrun for produce_json to 2026-05-13 13:00:00+00:00, run_after=2026-05-14 13:00:00+00:00
[2026-05-14T12:12:25.315+0000] {processor.py:183} INFO - Processing /opt/airflow/dags/main.py took 0.509 seconds
[2026-05-14T12:12:55.677+0000] {processor.py:161} INFO - Started process (PID=699) to work on /opt/airflow/dags/main.py
[2026-05-14T12:12:55.680+0000] {processor.py:830} INFO - Processing file /opt/airflow/dags/main.py for tasks to queue
[2026-05-14T12:12:55.684+0000] {logging_mixin.py:188} INFO - [2026-05-14T12:12:55.683+0000] {dagbag.py:545} INFO - Filling up the DagBag from /opt/airflow/dags/main.py
[2026-05-14T12:12:55.869+0000] {processor.py:840} INFO - DAG(s) 'produce_json' retrieved from /opt/airflow/dags/main.py
[2026-05-14T12:12:55.914+0000] {logging_mixin.py:188} INFO - [2026-05-14T12:12:55.914+0000] {dag.py:3096} INFO - Sync 1 DAGs
[2026-05-14T12:12:55.958+0000] {logging_mixin.py:188} INFO - [2026-05-14T12:12:55.957+0000] {dag.py:3954} INFO - Setting next_dagrun for produce_json to 2026-05-13 13:00:00+00:00, run_after=2026-05-14 13:00:00+00:00
[2026-05-14T12:12:56.002+0000] {processor.py:183} INFO - Processing /opt/airflow/dags/main.py took 0.340 seconds
[2026-05-14T12:13:26.355+0000] {processor.py:161} INFO - Started process (PID=706) to work on /opt/airflow/dags/main.py
[2026-05-14T12:13:26.359+0000] {processor.py:830} INFO - Processing file /opt/airflow/dags/main.py for tasks to queue
[2026-05-14T12:13:26.366+0000] {logging_mixin.py:188} INFO - [2026-05-14T12:13:26.365+0000] {dagbag.py:545} INFO - Filling up the DagBag from /opt/airflow/dags/main.py
[2026-05-14T12:13:26.533+0000] {processor.py:840} INFO - DAG(s) 'produce_json' retrieved from /opt/airflow/dags/main.py
[2026-05-14T12:13:26.597+0000] {logging_mixin.py:188} INFO - [2026-05-14T12:13:26.596+0000] {dag.py:3096} INFO - Sync 1 DAGs
[2026-05-14T12:13:26.657+0000] {logging_mixin.py:188} INFO - [2026-05-14T12:13:26.656+0000] {dag.py:3954} INFO - Setting next_dagrun for produce_json to 2026-05-13 13:00:00+00:00, run_after=2026-05-14 13:00:00+00:00
[2026-05-14T12:13:26.694+0000] {processor.py:183} INFO - Processing /opt/airflow/dags/main.py took 0.361 seconds
[2026-05-14T12:13:56.910+0000] {processor.py:161} INFO - Started process (PID=713) to work on /opt/airflow/dags/main.py
[2026-05-14T12:13:56.913+0000] {processor.py:830} INFO - Processing file /opt/airflow/dags/main.py for tasks to queue
[2026-05-14T12:13:56.918+0000] {logging_mixin.py:188} INFO - [2026-05-14T12:13:56.917+0000] {dagbag.py:545} INFO - Filling up the DagBag from /opt/airflow/dags/main.py
[2026-05-14T12:13:57.031+0000] {processor.py:840} INFO - DAG(s) 'produce_json' retrieved from /opt/airflow/dags/main.py
[2026-05-14T12:13:57.074+0000] {logging_mixin.py:188} INFO - [2026-05-14T12:13:57.074+0000] {dag.py:3096} INFO - Sync 1 DAGs
[2026-05-14T12:13:57.116+0000] {logging_mixin.py:188} INFO - [2026-05-14T12:13:57.116+0000] {dag.py:3954} INFO - Setting next_dagrun for produce_json to 2026-05-13 13:00:00+00:00, run_after=2026-05-14 13:00:00+00:00
[2026-05-14T12:13:57.160+0000] {processor.py:183} INFO - Processing /opt/airflow/dags/main.py took 0.265 seconds
[2026-05-14T12:14:27.364+0000] {processor.py:161} INFO - Started process (PID=721) to work on /opt/airflow/dags/main.py
[2026-05-14T12:14:27.366+0000] {processor.py:830} INFO - Processing file /opt/airflow/dags/main.py for tasks to queue
[2026-05-14T12:14:27.372+0000] {logging_mixin.py:188} INFO - [2026-05-14T12:14:27.371+0000] {dagbag.py:545} INFO - Filling up the DagBag from /opt/airflow/dags/main.py
[2026-05-14T12:14:27.478+0000] {processor.py:840} INFO - DAG(s) 'produce_json' retrieved from /opt/airflow/dags/main.py
[2026-05-14T12:14:27.530+0000] {logging_mixin.py:188} INFO - [2026-05-14T12:14:27.529+0000] {dag.py:3096} INFO - Sync 1 DAGs
[2026-05-14T12:14:27.581+0000] {logging_mixin.py:188} INFO - [2026-05-14T12:14:27.581+0000] {dag.py:3954} INFO - Setting next_dagrun for produce_json to 2026-05-13 13:00:00+00:00, run_after=2026-05-14 13:00:00+00:00
[2026-05-14T12:14:27.626+0000] {processor.py:183} INFO - Processing /opt/airflow/dags/main.py took 0.282 seconds
[2026-05-14T12:14:57.811+0000] {processor.py:161} INFO - Started process (PID=728) to work on /opt/airflow/dags/main.py
[2026-05-14T12:14:57.813+0000] {processor.py:830} INFO - Processing file /opt/airflow/dags/main.py for tasks to queue
[2026-05-14T12:14:57.817+0000] {logging_mixin.py:188} INFO - [2026-05-14T12:14:57.817+0000] {dagbag.py:545} INFO - Filling up the DagBag from /opt/airflow/dags/main.py
[2026-05-14T12:14:57.944+0000] {processor.py:840} INFO - DAG(s) 'produce_json' retrieved from /opt/airflow/dags/main.py
[2026-05-14T12:14:57.990+0000] {logging_mixin.py:188} INFO - [2026-05-14T12:14:57.990+0000] {dag.py:3096} INFO - Sync 1 DAGs
[2026-05-14T12:14:58.041+0000] {logging_mixin.py:188} INFO - [2026-05-14T12:14:58.041+0000] {dag.py:3954} INFO - Setting next_dagrun for produce_json to 2026-05-13 13:00:00+00:00, run_after=2026-05-14 13:00:00+00:00
[2026-05-14T12:14:58.083+0000] {processor.py:183} INFO - Processing /opt/airflow/dags/main.py took 0.287 seconds
[2026-05-14T12:15:28.267+0000] {processor.py:161} INFO - Started process (PID=735) to work on /opt/airflow/dags/main.py
[2026-05-14T12:15:28.270+0000] {processor.py:830} INFO - Processing file /opt/airflow/dags/main.py for tasks to queue
[2026-05-14T12:15:28.277+0000] {logging_mixin.py:188} INFO - [2026-05-14T12:15:28.277+0000] {dagbag.py:545} INFO - Filling up the DagBag from /opt/airflow/dags/main.py
[2026-05-14T12:15:28.418+0000] {processor.py:840} INFO - DAG(s) 'produce_json' retrieved from /opt/airflow/dags/main.py
[2026-05-14T12:15:28.470+0000] {logging_mixin.py:188} INFO - [2026-05-14T12:15:28.469+0000] {dag.py:3096} INFO - Sync 1 DAGs
[2026-05-14T12:15:28.533+0000] {logging_mixin.py:188} INFO - [2026-05-14T12:15:28.533+0000] {dag.py:3954} INFO - Setting next_dagrun for produce_json to 2026-05-13 13:00:00+00:00, run_after=2026-05-14 13:00:00+00:00
[2026-05-14T12:15:28.596+0000] {processor.py:183} INFO - Processing /opt/airflow/dags/main.py took 0.351 seconds
[2026-05-14T12:15:58.820+0000] {processor.py:161} INFO - Started process (PID=742) to work on /opt/airflow/dags/main.py
[2026-05-14T12:15:58.825+0000] {processor.py:830} INFO - Processing file /opt/airflow/dags/main.py for tasks to queue
[2026-05-14T12:15:58.830+0000] {logging_mixin.py:188} INFO - [2026-05-14T12:15:58.829+0000] {dagbag.py:545} INFO - Filling up the DagBag from /opt/airflow/dags/main.py
[2026-05-14T12:15:58.958+0000] {processor.py:840} INFO - DAG(s) 'produce_json' retrieved from /opt/airflow/dags/main.py
[2026-05-14T12:15:59.037+0000] {logging_mixin.py:188} INFO - [2026-05-14T12:15:59.036+0000] {dag.py:3096} INFO - Sync 1 DAGs
[2026-05-14T12:15:59.119+0000] {logging_mixin.py:188} INFO - [2026-05-14T12:15:59.118+0000] {dag.py:3954} INFO - Setting next_dagrun for produce_json to 2026-05-13 13:00:00+00:00, run_after=2026-05-14 13:00:00+00:00
[2026-05-14T12:15:59.181+0000] {processor.py:183} INFO - Processing /opt/airflow/dags/main.py took 0.377 seconds
[2026-05-14T12:16:29.329+0000] {processor.py:161} INFO - Started process (PID=749) to work on /opt/airflow/dags/main.py
[2026-05-14T12:16:29.332+0000] {processor.py:830} INFO - Processing file /opt/airflow/dags/main.py for tasks to queue
[2026-05-14T12:16:29.337+0000] {logging_mixin.py:188} INFO - [2026-05-14T12:16:29.336+0000] {dagbag.py:545} INFO - Filling up the DagBag from /opt/airflow/dags/main.py
[2026-05-14T12:16:29.464+0000] {processor.py:840} INFO - DAG(s) 'produce_json' retrieved from /opt/airflow/dags/main.py
[2026-05-14T12:16:29.517+0000] {logging_mixin.py:188} INFO - [2026-05-14T12:16:29.516+0000] {dag.py:3096} INFO - Sync 1 DAGs
[2026-05-14T12:16:29.582+0000] {logging_mixin.py:188} INFO - [2026-05-14T12:16:29.582+0000] {dag.py:3954} INFO - Setting next_dagrun for produce_json to 2026-05-13 13:00:00+00:00, run_after=2026-05-14 13:00:00+00:00
[2026-05-14T12:16:29.625+0000] {processor.py:183} INFO - Processing /opt/airflow/dags/main.py took 0.312 seconds
[2026-05-14T12:16:59.871+0000] {processor.py:161} INFO - Started process (PID=756) to work on /opt/airflow/dags/main.py
[2026-05-14T12:16:59.875+0000] {processor.py:830} INFO - Processing file /opt/airflow/dags/main.py for tasks to queue
[2026-05-14T12:16:59.880+0000] {logging_mixin.py:188} INFO - [2026-05-14T12:16:59.879+0000] {dagbag.py:545} INFO - Filling up the DagBag from /opt/airflow/dags/main.py
[2026-05-14T12:17:00.009+0000] {processor.py:840} INFO - DAG(s) 'produce_json' retrieved from /opt/airflow/dags/main.py
[2026-05-14T12:17:00.058+0000] {logging_mixin.py:188} INFO - [2026-05-14T12:17:00.057+0000] {dag.py:3096} INFO - Sync 1 DAGs
[2026-05-14T12:17:00.106+0000] {logging_mixin.py:188} INFO - [2026-05-14T12:17:00.105+0000] {dag.py:3954} INFO - Setting next_dagrun for produce_json to 2026-05-13 13:00:00+00:00, run_after=2026-05-14 13:00:00+00:00
[2026-05-14T12:17:00.148+0000] {processor.py:183} INFO - Processing /opt/airflow/dags/main.py took 0.296 seconds
[2026-05-14T12:17:30.317+0000] {processor.py:161} INFO - Started process (PID=763) to work on /opt/airflow/dags/main.py
[2026-05-14T12:17:30.320+0000] {processor.py:830} INFO - Processing file /opt/airflow/dags/main.py for tasks to queue
[2026-05-14T12:17:30.325+0000] {logging_mixin.py:188} INFO - [2026-05-14T12:17:30.324+0000] {dagbag.py:545} INFO - Filling up the DagBag from /opt/airflow/dags/main.py
[2026-05-14T12:17:30.454+0000] {processor.py:840} INFO - DAG(s) 'produce_json' retrieved from /opt/airflow/dags/main.py
[2026-05-14T12:17:30.500+0000] {logging_mixin.py:188} INFO - [2026-05-14T12:17:30.499+0000] {dag.py:3096} INFO - Sync 1 DAGs
[2026-05-14T12:17:30.548+0000] {logging_mixin.py:188} INFO - [2026-05-14T12:17:30.547+0000] {dag.py:3954} INFO - Setting next_dagrun for produce_json to 2026-05-13 13:00:00+00:00, run_after=2026-05-14 13:00:00+00:00
[2026-05-14T12:17:30.593+0000] {processor.py:183} INFO - Processing /opt/airflow/dags/main.py took 0.290 seconds
[2026-05-14T12:18:00.838+0000] {processor.py:161} INFO - Started process (PID=771) to work on /opt/airflow/dags/main.py
[2026-05-14T12:18:00.841+0000] {processor.py:830} INFO - Processing file /opt/airflow/dags/main.py for tasks to queue
[2026-05-14T12:18:00.845+0000] {logging_mixin.py:188} INFO - [2026-05-14T12:18:00.845+0000] {dagbag.py:545} INFO - Filling up the DagBag from /opt/airflow/dags/main.py
[2026-05-14T12:18:00.973+0000] {processor.py:840} INFO - DAG(s) 'produce_json' retrieved from /opt/airflow/dags/main.py
[2026-05-14T12:18:01.021+0000] {logging_mixin.py:188} INFO - [2026-05-14T12:18:01.021+0000] {dag.py:3096} INFO - Sync 1 DAGs
[2026-05-14T12:18:01.071+0000] {logging_mixin.py:188} INFO - [2026-05-14T12:18:01.071+0000] {dag.py:3954} INFO - Setting next_dagrun for produce_json to 2026-05-13 13:00:00+00:00, run_after=2026-05-14 13:00:00+00:00
[2026-05-14T12:18:01.118+0000] {processor.py:183} INFO - Processing /opt/airflow/dags/main.py took 0.295 seconds
[2026-05-14T12:18:31.421+0000] {processor.py:161} INFO - Started process (PID=778) to work on /opt/airflow/dags/main.py
[2026-05-14T12:18:31.423+0000] {processor.py:830} INFO - Processing file /opt/airflow/dags/main.py for tasks to queue
[2026-05-14T12:18:31.428+0000] {logging_mixin.py:188} INFO - [2026-05-14T12:18:31.427+0000] {dagbag.py:545} INFO - Filling up the DagBag from /opt/airflow/dags/main.py
[2026-05-14T12:18:31.825+0000] {processor.py:840} INFO - DAG(s) 'produce_json' retrieved from /opt/airflow/dags/main.py
[2026-05-14T12:18:32.003+0000] {logging_mixin.py:188} INFO - [2026-05-14T12:18:32.002+0000] {dag.py:3096} INFO - Sync 1 DAGs
[2026-05-14T12:18:32.183+0000] {logging_mixin.py:188} INFO - [2026-05-14T12:18:32.182+0000] {dag.py:3954} INFO - Setting next_dagrun for produce_json to 2026-05-13 13:00:00+00:00, run_after=2026-05-14 13:00:00+00:00
[2026-05-14T12:18:32.293+0000] {processor.py:183} INFO - Processing /opt/airflow/dags/main.py took 0.901 seconds
[2026-05-14T12:19:03.008+0000] {processor.py:161} INFO - Started process (PID=784) to work on /opt/airflow/dags/main.py
[2026-05-14T12:19:03.011+0000] {processor.py:830} INFO - Processing file /opt/airflow/dags/main.py for tasks to queue
[2026-05-14T12:19:03.015+0000] {logging_mixin.py:188} INFO - [2026-05-14T12:19:03.014+0000] {dagbag.py:545} INFO - Filling up the DagBag from /opt/airflow/dags/main.py
[2026-05-14T12:19:03.157+0000] {processor.py:840} INFO - DAG(s) 'produce_json' retrieved from /opt/airflow/dags/main.py
[2026-05-14T12:19:03.225+0000] {logging_mixin.py:188} INFO - [2026-05-14T12:19:03.224+0000] {dag.py:3096} INFO - Sync 1 DAGs
[2026-05-14T12:19:03.318+0000] {logging_mixin.py:188} INFO - [2026-05-14T12:19:03.318+0000] {dag.py:3954} INFO - Setting next_dagrun for produce_json to 2026-05-13 13:00:00+00:00, run_after=2026-05-14 13:00:00+00:00
[2026-05-14T12:19:03.374+0000] {processor.py:183} INFO - Processing /opt/airflow/dags/main.py took 0.381 seconds
[2026-05-14T12:19:33.552+0000] {processor.py:161} INFO - Started process (PID=791) to work on /opt/airflow/dags/main.py
[2026-05-14T12:19:33.558+0000] {processor.py:830} INFO - Processing file /opt/airflow/dags/main.py for tasks to queue
[2026-05-14T12:19:33.563+0000] {logging_mixin.py:188} INFO - [2026-05-14T12:19:33.563+0000] {dagbag.py:545} INFO - Filling up the DagBag from /opt/airflow/dags/main.py
[2026-05-14T12:19:33.706+0000] {processor.py:840} INFO - DAG(s) 'produce_json' retrieved from /opt/airflow/dags/main.py
[2026-05-14T12:19:33.801+0000] {logging_mixin.py:188} INFO - [2026-05-14T12:19:33.800+0000] {dag.py:3096} INFO - Sync 1 DAGs
[2026-05-14T12:19:33.923+0000] {logging_mixin.py:188} INFO - [2026-05-14T12:19:33.922+0000] {dag.py:3954} INFO - Setting next_dagrun for produce_json to 2026-05-13 13:00:00+00:00, run_after=2026-05-14 13:00:00+00:00
[2026-05-14T12:19:33.986+0000] {processor.py:183} INFO - Processing /opt/airflow/dags/main.py took 0.462 seconds
[2026-05-14T12:20:04.342+0000] {processor.py:161} INFO - Started process (PID=798) to work on /opt/airflow/dags/main.py
[2026-05-14T12:20:04.345+0000] {processor.py:830} INFO - Processing file /opt/airflow/dags/main.py for tasks to queue
[2026-05-14T12:20:04.349+0000] {logging_mixin.py:188} INFO - [2026-05-14T12:20:04.349+0000] {dagbag.py:545} INFO - Filling up the DagBag from /opt/airflow/dags/main.py
[2026-05-14T12:20:04.462+0000] {processor.py:840} INFO - DAG(s) 'produce_json' retrieved from /opt/airflow/dags/main.py
[2026-05-14T12:20:04.508+0000] {logging_mixin.py:188} INFO - [2026-05-14T12:20:04.507+0000] {dag.py:3096} INFO - Sync 1 DAGs
[2026-05-14T12:20:04.565+0000] {logging_mixin.py:188} INFO - [2026-05-14T12:20:04.565+0000] {dag.py:3954} INFO - Setting next_dagrun for produce_json to 2026-05-13 13:00:00+00:00, run_after=2026-05-14 13:00:00+00:00
[2026-05-14T12:20:04.618+0000] {processor.py:183} INFO - Processing /opt/airflow/dags/main.py took 0.293 seconds
[2026-05-14T12:20:35.021+0000] {processor.py:161} INFO - Started process (PID=805) to work on /opt/airflow/dags/main.py
[2026-05-14T12:20:35.024+0000] {processor.py:830} INFO - Processing file /opt/airflow/dags/main.py for tasks to queue
[2026-05-14T12:20:35.029+0000] {logging_mixin.py:188} INFO - [2026-05-14T12:20:35.028+0000] {dagbag.py:545} INFO - Filling up the DagBag from /opt/airflow/dags/main.py
[2026-05-14T12:20:35.166+0000] {processor.py:840} INFO - DAG(s) 'produce_json' retrieved from /opt/airflow/dags/main.py
[2026-05-14T12:20:35.223+0000] {logging_mixin.py:188} INFO - [2026-05-14T12:20:35.222+0000] {dag.py:3096} INFO - Sync 1 DAGs
[2026-05-14T12:20:35.291+0000] {logging_mixin.py:188} INFO - [2026-05-14T12:20:35.290+0000] {dag.py:3954} INFO - Setting next_dagrun for produce_json to 2026-05-13 13:00:00+00:00, run_after=2026-05-14 13:00:00+00:00
[2026-05-14T12:20:35.347+0000] {processor.py:183} INFO - Processing /opt/airflow/dags/main.py took 0.345 seconds
[2026-05-14T12:21:05.815+0000] {processor.py:161} INFO - Started process (PID=812) to work on /opt/airflow/dags/main.py
[2026-05-14T12:21:05.818+0000] {processor.py:830} INFO - Processing file /opt/airflow/dags/main.py for tasks to queue
[2026-05-14T12:21:05.822+0000] {logging_mixin.py:188} INFO - [2026-05-14T12:21:05.822+0000] {dagbag.py:545} INFO - Filling up the DagBag from /opt/airflow/dags/main.py
[2026-05-14T12:21:05.950+0000] {processor.py:840} INFO - DAG(s) 'produce_json' retrieved from /opt/airflow/dags/main.py
[2026-05-14T12:21:05.996+0000] {logging_mixin.py:188} INFO - [2026-05-14T12:21:05.995+0000] {dag.py:3096} INFO - Sync 1 DAGs
[2026-05-14T12:21:06.040+0000] {logging_mixin.py:188} INFO - [2026-05-14T12:21:06.039+0000] {dag.py:3954} INFO - Setting next_dagrun for produce_json to 2026-05-13 13:00:00+00:00, run_after=2026-05-14 13:00:00+00:00
[2026-05-14T12:21:06.083+0000] {processor.py:183} INFO - Processing /opt/airflow/dags/main.py took 0.281 seconds
[2026-05-14T12:21:36.479+0000] {processor.py:161} INFO - Started process (PID=820) to work on /opt/airflow/dags/main.py
[2026-05-14T12:21:36.481+0000] {processor.py:830} INFO - Processing file /opt/airflow/dags/main.py for tasks to queue
[2026-05-14T12:21:36.485+0000] {logging_mixin.py:188} INFO - [2026-05-14T12:21:36.485+0000] {dagbag.py:545} INFO - Filling up the DagBag from /opt/airflow/dags/main.py
[2026-05-14T12:21:36.636+0000] {processor.py:840} INFO - DAG(s) 'produce_json' retrieved from /opt/airflow/dags/main.py
[2026-05-14T12:21:36.687+0000] {logging_mixin.py:188} INFO - [2026-05-14T12:21:36.687+0000] {dag.py:3096} INFO - Sync 1 DAGs
[2026-05-14T12:21:36.734+0000] {logging_mixin.py:188} INFO - [2026-05-14T12:21:36.734+0000] {dag.py:3954} INFO - Setting next_dagrun for produce_json to 2026-05-13 13:00:00+00:00, run_after=2026-05-14 13:00:00+00:00
[2026-05-14T12:21:36.775+0000] {processor.py:183} INFO - Processing /opt/airflow/dags/main.py took 0.310 seconds
[2026-05-14T12:22:07.145+0000] {processor.py:161} INFO - Started process (PID=827) to work on /opt/airflow/dags/main.py
[2026-05-14T12:22:07.148+0000] {processor.py:830} INFO - Processing file /opt/airflow/dags/main.py for tasks to queue
[2026-05-14T12:22:07.153+0000] {logging_mixin.py:188} INFO - [2026-05-14T12:22:07.151+0000] {dagbag.py:545} INFO - Filling up the DagBag from /opt/airflow/dags/main.py
[2026-05-14T12:22:07.251+0000] {processor.py:840} INFO - DAG(s) 'produce_json' retrieved from /opt/airflow/dags/main.py
[2026-05-14T12:22:07.294+0000] {logging_mixin.py:188} INFO - [2026-05-14T12:22:07.293+0000] {dag.py:3096} INFO - Sync 1 DAGs
[2026-05-14T12:22:07.349+0000] {logging_mixin.py:188} INFO - [2026-05-14T12:22:07.349+0000] {dag.py:3954} INFO - Setting next_dagrun for produce_json to 2026-05-13 13:00:00+00:00, run_after=2026-05-14 13:00:00+00:00
[2026-05-14T12:22:07.389+0000] {processor.py:183} INFO - Processing /opt/airflow/dags/main.py took 0.257 seconds
[2026-05-14T12:22:37.781+0000] {processor.py:161} INFO - Started process (PID=834) to work on /opt/airflow/dags/main.py
[2026-05-14T12:22:37.783+0000] {processor.py:830} INFO - Processing file /opt/airflow/dags/main.py for tasks to queue
[2026-05-14T12:22:37.789+0000] {logging_mixin.py:188} INFO - [2026-05-14T12:22:37.788+0000] {dagbag.py:545} INFO - Filling up the DagBag from /opt/airflow/dags/main.py
[2026-05-14T12:22:37.906+0000] {processor.py:840} INFO - DAG(s) 'produce_json' retrieved from /opt/airflow/dags/main.py
[2026-05-14T12:22:37.957+0000] {logging_mixin.py:188} INFO - [2026-05-14T12:22:37.956+0000] {dag.py:3096} INFO - Sync 1 DAGs
[2026-05-14T12:22:38.009+0000] {logging_mixin.py:188} INFO - [2026-05-14T12:22:38.009+0000] {dag.py:3954} INFO - Setting next_dagrun for produce_json to 2026-05-13 13:00:00+00:00, run_after=2026-05-14 13:00:00+00:00
[2026-05-14T12:22:38.062+0000] {processor.py:183} INFO - Processing /opt/airflow/dags/main.py took 0.297 seconds
[2026-05-14T12:23:08.229+0000] {processor.py:161} INFO - Started process (PID=841) to work on /opt/airflow/dags/main.py
[2026-05-14T12:23:08.232+0000] {processor.py:830} INFO - Processing file /opt/airflow/dags/main.py for tasks to queue
[2026-05-14T12:23:08.238+0000] {logging_mixin.py:188} INFO - [2026-05-14T12:23:08.237+0000] {dagbag.py:545} INFO - Filling up the DagBag from /opt/airflow/dags/main.py
[2026-05-14T12:23:08.365+0000] {processor.py:840} INFO - DAG(s) 'produce_json' retrieved from /opt/airflow/dags/main.py
[2026-05-14T12:23:08.421+0000] {logging_mixin.py:188} INFO - [2026-05-14T12:23:08.421+0000] {dag.py:3096} INFO - Sync 1 DAGs
[2026-05-14T12:23:08.486+0000] {logging_mixin.py:188} INFO - [2026-05-14T12:23:08.485+0000] {dag.py:3954} INFO - Setting next_dagrun for produce_json to 2026-05-13 13:00:00+00:00, run_after=2026-05-14 13:00:00+00:00
[2026-05-14T12:23:08.555+0000] {processor.py:183} INFO - Processing /opt/airflow/dags/main.py took 0.347 seconds
[2026-05-14T12:23:38.783+0000] {processor.py:161} INFO - Started process (PID=848) to work on /opt/airflow/dags/main.py
[2026-05-14T12:23:38.786+0000] {processor.py:830} INFO - Processing file /opt/airflow/dags/main.py for tasks to queue
[2026-05-14T12:23:38.791+0000] {logging_mixin.py:188} INFO - [2026-05-14T12:23:38.790+0000] {dagbag.py:545} INFO - Filling up the DagBag from /opt/airflow/dags/main.py
[2026-05-14T12:23:38.922+0000] {processor.py:840} INFO - DAG(s) 'produce_json' retrieved from /opt/airflow/dags/main.py
[2026-05-14T12:23:38.978+0000] {logging_mixin.py:188} INFO - [2026-05-14T12:23:38.977+0000] {dag.py:3096} INFO - Sync 1 DAGs
[2026-05-14T12:23:39.051+0000] {logging_mixin.py:188} INFO - [2026-05-14T12:23:39.050+0000] {dag.py:3954} INFO - Setting next_dagrun for produce_json to 2026-05-13 13:00:00+00:00, run_after=2026-05-14 13:00:00+00:00
[2026-05-14T12:23:39.103+0000] {processor.py:183} INFO - Processing /opt/airflow/dags/main.py took 0.341 seconds
[2026-05-14T12:24:09.207+0000] {processor.py:161} INFO - Started process (PID=855) to work on /opt/airflow/dags/main.py
[2026-05-14T12:24:09.210+0000] {processor.py:830} INFO - Processing file /opt/airflow/dags/main.py for tasks to queue
[2026-05-14T12:24:09.215+0000] {logging_mixin.py:188} INFO - [2026-05-14T12:24:09.214+0000] {dagbag.py:545} INFO - Filling up the DagBag from /opt/airflow/dags/main.py
[2026-05-14T12:24:09.358+0000] {processor.py:840} INFO - DAG(s) 'produce_json' retrieved from /opt/airflow/dags/main.py
[2026-05-14T12:24:09.417+0000] {logging_mixin.py:188} INFO - [2026-05-14T12:24:09.417+0000] {dag.py:3096} INFO - Sync 1 DAGs
[2026-05-14T12:24:09.475+0000] {logging_mixin.py:188} INFO - [2026-05-14T12:24:09.474+0000] {dag.py:3954} INFO - Setting next_dagrun for produce_json to 2026-05-13 13:00:00+00:00, run_after=2026-05-14 13:00:00+00:00
[2026-05-14T12:24:09.550+0000] {processor.py:183} INFO - Processing /opt/airflow/dags/main.py took 0.358 seconds
[2026-05-14T12:24:39.822+0000] {processor.py:161} INFO - Started process (PID=862) to work on /opt/airflow/dags/main.py
[2026-05-14T12:24:39.825+0000] {processor.py:830} INFO - Processing file /opt/airflow/dags/main.py for tasks to queue
[2026-05-14T12:24:39.833+0000] {logging_mixin.py:188} INFO - [2026-05-14T12:24:39.832+0000] {dagbag.py:545} INFO - Filling up the DagBag from /opt/airflow/dags/main.py
[2026-05-14T12:24:39.991+0000] {processor.py:840} INFO - DAG(s) 'produce_json' retrieved from /opt/airflow/dags/main.py
[2026-05-14T12:24:40.076+0000] {logging_mixin.py:188} INFO - [2026-05-14T12:24:40.076+0000] {dag.py:3096} INFO - Sync 1 DAGs
[2026-05-14T12:24:40.168+0000] {logging_mixin.py:188} INFO - [2026-05-14T12:24:40.167+0000] {dag.py:3954} INFO - Setting next_dagrun for produce_json to 2026-05-13 13:00:00+00:00, run_after=2026-05-14 13:00:00+00:00
[2026-05-14T12:24:40.231+0000] {processor.py:183} INFO - Processing /opt/airflow/dags/main.py took 0.433 seconds
[2026-05-14T12:25:10.350+0000] {processor.py:161} INFO - Started process (PID=869) to work on /opt/airflow/dags/main.py
[2026-05-14T12:25:10.354+0000] {processor.py:830} INFO - Processing file /opt/airflow/dags/main.py for tasks to queue
[2026-05-14T12:25:10.361+0000] {logging_mixin.py:188} INFO - [2026-05-14T12:25:10.360+0000] {dagbag.py:545} INFO - Filling up the DagBag from /opt/airflow/dags/main.py
[2026-05-14T12:25:10.492+0000] {processor.py:840} INFO - DAG(s) 'produce_json' retrieved from /opt/airflow/dags/main.py
[2026-05-14T12:25:10.551+0000] {logging_mixin.py:188} INFO - [2026-05-14T12:25:10.550+0000] {dag.py:3096} INFO - Sync 1 DAGs
[2026-05-14T12:25:10.601+0000] {logging_mixin.py:188} INFO - [2026-05-14T12:25:10.600+0000] {dag.py:3954} INFO - Setting next_dagrun for produce_json to 2026-05-13 13:00:00+00:00, run_after=2026-05-14 13:00:00+00:00
[2026-05-14T12:25:10.665+0000] {processor.py:183} INFO - Processing /opt/airflow/dags/main.py took 0.335 seconds
[2026-05-14T12:25:40.899+0000] {processor.py:161} INFO - Started process (PID=876) to work on /opt/airflow/dags/main.py
[2026-05-14T12:25:40.902+0000] {processor.py:830} INFO - Processing file /opt/airflow/dags/main.py for tasks to queue
[2026-05-14T12:25:40.907+0000] {logging_mixin.py:188} INFO - [2026-05-14T12:25:40.907+0000] {dagbag.py:545} INFO - Filling up the DagBag from /opt/airflow/dags/main.py
[2026-05-14T12:25:41.154+0000] {processor.py:840} INFO - DAG(s) 'produce_json' retrieved from /opt/airflow/dags/main.py
[2026-05-14T12:25:41.220+0000] {logging_mixin.py:188} INFO - [2026-05-14T12:25:41.220+0000] {dag.py:3096} INFO - Sync 1 DAGs
[2026-05-14T12:25:41.288+0000] {logging_mixin.py:188} INFO - [2026-05-14T12:25:41.288+0000] {dag.py:3954} INFO - Setting next_dagrun for produce_json to 2026-05-13 13:00:00+00:00, run_after=2026-05-14 13:00:00+00:00
[2026-05-14T12:25:41.344+0000] {processor.py:183} INFO - Processing /opt/airflow/dags/main.py took 0.461 seconds
[2026-05-14T12:26:12.013+0000] {processor.py:161} INFO - Started process (PID=882) to work on /opt/airflow/dags/main.py
[2026-05-14T12:26:12.017+0000] {processor.py:830} INFO - Processing file /opt/airflow/dags/main.py for tasks to queue
[2026-05-14T12:26:12.026+0000] {logging_mixin.py:188} INFO - [2026-05-14T12:26:12.025+0000] {dagbag.py:545} INFO - Filling up the DagBag from /opt/airflow/dags/main.py
[2026-05-14T12:26:13.092+0000] {processor.py:840} INFO - DAG(s) 'produce_json' retrieved from /opt/airflow/dags/main.py
[2026-05-14T12:26:13.264+0000] {logging_mixin.py:188} INFO - [2026-05-14T12:26:13.263+0000] {dag.py:3096} INFO - Sync 1 DAGs
[2026-05-14T12:26:13.474+0000] {logging_mixin.py:188} INFO - [2026-05-14T12:26:13.474+0000] {dag.py:3954} INFO - Setting next_dagrun for produce_json to 2026-05-13 13:00:00+00:00, run_after=2026-05-14 13:00:00+00:00
[2026-05-14T12:26:13.616+0000] {processor.py:183} INFO - Processing /opt/airflow/dags/main.py took 1.652 seconds
[2026-05-14T12:26:43.789+0000] {processor.py:161} INFO - Started process (PID=889) to work on /opt/airflow/dags/main.py
[2026-05-14T12:26:43.793+0000] {processor.py:830} INFO - Processing file /opt/airflow/dags/main.py for tasks to queue
[2026-05-14T12:26:43.801+0000] {logging_mixin.py:188} INFO - [2026-05-14T12:26:43.801+0000] {dagbag.py:545} INFO - Filling up the DagBag from /opt/airflow/dags/main.py
[2026-05-14T12:26:43.931+0000] {processor.py:840} INFO - DAG(s) 'produce_json' retrieved from /opt/airflow/dags/main.py
[2026-05-14T12:26:43.990+0000] {logging_mixin.py:188} INFO - [2026-05-14T12:26:43.989+0000] {dag.py:3096} INFO - Sync 1 DAGs
[2026-05-14T12:26:44.121+0000] {logging_mixin.py:188} INFO - [2026-05-14T12:26:44.120+0000] {dag.py:3954} INFO - Setting next_dagrun for produce_json to 2026-05-13 13:00:00+00:00, run_after=2026-05-14 13:00:00+00:00
[2026-05-14T12:26:44.239+0000] {processor.py:183} INFO - Processing /opt/airflow/dags/main.py took 0.467 seconds
[2026-05-14T12:27:14.635+0000] {processor.py:161} INFO - Started process (PID=896) to work on /opt/airflow/dags/main.py
[2026-05-14T12:27:14.638+0000] {processor.py:830} INFO - Processing file /opt/airflow/dags/main.py for tasks to queue
[2026-05-14T12:27:14.643+0000] {logging_mixin.py:188} INFO - [2026-05-14T12:27:14.642+0000] {dagbag.py:545} INFO - Filling up the DagBag from /opt/airflow/dags/main.py
[2026-05-14T12:27:14.748+0000] {processor.py:840} INFO - DAG(s) 'produce_json' retrieved from /opt/airflow/dags/main.py
[2026-05-14T12:27:14.793+0000] {logging_mixin.py:188} INFO - [2026-05-14T12:27:14.792+0000] {dag.py:3096} INFO - Sync 1 DAGs
[2026-05-14T12:27:14.836+0000] {logging_mixin.py:188} INFO - [2026-05-14T12:27:14.835+0000] {dag.py:3954} INFO - Setting next_dagrun for produce_json to 2026-05-13 13:00:00+00:00, run_after=2026-05-14 13:00:00+00:00
[2026-05-14T12:27:14.877+0000] {processor.py:183} INFO - Processing /opt/airflow/dags/main.py took 0.264 seconds
[2026-05-14T12:27:45.226+0000] {processor.py:161} INFO - Started process (PID=903) to work on /opt/airflow/dags/main.py
[2026-05-14T12:27:45.228+0000] {processor.py:830} INFO - Processing file /opt/airflow/dags/main.py for tasks to queue
[2026-05-14T12:27:45.233+0000] {logging_mixin.py:188} INFO - [2026-05-14T12:27:45.233+0000] {dagbag.py:545} INFO - Filling up the DagBag from /opt/airflow/dags/main.py
[2026-05-14T12:27:45.377+0000] {processor.py:840} INFO - DAG(s) 'produce_json' retrieved from /opt/airflow/dags/main.py
[2026-05-14T12:27:45.424+0000] {logging_mixin.py:188} INFO - [2026-05-14T12:27:45.423+0000] {dag.py:3096} INFO - Sync 1 DAGs
[2026-05-14T12:27:45.468+0000] {logging_mixin.py:188} INFO - [2026-05-14T12:27:45.467+0000] {dag.py:3954} INFO - Setting next_dagrun for produce_json to 2026-05-13 13:00:00+00:00, run_after=2026-05-14 13:00:00+00:00
[2026-05-14T12:27:45.507+0000] {processor.py:183} INFO - Processing /opt/airflow/dags/main.py took 0.297 seconds
[2026-05-14T12:28:15.912+0000] {processor.py:161} INFO - Started process (PID=910) to work on /opt/airflow/dags/main.py
[2026-05-14T12:28:15.914+0000] {processor.py:830} INFO - Processing file /opt/airflow/dags/main.py for tasks to queue
[2026-05-14T12:28:15.919+0000] {logging_mixin.py:188} INFO - [2026-05-14T12:28:15.918+0000] {dagbag.py:545} INFO - Filling up the DagBag from /opt/airflow/dags/main.py
[2026-05-14T12:28:16.045+0000] {processor.py:840} INFO - DAG(s) 'produce_json' retrieved from /opt/airflow/dags/main.py
[2026-05-14T12:28:16.090+0000] {logging_mixin.py:188} INFO - [2026-05-14T12:28:16.090+0000] {dag.py:3096} INFO - Sync 1 DAGs
[2026-05-14T12:28:16.134+0000] {logging_mixin.py:188} INFO - [2026-05-14T12:28:16.133+0000] {dag.py:3954} INFO - Setting next_dagrun for produce_json to 2026-05-13 13:00:00+00:00, run_after=2026-05-14 13:00:00+00:00
[2026-05-14T12:28:16.177+0000] {processor.py:183} INFO - Processing /opt/airflow/dags/main.py took 0.280 seconds
[2026-05-14T12:28:46.460+0000] {processor.py:161} INFO - Started process (PID=917) to work on /opt/airflow/dags/main.py
[2026-05-14T12:28:46.463+0000] {processor.py:830} INFO - Processing file /opt/airflow/dags/main.py for tasks to queue
[2026-05-14T12:28:46.468+0000] {logging_mixin.py:188} INFO - [2026-05-14T12:28:46.467+0000] {dagbag.py:545} INFO - Filling up the DagBag from /opt/airflow/dags/main.py
[2026-05-14T12:28:46.582+0000] {processor.py:840} INFO - DAG(s) 'produce_json' retrieved from /opt/airflow/dags/main.py
[2026-05-14T12:28:46.625+0000] {logging_mixin.py:188} INFO - [2026-05-14T12:28:46.625+0000] {dag.py:3096} INFO - Sync 1 DAGs
[2026-05-14T12:28:46.670+0000] {logging_mixin.py:188} INFO - [2026-05-14T12:28:46.670+0000] {dag.py:3954} INFO - Setting next_dagrun for produce_json to 2026-05-13 13:00:00+00:00, run_after=2026-05-14 13:00:00+00:00
[2026-05-14T12:28:46.714+0000] {processor.py:183} INFO - Processing /opt/airflow/dags/main.py took 0.268 seconds
[2026-05-14T12:29:16.835+0000] {processor.py:161} INFO - Started process (PID=924) to work on /opt/airflow/dags/main.py
[2026-05-14T12:29:16.837+0000] {processor.py:830} INFO - Processing file /opt/airflow/dags/main.py for tasks to queue
[2026-05-14T12:29:16.842+0000] {logging_mixin.py:188} INFO - [2026-05-14T12:29:16.841+0000] {dagbag.py:545} INFO - Filling up the DagBag from /opt/airflow/dags/main.py
[2026-05-14T12:29:16.957+0000] {processor.py:840} INFO - DAG(s) 'produce_json' retrieved from /opt/airflow/dags/main.py
[2026-05-14T12:29:17.003+0000] {logging_mixin.py:188} INFO - [2026-05-14T12:29:17.002+0000] {dag.py:3096} INFO - Sync 1 DAGs
[2026-05-14T12:29:17.056+0000] {logging_mixin.py:188} INFO - [2026-05-14T12:29:17.056+0000] {dag.py:3954} INFO - Setting next_dagrun for produce_json to 2026-05-13 13:00:00+00:00, run_after=2026-05-14 13:00:00+00:00
[2026-05-14T12:29:17.097+0000] {processor.py:183} INFO - Processing /opt/airflow/dags/main.py took 0.276 seconds
[2026-05-14T12:29:47.328+0000] {processor.py:161} INFO - Started process (PID=931) to work on /opt/airflow/dags/main.py
[2026-05-14T12:29:47.331+0000] {processor.py:830} INFO - Processing file /opt/airflow/dags/main.py for tasks to queue
[2026-05-14T12:29:47.335+0000] {logging_mixin.py:188} INFO - [2026-05-14T12:29:47.335+0000] {dagbag.py:545} INFO - Filling up the DagBag from /opt/airflow/dags/main.py
[2026-05-14T12:29:47.461+0000] {processor.py:840} INFO - DAG(s) 'produce_json' retrieved from /opt/airflow/dags/main.py
[2026-05-14T12:29:47.513+0000] {logging_mixin.py:188} INFO - [2026-05-14T12:29:47.513+0000] {dag.py:3096} INFO - Sync 1 DAGs
[2026-05-14T12:29:47.559+0000] {logging_mixin.py:188} INFO - [2026-05-14T12:29:47.559+0000] {dag.py:3954} INFO - Setting next_dagrun for produce_json to 2026-05-13 13:00:00+00:00, run_after=2026-05-14 13:00:00+00:00
[2026-05-14T12:29:47.606+0000] {processor.py:183} INFO - Processing /opt/airflow/dags/main.py took 0.291 seconds
[2026-05-14T12:30:17.748+0000] {processor.py:161} INFO - Started process (PID=938) to work on /opt/airflow/dags/main.py
[2026-05-14T12:30:17.751+0000] {processor.py:830} INFO - Processing file /opt/airflow/dags/main.py for tasks to queue
[2026-05-14T12:30:17.756+0000] {logging_mixin.py:188} INFO - [2026-05-14T12:30:17.756+0000] {dagbag.py:545} INFO - Filling up the DagBag from /opt/airflow/dags/main.py
[2026-05-14T12:30:17.901+0000] {processor.py:840} INFO - DAG(s) 'produce_json' retrieved from /opt/airflow/dags/main.py
[2026-05-14T12:30:17.962+0000] {logging_mixin.py:188} INFO - [2026-05-14T12:30:17.961+0000] {dag.py:3096} INFO - Sync 1 DAGs
[2026-05-14T12:30:18.036+0000] {logging_mixin.py:188} INFO - [2026-05-14T12:30:18.036+0000] {dag.py:3954} INFO - Setting next_dagrun for produce_json to 2026-05-13 13:00:00+00:00, run_after=2026-05-14 13:00:00+00:00
[2026-05-14T12:30:18.084+0000] {processor.py:183} INFO - Processing /opt/airflow/dags/main.py took 0.354 seconds
[2026-05-14T12:30:48.227+0000] {processor.py:161} INFO - Started process (PID=944) to work on /opt/airflow/dags/main.py
[2026-05-14T12:30:48.230+0000] {processor.py:830} INFO - Processing file /opt/airflow/dags/main.py for tasks to queue
[2026-05-14T12:30:48.236+0000] {logging_mixin.py:188} INFO - [2026-05-14T12:30:48.235+0000] {dagbag.py:545} INFO - Filling up the DagBag from /opt/airflow/dags/main.py
[2026-05-14T12:30:48.367+0000] {processor.py:840} INFO - DAG(s) 'produce_json' retrieved from /opt/airflow/dags/main.py
[2026-05-14T12:30:48.413+0000] {logging_mixin.py:188} INFO - [2026-05-14T12:30:48.412+0000] {dag.py:3096} INFO - Sync 1 DAGs
[2026-05-14T12:30:48.458+0000] {logging_mixin.py:188} INFO - [2026-05-14T12:30:48.457+0000] {dag.py:3954} INFO - Setting next_dagrun for produce_json to 2026-05-13 13:00:00+00:00, run_after=2026-05-14 13:00:00+00:00
[2026-05-14T12:30:48.505+0000] {processor.py:183} INFO - Processing /opt/airflow/dags/main.py took 0.291 seconds
[2026-05-14T12:31:18.836+0000] {processor.py:161} INFO - Started process (PID=951) to work on /opt/airflow/dags/main.py
[2026-05-14T12:31:18.839+0000] {processor.py:830} INFO - Processing file /opt/airflow/dags/main.py for tasks to queue
[2026-05-14T12:31:18.847+0000] {logging_mixin.py:188} INFO - [2026-05-14T12:31:18.845+0000] {dagbag.py:545} INFO - Filling up the DagBag from /opt/airflow/dags/main.py
[2026-05-14T12:31:18.977+0000] {processor.py:840} INFO - DAG(s) 'produce_json' retrieved from /opt/airflow/dags/main.py
[2026-05-14T12:31:19.033+0000] {logging_mixin.py:188} INFO - [2026-05-14T12:31:19.033+0000] {dag.py:3096} INFO - Sync 1 DAGs
[2026-05-14T12:31:19.085+0000] {logging_mixin.py:188} INFO - [2026-05-14T12:31:19.085+0000] {dag.py:3954} INFO - Setting next_dagrun for produce_json to 2026-05-13 13:00:00+00:00, run_after=2026-05-14 13:00:00+00:00
[2026-05-14T12:31:19.142+0000] {processor.py:183} INFO - Processing /opt/airflow/dags/main.py took 0.326 seconds
[2026-05-14T12:31:49.366+0000] {processor.py:161} INFO - Started process (PID=958) to work on /opt/airflow/dags/main.py
[2026-05-14T12:31:49.369+0000] {processor.py:830} INFO - Processing file /opt/airflow/dags/main.py for tasks to queue
[2026-05-14T12:31:49.373+0000] {logging_mixin.py:188} INFO - [2026-05-14T12:31:49.373+0000] {dagbag.py:545} INFO - Filling up the DagBag from /opt/airflow/dags/main.py
[2026-05-14T12:31:49.501+0000] {processor.py:840} INFO - DAG(s) 'produce_json' retrieved from /opt/airflow/dags/main.py
[2026-05-14T12:31:49.555+0000] {logging_mixin.py:188} INFO - [2026-05-14T12:31:49.554+0000] {dag.py:3096} INFO - Sync 1 DAGs
[2026-05-14T12:31:49.609+0000] {logging_mixin.py:188} INFO - [2026-05-14T12:31:49.609+0000] {dag.py:3954} INFO - Setting next_dagrun for produce_json to 2026-05-13 13:00:00+00:00, run_after=2026-05-14 13:00:00+00:00
[2026-05-14T12:31:49.664+0000] {processor.py:183} INFO - Processing /opt/airflow/dags/main.py took 0.313 seconds
[2026-05-14T12:32:19.864+0000] {processor.py:161} INFO - Started process (PID=964) to work on /opt/airflow/dags/main.py
[2026-05-14T12:32:19.867+0000] {processor.py:830} INFO - Processing file /opt/airflow/dags/main.py for tasks to queue
[2026-05-14T12:32:19.873+0000] {logging_mixin.py:188} INFO - [2026-05-14T12:32:19.872+0000] {dagbag.py:545} INFO - Filling up the DagBag from /opt/airflow/dags/main.py
[2026-05-14T12:32:20.021+0000] {processor.py:840} INFO - DAG(s) 'produce_json' retrieved from /opt/airflow/dags/main.py
[2026-05-14T12:32:20.074+0000] {logging_mixin.py:188} INFO - [2026-05-14T12:32:20.073+0000] {dag.py:3096} INFO - Sync 1 DAGs
[2026-05-14T12:32:20.130+0000] {logging_mixin.py:188} INFO - [2026-05-14T12:32:20.129+0000] {dag.py:3954} INFO - Setting next_dagrun for produce_json to 2026-05-13 13:00:00+00:00, run_after=2026-05-14 13:00:00+00:00
[2026-05-14T12:32:20.186+0000] {processor.py:183} INFO - Processing /opt/airflow/dags/main.py took 0.341 seconds
[2026-05-14T12:32:50.530+0000] {processor.py:161} INFO - Started process (PID=971) to work on /opt/airflow/dags/main.py
[2026-05-14T12:32:50.532+0000] {processor.py:830} INFO - Processing file /opt/airflow/dags/main.py for tasks to queue
[2026-05-14T12:32:50.538+0000] {logging_mixin.py:188} INFO - [2026-05-14T12:32:50.537+0000] {dagbag.py:545} INFO - Filling up the DagBag from /opt/airflow/dags/main.py
[2026-05-14T12:32:50.825+0000] {processor.py:840} INFO - DAG(s) 'produce_json' retrieved from /opt/airflow/dags/main.py
[2026-05-14T12:32:50.869+0000] {logging_mixin.py:188} INFO - [2026-05-14T12:32:50.868+0000] {dag.py:3096} INFO - Sync 1 DAGs
[2026-05-14T12:32:50.937+0000] {logging_mixin.py:188} INFO - [2026-05-14T12:32:50.937+0000] {dag.py:3954} INFO - Setting next_dagrun for produce_json to 2026-05-13 13:00:00+00:00, run_after=2026-05-14 13:00:00+00:00
[2026-05-14T12:32:51.008+0000] {processor.py:183} INFO - Processing /opt/airflow/dags/main.py took 0.507 seconds
[2026-05-14T12:33:21.429+0000] {processor.py:161} INFO - Started process (PID=978) to work on /opt/airflow/dags/main.py
[2026-05-14T12:33:21.431+0000] {processor.py:830} INFO - Processing file /opt/airflow/dags/main.py for tasks to queue
[2026-05-14T12:33:21.436+0000] {logging_mixin.py:188} INFO - [2026-05-14T12:33:21.435+0000] {dagbag.py:545} INFO - Filling up the DagBag from /opt/airflow/dags/main.py
[2026-05-14T12:33:21.562+0000] {processor.py:840} INFO - DAG(s) 'produce_json' retrieved from /opt/airflow/dags/main.py
[2026-05-14T12:33:21.610+0000] {logging_mixin.py:188} INFO - [2026-05-14T12:33:21.610+0000] {dag.py:3096} INFO - Sync 1 DAGs
[2026-05-14T12:33:21.665+0000] {logging_mixin.py:188} INFO - [2026-05-14T12:33:21.664+0000] {dag.py:3954} INFO - Setting next_dagrun for produce_json to 2026-05-13 13:00:00+00:00, run_after=2026-05-14 13:00:00+00:00
[2026-05-14T12:33:21.707+0000] {processor.py:183} INFO - Processing /opt/airflow/dags/main.py took 0.291 seconds
[2026-05-14T12:33:48.036+0000] {processor.py:161} INFO - Started process (PID=985) to work on /opt/airflow/dags/main.py
[2026-05-14T12:33:48.038+0000] {processor.py:830} INFO - Processing file /opt/airflow/dags/main.py for tasks to queue
[2026-05-14T12:33:48.042+0000] {logging_mixin.py:188} INFO - [2026-05-14T12:33:48.042+0000] {dagbag.py:545} INFO - Filling up the DagBag from /opt/airflow/dags/main.py
[2026-05-14T12:33:48.162+0000] {processor.py:840} INFO - DAG(s) 'produce_json' retrieved from /opt/airflow/dags/main.py
[2026-05-14T12:33:48.204+0000] {logging_mixin.py:188} INFO - [2026-05-14T12:33:48.203+0000] {dag.py:3096} INFO - Sync 1 DAGs
[2026-05-14T12:33:48.261+0000] {logging_mixin.py:188} INFO - [2026-05-14T12:33:48.261+0000] {dag.py:3954} INFO - Setting next_dagrun for produce_json to 2026-05-13 13:00:00+00:00, run_after=2026-05-14 13:00:00+00:00
[2026-05-14T12:33:48.313+0000] {processor.py:183} INFO - Processing /opt/airflow/dags/main.py took 0.289 seconds
[2026-05-14T12:34:18.684+0000] {processor.py:161} INFO - Started process (PID=992) to work on /opt/airflow/dags/main.py
[2026-05-14T12:34:18.688+0000] {processor.py:830} INFO - Processing file /opt/airflow/dags/main.py for tasks to queue
[2026-05-14T12:34:18.692+0000] {logging_mixin.py:188} INFO - [2026-05-14T12:34:18.691+0000] {dagbag.py:545} INFO - Filling up the DagBag from /opt/airflow/dags/main.py
[2026-05-14T12:34:18.809+0000] {processor.py:840} INFO - DAG(s) 'produce_json' retrieved from /opt/airflow/dags/main.py
[2026-05-14T12:34:18.857+0000] {logging_mixin.py:188} INFO - [2026-05-14T12:34:18.857+0000] {dag.py:3096} INFO - Sync 1 DAGs
[2026-05-14T12:34:18.907+0000] {logging_mixin.py:188} INFO - [2026-05-14T12:34:18.907+0000] {dag.py:3954} INFO - Setting next_dagrun for produce_json to 2026-05-13 13:00:00+00:00, run_after=2026-05-14 13:00:00+00:00
[2026-05-14T12:34:18.956+0000] {processor.py:183} INFO - Processing /opt/airflow/dags/main.py took 0.286 seconds
[2026-05-14T12:34:49.301+0000] {processor.py:161} INFO - Started process (PID=998) to work on /opt/airflow/dags/main.py
[2026-05-14T12:34:49.305+0000] {processor.py:830} INFO - Processing file /opt/airflow/dags/main.py for tasks to queue
[2026-05-14T12:34:49.311+0000] {logging_mixin.py:188} INFO - [2026-05-14T12:34:49.310+0000] {dagbag.py:545} INFO - Filling up the DagBag from /opt/airflow/dags/main.py
[2026-05-14T12:34:49.466+0000] {processor.py:840} INFO - DAG(s) 'produce_json' retrieved from /opt/airflow/dags/main.py
[2026-05-14T12:34:49.530+0000] {logging_mixin.py:188} INFO - [2026-05-14T12:34:49.530+0000] {dag.py:3096} INFO - Sync 1 DAGs
[2026-05-14T12:34:49.628+0000] {logging_mixin.py:188} INFO - [2026-05-14T12:34:49.628+0000] {dag.py:3954} INFO - Setting next_dagrun for produce_json to 2026-05-13 13:00:00+00:00, run_after=2026-05-14 13:00:00+00:00
[2026-05-14T12:34:49.699+0000] {processor.py:183} INFO - Processing /opt/airflow/dags/main.py took 0.414 seconds
[2026-05-14T12:35:20.107+0000] {processor.py:161} INFO - Started process (PID=1005) to work on /opt/airflow/dags/main.py
[2026-05-14T12:35:20.110+0000] {processor.py:830} INFO - Processing file /opt/airflow/dags/main.py for tasks to queue
[2026-05-14T12:35:20.116+0000] {logging_mixin.py:188} INFO - [2026-05-14T12:35:20.115+0000] {dagbag.py:545} INFO - Filling up the DagBag from /opt/airflow/dags/main.py
[2026-05-14T12:35:20.222+0000] {processor.py:840} INFO - DAG(s) 'produce_json' retrieved from /opt/airflow/dags/main.py
[2026-05-14T12:35:20.268+0000] {logging_mixin.py:188} INFO - [2026-05-14T12:35:20.267+0000] {dag.py:3096} INFO - Sync 1 DAGs
[2026-05-14T12:35:20.313+0000] {logging_mixin.py:188} INFO - [2026-05-14T12:35:20.313+0000] {dag.py:3954} INFO - Setting next_dagrun for produce_json to 2026-05-13 13:00:00+00:00, run_after=2026-05-14 13:00:00+00:00
[2026-05-14T12:35:20.352+0000] {processor.py:183} INFO - Processing /opt/airflow/dags/main.py took 0.259 seconds
[2026-05-14T12:35:50.474+0000] {processor.py:161} INFO - Started process (PID=1012) to work on /opt/airflow/dags/main.py
[2026-05-14T12:35:50.476+0000] {processor.py:830} INFO - Processing file /opt/airflow/dags/main.py for tasks to queue
[2026-05-14T12:35:50.483+0000] {logging_mixin.py:188} INFO - [2026-05-14T12:35:50.482+0000] {dagbag.py:545} INFO - Filling up the DagBag from /opt/airflow/dags/main.py
[2026-05-14T12:35:50.622+0000] {processor.py:840} INFO - DAG(s) 'produce_json' retrieved from /opt/airflow/dags/main.py
[2026-05-14T12:35:50.702+0000] {logging_mixin.py:188} INFO - [2026-05-14T12:35:50.702+0000] {dag.py:3096} INFO - Sync 1 DAGs
[2026-05-14T12:35:50.748+0000] {logging_mixin.py:188} INFO - [2026-05-14T12:35:50.748+0000] {dag.py:3954} INFO - Setting next_dagrun for produce_json to 2026-05-13 13:00:00+00:00, run_after=2026-05-14 13:00:00+00:00
[2026-05-14T12:35:50.805+0000] {processor.py:183} INFO - Processing /opt/airflow/dags/main.py took 0.346 seconds
[2026-05-14T12:36:21.127+0000] {processor.py:161} INFO - Started process (PID=1019) to work on /opt/airflow/dags/main.py
[2026-05-14T12:36:21.130+0000] {processor.py:830} INFO - Processing file /opt/airflow/dags/main.py for tasks to queue
[2026-05-14T12:36:21.136+0000] {logging_mixin.py:188} INFO - [2026-05-14T12:36:21.135+0000] {dagbag.py:545} INFO - Filling up the DagBag from /opt/airflow/dags/main.py
[2026-05-14T12:36:21.270+0000] {processor.py:840} INFO - DAG(s) 'produce_json' retrieved from /opt/airflow/dags/main.py
[2026-05-14T12:36:21.323+0000] {logging_mixin.py:188} INFO - [2026-05-14T12:36:21.322+0000] {dag.py:3096} INFO - Sync 1 DAGs
[2026-05-14T12:36:21.494+0000] {logging_mixin.py:188} INFO - [2026-05-14T12:36:21.494+0000] {dag.py:3954} INFO - Setting next_dagrun for produce_json to 2026-05-13 13:00:00+00:00, run_after=2026-05-14 13:00:00+00:00
[2026-05-14T12:36:21.664+0000] {processor.py:183} INFO - Processing /opt/airflow/dags/main.py took 0.561 seconds
[2026-05-14T12:36:52.335+0000] {processor.py:161} INFO - Started process (PID=1027) to work on /opt/airflow/dags/main.py
[2026-05-14T12:36:52.344+0000] {processor.py:830} INFO - Processing file /opt/airflow/dags/main.py for tasks to queue
[2026-05-14T12:36:52.351+0000] {logging_mixin.py:188} INFO - [2026-05-14T12:36:52.350+0000] {dagbag.py:545} INFO - Filling up the DagBag from /opt/airflow/dags/main.py
[2026-05-14T12:36:52.574+0000] {processor.py:840} INFO - DAG(s) 'produce_json' retrieved from /opt/airflow/dags/main.py
[2026-05-14T12:36:52.703+0000] {logging_mixin.py:188} INFO - [2026-05-14T12:36:52.703+0000] {dag.py:3096} INFO - Sync 1 DAGs
[2026-05-14T12:36:52.799+0000] {logging_mixin.py:188} INFO - [2026-05-14T12:36:52.799+0000] {dag.py:3954} INFO - Setting next_dagrun for produce_json to 2026-05-13 13:00:00+00:00, run_after=2026-05-14 13:00:00+00:00
[2026-05-14T12:36:52.920+0000] {processor.py:183} INFO - Processing /opt/airflow/dags/main.py took 0.607 seconds
[2026-05-14T12:37:23.390+0000] {processor.py:161} INFO - Started process (PID=1034) to work on /opt/airflow/dags/main.py
[2026-05-14T12:37:23.393+0000] {processor.py:830} INFO - Processing file /opt/airflow/dags/main.py for tasks to queue
[2026-05-14T12:37:23.397+0000] {logging_mixin.py:188} INFO - [2026-05-14T12:37:23.396+0000] {dagbag.py:545} INFO - Filling up the DagBag from /opt/airflow/dags/main.py
[2026-05-14T12:37:23.501+0000] {processor.py:840} INFO - DAG(s) 'produce_json' retrieved from /opt/airflow/dags/main.py
[2026-05-14T12:37:23.554+0000] {logging_mixin.py:188} INFO - [2026-05-14T12:37:23.553+0000] {dag.py:3096} INFO - Sync 1 DAGs
[2026-05-14T12:37:23.621+0000] {logging_mixin.py:188} INFO - [2026-05-14T12:37:23.620+0000] {dag.py:3954} INFO - Setting next_dagrun for produce_json to 2026-05-13 13:00:00+00:00, run_after=2026-05-14 13:00:00+00:00
[2026-05-14T12:37:23.679+0000] {processor.py:183} INFO - Processing /opt/airflow/dags/main.py took 0.307 seconds
[2026-05-14T12:37:54.035+0000] {processor.py:161} INFO - Started process (PID=1041) to work on /opt/airflow/dags/main.py
[2026-05-14T12:37:54.038+0000] {processor.py:830} INFO - Processing file /opt/airflow/dags/main.py for tasks to queue
[2026-05-14T12:37:54.042+0000] {logging_mixin.py:188} INFO - [2026-05-14T12:37:54.041+0000] {dagbag.py:545} INFO - Filling up the DagBag from /opt/airflow/dags/main.py
[2026-05-14T12:37:54.164+0000] {processor.py:840} INFO - DAG(s) 'produce_json' retrieved from /opt/airflow/dags/main.py
[2026-05-14T12:37:54.211+0000] {logging_mixin.py:188} INFO - [2026-05-14T12:37:54.210+0000] {dag.py:3096} INFO - Sync 1 DAGs
[2026-05-14T12:37:54.263+0000] {logging_mixin.py:188} INFO - [2026-05-14T12:37:54.262+0000] {dag.py:3954} INFO - Setting next_dagrun for produce_json to 2026-05-13 13:00:00+00:00, run_after=2026-05-14 13:00:00+00:00
[2026-05-14T12:37:54.302+0000] {processor.py:183} INFO - Processing /opt/airflow/dags/main.py took 0.282 seconds
[2026-05-14T12:38:24.697+0000] {processor.py:161} INFO - Started process (PID=1048) to work on /opt/airflow/dags/main.py
[2026-05-14T12:38:24.699+0000] {processor.py:830} INFO - Processing file /opt/airflow/dags/main.py for tasks to queue
[2026-05-14T12:38:24.704+0000] {logging_mixin.py:188} INFO - [2026-05-14T12:38:24.703+0000] {dagbag.py:545} INFO - Filling up the DagBag from /opt/airflow/dags/main.py
[2026-05-14T12:38:24.964+0000] {processor.py:840} INFO - DAG(s) 'produce_json' retrieved from /opt/airflow/dags/main.py
[2026-05-14T12:38:25.020+0000] {logging_mixin.py:188} INFO - [2026-05-14T12:38:25.020+0000] {dag.py:3096} INFO - Sync 1 DAGs
[2026-05-14T12:38:25.085+0000] {logging_mixin.py:188} INFO - [2026-05-14T12:38:25.084+0000] {dag.py:3954} INFO - Setting next_dagrun for produce_json to 2026-05-13 13:00:00+00:00, run_after=2026-05-14 13:00:00+00:00
[2026-05-14T12:38:25.156+0000] {processor.py:183} INFO - Processing /opt/airflow/dags/main.py took 0.474 seconds
[2026-05-14T12:38:55.685+0000] {processor.py:161} INFO - Started process (PID=1055) to work on /opt/airflow/dags/main.py
[2026-05-14T12:38:55.688+0000] {processor.py:830} INFO - Processing file /opt/airflow/dags/main.py for tasks to queue
[2026-05-14T12:38:55.695+0000] {logging_mixin.py:188} INFO - [2026-05-14T12:38:55.694+0000] {dagbag.py:545} INFO - Filling up the DagBag from /opt/airflow/dags/main.py
[2026-05-14T12:38:55.809+0000] {processor.py:840} INFO - DAG(s) 'produce_json' retrieved from /opt/airflow/dags/main.py
[2026-05-14T12:38:55.871+0000] {logging_mixin.py:188} INFO - [2026-05-14T12:38:55.871+0000] {dag.py:3096} INFO - Sync 1 DAGs
[2026-05-14T12:38:55.933+0000] {logging_mixin.py:188} INFO - [2026-05-14T12:38:55.933+0000] {dag.py:3954} INFO - Setting next_dagrun for produce_json to 2026-05-13 13:00:00+00:00, run_after=2026-05-14 13:00:00+00:00
[2026-05-14T12:38:55.976+0000] {processor.py:183} INFO - Processing /opt/airflow/dags/main.py took 0.309 seconds
[2026-05-14T12:39:26.152+0000] {processor.py:161} INFO - Started process (PID=1062) to work on /opt/airflow/dags/main.py
[2026-05-14T12:39:26.154+0000] {processor.py:830} INFO - Processing file /opt/airflow/dags/main.py for tasks to queue
[2026-05-14T12:39:26.161+0000] {logging_mixin.py:188} INFO - [2026-05-14T12:39:26.160+0000] {dagbag.py:545} INFO - Filling up the DagBag from /opt/airflow/dags/main.py
[2026-05-14T12:39:26.286+0000] {processor.py:840} INFO - DAG(s) 'produce_json' retrieved from /opt/airflow/dags/main.py
[2026-05-14T12:39:26.353+0000] {logging_mixin.py:188} INFO - [2026-05-14T12:39:26.352+0000] {dag.py:3096} INFO - Sync 1 DAGs
[2026-05-14T12:39:26.399+0000] {logging_mixin.py:188} INFO - [2026-05-14T12:39:26.398+0000] {dag.py:3954} INFO - Setting next_dagrun for produce_json to 2026-05-13 13:00:00+00:00, run_after=2026-05-14 13:00:00+00:00
[2026-05-14T12:39:26.444+0000] {processor.py:183} INFO - Processing /opt/airflow/dags/main.py took 0.307 seconds
[2026-05-14T12:39:56.680+0000] {processor.py:161} INFO - Started process (PID=1069) to work on /opt/airflow/dags/main.py
[2026-05-14T12:39:56.683+0000] {processor.py:830} INFO - Processing file /opt/airflow/dags/main.py for tasks to queue
[2026-05-14T12:39:56.687+0000] {logging_mixin.py:188} INFO - [2026-05-14T12:39:56.687+0000] {dagbag.py:545} INFO - Filling up the DagBag from /opt/airflow/dags/main.py
[2026-05-14T12:39:56.799+0000] {processor.py:840} INFO - DAG(s) 'produce_json' retrieved from /opt/airflow/dags/main.py
[2026-05-14T12:39:56.849+0000] {logging_mixin.py:188} INFO - [2026-05-14T12:39:56.849+0000] {dag.py:3096} INFO - Sync 1 DAGs
[2026-05-14T12:39:56.921+0000] {logging_mixin.py:188} INFO - [2026-05-14T12:39:56.920+0000] {dag.py:3954} INFO - Setting next_dagrun for produce_json to 2026-05-13 13:00:00+00:00, run_after=2026-05-14 13:00:00+00:00
[2026-05-14T12:39:56.970+0000] {processor.py:183} INFO - Processing /opt/airflow/dags/main.py took 0.304 seconds
[2026-05-14T12:40:27.295+0000] {processor.py:161} INFO - Started process (PID=1076) to work on /opt/airflow/dags/main.py
[2026-05-14T12:40:27.298+0000] {processor.py:830} INFO - Processing file /opt/airflow/dags/main.py for tasks to queue
[2026-05-14T12:40:27.303+0000] {logging_mixin.py:188} INFO - [2026-05-14T12:40:27.302+0000] {dagbag.py:545} INFO - Filling up the DagBag from /opt/airflow/dags/main.py
[2026-05-14T12:40:27.444+0000] {processor.py:840} INFO - DAG(s) 'produce_json' retrieved from /opt/airflow/dags/main.py
[2026-05-14T12:40:27.515+0000] {logging_mixin.py:188} INFO - [2026-05-14T12:40:27.514+0000] {dag.py:3096} INFO - Sync 1 DAGs
[2026-05-14T12:40:27.583+0000] {logging_mixin.py:188} INFO - [2026-05-14T12:40:27.582+0000] {dag.py:3954} INFO - Setting next_dagrun for produce_json to 2026-05-13 13:00:00+00:00, run_after=2026-05-14 13:00:00+00:00
[2026-05-14T12:40:27.686+0000] {processor.py:183} INFO - Processing /opt/airflow/dags/main.py took 0.407 seconds
[2026-05-14T12:40:58.233+0000] {processor.py:161} INFO - Started process (PID=1082) to work on /opt/airflow/dags/main.py
[2026-05-14T12:40:58.242+0000] {processor.py:830} INFO - Processing file /opt/airflow/dags/main.py for tasks to queue
[2026-05-14T12:40:58.249+0000] {logging_mixin.py:188} INFO - [2026-05-14T12:40:58.247+0000] {dagbag.py:545} INFO - Filling up the DagBag from /opt/airflow/dags/main.py
[2026-05-14T12:40:58.396+0000] {processor.py:840} INFO - DAG(s) 'produce_json' retrieved from /opt/airflow/dags/main.py
[2026-05-14T12:40:58.442+0000] {logging_mixin.py:188} INFO - [2026-05-14T12:40:58.442+0000] {dag.py:3096} INFO - Sync 1 DAGs
[2026-05-14T12:40:58.494+0000] {logging_mixin.py:188} INFO - [2026-05-14T12:40:58.493+0000] {dag.py:3954} INFO - Setting next_dagrun for produce_json to 2026-05-13 13:00:00+00:00, run_after=2026-05-14 13:00:00+00:00
[2026-05-14T12:40:58.552+0000] {processor.py:183} INFO - Processing /opt/airflow/dags/main.py took 0.348 seconds
[2026-05-14T12:41:28.920+0000] {processor.py:161} INFO - Started process (PID=1094) to work on /opt/airflow/dags/main.py
[2026-05-14T12:41:28.923+0000] {processor.py:830} INFO - Processing file /opt/airflow/dags/main.py for tasks to queue
[2026-05-14T12:41:28.928+0000] {logging_mixin.py:188} INFO - [2026-05-14T12:41:28.927+0000] {dagbag.py:545} INFO - Filling up the DagBag from /opt/airflow/dags/main.py
[2026-05-14T12:41:29.054+0000] {processor.py:840} INFO - DAG(s) 'produce_json' retrieved from /opt/airflow/dags/main.py
[2026-05-14T12:41:29.116+0000] {logging_mixin.py:188} INFO - [2026-05-14T12:41:29.115+0000] {dag.py:3096} INFO - Sync 1 DAGs
[2026-05-14T12:41:29.176+0000] {logging_mixin.py:188} INFO - [2026-05-14T12:41:29.176+0000] {dag.py:3954} INFO - Setting next_dagrun for produce_json to 2026-05-13 13:00:00+00:00, run_after=2026-05-14 13:00:00+00:00
[2026-05-14T12:41:29.243+0000] {processor.py:183} INFO - Processing /opt/airflow/dags/main.py took 0.343 seconds
[2026-05-14T12:41:59.766+0000] {processor.py:161} INFO - Started process (PID=1101) to work on /opt/airflow/dags/main.py
[2026-05-14T12:41:59.769+0000] {processor.py:830} INFO - Processing file /opt/airflow/dags/main.py for tasks to queue
[2026-05-14T12:41:59.773+0000] {logging_mixin.py:188} INFO - [2026-05-14T12:41:59.773+0000] {dagbag.py:545} INFO - Filling up the DagBag from /opt/airflow/dags/main.py
[2026-05-14T12:41:59.892+0000] {processor.py:840} INFO - DAG(s) 'produce_json' retrieved from /opt/airflow/dags/main.py
[2026-05-14T12:41:59.960+0000] {logging_mixin.py:188} INFO - [2026-05-14T12:41:59.960+0000] {dag.py:3096} INFO - Sync 1 DAGs
[2026-05-14T12:42:00.038+0000] {logging_mixin.py:188} INFO - [2026-05-14T12:42:00.037+0000] {dag.py:3954} INFO - Setting next_dagrun for produce_json to 2026-05-13 13:00:00+00:00, run_after=2026-05-14 13:00:00+00:00
[2026-05-14T12:42:00.083+0000] {processor.py:183} INFO - Processing /opt/airflow/dags/main.py took 0.337 seconds
[2026-05-14T12:42:30.584+0000] {processor.py:161} INFO - Started process (PID=1109) to work on /opt/airflow/dags/main.py
[2026-05-14T12:42:30.587+0000] {processor.py:830} INFO - Processing file /opt/airflow/dags/main.py for tasks to queue
[2026-05-14T12:42:30.591+0000] {logging_mixin.py:188} INFO - [2026-05-14T12:42:30.591+0000] {dagbag.py:545} INFO - Filling up the DagBag from /opt/airflow/dags/main.py
[2026-05-14T12:42:30.721+0000] {processor.py:840} INFO - DAG(s) 'produce_json' retrieved from /opt/airflow/dags/main.py
[2026-05-14T12:42:30.772+0000] {logging_mixin.py:188} INFO - [2026-05-14T12:42:30.771+0000] {dag.py:3096} INFO - Sync 1 DAGs
[2026-05-14T12:42:30.816+0000] {logging_mixin.py:188} INFO - [2026-05-14T12:42:30.816+0000] {dag.py:3954} INFO - Setting next_dagrun for produce_json to 2026-05-13 13:00:00+00:00, run_after=2026-05-14 13:00:00+00:00
[2026-05-14T12:42:30.858+0000] {processor.py:183} INFO - Processing /opt/airflow/dags/main.py took 0.293 seconds
[2026-05-14T12:43:01.417+0000] {processor.py:161} INFO - Started process (PID=1116) to work on /opt/airflow/dags/main.py
[2026-05-14T12:43:01.419+0000] {processor.py:830} INFO - Processing file /opt/airflow/dags/main.py for tasks to queue
[2026-05-14T12:43:01.424+0000] {logging_mixin.py:188} INFO - [2026-05-14T12:43:01.422+0000] {dagbag.py:545} INFO - Filling up the DagBag from /opt/airflow/dags/main.py
[2026-05-14T12:43:01.541+0000] {processor.py:840} INFO - DAG(s) 'produce_json' retrieved from /opt/airflow/dags/main.py
[2026-05-14T12:43:01.584+0000] {logging_mixin.py:188} INFO - [2026-05-14T12:43:01.583+0000] {dag.py:3096} INFO - Sync 1 DAGs
[2026-05-14T12:43:01.627+0000] {logging_mixin.py:188} INFO - [2026-05-14T12:43:01.627+0000] {dag.py:3954} INFO - Setting next_dagrun for produce_json to 2026-05-13 13:00:00+00:00, run_after=2026-05-14 13:00:00+00:00
[2026-05-14T12:43:01.672+0000] {processor.py:183} INFO - Processing /opt/airflow/dags/main.py took 0.268 seconds
[2026-05-14T12:43:31.929+0000] {processor.py:161} INFO - Started process (PID=1123) to work on /opt/airflow/dags/main.py
[2026-05-14T12:43:31.932+0000] {processor.py:830} INFO - Processing file /opt/airflow/dags/main.py for tasks to queue
[2026-05-14T12:43:31.941+0000] {logging_mixin.py:188} INFO - [2026-05-14T12:43:31.940+0000] {dagbag.py:545} INFO - Filling up the DagBag from /opt/airflow/dags/main.py
[2026-05-14T12:43:32.118+0000] {processor.py:840} INFO - DAG(s) 'produce_json' retrieved from /opt/airflow/dags/main.py
[2026-05-14T12:43:32.189+0000] {logging_mixin.py:188} INFO - [2026-05-14T12:43:32.188+0000] {dag.py:3096} INFO - Sync 1 DAGs
[2026-05-14T12:43:32.260+0000] {logging_mixin.py:188} INFO - [2026-05-14T12:43:32.260+0000] {dag.py:3954} INFO - Setting next_dagrun for produce_json to 2026-05-13 13:00:00+00:00, run_after=2026-05-14 13:00:00+00:00
[2026-05-14T12:43:32.317+0000] {processor.py:183} INFO - Processing /opt/airflow/dags/main.py took 0.418 seconds
[2026-05-14T12:44:03.564+0000] {processor.py:161} INFO - Started process (PID=1130) to work on /opt/airflow/dags/main.py
[2026-05-14T12:44:03.577+0000] {processor.py:830} INFO - Processing file /opt/airflow/dags/main.py for tasks to queue
[2026-05-14T12:44:03.584+0000] {logging_mixin.py:188} INFO - [2026-05-14T12:44:03.583+0000] {dagbag.py:545} INFO - Filling up the DagBag from /opt/airflow/dags/main.py
[2026-05-14T12:44:03.884+0000] {processor.py:840} INFO - DAG(s) 'produce_json' retrieved from /opt/airflow/dags/main.py
[2026-05-14T12:44:03.994+0000] {logging_mixin.py:188} INFO - [2026-05-14T12:44:03.989+0000] {dag.py:3096} INFO - Sync 1 DAGs
[2026-05-14T12:44:04.183+0000] {logging_mixin.py:188} INFO - [2026-05-14T12:44:04.182+0000] {dag.py:3954} INFO - Setting next_dagrun for produce_json to 2026-05-13 13:00:00+00:00, run_after=2026-05-14 13:00:00+00:00
[2026-05-14T12:44:04.268+0000] {processor.py:183} INFO - Processing /opt/airflow/dags/main.py took 0.763 seconds
[2026-05-14T12:44:34.775+0000] {processor.py:161} INFO - Started process (PID=1137) to work on /opt/airflow/dags/main.py
[2026-05-14T12:44:34.779+0000] {processor.py:830} INFO - Processing file /opt/airflow/dags/main.py for tasks to queue
[2026-05-14T12:44:34.783+0000] {logging_mixin.py:188} INFO - [2026-05-14T12:44:34.783+0000] {dagbag.py:545} INFO - Filling up the DagBag from /opt/airflow/dags/main.py
[2026-05-14T12:44:34.917+0000] {processor.py:840} INFO - DAG(s) 'produce_json' retrieved from /opt/airflow/dags/main.py
[2026-05-14T12:44:34.978+0000] {logging_mixin.py:188} INFO - [2026-05-14T12:44:34.977+0000] {dag.py:3096} INFO - Sync 1 DAGs
[2026-05-14T12:44:35.028+0000] {logging_mixin.py:188} INFO - [2026-05-14T12:44:35.027+0000] {dag.py:3954} INFO - Setting next_dagrun for produce_json to 2026-05-13 13:00:00+00:00, run_after=2026-05-14 13:00:00+00:00
[2026-05-14T12:44:35.085+0000] {processor.py:183} INFO - Processing /opt/airflow/dags/main.py took 0.326 seconds
[2026-05-14T12:45:05.695+0000] {processor.py:161} INFO - Started process (PID=1144) to work on /opt/airflow/dags/main.py
[2026-05-14T12:45:05.700+0000] {processor.py:830} INFO - Processing file /opt/airflow/dags/main.py for tasks to queue
[2026-05-14T12:45:05.718+0000] {logging_mixin.py:188} INFO - [2026-05-14T12:45:05.717+0000] {dagbag.py:545} INFO - Filling up the DagBag from /opt/airflow/dags/main.py
[2026-05-14T12:45:05.984+0000] {processor.py:840} INFO - DAG(s) 'produce_json' retrieved from /opt/airflow/dags/main.py
[2026-05-14T12:45:06.128+0000] {logging_mixin.py:188} INFO - [2026-05-14T12:45:06.116+0000] {dag.py:3096} INFO - Sync 1 DAGs
[2026-05-14T12:45:06.368+0000] {logging_mixin.py:188} INFO - [2026-05-14T12:45:06.367+0000] {dag.py:3954} INFO - Setting next_dagrun for produce_json to 2026-05-13 13:00:00+00:00, run_after=2026-05-14 13:00:00+00:00
[2026-05-14T12:45:06.492+0000] {processor.py:183} INFO - Processing /opt/airflow/dags/main.py took 0.877 seconds
[2026-05-14T12:45:37.075+0000] {processor.py:161} INFO - Started process (PID=1151) to work on /opt/airflow/dags/main.py
[2026-05-14T12:45:37.078+0000] {processor.py:830} INFO - Processing file /opt/airflow/dags/main.py for tasks to queue
[2026-05-14T12:45:37.083+0000] {logging_mixin.py:188} INFO - [2026-05-14T12:45:37.082+0000] {dagbag.py:545} INFO - Filling up the DagBag from /opt/airflow/dags/main.py
[2026-05-14T12:45:37.209+0000] {processor.py:840} INFO - DAG(s) 'produce_json' retrieved from /opt/airflow/dags/main.py
[2026-05-14T12:45:37.258+0000] {logging_mixin.py:188} INFO - [2026-05-14T12:45:37.258+0000] {dag.py:3096} INFO - Sync 1 DAGs
[2026-05-14T12:45:37.317+0000] {logging_mixin.py:188} INFO - [2026-05-14T12:45:37.316+0000] {dag.py:3954} INFO - Setting next_dagrun for produce_json to 2026-05-13 13:00:00+00:00, run_after=2026-05-14 13:00:00+00:00
[2026-05-14T12:45:37.362+0000] {processor.py:183} INFO - Processing /opt/airflow/dags/main.py took 0.301 seconds
[2026-05-14T12:46:07.515+0000] {processor.py:161} INFO - Started process (PID=1158) to work on /opt/airflow/dags/main.py
[2026-05-14T12:46:07.518+0000] {processor.py:830} INFO - Processing file /opt/airflow/dags/main.py for tasks to queue
[2026-05-14T12:46:07.522+0000] {logging_mixin.py:188} INFO - [2026-05-14T12:46:07.522+0000] {dagbag.py:545} INFO - Filling up the DagBag from /opt/airflow/dags/main.py
[2026-05-14T12:46:07.683+0000] {processor.py:840} INFO - DAG(s) 'produce_json' retrieved from /opt/airflow/dags/main.py
[2026-05-14T12:46:07.738+0000] {logging_mixin.py:188} INFO - [2026-05-14T12:46:07.737+0000] {dag.py:3096} INFO - Sync 1 DAGs
[2026-05-14T12:46:07.797+0000] {logging_mixin.py:188} INFO - [2026-05-14T12:46:07.796+0000] {dag.py:3954} INFO - Setting next_dagrun for produce_json to 2026-05-13 13:00:00+00:00, run_after=2026-05-14 13:00:00+00:00
[2026-05-14T12:46:07.850+0000] {processor.py:183} INFO - Processing /opt/airflow/dags/main.py took 0.349 seconds
[2026-05-14T12:46:38.389+0000] {processor.py:161} INFO - Started process (PID=1165) to work on /opt/airflow/dags/main.py
[2026-05-14T12:46:38.392+0000] {processor.py:830} INFO - Processing file /opt/airflow/dags/main.py for tasks to queue
[2026-05-14T12:46:38.396+0000] {logging_mixin.py:188} INFO - [2026-05-14T12:46:38.395+0000] {dagbag.py:545} INFO - Filling up the DagBag from /opt/airflow/dags/main.py
[2026-05-14T12:46:38.566+0000] {processor.py:840} INFO - DAG(s) 'produce_json' retrieved from /opt/airflow/dags/main.py
[2026-05-14T12:46:38.620+0000] {logging_mixin.py:188} INFO - [2026-05-14T12:46:38.619+0000] {dag.py:3096} INFO - Sync 1 DAGs
[2026-05-14T12:46:38.665+0000] {logging_mixin.py:188} INFO - [2026-05-14T12:46:38.664+0000] {dag.py:3954} INFO - Setting next_dagrun for produce_json to 2026-05-13 13:00:00+00:00, run_after=2026-05-14 13:00:00+00:00
[2026-05-14T12:46:38.707+0000] {processor.py:183} INFO - Processing /opt/airflow/dags/main.py took 0.331 seconds
[2026-05-14T12:47:09.086+0000] {processor.py:161} INFO - Started process (PID=1172) to work on /opt/airflow/dags/main.py
[2026-05-14T12:47:09.088+0000] {processor.py:830} INFO - Processing file /opt/airflow/dags/main.py for tasks to queue
[2026-05-14T12:47:09.093+0000] {logging_mixin.py:188} INFO - [2026-05-14T12:47:09.092+0000] {dagbag.py:545} INFO - Filling up the DagBag from /opt/airflow/dags/main.py
[2026-05-14T12:47:09.221+0000] {processor.py:840} INFO - DAG(s) 'produce_json' retrieved from /opt/airflow/dags/main.py
[2026-05-14T12:47:09.274+0000] {logging_mixin.py:188} INFO - [2026-05-14T12:47:09.273+0000] {dag.py:3096} INFO - Sync 1 DAGs
[2026-05-14T12:47:09.327+0000] {logging_mixin.py:188} INFO - [2026-05-14T12:47:09.327+0000] {dag.py:3954} INFO - Setting next_dagrun for produce_json to 2026-05-13 13:00:00+00:00, run_after=2026-05-14 13:00:00+00:00
[2026-05-14T12:47:09.381+0000] {processor.py:183} INFO - Processing /opt/airflow/dags/main.py took 0.314 seconds
[2026-05-14T12:47:39.732+0000] {processor.py:161} INFO - Started process (PID=1179) to work on /opt/airflow/dags/main.py
[2026-05-14T12:47:39.734+0000] {processor.py:830} INFO - Processing file /opt/airflow/dags/main.py for tasks to queue
[2026-05-14T12:47:39.740+0000] {logging_mixin.py:188} INFO - [2026-05-14T12:47:39.739+0000] {dagbag.py:545} INFO - Filling up the DagBag from /opt/airflow/dags/main.py
[2026-05-14T12:47:39.862+0000] {processor.py:840} INFO - DAG(s) 'produce_json' retrieved from /opt/airflow/dags/main.py
[2026-05-14T12:47:39.910+0000] {logging_mixin.py:188} INFO - [2026-05-14T12:47:39.909+0000] {dag.py:3096} INFO - Sync 1 DAGs
[2026-05-14T12:47:39.952+0000] {logging_mixin.py:188} INFO - [2026-05-14T12:47:39.952+0000] {dag.py:3954} INFO - Setting next_dagrun for produce_json to 2026-05-13 13:00:00+00:00, run_after=2026-05-14 13:00:00+00:00
[2026-05-14T12:47:39.994+0000] {processor.py:183} INFO - Processing /opt/airflow/dags/main.py took 0.275 seconds
[2026-05-14T12:48:10.159+0000] {processor.py:161} INFO - Started process (PID=1186) to work on /opt/airflow/dags/main.py
[2026-05-14T12:48:10.162+0000] {processor.py:830} INFO - Processing file /opt/airflow/dags/main.py for tasks to queue
[2026-05-14T12:48:10.169+0000] {logging_mixin.py:188} INFO - [2026-05-14T12:48:10.168+0000] {dagbag.py:545} INFO - Filling up the DagBag from /opt/airflow/dags/main.py
[2026-05-14T12:48:10.340+0000] {processor.py:840} INFO - DAG(s) 'produce_json' retrieved from /opt/airflow/dags/main.py
[2026-05-14T12:48:10.408+0000] {logging_mixin.py:188} INFO - [2026-05-14T12:48:10.407+0000] {dag.py:3096} INFO - Sync 1 DAGs
[2026-05-14T12:48:10.470+0000] {logging_mixin.py:188} INFO - [2026-05-14T12:48:10.469+0000] {dag.py:3954} INFO - Setting next_dagrun for produce_json to 2026-05-13 13:00:00+00:00, run_after=2026-05-14 13:00:00+00:00
[2026-05-14T12:48:10.532+0000] {processor.py:183} INFO - Processing /opt/airflow/dags/main.py took 0.395 seconds
[2026-05-14T12:48:41.081+0000] {processor.py:161} INFO - Started process (PID=1193) to work on /opt/airflow/dags/main.py
[2026-05-14T12:48:41.083+0000] {processor.py:830} INFO - Processing file /opt/airflow/dags/main.py for tasks to queue
[2026-05-14T12:48:41.088+0000] {logging_mixin.py:188} INFO - [2026-05-14T12:48:41.087+0000] {dagbag.py:545} INFO - Filling up the DagBag from /opt/airflow/dags/main.py
[2026-05-14T12:48:41.183+0000] {processor.py:840} INFO - DAG(s) 'produce_json' retrieved from /opt/airflow/dags/main.py
[2026-05-14T12:48:41.225+0000] {logging_mixin.py:188} INFO - [2026-05-14T12:48:41.224+0000] {dag.py:3096} INFO - Sync 1 DAGs
[2026-05-14T12:48:41.267+0000] {logging_mixin.py:188} INFO - [2026-05-14T12:48:41.267+0000] {dag.py:3954} INFO - Setting next_dagrun for produce_json to 2026-05-13 13:00:00+00:00, run_after=2026-05-14 13:00:00+00:00
[2026-05-14T12:48:41.311+0000] {processor.py:183} INFO - Processing /opt/airflow/dags/main.py took 0.245 seconds
[2026-05-14T12:49:11.549+0000] {processor.py:161} INFO - Started process (PID=1200) to work on /opt/airflow/dags/main.py
[2026-05-14T12:49:11.552+0000] {processor.py:830} INFO - Processing file /opt/airflow/dags/main.py for tasks to queue
[2026-05-14T12:49:11.559+0000] {logging_mixin.py:188} INFO - [2026-05-14T12:49:11.558+0000] {dagbag.py:545} INFO - Filling up the DagBag from /opt/airflow/dags/main.py
[2026-05-14T12:49:11.697+0000] {processor.py:840} INFO - DAG(s) 'produce_json' retrieved from /opt/airflow/dags/main.py
[2026-05-14T12:49:11.764+0000] {logging_mixin.py:188} INFO - [2026-05-14T12:49:11.763+0000] {dag.py:3096} INFO - Sync 1 DAGs
[2026-05-14T12:49:11.916+0000] {logging_mixin.py:188} INFO - [2026-05-14T12:49:11.909+0000] {dag.py:3954} INFO - Setting next_dagrun for produce_json to 2026-05-13 13:00:00+00:00, run_after=2026-05-14 13:00:00+00:00
[2026-05-14T12:49:12.020+0000] {processor.py:183} INFO - Processing /opt/airflow/dags/main.py took 0.488 seconds
[2026-05-14T12:49:42.771+0000] {processor.py:161} INFO - Started process (PID=1207) to work on /opt/airflow/dags/main.py
[2026-05-14T12:49:42.774+0000] {processor.py:830} INFO - Processing file /opt/airflow/dags/main.py for tasks to queue
[2026-05-14T12:49:42.780+0000] {logging_mixin.py:188} INFO - [2026-05-14T12:49:42.780+0000] {dagbag.py:545} INFO - Filling up the DagBag from /opt/airflow/dags/main.py
[2026-05-14T12:49:43.027+0000] {processor.py:840} INFO - DAG(s) 'produce_json' retrieved from /opt/airflow/dags/main.py
[2026-05-14T12:49:43.157+0000] {logging_mixin.py:188} INFO - [2026-05-14T12:49:43.156+0000] {dag.py:3096} INFO - Sync 1 DAGs
[2026-05-14T12:49:43.309+0000] {logging_mixin.py:188} INFO - [2026-05-14T12:49:43.307+0000] {dag.py:3954} INFO - Setting next_dagrun for produce_json to 2026-05-13 13:00:00+00:00, run_after=2026-05-14 13:00:00+00:00
[2026-05-14T12:49:43.398+0000] {processor.py:183} INFO - Processing /opt/airflow/dags/main.py took 0.647 seconds
[2026-05-14T12:50:13.536+0000] {processor.py:161} INFO - Started process (PID=1214) to work on /opt/airflow/dags/main.py
[2026-05-14T12:50:13.540+0000] {processor.py:830} INFO - Processing file /opt/airflow/dags/main.py for tasks to queue
[2026-05-14T12:50:13.546+0000] {logging_mixin.py:188} INFO - [2026-05-14T12:50:13.545+0000] {dagbag.py:545} INFO - Filling up the DagBag from /opt/airflow/dags/main.py
[2026-05-14T12:50:13.713+0000] {processor.py:840} INFO - DAG(s) 'produce_json' retrieved from /opt/airflow/dags/main.py
[2026-05-14T12:50:13.854+0000] {logging_mixin.py:188} INFO - [2026-05-14T12:50:13.853+0000] {dag.py:3096} INFO - Sync 1 DAGs
[2026-05-14T12:50:13.990+0000] {logging_mixin.py:188} INFO - [2026-05-14T12:50:13.989+0000] {dag.py:3954} INFO - Setting next_dagrun for produce_json to 2026-05-13 13:00:00+00:00, run_after=2026-05-14 13:00:00+00:00
[2026-05-14T12:50:14.097+0000] {processor.py:183} INFO - Processing /opt/airflow/dags/main.py took 0.595 seconds
[2026-05-14T12:50:44.439+0000] {processor.py:161} INFO - Started process (PID=1221) to work on /opt/airflow/dags/main.py
[2026-05-14T12:50:44.442+0000] {processor.py:830} INFO - Processing file /opt/airflow/dags/main.py for tasks to queue
[2026-05-14T12:50:44.447+0000] {logging_mixin.py:188} INFO - [2026-05-14T12:50:44.447+0000] {dagbag.py:545} INFO - Filling up the DagBag from /opt/airflow/dags/main.py
[2026-05-14T12:50:44.567+0000] {processor.py:840} INFO - DAG(s) 'produce_json' retrieved from /opt/airflow/dags/main.py
[2026-05-14T12:50:44.646+0000] {logging_mixin.py:188} INFO - [2026-05-14T12:50:44.645+0000] {dag.py:3096} INFO - Sync 1 DAGs
[2026-05-14T12:50:44.731+0000] {logging_mixin.py:188} INFO - [2026-05-14T12:50:44.729+0000] {dag.py:3954} INFO - Setting next_dagrun for produce_json to 2026-05-13 13:00:00+00:00, run_after=2026-05-14 13:00:00+00:00
[2026-05-14T12:50:44.826+0000] {processor.py:183} INFO - Processing /opt/airflow/dags/main.py took 0.408 seconds
[2026-05-14T12:51:15.195+0000] {processor.py:161} INFO - Started process (PID=1228) to work on /opt/airflow/dags/main.py
[2026-05-14T12:51:15.198+0000] {processor.py:830} INFO - Processing file /opt/airflow/dags/main.py for tasks to queue
[2026-05-14T12:51:15.204+0000] {logging_mixin.py:188} INFO - [2026-05-14T12:51:15.202+0000] {dagbag.py:545} INFO - Filling up the DagBag from /opt/airflow/dags/main.py
[2026-05-14T12:51:15.392+0000] {processor.py:840} INFO - DAG(s) 'produce_json' retrieved from /opt/airflow/dags/main.py
[2026-05-14T12:51:15.447+0000] {logging_mixin.py:188} INFO - [2026-05-14T12:51:15.446+0000] {dag.py:3096} INFO - Sync 1 DAGs
[2026-05-14T12:51:15.505+0000] {logging_mixin.py:188} INFO - [2026-05-14T12:51:15.505+0000] {dag.py:3954} INFO - Setting next_dagrun for produce_json to 2026-05-13 13:00:00+00:00, run_after=2026-05-14 13:00:00+00:00
[2026-05-14T12:51:15.554+0000] {processor.py:183} INFO - Processing /opt/airflow/dags/main.py took 0.373 seconds
[2026-05-14T12:51:46.073+0000] {processor.py:161} INFO - Started process (PID=1235) to work on /opt/airflow/dags/main.py
[2026-05-14T12:51:46.076+0000] {processor.py:830} INFO - Processing file /opt/airflow/dags/main.py for tasks to queue
[2026-05-14T12:51:46.090+0000] {logging_mixin.py:188} INFO - [2026-05-14T12:51:46.086+0000] {dagbag.py:545} INFO - Filling up the DagBag from /opt/airflow/dags/main.py
[2026-05-14T12:51:46.428+0000] {processor.py:840} INFO - DAG(s) 'produce_json' retrieved from /opt/airflow/dags/main.py
[2026-05-14T12:51:46.701+0000] {logging_mixin.py:188} INFO - [2026-05-14T12:51:46.700+0000] {dag.py:3096} INFO - Sync 1 DAGs
[2026-05-14T12:51:46.837+0000] {logging_mixin.py:188} INFO - [2026-05-14T12:51:46.837+0000] {dag.py:3954} INFO - Setting next_dagrun for produce_json to 2026-05-13 13:00:00+00:00, run_after=2026-05-14 13:00:00+00:00
[2026-05-14T12:51:47.169+0000] {processor.py:183} INFO - Processing /opt/airflow/dags/main.py took 1.126 seconds
[2026-05-14T12:52:17.531+0000] {processor.py:161} INFO - Started process (PID=1242) to work on /opt/airflow/dags/main.py
[2026-05-14T12:52:17.534+0000] {processor.py:830} INFO - Processing file /opt/airflow/dags/main.py for tasks to queue
[2026-05-14T12:52:17.541+0000] {logging_mixin.py:188} INFO - [2026-05-14T12:52:17.540+0000] {dagbag.py:545} INFO - Filling up the DagBag from /opt/airflow/dags/main.py
[2026-05-14T12:52:17.645+0000] {processor.py:840} INFO - DAG(s) 'produce_json' retrieved from /opt/airflow/dags/main.py
[2026-05-14T12:52:17.687+0000] {logging_mixin.py:188} INFO - [2026-05-14T12:52:17.687+0000] {dag.py:3096} INFO - Sync 1 DAGs
[2026-05-14T12:52:17.746+0000] {logging_mixin.py:188} INFO - [2026-05-14T12:52:17.746+0000] {dag.py:3954} INFO - Setting next_dagrun for produce_json to 2026-05-13 13:00:00+00:00, run_after=2026-05-14 13:00:00+00:00
[2026-05-14T12:52:17.789+0000] {processor.py:183} INFO - Processing /opt/airflow/dags/main.py took 0.273 seconds
[2026-05-14T12:52:48.207+0000] {processor.py:161} INFO - Started process (PID=1249) to work on /opt/airflow/dags/main.py
[2026-05-14T12:52:48.209+0000] {processor.py:830} INFO - Processing file /opt/airflow/dags/main.py for tasks to queue
[2026-05-14T12:52:48.214+0000] {logging_mixin.py:188} INFO - [2026-05-14T12:52:48.213+0000] {dagbag.py:545} INFO - Filling up the DagBag from /opt/airflow/dags/main.py
[2026-05-14T12:52:48.343+0000] {processor.py:840} INFO - DAG(s) 'produce_json' retrieved from /opt/airflow/dags/main.py
[2026-05-14T12:52:48.389+0000] {logging_mixin.py:188} INFO - [2026-05-14T12:52:48.388+0000] {dag.py:3096} INFO - Sync 1 DAGs
[2026-05-14T12:52:48.435+0000] {logging_mixin.py:188} INFO - [2026-05-14T12:52:48.434+0000] {dag.py:3954} INFO - Setting next_dagrun for produce_json to 2026-05-13 13:00:00+00:00, run_after=2026-05-14 13:00:00+00:00
[2026-05-14T12:52:48.477+0000] {processor.py:183} INFO - Processing /opt/airflow/dags/main.py took 0.285 seconds
[2026-05-14T12:53:18.600+0000] {processor.py:161} INFO - Started process (PID=1256) to work on /opt/airflow/dags/main.py
[2026-05-14T12:53:18.603+0000] {processor.py:830} INFO - Processing file /opt/airflow/dags/main.py for tasks to queue
[2026-05-14T12:53:18.612+0000] {logging_mixin.py:188} INFO - [2026-05-14T12:53:18.611+0000] {dagbag.py:545} INFO - Filling up the DagBag from /opt/airflow/dags/main.py
[2026-05-14T12:53:18.752+0000] {processor.py:840} INFO - DAG(s) 'produce_json' retrieved from /opt/airflow/dags/main.py
[2026-05-14T12:53:18.817+0000] {logging_mixin.py:188} INFO - [2026-05-14T12:53:18.816+0000] {dag.py:3096} INFO - Sync 1 DAGs
[2026-05-14T12:53:18.885+0000] {logging_mixin.py:188} INFO - [2026-05-14T12:53:18.885+0000] {dag.py:3954} INFO - Setting next_dagrun for produce_json to 2026-05-13 13:00:00+00:00, run_after=2026-05-14 13:00:00+00:00
[2026-05-14T12:53:18.943+0000] {processor.py:183} INFO - Processing /opt/airflow/dags/main.py took 0.361 seconds
[2026-05-14T12:53:49.658+0000] {processor.py:161} INFO - Started process (PID=1263) to work on /opt/airflow/dags/main.py
[2026-05-14T12:53:49.661+0000] {processor.py:830} INFO - Processing file /opt/airflow/dags/main.py for tasks to queue
[2026-05-14T12:53:49.666+0000] {logging_mixin.py:188} INFO - [2026-05-14T12:53:49.665+0000] {dagbag.py:545} INFO - Filling up the DagBag from /opt/airflow/dags/main.py
[2026-05-14T12:53:49.806+0000] {processor.py:840} INFO - DAG(s) 'produce_json' retrieved from /opt/airflow/dags/main.py
[2026-05-14T12:53:49.872+0000] {logging_mixin.py:188} INFO - [2026-05-14T12:53:49.872+0000] {dag.py:3096} INFO - Sync 1 DAGs
[2026-05-14T12:53:49.944+0000] {logging_mixin.py:188} INFO - [2026-05-14T12:53:49.943+0000] {dag.py:3954} INFO - Setting next_dagrun for produce_json to 2026-05-13 13:00:00+00:00, run_after=2026-05-14 13:00:00+00:00
[2026-05-14T12:53:49.994+0000] {processor.py:183} INFO - Processing /opt/airflow/dags/main.py took 0.359 seconds
[2026-05-14T12:54:20.758+0000] {processor.py:161} INFO - Started process (PID=1270) to work on /opt/airflow/dags/main.py
[2026-05-14T12:54:20.760+0000] {processor.py:830} INFO - Processing file /opt/airflow/dags/main.py for tasks to queue
[2026-05-14T12:54:20.764+0000] {logging_mixin.py:188} INFO - [2026-05-14T12:54:20.764+0000] {dagbag.py:545} INFO - Filling up the DagBag from /opt/airflow/dags/main.py
[2026-05-14T12:54:20.893+0000] {processor.py:840} INFO - DAG(s) 'produce_json' retrieved from /opt/airflow/dags/main.py
[2026-05-14T12:54:20.940+0000] {logging_mixin.py:188} INFO - [2026-05-14T12:54:20.939+0000] {dag.py:3096} INFO - Sync 1 DAGs
[2026-05-14T12:54:20.989+0000] {logging_mixin.py:188} INFO - [2026-05-14T12:54:20.989+0000] {dag.py:3954} INFO - Setting next_dagrun for produce_json to 2026-05-13 13:00:00+00:00, run_after=2026-05-14 13:00:00+00:00
[2026-05-14T12:54:21.034+0000] {processor.py:183} INFO - Processing /opt/airflow/dags/main.py took 0.290 seconds
[2026-05-14T12:54:51.442+0000] {processor.py:161} INFO - Started process (PID=1277) to work on /opt/airflow/dags/main.py
[2026-05-14T12:54:51.445+0000] {processor.py:830} INFO - Processing file /opt/airflow/dags/main.py for tasks to queue
[2026-05-14T12:54:51.455+0000] {logging_mixin.py:188} INFO - [2026-05-14T12:54:51.454+0000] {dagbag.py:545} INFO - Filling up the DagBag from /opt/airflow/dags/main.py
[2026-05-14T12:54:51.621+0000] {processor.py:840} INFO - DAG(s) 'produce_json' retrieved from /opt/airflow/dags/main.py
[2026-05-14T12:54:51.679+0000] {logging_mixin.py:188} INFO - [2026-05-14T12:54:51.678+0000] {dag.py:3096} INFO - Sync 1 DAGs
[2026-05-14T12:54:51.735+0000] {logging_mixin.py:188} INFO - [2026-05-14T12:54:51.735+0000] {dag.py:3954} INFO - Setting next_dagrun for produce_json to 2026-05-13 13:00:00+00:00, run_after=2026-05-14 13:00:00+00:00
[2026-05-14T12:54:51.801+0000] {processor.py:183} INFO - Processing /opt/airflow/dags/main.py took 0.386 seconds
[2026-05-14T12:55:21.893+0000] {processor.py:161} INFO - Started process (PID=1284) to work on /opt/airflow/dags/main.py
[2026-05-14T12:55:21.896+0000] {processor.py:830} INFO - Processing file /opt/airflow/dags/main.py for tasks to queue
[2026-05-14T12:55:21.902+0000] {logging_mixin.py:188} INFO - [2026-05-14T12:55:21.901+0000] {dagbag.py:545} INFO - Filling up the DagBag from /opt/airflow/dags/main.py
[2026-05-14T12:55:22.039+0000] {processor.py:840} INFO - DAG(s) 'produce_json' retrieved from /opt/airflow/dags/main.py
[2026-05-14T12:55:22.101+0000] {logging_mixin.py:188} INFO - [2026-05-14T12:55:22.101+0000] {dag.py:3096} INFO - Sync 1 DAGs
[2026-05-14T12:55:22.163+0000] {logging_mixin.py:188} INFO - [2026-05-14T12:55:22.162+0000] {dag.py:3954} INFO - Setting next_dagrun for produce_json to 2026-05-13 13:00:00+00:00, run_after=2026-05-14 13:00:00+00:00
[2026-05-14T12:55:22.215+0000] {processor.py:183} INFO - Processing /opt/airflow/dags/main.py took 0.338 seconds
[2026-05-14T12:55:53.013+0000] {processor.py:161} INFO - Started process (PID=1291) to work on /opt/airflow/dags/main.py
[2026-05-14T12:55:53.016+0000] {processor.py:830} INFO - Processing file /opt/airflow/dags/main.py for tasks to queue
[2026-05-14T12:55:53.021+0000] {logging_mixin.py:188} INFO - [2026-05-14T12:55:53.021+0000] {dagbag.py:545} INFO - Filling up the DagBag from /opt/airflow/dags/main.py
[2026-05-14T12:55:53.179+0000] {processor.py:840} INFO - DAG(s) 'produce_json' retrieved from /opt/airflow/dags/main.py
[2026-05-14T12:55:53.276+0000] {logging_mixin.py:188} INFO - [2026-05-14T12:55:53.275+0000] {dag.py:3096} INFO - Sync 1 DAGs
[2026-05-14T12:55:53.369+0000] {logging_mixin.py:188} INFO - [2026-05-14T12:55:53.368+0000] {dag.py:3954} INFO - Setting next_dagrun for produce_json to 2026-05-13 13:00:00+00:00, run_after=2026-05-14 13:00:00+00:00
[2026-05-14T12:55:53.449+0000] {processor.py:183} INFO - Processing /opt/airflow/dags/main.py took 0.450 seconds
[2026-05-14T12:56:24.418+0000] {processor.py:161} INFO - Started process (PID=1298) to work on /opt/airflow/dags/main.py
[2026-05-14T12:56:24.421+0000] {processor.py:830} INFO - Processing file /opt/airflow/dags/main.py for tasks to queue
[2026-05-14T12:56:24.428+0000] {logging_mixin.py:188} INFO - [2026-05-14T12:56:24.428+0000] {dagbag.py:545} INFO - Filling up the DagBag from /opt/airflow/dags/main.py
[2026-05-14T12:56:24.786+0000] {processor.py:840} INFO - DAG(s) 'produce_json' retrieved from /opt/airflow/dags/main.py
[2026-05-14T12:56:24.886+0000] {logging_mixin.py:188} INFO - [2026-05-14T12:56:24.885+0000] {dag.py:3096} INFO - Sync 1 DAGs
[2026-05-14T12:56:25.007+0000] {logging_mixin.py:188} INFO - [2026-05-14T12:56:25.006+0000] {dag.py:3954} INFO - Setting next_dagrun for produce_json to 2026-05-13 13:00:00+00:00, run_after=2026-05-14 13:00:00+00:00
[2026-05-14T12:56:25.130+0000] {processor.py:183} INFO - Processing /opt/airflow/dags/main.py took 0.736 seconds
[2026-05-14T12:56:55.575+0000] {processor.py:161} INFO - Started process (PID=1305) to work on /opt/airflow/dags/main.py
[2026-05-14T12:56:55.579+0000] {processor.py:830} INFO - Processing file /opt/airflow/dags/main.py for tasks to queue
[2026-05-14T12:56:55.583+0000] {logging_mixin.py:188} INFO - [2026-05-14T12:56:55.583+0000] {dagbag.py:545} INFO - Filling up the DagBag from /opt/airflow/dags/main.py
[2026-05-14T12:56:55.798+0000] {processor.py:840} INFO - DAG(s) 'produce_json' retrieved from /opt/airflow/dags/main.py
[2026-05-14T12:56:55.999+0000] {logging_mixin.py:188} INFO - [2026-05-14T12:56:55.998+0000] {dag.py:3096} INFO - Sync 1 DAGs
[2026-05-14T12:56:56.219+0000] {logging_mixin.py:188} INFO - [2026-05-14T12:56:56.207+0000] {dag.py:3954} INFO - Setting next_dagrun for produce_json to 2026-05-13 13:00:00+00:00, run_after=2026-05-14 13:00:00+00:00
[2026-05-14T12:56:56.402+0000] {processor.py:183} INFO - Processing /opt/airflow/dags/main.py took 0.844 seconds
[2026-05-14T12:57:26.806+0000] {processor.py:161} INFO - Started process (PID=1312) to work on /opt/airflow/dags/main.py
[2026-05-14T12:57:26.809+0000] {processor.py:830} INFO - Processing file /opt/airflow/dags/main.py for tasks to queue
[2026-05-14T12:57:26.814+0000] {logging_mixin.py:188} INFO - [2026-05-14T12:57:26.814+0000] {dagbag.py:545} INFO - Filling up the DagBag from /opt/airflow/dags/main.py
[2026-05-14T12:57:26.955+0000] {processor.py:840} INFO - DAG(s) 'produce_json' retrieved from /opt/airflow/dags/main.py
[2026-05-14T12:57:27.009+0000] {logging_mixin.py:188} INFO - [2026-05-14T12:57:27.008+0000] {dag.py:3096} INFO - Sync 1 DAGs
[2026-05-14T12:57:27.059+0000] {logging_mixin.py:188} INFO - [2026-05-14T12:57:27.058+0000] {dag.py:3954} INFO - Setting next_dagrun for produce_json to 2026-05-13 13:00:00+00:00, run_after=2026-05-14 13:00:00+00:00
[2026-05-14T12:57:27.102+0000] {processor.py:183} INFO - Processing /opt/airflow/dags/main.py took 0.312 seconds
[2026-05-14T12:57:57.436+0000] {processor.py:161} INFO - Started process (PID=1319) to work on /opt/airflow/dags/main.py
[2026-05-14T12:57:57.439+0000] {processor.py:830} INFO - Processing file /opt/airflow/dags/main.py for tasks to queue
[2026-05-14T12:57:57.443+0000] {logging_mixin.py:188} INFO - [2026-05-14T12:57:57.442+0000] {dagbag.py:545} INFO - Filling up the DagBag from /opt/airflow/dags/main.py
[2026-05-14T12:57:57.556+0000] {processor.py:840} INFO - DAG(s) 'produce_json' retrieved from /opt/airflow/dags/main.py
[2026-05-14T12:57:57.601+0000] {logging_mixin.py:188} INFO - [2026-05-14T12:57:57.601+0000] {dag.py:3096} INFO - Sync 1 DAGs
[2026-05-14T12:57:57.651+0000] {logging_mixin.py:188} INFO - [2026-05-14T12:57:57.650+0000] {dag.py:3954} INFO - Setting next_dagrun for produce_json to 2026-05-13 13:00:00+00:00, run_after=2026-05-14 13:00:00+00:00
[2026-05-14T12:57:57.705+0000] {processor.py:183} INFO - Processing /opt/airflow/dags/main.py took 0.286 seconds
[2026-05-14T12:58:27.836+0000] {processor.py:161} INFO - Started process (PID=1325) to work on /opt/airflow/dags/main.py
[2026-05-14T12:58:27.840+0000] {processor.py:830} INFO - Processing file /opt/airflow/dags/main.py for tasks to queue
[2026-05-14T12:58:27.846+0000] {logging_mixin.py:188} INFO - [2026-05-14T12:58:27.845+0000] {dagbag.py:545} INFO - Filling up the DagBag from /opt/airflow/dags/main.py
[2026-05-14T12:58:28.007+0000] {processor.py:840} INFO - DAG(s) 'produce_json' retrieved from /opt/airflow/dags/main.py
[2026-05-14T12:58:28.062+0000] {logging_mixin.py:188} INFO - [2026-05-14T12:58:28.062+0000] {dag.py:3096} INFO - Sync 1 DAGs
[2026-05-14T12:58:28.117+0000] {logging_mixin.py:188} INFO - [2026-05-14T12:58:28.117+0000] {dag.py:3954} INFO - Setting next_dagrun for produce_json to 2026-05-13 13:00:00+00:00, run_after=2026-05-14 13:00:00+00:00
[2026-05-14T12:58:28.162+0000] {processor.py:183} INFO - Processing /opt/airflow/dags/main.py took 0.358 seconds
[2026-05-14T12:58:58.503+0000] {processor.py:161} INFO - Started process (PID=1332) to work on /opt/airflow/dags/main.py
[2026-05-14T12:58:58.507+0000] {processor.py:830} INFO - Processing file /opt/airflow/dags/main.py for tasks to queue
[2026-05-14T12:58:58.511+0000] {logging_mixin.py:188} INFO - [2026-05-14T12:58:58.510+0000] {dagbag.py:545} INFO - Filling up the DagBag from /opt/airflow/dags/main.py
[2026-05-14T12:58:58.636+0000] {processor.py:840} INFO - DAG(s) 'produce_json' retrieved from /opt/airflow/dags/main.py
[2026-05-14T12:58:58.683+0000] {logging_mixin.py:188} INFO - [2026-05-14T12:58:58.682+0000] {dag.py:3096} INFO - Sync 1 DAGs
[2026-05-14T12:58:58.733+0000] {logging_mixin.py:188} INFO - [2026-05-14T12:58:58.733+0000] {dag.py:3954} INFO - Setting next_dagrun for produce_json to 2026-05-13 13:00:00+00:00, run_after=2026-05-14 13:00:00+00:00
[2026-05-14T12:58:58.779+0000] {processor.py:183} INFO - Processing /opt/airflow/dags/main.py took 0.292 seconds
[2026-05-14T12:59:28.874+0000] {processor.py:161} INFO - Started process (PID=1339) to work on /opt/airflow/dags/main.py
[2026-05-14T12:59:28.877+0000] {processor.py:830} INFO - Processing file /opt/airflow/dags/main.py for tasks to queue
[2026-05-14T12:59:28.883+0000] {logging_mixin.py:188} INFO - [2026-05-14T12:59:28.882+0000] {dagbag.py:545} INFO - Filling up the DagBag from /opt/airflow/dags/main.py
[2026-05-14T12:59:29.013+0000] {processor.py:840} INFO - DAG(s) 'produce_json' retrieved from /opt/airflow/dags/main.py
[2026-05-14T12:59:29.066+0000] {logging_mixin.py:188} INFO - [2026-05-14T12:59:29.066+0000] {dag.py:3096} INFO - Sync 1 DAGs
[2026-05-14T12:59:29.122+0000] {logging_mixin.py:188} INFO - [2026-05-14T12:59:29.122+0000] {dag.py:3954} INFO - Setting next_dagrun for produce_json to 2026-05-13 13:00:00+00:00, run_after=2026-05-14 13:00:00+00:00
[2026-05-14T12:59:29.164+0000] {processor.py:183} INFO - Processing /opt/airflow/dags/main.py took 0.306 seconds
[2026-05-14T12:59:59.886+0000] {processor.py:161} INFO - Started process (PID=1346) to work on /opt/airflow/dags/main.py
[2026-05-14T12:59:59.888+0000] {processor.py:830} INFO - Processing file /opt/airflow/dags/main.py for tasks to queue
[2026-05-14T12:59:59.893+0000] {logging_mixin.py:188} INFO - [2026-05-14T12:59:59.893+0000] {dagbag.py:545} INFO - Filling up the DagBag from /opt/airflow/dags/main.py
[2026-05-14T13:00:00.042+0000] {processor.py:840} INFO - DAG(s) 'produce_json' retrieved from /opt/airflow/dags/main.py
[2026-05-14T13:00:00.094+0000] {logging_mixin.py:188} INFO - [2026-05-14T13:00:00.093+0000] {dag.py:3096} INFO - Sync 1 DAGs
[2026-05-14T13:00:00.140+0000] {logging_mixin.py:188} INFO - [2026-05-14T13:00:00.140+0000] {dag.py:3954} INFO - Setting next_dagrun for produce_json to 2026-05-13 13:00:00+00:00, run_after=2026-05-14 13:00:00+00:00
[2026-05-14T13:00:00.184+0000] {processor.py:183} INFO - Processing /opt/airflow/dags/main.py took 0.311 seconds
[2026-05-14T13:00:30.393+0000] {processor.py:161} INFO - Started process (PID=1353) to work on /opt/airflow/dags/main.py
[2026-05-14T13:00:30.396+0000] {processor.py:830} INFO - Processing file /opt/airflow/dags/main.py for tasks to queue
[2026-05-14T13:00:30.403+0000] {logging_mixin.py:188} INFO - [2026-05-14T13:00:30.401+0000] {dagbag.py:545} INFO - Filling up the DagBag from /opt/airflow/dags/main.py
[2026-05-14T13:00:30.673+0000] {processor.py:840} INFO - DAG(s) 'produce_json' retrieved from /opt/airflow/dags/main.py
[2026-05-14T13:00:30.762+0000] {logging_mixin.py:188} INFO - [2026-05-14T13:00:30.761+0000] {dag.py:3096} INFO - Sync 1 DAGs
[2026-05-14T13:00:30.843+0000] {logging_mixin.py:188} INFO - [2026-05-14T13:00:30.842+0000] {dag.py:3954} INFO - Setting next_dagrun for produce_json to 2026-05-14 13:00:00+00:00, run_after=2026-05-15 13:00:00+00:00
[2026-05-14T13:00:30.934+0000] {processor.py:183} INFO - Processing /opt/airflow/dags/main.py took 0.562 seconds
[2026-05-14T13:01:01.123+0000] {processor.py:161} INFO - Started process (PID=1360) to work on /opt/airflow/dags/main.py
[2026-05-14T13:01:01.126+0000] {processor.py:830} INFO - Processing file /opt/airflow/dags/main.py for tasks to queue
[2026-05-14T13:01:01.131+0000] {logging_mixin.py:188} INFO - [2026-05-14T13:01:01.130+0000] {dagbag.py:545} INFO - Filling up the DagBag from /opt/airflow/dags/main.py
[2026-05-14T13:01:01.264+0000] {processor.py:840} INFO - DAG(s) 'produce_json' retrieved from /opt/airflow/dags/main.py
[2026-05-14T13:01:01.314+0000] {logging_mixin.py:188} INFO - [2026-05-14T13:01:01.313+0000] {dag.py:3096} INFO - Sync 1 DAGs
[2026-05-14T13:01:01.362+0000] {logging_mixin.py:188} INFO - [2026-05-14T13:01:01.362+0000] {dag.py:3954} INFO - Setting next_dagrun for produce_json to 2026-05-14 13:00:00+00:00, run_after=2026-05-15 13:00:00+00:00
[2026-05-14T13:01:01.404+0000] {processor.py:183} INFO - Processing /opt/airflow/dags/main.py took 0.296 seconds
[2026-05-14T13:01:31.637+0000] {processor.py:161} INFO - Started process (PID=1366) to work on /opt/airflow/dags/main.py
[2026-05-14T13:01:31.639+0000] {processor.py:830} INFO - Processing file /opt/airflow/dags/main.py for tasks to queue
[2026-05-14T13:01:31.643+0000] {logging_mixin.py:188} INFO - [2026-05-14T13:01:31.643+0000] {dagbag.py:545} INFO - Filling up the DagBag from /opt/airflow/dags/main.py
[2026-05-14T13:01:31.779+0000] {processor.py:840} INFO - DAG(s) 'produce_json' retrieved from /opt/airflow/dags/main.py
[2026-05-14T13:01:31.829+0000] {logging_mixin.py:188} INFO - [2026-05-14T13:01:31.829+0000] {dag.py:3096} INFO - Sync 1 DAGs
[2026-05-14T13:01:31.876+0000] {logging_mixin.py:188} INFO - [2026-05-14T13:01:31.876+0000] {dag.py:3954} INFO - Setting next_dagrun for produce_json to 2026-05-14 13:00:00+00:00, run_after=2026-05-15 13:00:00+00:00
[2026-05-14T13:01:31.921+0000] {processor.py:183} INFO - Processing /opt/airflow/dags/main.py took 0.299 seconds
[2026-05-14T13:02:02.236+0000] {processor.py:161} INFO - Started process (PID=1374) to work on /opt/airflow/dags/main.py
[2026-05-14T13:02:02.238+0000] {processor.py:830} INFO - Processing file /opt/airflow/dags/main.py for tasks to queue
[2026-05-14T13:02:02.244+0000] {logging_mixin.py:188} INFO - [2026-05-14T13:02:02.243+0000] {dagbag.py:545} INFO - Filling up the DagBag from /opt/airflow/dags/main.py
[2026-05-14T13:02:02.363+0000] {processor.py:840} INFO - DAG(s) 'produce_json' retrieved from /opt/airflow/dags/main.py
[2026-05-14T13:02:02.410+0000] {logging_mixin.py:188} INFO - [2026-05-14T13:02:02.410+0000] {dag.py:3096} INFO - Sync 1 DAGs
[2026-05-14T13:02:02.454+0000] {logging_mixin.py:188} INFO - [2026-05-14T13:02:02.454+0000] {dag.py:3954} INFO - Setting next_dagrun for produce_json to 2026-05-14 13:00:00+00:00, run_after=2026-05-15 13:00:00+00:00
[2026-05-14T13:02:02.497+0000] {processor.py:183} INFO - Processing /opt/airflow/dags/main.py took 0.279 seconds
[2026-05-14T13:02:32.679+0000] {processor.py:161} INFO - Started process (PID=1381) to work on /opt/airflow/dags/main.py
[2026-05-14T13:02:32.682+0000] {processor.py:830} INFO - Processing file /opt/airflow/dags/main.py for tasks to queue
[2026-05-14T13:02:32.687+0000] {logging_mixin.py:188} INFO - [2026-05-14T13:02:32.686+0000] {dagbag.py:545} INFO - Filling up the DagBag from /opt/airflow/dags/main.py
[2026-05-14T13:02:32.825+0000] {processor.py:840} INFO - DAG(s) 'produce_json' retrieved from /opt/airflow/dags/main.py
[2026-05-14T13:02:32.872+0000] {logging_mixin.py:188} INFO - [2026-05-14T13:02:32.872+0000] {dag.py:3096} INFO - Sync 1 DAGs
[2026-05-14T13:02:32.922+0000] {logging_mixin.py:188} INFO - [2026-05-14T13:02:32.922+0000] {dag.py:3954} INFO - Setting next_dagrun for produce_json to 2026-05-14 13:00:00+00:00, run_after=2026-05-15 13:00:00+00:00
[2026-05-14T13:02:32.972+0000] {processor.py:183} INFO - Processing /opt/airflow/dags/main.py took 0.309 seconds
[2026-05-14T13:03:03.193+0000] {processor.py:161} INFO - Started process (PID=1388) to work on /opt/airflow/dags/main.py
[2026-05-14T13:03:03.197+0000] {processor.py:830} INFO - Processing file /opt/airflow/dags/main.py for tasks to queue
[2026-05-14T13:03:03.202+0000] {logging_mixin.py:188} INFO - [2026-05-14T13:03:03.201+0000] {dagbag.py:545} INFO - Filling up the DagBag from /opt/airflow/dags/main.py
[2026-05-14T13:03:03.340+0000] {processor.py:840} INFO - DAG(s) 'produce_json' retrieved from /opt/airflow/dags/main.py
[2026-05-14T13:03:03.387+0000] {logging_mixin.py:188} INFO - [2026-05-14T13:03:03.387+0000] {dag.py:3096} INFO - Sync 1 DAGs
[2026-05-14T13:03:03.458+0000] {logging_mixin.py:188} INFO - [2026-05-14T13:03:03.458+0000] {dag.py:3954} INFO - Setting next_dagrun for produce_json to 2026-05-14 13:00:00+00:00, run_after=2026-05-15 13:00:00+00:00
[2026-05-14T13:03:03.571+0000] {processor.py:183} INFO - Processing /opt/airflow/dags/main.py took 0.402 seconds
[2026-05-14T13:03:34.048+0000] {processor.py:161} INFO - Started process (PID=1395) to work on /opt/airflow/dags/main.py
[2026-05-14T13:03:34.056+0000] {processor.py:830} INFO - Processing file /opt/airflow/dags/main.py for tasks to queue
[2026-05-14T13:03:34.062+0000] {logging_mixin.py:188} INFO - [2026-05-14T13:03:34.061+0000] {dagbag.py:545} INFO - Filling up the DagBag from /opt/airflow/dags/main.py
[2026-05-14T13:03:34.248+0000] {processor.py:840} INFO - DAG(s) 'produce_json' retrieved from /opt/airflow/dags/main.py
[2026-05-14T13:03:34.351+0000] {logging_mixin.py:188} INFO - [2026-05-14T13:03:34.351+0000] {dag.py:3096} INFO - Sync 1 DAGs
[2026-05-14T13:03:34.444+0000] {logging_mixin.py:188} INFO - [2026-05-14T13:03:34.443+0000] {dag.py:3954} INFO - Setting next_dagrun for produce_json to 2026-05-14 13:00:00+00:00, run_after=2026-05-15 13:00:00+00:00
[2026-05-14T13:03:34.524+0000] {processor.py:183} INFO - Processing /opt/airflow/dags/main.py took 0.503 seconds
[2026-05-14T13:04:05.306+0000] {processor.py:161} INFO - Started process (PID=1402) to work on /opt/airflow/dags/main.py
[2026-05-14T13:04:05.308+0000] {processor.py:830} INFO - Processing file /opt/airflow/dags/main.py for tasks to queue
[2026-05-14T13:04:05.315+0000] {logging_mixin.py:188} INFO - [2026-05-14T13:04:05.314+0000] {dagbag.py:545} INFO - Filling up the DagBag from /opt/airflow/dags/main.py
[2026-05-14T13:04:05.440+0000] {processor.py:840} INFO - DAG(s) 'produce_json' retrieved from /opt/airflow/dags/main.py
[2026-05-14T13:04:05.498+0000] {logging_mixin.py:188} INFO - [2026-05-14T13:04:05.498+0000] {dag.py:3096} INFO - Sync 1 DAGs
[2026-05-14T13:04:05.569+0000] {logging_mixin.py:188} INFO - [2026-05-14T13:04:05.568+0000] {dag.py:3954} INFO - Setting next_dagrun for produce_json to 2026-05-14 13:00:00+00:00, run_after=2026-05-15 13:00:00+00:00
[2026-05-14T13:04:05.660+0000] {processor.py:183} INFO - Processing /opt/airflow/dags/main.py took 0.375 seconds
[2026-05-14T13:04:36.278+0000] {processor.py:161} INFO - Started process (PID=1410) to work on /opt/airflow/dags/main.py
[2026-05-14T13:04:36.282+0000] {processor.py:830} INFO - Processing file /opt/airflow/dags/main.py for tasks to queue
[2026-05-14T13:04:36.292+0000] {logging_mixin.py:188} INFO - [2026-05-14T13:04:36.291+0000] {dagbag.py:545} INFO - Filling up the DagBag from /opt/airflow/dags/main.py
[2026-05-14T13:04:36.442+0000] {processor.py:840} INFO - DAG(s) 'produce_json' retrieved from /opt/airflow/dags/main.py
[2026-05-14T13:04:36.523+0000] {logging_mixin.py:188} INFO - [2026-05-14T13:04:36.522+0000] {dag.py:3096} INFO - Sync 1 DAGs
[2026-05-14T13:04:36.603+0000] {logging_mixin.py:188} INFO - [2026-05-14T13:04:36.602+0000] {dag.py:3954} INFO - Setting next_dagrun for produce_json to 2026-05-14 13:00:00+00:00, run_after=2026-05-15 13:00:00+00:00
[2026-05-14T13:04:36.656+0000] {processor.py:183} INFO - Processing /opt/airflow/dags/main.py took 0.417 seconds
[2026-05-14T13:05:06.996+0000] {processor.py:161} INFO - Started process (PID=1417) to work on /opt/airflow/dags/main.py
[2026-05-14T13:05:06.998+0000] {processor.py:830} INFO - Processing file /opt/airflow/dags/main.py for tasks to queue
[2026-05-14T13:05:07.004+0000] {logging_mixin.py:188} INFO - [2026-05-14T13:05:07.003+0000] {dagbag.py:545} INFO - Filling up the DagBag from /opt/airflow/dags/main.py
[2026-05-14T13:05:07.185+0000] {processor.py:840} INFO - DAG(s) 'produce_json' retrieved from /opt/airflow/dags/main.py
[2026-05-14T13:05:07.230+0000] {logging_mixin.py:188} INFO - [2026-05-14T13:05:07.230+0000] {dag.py:3096} INFO - Sync 1 DAGs
[2026-05-14T13:05:07.273+0000] {logging_mixin.py:188} INFO - [2026-05-14T13:05:07.273+0000] {dag.py:3954} INFO - Setting next_dagrun for produce_json to 2026-05-14 13:00:00+00:00, run_after=2026-05-15 13:00:00+00:00
[2026-05-14T13:05:07.319+0000] {processor.py:183} INFO - Processing /opt/airflow/dags/main.py took 0.339 seconds
[2026-05-14T13:05:37.704+0000] {processor.py:161} INFO - Started process (PID=1430) to work on /opt/airflow/dags/main.py
[2026-05-14T13:05:37.707+0000] {processor.py:830} INFO - Processing file /opt/airflow/dags/main.py for tasks to queue
[2026-05-14T13:05:37.713+0000] {logging_mixin.py:188} INFO - [2026-05-14T13:05:37.712+0000] {dagbag.py:545} INFO - Filling up the DagBag from /opt/airflow/dags/main.py
[2026-05-14T13:05:37.861+0000] {processor.py:840} INFO - DAG(s) 'produce_json' retrieved from /opt/airflow/dags/main.py
[2026-05-14T13:05:37.904+0000] {logging_mixin.py:188} INFO - [2026-05-14T13:05:37.903+0000] {dag.py:3096} INFO - Sync 1 DAGs
[2026-05-14T13:05:37.957+0000] {logging_mixin.py:188} INFO - [2026-05-14T13:05:37.957+0000] {dag.py:3954} INFO - Setting next_dagrun for produce_json to 2026-05-14 13:00:00+00:00, run_after=2026-05-15 13:00:00+00:00
[2026-05-14T13:05:38.013+0000] {processor.py:183} INFO - Processing /opt/airflow/dags/main.py took 0.336 seconds
[2026-05-14T13:06:08.236+0000] {processor.py:161} INFO - Started process (PID=1437) to work on /opt/airflow/dags/main.py
[2026-05-14T13:06:08.244+0000] {processor.py:830} INFO - Processing file /opt/airflow/dags/main.py for tasks to queue
[2026-05-14T13:06:08.251+0000] {logging_mixin.py:188} INFO - [2026-05-14T13:06:08.250+0000] {dagbag.py:545} INFO - Filling up the DagBag from /opt/airflow/dags/main.py
[2026-05-14T13:06:08.427+0000] {processor.py:840} INFO - DAG(s) 'produce_json' retrieved from /opt/airflow/dags/main.py
[2026-05-14T13:06:08.487+0000] {logging_mixin.py:188} INFO - [2026-05-14T13:06:08.486+0000] {dag.py:3096} INFO - Sync 1 DAGs
[2026-05-14T13:06:08.587+0000] {logging_mixin.py:188} INFO - [2026-05-14T13:06:08.587+0000] {dag.py:3954} INFO - Setting next_dagrun for produce_json to 2026-05-14 13:00:00+00:00, run_after=2026-05-15 13:00:00+00:00
[2026-05-14T13:06:08.639+0000] {processor.py:183} INFO - Processing /opt/airflow/dags/main.py took 0.451 seconds
[2026-05-14T13:06:38.907+0000] {processor.py:161} INFO - Started process (PID=1444) to work on /opt/airflow/dags/main.py
[2026-05-14T13:06:38.910+0000] {processor.py:830} INFO - Processing file /opt/airflow/dags/main.py for tasks to queue
[2026-05-14T13:06:38.915+0000] {logging_mixin.py:188} INFO - [2026-05-14T13:06:38.914+0000] {dagbag.py:545} INFO - Filling up the DagBag from /opt/airflow/dags/main.py
[2026-05-14T13:06:39.043+0000] {processor.py:840} INFO - DAG(s) 'produce_json' retrieved from /opt/airflow/dags/main.py
[2026-05-14T13:06:39.089+0000] {logging_mixin.py:188} INFO - [2026-05-14T13:06:39.089+0000] {dag.py:3096} INFO - Sync 1 DAGs
[2026-05-14T13:06:39.139+0000] {logging_mixin.py:188} INFO - [2026-05-14T13:06:39.138+0000] {dag.py:3954} INFO - Setting next_dagrun for produce_json to 2026-05-14 13:00:00+00:00, run_after=2026-05-15 13:00:00+00:00
[2026-05-14T13:06:39.182+0000] {processor.py:183} INFO - Processing /opt/airflow/dags/main.py took 0.292 seconds
[2026-05-14T13:07:09.302+0000] {processor.py:161} INFO - Started process (PID=1451) to work on /opt/airflow/dags/main.py
[2026-05-14T13:07:09.305+0000] {processor.py:830} INFO - Processing file /opt/airflow/dags/main.py for tasks to queue
[2026-05-14T13:07:09.310+0000] {logging_mixin.py:188} INFO - [2026-05-14T13:07:09.309+0000] {dagbag.py:545} INFO - Filling up the DagBag from /opt/airflow/dags/main.py
[2026-05-14T13:07:09.422+0000] {processor.py:840} INFO - DAG(s) 'produce_json' retrieved from /opt/airflow/dags/main.py
[2026-05-14T13:07:09.474+0000] {logging_mixin.py:188} INFO - [2026-05-14T13:07:09.474+0000] {dag.py:3096} INFO - Sync 1 DAGs
[2026-05-14T13:07:09.550+0000] {logging_mixin.py:188} INFO - [2026-05-14T13:07:09.549+0000] {dag.py:3954} INFO - Setting next_dagrun for produce_json to 2026-05-14 13:00:00+00:00, run_after=2026-05-15 13:00:00+00:00
[2026-05-14T13:07:09.610+0000] {processor.py:183} INFO - Processing /opt/airflow/dags/main.py took 0.325 seconds
[2026-05-14T13:07:39.876+0000] {processor.py:161} INFO - Started process (PID=1458) to work on /opt/airflow/dags/main.py
[2026-05-14T13:07:39.886+0000] {processor.py:830} INFO - Processing file /opt/airflow/dags/main.py for tasks to queue
[2026-05-14T13:07:39.918+0000] {logging_mixin.py:188} INFO - [2026-05-14T13:07:39.914+0000] {dagbag.py:545} INFO - Filling up the DagBag from /opt/airflow/dags/main.py
[2026-05-14T13:07:40.221+0000] {processor.py:840} INFO - DAG(s) 'produce_json' retrieved from /opt/airflow/dags/main.py
[2026-05-14T13:07:40.321+0000] {logging_mixin.py:188} INFO - [2026-05-14T13:07:40.320+0000] {dag.py:3096} INFO - Sync 1 DAGs
[2026-05-14T13:07:40.407+0000] {logging_mixin.py:188} INFO - [2026-05-14T13:07:40.407+0000] {dag.py:3954} INFO - Setting next_dagrun for produce_json to 2026-05-14 13:00:00+00:00, run_after=2026-05-15 13:00:00+00:00
[2026-05-14T13:07:40.471+0000] {processor.py:183} INFO - Processing /opt/airflow/dags/main.py took 0.638 seconds
[2026-05-14T13:08:10.875+0000] {processor.py:161} INFO - Started process (PID=1466) to work on /opt/airflow/dags/main.py
[2026-05-14T13:08:10.981+0000] {processor.py:830} INFO - Processing file /opt/airflow/dags/main.py for tasks to queue
[2026-05-14T13:08:10.988+0000] {logging_mixin.py:188} INFO - [2026-05-14T13:08:10.988+0000] {dagbag.py:545} INFO - Filling up the DagBag from /opt/airflow/dags/main.py
[2026-05-14T13:08:11.149+0000] {processor.py:840} INFO - DAG(s) 'produce_json' retrieved from /opt/airflow/dags/main.py
[2026-05-14T13:08:11.213+0000] {logging_mixin.py:188} INFO - [2026-05-14T13:08:11.212+0000] {dag.py:3096} INFO - Sync 1 DAGs
[2026-05-14T13:08:11.259+0000] {logging_mixin.py:188} INFO - [2026-05-14T13:08:11.258+0000] {dag.py:3954} INFO - Setting next_dagrun for produce_json to 2026-05-14 13:00:00+00:00, run_after=2026-05-15 13:00:00+00:00
[2026-05-14T13:08:11.300+0000] {processor.py:183} INFO - Processing /opt/airflow/dags/main.py took 0.454 seconds
[2026-05-14T13:08:41.806+0000] {processor.py:161} INFO - Started process (PID=1473) to work on /opt/airflow/dags/main.py
[2026-05-14T13:08:41.809+0000] {processor.py:830} INFO - Processing file /opt/airflow/dags/main.py for tasks to queue
[2026-05-14T13:08:41.814+0000] {logging_mixin.py:188} INFO - [2026-05-14T13:08:41.813+0000] {dagbag.py:545} INFO - Filling up the DagBag from /opt/airflow/dags/main.py
[2026-05-14T13:08:41.928+0000] {processor.py:840} INFO - DAG(s) 'produce_json' retrieved from /opt/airflow/dags/main.py
[2026-05-14T13:08:41.976+0000] {logging_mixin.py:188} INFO - [2026-05-14T13:08:41.975+0000] {dag.py:3096} INFO - Sync 1 DAGs
[2026-05-14T13:08:42.023+0000] {logging_mixin.py:188} INFO - [2026-05-14T13:08:42.023+0000] {dag.py:3954} INFO - Setting next_dagrun for produce_json to 2026-05-14 13:00:00+00:00, run_after=2026-05-15 13:00:00+00:00
[2026-05-14T13:08:42.071+0000] {processor.py:183} INFO - Processing /opt/airflow/dags/main.py took 0.283 seconds
[2026-05-14T13:09:12.557+0000] {processor.py:161} INFO - Started process (PID=1480) to work on /opt/airflow/dags/main.py
[2026-05-14T13:09:12.559+0000] {processor.py:830} INFO - Processing file /opt/airflow/dags/main.py for tasks to queue
[2026-05-14T13:09:12.564+0000] {logging_mixin.py:188} INFO - [2026-05-14T13:09:12.563+0000] {dagbag.py:545} INFO - Filling up the DagBag from /opt/airflow/dags/main.py
[2026-05-14T13:09:12.697+0000] {processor.py:840} INFO - DAG(s) 'produce_json' retrieved from /opt/airflow/dags/main.py
[2026-05-14T13:09:12.743+0000] {logging_mixin.py:188} INFO - [2026-05-14T13:09:12.743+0000] {dag.py:3096} INFO - Sync 1 DAGs
[2026-05-14T13:09:12.788+0000] {logging_mixin.py:188} INFO - [2026-05-14T13:09:12.788+0000] {dag.py:3954} INFO - Setting next_dagrun for produce_json to 2026-05-14 13:00:00+00:00, run_after=2026-05-15 13:00:00+00:00
[2026-05-14T13:09:12.833+0000] {processor.py:183} INFO - Processing /opt/airflow/dags/main.py took 0.290 seconds
[2026-05-14T13:09:43.257+0000] {processor.py:161} INFO - Started process (PID=1487) to work on /opt/airflow/dags/main.py
[2026-05-14T13:09:43.261+0000] {processor.py:830} INFO - Processing file /opt/airflow/dags/main.py for tasks to queue
[2026-05-14T13:09:43.268+0000] {logging_mixin.py:188} INFO - [2026-05-14T13:09:43.267+0000] {dagbag.py:545} INFO - Filling up the DagBag from /opt/airflow/dags/main.py
[2026-05-14T13:09:43.414+0000] {processor.py:840} INFO - DAG(s) 'produce_json' retrieved from /opt/airflow/dags/main.py
[2026-05-14T13:09:43.477+0000] {logging_mixin.py:188} INFO - [2026-05-14T13:09:43.476+0000] {dag.py:3096} INFO - Sync 1 DAGs
[2026-05-14T13:09:43.540+0000] {logging_mixin.py:188} INFO - [2026-05-14T13:09:43.539+0000] {dag.py:3954} INFO - Setting next_dagrun for produce_json to 2026-05-14 13:00:00+00:00, run_after=2026-05-15 13:00:00+00:00
[2026-05-14T13:09:43.584+0000] {processor.py:183} INFO - Processing /opt/airflow/dags/main.py took 0.347 seconds
[2026-05-14T14:09:11.787+0000] {processor.py:161} INFO - Started process (PID=1494) to work on /opt/airflow/dags/main.py
[2026-05-14T14:09:11.899+0000] {processor.py:830} INFO - Processing file /opt/airflow/dags/main.py for tasks to queue
[2026-05-14T14:09:12.054+0000] {logging_mixin.py:188} INFO - [2026-05-14T14:09:12.052+0000] {dagbag.py:545} INFO - Filling up the DagBag from /opt/airflow/dags/main.py
[2026-05-14T14:09:17.550+0000] {processor.py:840} INFO - DAG(s) 'produce_json' retrieved from /opt/airflow/dags/main.py
[2026-05-14T14:09:17.828+0000] {logging_mixin.py:188} INFO - [2026-05-14T14:09:17.828+0000] {dag.py:3096} INFO - Sync 1 DAGs
[2026-05-14T14:09:18.086+0000] {logging_mixin.py:188} INFO - [2026-05-14T14:09:18.085+0000] {dag.py:3954} INFO - Setting next_dagrun for produce_json to 2026-05-14 13:00:00+00:00, run_after=2026-05-15 13:00:00+00:00
[2026-05-14T14:09:18.581+0000] {processor.py:183} INFO - Processing /opt/airflow/dags/main.py took 6.852 seconds
[2026-05-14T14:09:48.779+0000] {processor.py:161} INFO - Started process (PID=1507) to work on /opt/airflow/dags/main.py
[2026-05-14T14:09:48.784+0000] {processor.py:830} INFO - Processing file /opt/airflow/dags/main.py for tasks to queue
[2026-05-14T14:09:48.790+0000] {logging_mixin.py:188} INFO - [2026-05-14T14:09:48.789+0000] {dagbag.py:545} INFO - Filling up the DagBag from /opt/airflow/dags/main.py
[2026-05-14T14:09:49.005+0000] {processor.py:840} INFO - DAG(s) 'produce_json' retrieved from /opt/airflow/dags/main.py
[2026-05-14T14:09:49.069+0000] {logging_mixin.py:188} INFO - [2026-05-14T14:09:49.068+0000] {dag.py:3096} INFO - Sync 1 DAGs
[2026-05-14T14:09:49.117+0000] {logging_mixin.py:188} INFO - [2026-05-14T14:09:49.117+0000] {dag.py:3954} INFO - Setting next_dagrun for produce_json to 2026-05-14 13:00:00+00:00, run_after=2026-05-15 13:00:00+00:00
[2026-05-14T14:09:49.188+0000] {processor.py:183} INFO - Processing /opt/airflow/dags/main.py took 0.427 seconds
[2026-05-14T14:10:19.367+0000] {processor.py:161} INFO - Started process (PID=1514) to work on /opt/airflow/dags/main.py
[2026-05-14T14:10:19.369+0000] {processor.py:830} INFO - Processing file /opt/airflow/dags/main.py for tasks to queue
[2026-05-14T14:10:19.373+0000] {logging_mixin.py:188} INFO - [2026-05-14T14:10:19.373+0000] {dagbag.py:545} INFO - Filling up the DagBag from /opt/airflow/dags/main.py
[2026-05-14T14:10:19.496+0000] {processor.py:840} INFO - DAG(s) 'produce_json' retrieved from /opt/airflow/dags/main.py
[2026-05-14T14:10:19.550+0000] {logging_mixin.py:188} INFO - [2026-05-14T14:10:19.549+0000] {dag.py:3096} INFO - Sync 1 DAGs
[2026-05-14T14:10:19.601+0000] {logging_mixin.py:188} INFO - [2026-05-14T14:10:19.601+0000] {dag.py:3954} INFO - Setting next_dagrun for produce_json to 2026-05-14 13:00:00+00:00, run_after=2026-05-15 13:00:00+00:00
[2026-05-14T14:10:19.648+0000] {processor.py:183} INFO - Processing /opt/airflow/dags/main.py took 0.295 seconds
[2026-05-14T14:10:49.772+0000] {processor.py:161} INFO - Started process (PID=1521) to work on /opt/airflow/dags/main.py
[2026-05-14T14:10:49.785+0000] {processor.py:830} INFO - Processing file /opt/airflow/dags/main.py for tasks to queue
[2026-05-14T14:10:49.801+0000] {logging_mixin.py:188} INFO - [2026-05-14T14:10:49.800+0000] {dagbag.py:545} INFO - Filling up the DagBag from /opt/airflow/dags/main.py
[2026-05-14T14:10:49.953+0000] {processor.py:840} INFO - DAG(s) 'produce_json' retrieved from /opt/airflow/dags/main.py
[2026-05-14T14:10:50.002+0000] {logging_mixin.py:188} INFO - [2026-05-14T14:10:50.001+0000] {dag.py:3096} INFO - Sync 1 DAGs
[2026-05-14T14:10:50.044+0000] {logging_mixin.py:188} INFO - [2026-05-14T14:10:50.044+0000] {dag.py:3954} INFO - Setting next_dagrun for produce_json to 2026-05-14 13:00:00+00:00, run_after=2026-05-15 13:00:00+00:00
[2026-05-14T14:10:50.088+0000] {processor.py:183} INFO - Processing /opt/airflow/dags/main.py took 0.344 seconds
[2026-05-14T14:11:20.316+0000] {processor.py:161} INFO - Started process (PID=1528) to work on /opt/airflow/dags/main.py
[2026-05-14T14:11:20.318+0000] {processor.py:830} INFO - Processing file /opt/airflow/dags/main.py for tasks to queue
[2026-05-14T14:11:20.323+0000] {logging_mixin.py:188} INFO - [2026-05-14T14:11:20.322+0000] {dagbag.py:545} INFO - Filling up the DagBag from /opt/airflow/dags/main.py
[2026-05-14T14:11:20.481+0000] {processor.py:840} INFO - DAG(s) 'produce_json' retrieved from /opt/airflow/dags/main.py
[2026-05-14T14:11:20.529+0000] {logging_mixin.py:188} INFO - [2026-05-14T14:11:20.528+0000] {dag.py:3096} INFO - Sync 1 DAGs
[2026-05-14T14:11:20.585+0000] {logging_mixin.py:188} INFO - [2026-05-14T14:11:20.584+0000] {dag.py:3954} INFO - Setting next_dagrun for produce_json to 2026-05-14 13:00:00+00:00, run_after=2026-05-15 13:00:00+00:00
[2026-05-14T14:11:20.659+0000] {processor.py:183} INFO - Processing /opt/airflow/dags/main.py took 0.357 seconds
[2026-05-14T14:11:51.088+0000] {processor.py:161} INFO - Started process (PID=1535) to work on /opt/airflow/dags/main.py
[2026-05-14T14:11:51.100+0000] {processor.py:830} INFO - Processing file /opt/airflow/dags/main.py for tasks to queue
[2026-05-14T14:11:51.108+0000] {logging_mixin.py:188} INFO - [2026-05-14T14:11:51.107+0000] {dagbag.py:545} INFO - Filling up the DagBag from /opt/airflow/dags/main.py
[2026-05-14T14:11:51.280+0000] {processor.py:840} INFO - DAG(s) 'produce_json' retrieved from /opt/airflow/dags/main.py
[2026-05-14T14:11:51.365+0000] {logging_mixin.py:188} INFO - [2026-05-14T14:11:51.365+0000] {dag.py:3096} INFO - Sync 1 DAGs
[2026-05-14T14:11:51.490+0000] {logging_mixin.py:188} INFO - [2026-05-14T14:11:51.490+0000] {dag.py:3954} INFO - Setting next_dagrun for produce_json to 2026-05-14 13:00:00+00:00, run_after=2026-05-15 13:00:00+00:00
[2026-05-14T14:11:51.584+0000] {processor.py:183} INFO - Processing /opt/airflow/dags/main.py took 0.531 seconds
[2026-05-14T14:12:21.994+0000] {processor.py:161} INFO - Started process (PID=1543) to work on /opt/airflow/dags/main.py
[2026-05-14T14:12:21.998+0000] {processor.py:830} INFO - Processing file /opt/airflow/dags/main.py for tasks to queue
[2026-05-14T14:12:22.008+0000] {logging_mixin.py:188} INFO - [2026-05-14T14:12:22.006+0000] {dagbag.py:545} INFO - Filling up the DagBag from /opt/airflow/dags/main.py
[2026-05-14T14:12:22.360+0000] {processor.py:840} INFO - DAG(s) 'produce_json' retrieved from /opt/airflow/dags/main.py
[2026-05-14T14:12:22.500+0000] {logging_mixin.py:188} INFO - [2026-05-14T14:12:22.499+0000] {dag.py:3096} INFO - Sync 1 DAGs
[2026-05-14T14:12:22.646+0000] {logging_mixin.py:188} INFO - [2026-05-14T14:12:22.643+0000] {dag.py:3954} INFO - Setting next_dagrun for produce_json to 2026-05-14 13:00:00+00:00, run_after=2026-05-15 13:00:00+00:00
[2026-05-14T14:12:22.746+0000] {processor.py:183} INFO - Processing /opt/airflow/dags/main.py took 0.772 seconds
[2026-05-14T14:12:53.120+0000] {processor.py:161} INFO - Started process (PID=1550) to work on /opt/airflow/dags/main.py
[2026-05-14T14:12:53.123+0000] {processor.py:830} INFO - Processing file /opt/airflow/dags/main.py for tasks to queue
[2026-05-14T14:12:53.129+0000] {logging_mixin.py:188} INFO - [2026-05-14T14:12:53.128+0000] {dagbag.py:545} INFO - Filling up the DagBag from /opt/airflow/dags/main.py
[2026-05-14T14:12:53.274+0000] {processor.py:840} INFO - DAG(s) 'produce_json' retrieved from /opt/airflow/dags/main.py
[2026-05-14T14:12:53.328+0000] {logging_mixin.py:188} INFO - [2026-05-14T14:12:53.328+0000] {dag.py:3096} INFO - Sync 1 DAGs
[2026-05-14T14:12:53.415+0000] {logging_mixin.py:188} INFO - [2026-05-14T14:12:53.414+0000] {dag.py:3954} INFO - Setting next_dagrun for produce_json to 2026-05-14 13:00:00+00:00, run_after=2026-05-15 13:00:00+00:00
[2026-05-14T14:12:53.581+0000] {processor.py:183} INFO - Processing /opt/airflow/dags/main.py took 0.485 seconds
[2026-05-14T14:13:24.093+0000] {processor.py:161} INFO - Started process (PID=1557) to work on /opt/airflow/dags/main.py
[2026-05-14T14:13:24.097+0000] {processor.py:830} INFO - Processing file /opt/airflow/dags/main.py for tasks to queue
[2026-05-14T14:13:24.103+0000] {logging_mixin.py:188} INFO - [2026-05-14T14:13:24.102+0000] {dagbag.py:545} INFO - Filling up the DagBag from /opt/airflow/dags/main.py
[2026-05-14T14:13:24.343+0000] {processor.py:840} INFO - DAG(s) 'produce_json' retrieved from /opt/airflow/dags/main.py
[2026-05-14T14:13:24.488+0000] {logging_mixin.py:188} INFO - [2026-05-14T14:13:24.487+0000] {dag.py:3096} INFO - Sync 1 DAGs
[2026-05-14T14:13:24.573+0000] {logging_mixin.py:188} INFO - [2026-05-14T14:13:24.572+0000] {dag.py:3954} INFO - Setting next_dagrun for produce_json to 2026-05-14 13:00:00+00:00, run_after=2026-05-15 13:00:00+00:00
[2026-05-14T14:13:24.663+0000] {processor.py:183} INFO - Processing /opt/airflow/dags/main.py took 0.593 seconds
[2026-05-14T14:13:55.127+0000] {processor.py:161} INFO - Started process (PID=1564) to work on /opt/airflow/dags/main.py
[2026-05-14T14:13:55.130+0000] {processor.py:830} INFO - Processing file /opt/airflow/dags/main.py for tasks to queue
[2026-05-14T14:13:55.134+0000] {logging_mixin.py:188} INFO - [2026-05-14T14:13:55.133+0000] {dagbag.py:545} INFO - Filling up the DagBag from /opt/airflow/dags/main.py
[2026-05-14T14:13:55.249+0000] {processor.py:840} INFO - DAG(s) 'produce_json' retrieved from /opt/airflow/dags/main.py
[2026-05-14T14:13:55.296+0000] {logging_mixin.py:188} INFO - [2026-05-14T14:13:55.295+0000] {dag.py:3096} INFO - Sync 1 DAGs
[2026-05-14T14:13:55.339+0000] {logging_mixin.py:188} INFO - [2026-05-14T14:13:55.339+0000] {dag.py:3954} INFO - Setting next_dagrun for produce_json to 2026-05-14 13:00:00+00:00, run_after=2026-05-15 13:00:00+00:00
[2026-05-14T14:13:55.382+0000] {processor.py:183} INFO - Processing /opt/airflow/dags/main.py took 0.269 seconds
[2026-05-14T14:14:25.739+0000] {processor.py:161} INFO - Started process (PID=1571) to work on /opt/airflow/dags/main.py
[2026-05-14T14:14:25.741+0000] {processor.py:830} INFO - Processing file /opt/airflow/dags/main.py for tasks to queue
[2026-05-14T14:14:25.746+0000] {logging_mixin.py:188} INFO - [2026-05-14T14:14:25.745+0000] {dagbag.py:545} INFO - Filling up the DagBag from /opt/airflow/dags/main.py
[2026-05-14T14:14:25.873+0000] {processor.py:840} INFO - DAG(s) 'produce_json' retrieved from /opt/airflow/dags/main.py
[2026-05-14T14:14:25.918+0000] {logging_mixin.py:188} INFO - [2026-05-14T14:14:25.918+0000] {dag.py:3096} INFO - Sync 1 DAGs
[2026-05-14T14:14:25.962+0000] {logging_mixin.py:188} INFO - [2026-05-14T14:14:25.962+0000] {dag.py:3954} INFO - Setting next_dagrun for produce_json to 2026-05-14 13:00:00+00:00, run_after=2026-05-15 13:00:00+00:00
[2026-05-14T14:14:26.004+0000] {processor.py:183} INFO - Processing /opt/airflow/dags/main.py took 0.280 seconds
[2026-05-14T14:14:56.431+0000] {processor.py:161} INFO - Started process (PID=1578) to work on /opt/airflow/dags/main.py
[2026-05-14T14:14:56.434+0000] {processor.py:830} INFO - Processing file /opt/airflow/dags/main.py for tasks to queue
[2026-05-14T14:14:56.440+0000] {logging_mixin.py:188} INFO - [2026-05-14T14:14:56.439+0000] {dagbag.py:545} INFO - Filling up the DagBag from /opt/airflow/dags/main.py
[2026-05-14T14:14:56.608+0000] {processor.py:840} INFO - DAG(s) 'produce_json' retrieved from /opt/airflow/dags/main.py
[2026-05-14T14:14:56.660+0000] {logging_mixin.py:188} INFO - [2026-05-14T14:14:56.660+0000] {dag.py:3096} INFO - Sync 1 DAGs
[2026-05-14T14:14:56.715+0000] {logging_mixin.py:188} INFO - [2026-05-14T14:14:56.714+0000] {dag.py:3954} INFO - Setting next_dagrun for produce_json to 2026-05-14 13:00:00+00:00, run_after=2026-05-15 13:00:00+00:00
[2026-05-14T14:14:56.762+0000] {processor.py:183} INFO - Processing /opt/airflow/dags/main.py took 0.348 seconds
[2026-05-14T14:15:27.101+0000] {processor.py:161} INFO - Started process (PID=1585) to work on /opt/airflow/dags/main.py
[2026-05-14T14:15:27.103+0000] {processor.py:830} INFO - Processing file /opt/airflow/dags/main.py for tasks to queue
[2026-05-14T14:15:27.109+0000] {logging_mixin.py:188} INFO - [2026-05-14T14:15:27.108+0000] {dagbag.py:545} INFO - Filling up the DagBag from /opt/airflow/dags/main.py
[2026-05-14T14:15:27.267+0000] {processor.py:840} INFO - DAG(s) 'produce_json' retrieved from /opt/airflow/dags/main.py
[2026-05-14T14:15:27.335+0000] {logging_mixin.py:188} INFO - [2026-05-14T14:15:27.334+0000] {dag.py:3096} INFO - Sync 1 DAGs
[2026-05-14T14:15:27.397+0000] {logging_mixin.py:188} INFO - [2026-05-14T14:15:27.397+0000] {dag.py:3954} INFO - Setting next_dagrun for produce_json to 2026-05-14 13:00:00+00:00, run_after=2026-05-15 13:00:00+00:00
[2026-05-14T14:15:27.439+0000] {processor.py:183} INFO - Processing /opt/airflow/dags/main.py took 0.365 seconds
[2026-05-14T14:15:57.662+0000] {processor.py:161} INFO - Started process (PID=1592) to work on /opt/airflow/dags/main.py
[2026-05-14T14:15:57.664+0000] {processor.py:830} INFO - Processing file /opt/airflow/dags/main.py for tasks to queue
[2026-05-14T14:15:57.672+0000] {logging_mixin.py:188} INFO - [2026-05-14T14:15:57.671+0000] {dagbag.py:545} INFO - Filling up the DagBag from /opt/airflow/dags/main.py
[2026-05-14T14:15:57.801+0000] {processor.py:840} INFO - DAG(s) 'produce_json' retrieved from /opt/airflow/dags/main.py
[2026-05-14T14:15:57.853+0000] {logging_mixin.py:188} INFO - [2026-05-14T14:15:57.852+0000] {dag.py:3096} INFO - Sync 1 DAGs
[2026-05-14T14:15:57.895+0000] {logging_mixin.py:188} INFO - [2026-05-14T14:15:57.895+0000] {dag.py:3954} INFO - Setting next_dagrun for produce_json to 2026-05-14 13:00:00+00:00, run_after=2026-05-15 13:00:00+00:00
[2026-05-14T14:15:57.933+0000] {processor.py:183} INFO - Processing /opt/airflow/dags/main.py took 0.291 seconds
[2026-05-14T14:16:28.143+0000] {processor.py:161} INFO - Started process (PID=1599) to work on /opt/airflow/dags/main.py
[2026-05-14T14:16:28.146+0000] {processor.py:830} INFO - Processing file /opt/airflow/dags/main.py for tasks to queue
[2026-05-14T14:16:28.153+0000] {logging_mixin.py:188} INFO - [2026-05-14T14:16:28.152+0000] {dagbag.py:545} INFO - Filling up the DagBag from /opt/airflow/dags/main.py
[2026-05-14T14:16:28.343+0000] {processor.py:840} INFO - DAG(s) 'produce_json' retrieved from /opt/airflow/dags/main.py
[2026-05-14T14:16:28.413+0000] {logging_mixin.py:188} INFO - [2026-05-14T14:16:28.412+0000] {dag.py:3096} INFO - Sync 1 DAGs
[2026-05-14T14:16:28.481+0000] {logging_mixin.py:188} INFO - [2026-05-14T14:16:28.480+0000] {dag.py:3954} INFO - Setting next_dagrun for produce_json to 2026-05-14 13:00:00+00:00, run_after=2026-05-15 13:00:00+00:00
[2026-05-14T14:16:28.532+0000] {processor.py:183} INFO - Processing /opt/airflow/dags/main.py took 0.409 seconds
[2026-05-14T14:17:00.025+0000] {processor.py:161} INFO - Started process (PID=1606) to work on /opt/airflow/dags/main.py
[2026-05-14T14:17:00.064+0000] {processor.py:830} INFO - Processing file /opt/airflow/dags/main.py for tasks to queue
[2026-05-14T14:17:00.074+0000] {logging_mixin.py:188} INFO - [2026-05-14T14:17:00.073+0000] {dagbag.py:545} INFO - Filling up the DagBag from /opt/airflow/dags/main.py
[2026-05-14T14:17:01.724+0000] {processor.py:840} INFO - DAG(s) 'produce_json' retrieved from /opt/airflow/dags/main.py
[2026-05-14T14:17:01.989+0000] {logging_mixin.py:188} INFO - [2026-05-14T14:17:01.988+0000] {dag.py:3096} INFO - Sync 1 DAGs
[2026-05-14T14:17:02.220+0000] {logging_mixin.py:188} INFO - [2026-05-14T14:17:02.210+0000] {dag.py:3954} INFO - Setting next_dagrun for produce_json to 2026-05-14 13:00:00+00:00, run_after=2026-05-15 13:00:00+00:00
[2026-05-14T14:17:02.462+0000] {processor.py:183} INFO - Processing /opt/airflow/dags/main.py took 2.493 seconds
[2026-05-14T14:17:33.267+0000] {processor.py:161} INFO - Started process (PID=1613) to work on /opt/airflow/dags/main.py
[2026-05-14T14:17:33.279+0000] {processor.py:830} INFO - Processing file /opt/airflow/dags/main.py for tasks to queue
[2026-05-14T14:17:33.286+0000] {logging_mixin.py:188} INFO - [2026-05-14T14:17:33.285+0000] {dagbag.py:545} INFO - Filling up the DagBag from /opt/airflow/dags/main.py
[2026-05-14T14:17:33.733+0000] {processor.py:840} INFO - DAG(s) 'produce_json' retrieved from /opt/airflow/dags/main.py
[2026-05-14T14:17:33.799+0000] {logging_mixin.py:188} INFO - [2026-05-14T14:17:33.799+0000] {dag.py:3096} INFO - Sync 1 DAGs
[2026-05-14T14:17:33.853+0000] {logging_mixin.py:188} INFO - [2026-05-14T14:17:33.853+0000] {dag.py:3954} INFO - Setting next_dagrun for produce_json to 2026-05-14 13:00:00+00:00, run_after=2026-05-15 13:00:00+00:00
[2026-05-14T14:17:33.909+0000] {processor.py:183} INFO - Processing /opt/airflow/dags/main.py took 0.702 seconds
[2026-05-14T14:18:10.575+0000] {processor.py:161} INFO - Started process (PID=1620) to work on /opt/airflow/dags/main.py
[2026-05-14T14:18:10.584+0000] {processor.py:830} INFO - Processing file /opt/airflow/dags/main.py for tasks to queue
[2026-05-14T14:18:10.646+0000] {logging_mixin.py:188} INFO - [2026-05-14T14:18:10.644+0000] {dagbag.py:545} INFO - Filling up the DagBag from /opt/airflow/dags/main.py
[2026-05-14T14:18:13.493+0000] {processor.py:840} INFO - DAG(s) 'produce_json' retrieved from /opt/airflow/dags/main.py
[2026-05-14T14:18:13.970+0000] {logging_mixin.py:188} INFO - [2026-05-14T14:18:13.959+0000] {dag.py:3096} INFO - Sync 1 DAGs
[2026-05-14T14:18:14.239+0000] {logging_mixin.py:188} INFO - [2026-05-14T14:18:14.238+0000] {dag.py:3954} INFO - Setting next_dagrun for produce_json to 2026-05-14 13:00:00+00:00, run_after=2026-05-15 13:00:00+00:00
[2026-05-14T14:18:14.819+0000] {processor.py:183} INFO - Processing /opt/airflow/dags/main.py took 4.285 seconds
[2026-05-14T14:18:46.526+0000] {processor.py:161} INFO - Started process (PID=1626) to work on /opt/airflow/dags/main.py
[2026-05-14T14:18:46.567+0000] {processor.py:830} INFO - Processing file /opt/airflow/dags/main.py for tasks to queue
[2026-05-14T14:18:46.672+0000] {logging_mixin.py:188} INFO - [2026-05-14T14:18:46.671+0000] {dagbag.py:545} INFO - Filling up the DagBag from /opt/airflow/dags/main.py
[2026-05-14T14:18:48.273+0000] {processor.py:840} INFO - DAG(s) 'produce_json' retrieved from /opt/airflow/dags/main.py
[2026-05-14T14:18:48.692+0000] {logging_mixin.py:188} INFO - [2026-05-14T14:18:48.691+0000] {dag.py:3096} INFO - Sync 1 DAGs
[2026-05-14T14:18:49.018+0000] {logging_mixin.py:188} INFO - [2026-05-14T14:18:49.017+0000] {dag.py:3954} INFO - Setting next_dagrun for produce_json to 2026-05-14 13:00:00+00:00, run_after=2026-05-15 13:00:00+00:00
[2026-05-14T14:18:49.221+0000] {processor.py:183} INFO - Processing /opt/airflow/dags/main.py took 2.750 seconds
[2026-05-14T14:19:20.879+0000] {processor.py:161} INFO - Started process (PID=1639) to work on /opt/airflow/dags/main.py
[2026-05-14T14:19:20.990+0000] {processor.py:830} INFO - Processing file /opt/airflow/dags/main.py for tasks to queue
[2026-05-14T14:19:21.098+0000] {logging_mixin.py:188} INFO - [2026-05-14T14:19:21.097+0000] {dagbag.py:545} INFO - Filling up the DagBag from /opt/airflow/dags/main.py
[2026-05-14T14:19:28.345+0000] {processor.py:840} INFO - DAG(s) 'produce_json' retrieved from /opt/airflow/dags/main.py
[2026-05-14T14:19:28.659+0000] {logging_mixin.py:188} INFO - [2026-05-14T14:19:28.658+0000] {dag.py:3096} INFO - Sync 1 DAGs
[2026-05-14T14:19:29.234+0000] {logging_mixin.py:188} INFO - [2026-05-14T14:19:29.233+0000] {dag.py:3954} INFO - Setting next_dagrun for produce_json to 2026-05-14 13:00:00+00:00, run_after=2026-05-15 13:00:00+00:00
[2026-05-14T14:19:29.643+0000] {processor.py:183} INFO - Processing /opt/airflow/dags/main.py took 8.816 seconds
[2026-05-14T14:20:02.889+0000] {processor.py:161} INFO - Started process (PID=1646) to work on /opt/airflow/dags/main.py
[2026-05-14T14:20:02.921+0000] {processor.py:830} INFO - Processing file /opt/airflow/dags/main.py for tasks to queue
[2026-05-14T14:20:03.044+0000] {logging_mixin.py:188} INFO - [2026-05-14T14:20:02.954+0000] {dagbag.py:545} INFO - Filling up the DagBag from /opt/airflow/dags/main.py
[2026-05-14T14:20:04.017+0000] {processor.py:840} INFO - DAG(s) 'produce_json' retrieved from /opt/airflow/dags/main.py
[2026-05-14T14:20:04.108+0000] {logging_mixin.py:188} INFO - [2026-05-14T14:20:04.107+0000] {dag.py:3096} INFO - Sync 1 DAGs
[2026-05-14T14:20:04.501+0000] {logging_mixin.py:188} INFO - [2026-05-14T14:20:04.497+0000] {dag.py:3954} INFO - Setting next_dagrun for produce_json to 2026-05-14 13:00:00+00:00, run_after=2026-05-15 13:00:00+00:00
[2026-05-14T14:20:04.870+0000] {processor.py:183} INFO - Processing /opt/airflow/dags/main.py took 2.169 seconds
[2026-05-14T14:20:35.105+0000] {processor.py:161} INFO - Started process (PID=1653) to work on /opt/airflow/dags/main.py
[2026-05-14T14:20:35.109+0000] {processor.py:830} INFO - Processing file /opt/airflow/dags/main.py for tasks to queue
[2026-05-14T14:20:35.120+0000] {logging_mixin.py:188} INFO - [2026-05-14T14:20:35.119+0000] {dagbag.py:545} INFO - Filling up the DagBag from /opt/airflow/dags/main.py
[2026-05-14T14:20:35.412+0000] {processor.py:840} INFO - DAG(s) 'produce_json' retrieved from /opt/airflow/dags/main.py
[2026-05-14T14:20:35.510+0000] {logging_mixin.py:188} INFO - [2026-05-14T14:20:35.510+0000] {dag.py:3096} INFO - Sync 1 DAGs
[2026-05-14T14:20:35.593+0000] {logging_mixin.py:188} INFO - [2026-05-14T14:20:35.592+0000] {dag.py:3954} INFO - Setting next_dagrun for produce_json to 2026-05-14 13:00:00+00:00, run_after=2026-05-15 13:00:00+00:00
[2026-05-14T14:20:35.682+0000] {processor.py:183} INFO - Processing /opt/airflow/dags/main.py took 0.612 seconds
[2026-05-14T14:21:06.305+0000] {processor.py:161} INFO - Started process (PID=1660) to work on /opt/airflow/dags/main.py
[2026-05-14T14:21:06.320+0000] {processor.py:830} INFO - Processing file /opt/airflow/dags/main.py for tasks to queue
[2026-05-14T14:21:06.335+0000] {logging_mixin.py:188} INFO - [2026-05-14T14:21:06.334+0000] {dagbag.py:545} INFO - Filling up the DagBag from /opt/airflow/dags/main.py
[2026-05-14T14:21:06.719+0000] {processor.py:840} INFO - DAG(s) 'produce_json' retrieved from /opt/airflow/dags/main.py
[2026-05-14T14:21:06.914+0000] {logging_mixin.py:188} INFO - [2026-05-14T14:21:06.913+0000] {dag.py:3096} INFO - Sync 1 DAGs
[2026-05-14T14:21:07.039+0000] {logging_mixin.py:188} INFO - [2026-05-14T14:21:07.038+0000] {dag.py:3954} INFO - Setting next_dagrun for produce_json to 2026-05-14 13:00:00+00:00, run_after=2026-05-15 13:00:00+00:00
[2026-05-14T14:21:07.145+0000] {processor.py:183} INFO - Processing /opt/airflow/dags/main.py took 0.896 seconds
[2026-05-14T14:21:37.574+0000] {processor.py:161} INFO - Started process (PID=1668) to work on /opt/airflow/dags/main.py
[2026-05-14T14:21:37.577+0000] {processor.py:830} INFO - Processing file /opt/airflow/dags/main.py for tasks to queue
[2026-05-14T14:21:37.584+0000] {logging_mixin.py:188} INFO - [2026-05-14T14:21:37.583+0000] {dagbag.py:545} INFO - Filling up the DagBag from /opt/airflow/dags/main.py
[2026-05-14T14:21:37.729+0000] {processor.py:840} INFO - DAG(s) 'produce_json' retrieved from /opt/airflow/dags/main.py
[2026-05-14T14:21:37.801+0000] {logging_mixin.py:188} INFO - [2026-05-14T14:21:37.801+0000] {dag.py:3096} INFO - Sync 1 DAGs
[2026-05-14T14:21:37.861+0000] {logging_mixin.py:188} INFO - [2026-05-14T14:21:37.861+0000] {dag.py:3954} INFO - Setting next_dagrun for produce_json to 2026-05-14 13:00:00+00:00, run_after=2026-05-15 13:00:00+00:00
[2026-05-14T14:21:37.920+0000] {processor.py:183} INFO - Processing /opt/airflow/dags/main.py took 0.363 seconds
[2026-05-14T14:22:08.427+0000] {processor.py:161} INFO - Started process (PID=1675) to work on /opt/airflow/dags/main.py
[2026-05-14T14:22:08.429+0000] {processor.py:830} INFO - Processing file /opt/airflow/dags/main.py for tasks to queue
[2026-05-14T14:22:08.436+0000] {logging_mixin.py:188} INFO - [2026-05-14T14:22:08.435+0000] {dagbag.py:545} INFO - Filling up the DagBag from /opt/airflow/dags/main.py
[2026-05-14T14:22:08.581+0000] {processor.py:840} INFO - DAG(s) 'produce_json' retrieved from /opt/airflow/dags/main.py
[2026-05-14T14:22:08.671+0000] {logging_mixin.py:188} INFO - [2026-05-14T14:22:08.671+0000] {dag.py:3096} INFO - Sync 1 DAGs
[2026-05-14T14:22:08.767+0000] {logging_mixin.py:188} INFO - [2026-05-14T14:22:08.766+0000] {dag.py:3954} INFO - Setting next_dagrun for produce_json to 2026-05-14 13:00:00+00:00, run_after=2026-05-15 13:00:00+00:00
[2026-05-14T14:22:08.824+0000] {processor.py:183} INFO - Processing /opt/airflow/dags/main.py took 0.413 seconds
[2026-05-14T14:22:40.330+0000] {processor.py:161} INFO - Started process (PID=1682) to work on /opt/airflow/dags/main.py
[2026-05-14T14:22:40.470+0000] {processor.py:830} INFO - Processing file /opt/airflow/dags/main.py for tasks to queue
[2026-05-14T14:22:40.516+0000] {logging_mixin.py:188} INFO - [2026-05-14T14:22:40.515+0000] {dagbag.py:545} INFO - Filling up the DagBag from /opt/airflow/dags/main.py
[2026-05-14T14:22:41.255+0000] {processor.py:840} INFO - DAG(s) 'produce_json' retrieved from /opt/airflow/dags/main.py
[2026-05-14T14:22:41.533+0000] {logging_mixin.py:188} INFO - [2026-05-14T14:22:41.522+0000] {dag.py:3096} INFO - Sync 1 DAGs
[2026-05-14T14:22:41.807+0000] {logging_mixin.py:188} INFO - [2026-05-14T14:22:41.806+0000] {dag.py:3954} INFO - Setting next_dagrun for produce_json to 2026-05-14 13:00:00+00:00, run_after=2026-05-15 13:00:00+00:00
[2026-05-14T14:22:42.086+0000] {processor.py:183} INFO - Processing /opt/airflow/dags/main.py took 1.803 seconds
[2026-05-14T14:23:20.736+0000] {processor.py:161} INFO - Started process (PID=1689) to work on /opt/airflow/dags/main.py
[2026-05-14T14:23:20.845+0000] {processor.py:830} INFO - Processing file /opt/airflow/dags/main.py for tasks to queue
[2026-05-14T14:23:20.859+0000] {logging_mixin.py:188} INFO - [2026-05-14T14:23:20.857+0000] {dagbag.py:545} INFO - Filling up the DagBag from /opt/airflow/dags/main.py
[2026-05-14T14:23:23.331+0000] {processor.py:840} INFO - DAG(s) 'produce_json' retrieved from /opt/airflow/dags/main.py
[2026-05-14T14:23:23.585+0000] {logging_mixin.py:188} INFO - [2026-05-14T14:23:23.584+0000] {dag.py:3096} INFO - Sync 1 DAGs
[2026-05-14T14:23:23.883+0000] {logging_mixin.py:188} INFO - [2026-05-14T14:23:23.883+0000] {dag.py:3954} INFO - Setting next_dagrun for produce_json to 2026-05-14 13:00:00+00:00, run_after=2026-05-15 13:00:00+00:00
[2026-05-14T14:23:24.122+0000] {processor.py:183} INFO - Processing /opt/airflow/dags/main.py took 3.436 seconds
[2026-05-14T14:23:54.690+0000] {processor.py:161} INFO - Started process (PID=1702) to work on /opt/airflow/dags/main.py
[2026-05-14T14:23:54.693+0000] {processor.py:830} INFO - Processing file /opt/airflow/dags/main.py for tasks to queue
[2026-05-14T14:23:54.703+0000] {logging_mixin.py:188} INFO - [2026-05-14T14:23:54.702+0000] {dagbag.py:545} INFO - Filling up the DagBag from /opt/airflow/dags/main.py
[2026-05-14T14:23:54.998+0000] {processor.py:840} INFO - DAG(s) 'produce_json' retrieved from /opt/airflow/dags/main.py
[2026-05-14T14:23:55.044+0000] {logging_mixin.py:188} INFO - [2026-05-14T14:23:55.044+0000] {dag.py:3096} INFO - Sync 1 DAGs
[2026-05-14T14:23:55.098+0000] {logging_mixin.py:188} INFO - [2026-05-14T14:23:55.097+0000] {dag.py:3954} INFO - Setting next_dagrun for produce_json to 2026-05-14 13:00:00+00:00, run_after=2026-05-15 13:00:00+00:00
[2026-05-14T14:23:55.156+0000] {processor.py:183} INFO - Processing /opt/airflow/dags/main.py took 0.497 seconds
[2026-05-14T14:24:26.049+0000] {processor.py:161} INFO - Started process (PID=1709) to work on /opt/airflow/dags/main.py
[2026-05-14T14:24:26.060+0000] {processor.py:830} INFO - Processing file /opt/airflow/dags/main.py for tasks to queue
[2026-05-14T14:24:26.067+0000] {logging_mixin.py:188} INFO - [2026-05-14T14:24:26.066+0000] {dagbag.py:545} INFO - Filling up the DagBag from /opt/airflow/dags/main.py
[2026-05-14T14:24:26.538+0000] {processor.py:840} INFO - DAG(s) 'produce_json' retrieved from /opt/airflow/dags/main.py
[2026-05-14T14:24:26.672+0000] {logging_mixin.py:188} INFO - [2026-05-14T14:24:26.672+0000] {dag.py:3096} INFO - Sync 1 DAGs
[2026-05-14T14:24:26.845+0000] {logging_mixin.py:188} INFO - [2026-05-14T14:24:26.844+0000] {dag.py:3954} INFO - Setting next_dagrun for produce_json to 2026-05-14 13:00:00+00:00, run_after=2026-05-15 13:00:00+00:00
[2026-05-14T14:24:27.054+0000] {processor.py:183} INFO - Processing /opt/airflow/dags/main.py took 1.044 seconds
[2026-05-14T14:24:57.470+0000] {processor.py:161} INFO - Started process (PID=1716) to work on /opt/airflow/dags/main.py
[2026-05-14T14:24:57.475+0000] {processor.py:830} INFO - Processing file /opt/airflow/dags/main.py for tasks to queue
[2026-05-14T14:24:57.481+0000] {logging_mixin.py:188} INFO - [2026-05-14T14:24:57.480+0000] {dagbag.py:545} INFO - Filling up the DagBag from /opt/airflow/dags/main.py
[2026-05-14T14:24:57.608+0000] {processor.py:840} INFO - DAG(s) 'produce_json' retrieved from /opt/airflow/dags/main.py
[2026-05-14T14:24:57.664+0000] {logging_mixin.py:188} INFO - [2026-05-14T14:24:57.664+0000] {dag.py:3096} INFO - Sync 1 DAGs
[2026-05-14T14:24:57.716+0000] {logging_mixin.py:188} INFO - [2026-05-14T14:24:57.716+0000] {dag.py:3954} INFO - Setting next_dagrun for produce_json to 2026-05-14 13:00:00+00:00, run_after=2026-05-15 13:00:00+00:00
[2026-05-14T14:24:57.773+0000] {processor.py:183} INFO - Processing /opt/airflow/dags/main.py took 0.339 seconds
[2026-05-14T14:25:29.816+0000] {processor.py:161} INFO - Started process (PID=1723) to work on /opt/airflow/dags/main.py
[2026-05-14T14:25:29.841+0000] {processor.py:830} INFO - Processing file /opt/airflow/dags/main.py for tasks to queue
[2026-05-14T14:25:29.865+0000] {logging_mixin.py:188} INFO - [2026-05-14T14:25:29.864+0000] {dagbag.py:545} INFO - Filling up the DagBag from /opt/airflow/dags/main.py
[2026-05-14T14:25:31.354+0000] {processor.py:840} INFO - DAG(s) 'produce_json' retrieved from /opt/airflow/dags/main.py
[2026-05-14T14:25:31.779+0000] {logging_mixin.py:188} INFO - [2026-05-14T14:25:31.779+0000] {dag.py:3096} INFO - Sync 1 DAGs
[2026-05-14T14:25:32.124+0000] {logging_mixin.py:188} INFO - [2026-05-14T14:25:32.124+0000] {dag.py:3954} INFO - Setting next_dagrun for produce_json to 2026-05-14 13:00:00+00:00, run_after=2026-05-15 13:00:00+00:00
[2026-05-14T14:25:32.760+0000] {processor.py:183} INFO - Processing /opt/airflow/dags/main.py took 2.992 seconds
[2026-05-14T14:26:05.261+0000] {processor.py:161} INFO - Started process (PID=1730) to work on /opt/airflow/dags/main.py
[2026-05-14T14:26:05.280+0000] {processor.py:830} INFO - Processing file /opt/airflow/dags/main.py for tasks to queue
[2026-05-14T14:26:05.300+0000] {logging_mixin.py:188} INFO - [2026-05-14T14:26:05.299+0000] {dagbag.py:545} INFO - Filling up the DagBag from /opt/airflow/dags/main.py
[2026-05-14T14:26:06.538+0000] {processor.py:840} INFO - DAG(s) 'produce_json' retrieved from /opt/airflow/dags/main.py
[2026-05-14T14:26:06.714+0000] {logging_mixin.py:188} INFO - [2026-05-14T14:26:06.713+0000] {dag.py:3096} INFO - Sync 1 DAGs
[2026-05-14T14:26:06.902+0000] {logging_mixin.py:188} INFO - [2026-05-14T14:26:06.901+0000] {dag.py:3954} INFO - Setting next_dagrun for produce_json to 2026-05-14 13:00:00+00:00, run_after=2026-05-15 13:00:00+00:00
[2026-05-14T14:26:07.311+0000] {processor.py:183} INFO - Processing /opt/airflow/dags/main.py took 2.078 seconds
[2026-05-14T14:26:37.989+0000] {processor.py:161} INFO - Started process (PID=1737) to work on /opt/airflow/dags/main.py
[2026-05-14T14:26:37.992+0000] {processor.py:830} INFO - Processing file /opt/airflow/dags/main.py for tasks to queue
[2026-05-14T14:26:37.998+0000] {logging_mixin.py:188} INFO - [2026-05-14T14:26:37.997+0000] {dagbag.py:545} INFO - Filling up the DagBag from /opt/airflow/dags/main.py
[2026-05-14T14:26:38.122+0000] {processor.py:840} INFO - DAG(s) 'produce_json' retrieved from /opt/airflow/dags/main.py
[2026-05-14T14:26:38.175+0000] {logging_mixin.py:188} INFO - [2026-05-14T14:26:38.174+0000] {dag.py:3096} INFO - Sync 1 DAGs
[2026-05-14T14:26:38.276+0000] {logging_mixin.py:188} INFO - [2026-05-14T14:26:38.276+0000] {dag.py:3954} INFO - Setting next_dagrun for produce_json to 2026-05-14 13:00:00+00:00, run_after=2026-05-15 13:00:00+00:00
[2026-05-14T14:26:38.362+0000] {processor.py:183} INFO - Processing /opt/airflow/dags/main.py took 0.395 seconds
[2026-05-14T14:27:09.534+0000] {processor.py:161} INFO - Started process (PID=1744) to work on /opt/airflow/dags/main.py
[2026-05-14T14:27:09.581+0000] {processor.py:830} INFO - Processing file /opt/airflow/dags/main.py for tasks to queue
[2026-05-14T14:27:09.616+0000] {logging_mixin.py:188} INFO - [2026-05-14T14:27:09.615+0000] {dagbag.py:545} INFO - Filling up the DagBag from /opt/airflow/dags/main.py
[2026-05-14T14:27:10.414+0000] {processor.py:840} INFO - DAG(s) 'produce_json' retrieved from /opt/airflow/dags/main.py
[2026-05-14T14:27:10.481+0000] {logging_mixin.py:188} INFO - [2026-05-14T14:27:10.481+0000] {dag.py:3096} INFO - Sync 1 DAGs
[2026-05-14T14:27:10.579+0000] {logging_mixin.py:188} INFO - [2026-05-14T14:27:10.578+0000] {dag.py:3954} INFO - Setting next_dagrun for produce_json to 2026-05-14 13:00:00+00:00, run_after=2026-05-15 13:00:00+00:00
[2026-05-14T14:27:10.687+0000] {processor.py:183} INFO - Processing /opt/airflow/dags/main.py took 1.252 seconds
[2026-05-14T14:27:41.233+0000] {processor.py:161} INFO - Started process (PID=1751) to work on /opt/airflow/dags/main.py
[2026-05-14T14:27:41.238+0000] {processor.py:830} INFO - Processing file /opt/airflow/dags/main.py for tasks to queue
[2026-05-14T14:27:41.245+0000] {logging_mixin.py:188} INFO - [2026-05-14T14:27:41.244+0000] {dagbag.py:545} INFO - Filling up the DagBag from /opt/airflow/dags/main.py
[2026-05-14T14:27:41.357+0000] {processor.py:840} INFO - DAG(s) 'produce_json' retrieved from /opt/airflow/dags/main.py
[2026-05-14T14:27:41.417+0000] {logging_mixin.py:188} INFO - [2026-05-14T14:27:41.416+0000] {dag.py:3096} INFO - Sync 1 DAGs
[2026-05-14T14:27:41.484+0000] {logging_mixin.py:188} INFO - [2026-05-14T14:27:41.483+0000] {dag.py:3954} INFO - Setting next_dagrun for produce_json to 2026-05-14 13:00:00+00:00, run_after=2026-05-15 13:00:00+00:00
[2026-05-14T14:27:41.536+0000] {processor.py:183} INFO - Processing /opt/airflow/dags/main.py took 0.322 seconds
[2026-05-14T14:28:12.122+0000] {processor.py:161} INFO - Started process (PID=1758) to work on /opt/airflow/dags/main.py
[2026-05-14T14:28:12.125+0000] {processor.py:830} INFO - Processing file /opt/airflow/dags/main.py for tasks to queue
[2026-05-14T14:28:12.131+0000] {logging_mixin.py:188} INFO - [2026-05-14T14:28:12.130+0000] {dagbag.py:545} INFO - Filling up the DagBag from /opt/airflow/dags/main.py
[2026-05-14T14:28:12.288+0000] {processor.py:840} INFO - DAG(s) 'produce_json' retrieved from /opt/airflow/dags/main.py
[2026-05-14T14:28:12.338+0000] {logging_mixin.py:188} INFO - [2026-05-14T14:28:12.338+0000] {dag.py:3096} INFO - Sync 1 DAGs
[2026-05-14T14:28:12.416+0000] {logging_mixin.py:188} INFO - [2026-05-14T14:28:12.415+0000] {dag.py:3954} INFO - Setting next_dagrun for produce_json to 2026-05-14 13:00:00+00:00, run_after=2026-05-15 13:00:00+00:00
[2026-05-14T14:28:12.475+0000] {processor.py:183} INFO - Processing /opt/airflow/dags/main.py took 0.404 seconds
[2026-05-14T14:28:43.215+0000] {processor.py:161} INFO - Started process (PID=1765) to work on /opt/airflow/dags/main.py
[2026-05-14T14:28:43.218+0000] {processor.py:830} INFO - Processing file /opt/airflow/dags/main.py for tasks to queue
[2026-05-14T14:28:43.233+0000] {logging_mixin.py:188} INFO - [2026-05-14T14:28:43.232+0000] {dagbag.py:545} INFO - Filling up the DagBag from /opt/airflow/dags/main.py
[2026-05-14T14:28:43.500+0000] {processor.py:840} INFO - DAG(s) 'produce_json' retrieved from /opt/airflow/dags/main.py
[2026-05-14T14:28:43.636+0000] {logging_mixin.py:188} INFO - [2026-05-14T14:28:43.635+0000] {dag.py:3096} INFO - Sync 1 DAGs
[2026-05-14T14:28:43.885+0000] {logging_mixin.py:188} INFO - [2026-05-14T14:28:43.874+0000] {dag.py:3954} INFO - Setting next_dagrun for produce_json to 2026-05-14 13:00:00+00:00, run_after=2026-05-15 13:00:00+00:00
[2026-05-14T14:28:44.055+0000] {processor.py:183} INFO - Processing /opt/airflow/dags/main.py took 0.884 seconds
[2026-05-14T14:29:14.783+0000] {processor.py:161} INFO - Started process (PID=1772) to work on /opt/airflow/dags/main.py
[2026-05-14T14:29:14.788+0000] {processor.py:830} INFO - Processing file /opt/airflow/dags/main.py for tasks to queue
[2026-05-14T14:29:14.793+0000] {logging_mixin.py:188} INFO - [2026-05-14T14:29:14.792+0000] {dagbag.py:545} INFO - Filling up the DagBag from /opt/airflow/dags/main.py
[2026-05-14T14:29:14.940+0000] {processor.py:840} INFO - DAG(s) 'produce_json' retrieved from /opt/airflow/dags/main.py
[2026-05-14T14:29:14.984+0000] {logging_mixin.py:188} INFO - [2026-05-14T14:29:14.984+0000] {dag.py:3096} INFO - Sync 1 DAGs
[2026-05-14T14:29:15.027+0000] {logging_mixin.py:188} INFO - [2026-05-14T14:29:15.027+0000] {dag.py:3954} INFO - Setting next_dagrun for produce_json to 2026-05-14 13:00:00+00:00, run_after=2026-05-15 13:00:00+00:00
[2026-05-14T14:29:15.066+0000] {processor.py:183} INFO - Processing /opt/airflow/dags/main.py took 0.296 seconds
[2026-05-14T14:29:45.220+0000] {processor.py:161} INFO - Started process (PID=1779) to work on /opt/airflow/dags/main.py
[2026-05-14T14:29:45.223+0000] {processor.py:830} INFO - Processing file /opt/airflow/dags/main.py for tasks to queue
[2026-05-14T14:29:45.228+0000] {logging_mixin.py:188} INFO - [2026-05-14T14:29:45.227+0000] {dagbag.py:545} INFO - Filling up the DagBag from /opt/airflow/dags/main.py
[2026-05-14T14:29:45.369+0000] {processor.py:840} INFO - DAG(s) 'produce_json' retrieved from /opt/airflow/dags/main.py
[2026-05-14T14:29:45.421+0000] {logging_mixin.py:188} INFO - [2026-05-14T14:29:45.420+0000] {dag.py:3096} INFO - Sync 1 DAGs
[2026-05-14T14:29:45.466+0000] {logging_mixin.py:188} INFO - [2026-05-14T14:29:45.466+0000] {dag.py:3954} INFO - Setting next_dagrun for produce_json to 2026-05-14 13:00:00+00:00, run_after=2026-05-15 13:00:00+00:00
[2026-05-14T14:29:45.507+0000] {processor.py:183} INFO - Processing /opt/airflow/dags/main.py took 0.301 seconds
[2026-05-14T14:30:15.751+0000] {processor.py:161} INFO - Started process (PID=1786) to work on /opt/airflow/dags/main.py
[2026-05-14T14:30:15.754+0000] {processor.py:830} INFO - Processing file /opt/airflow/dags/main.py for tasks to queue
[2026-05-14T14:30:15.758+0000] {logging_mixin.py:188} INFO - [2026-05-14T14:30:15.758+0000] {dagbag.py:545} INFO - Filling up the DagBag from /opt/airflow/dags/main.py
[2026-05-14T14:30:15.901+0000] {processor.py:840} INFO - DAG(s) 'produce_json' retrieved from /opt/airflow/dags/main.py
[2026-05-14T14:30:15.955+0000] {logging_mixin.py:188} INFO - [2026-05-14T14:30:15.955+0000] {dag.py:3096} INFO - Sync 1 DAGs
[2026-05-14T14:30:16.000+0000] {logging_mixin.py:188} INFO - [2026-05-14T14:30:16.000+0000] {dag.py:3954} INFO - Setting next_dagrun for produce_json to 2026-05-14 13:00:00+00:00, run_after=2026-05-15 13:00:00+00:00
[2026-05-14T14:30:16.039+0000] {processor.py:183} INFO - Processing /opt/airflow/dags/main.py took 0.303 seconds
[2026-05-14T14:30:46.304+0000] {processor.py:161} INFO - Started process (PID=1793) to work on /opt/airflow/dags/main.py
[2026-05-14T14:30:46.306+0000] {processor.py:830} INFO - Processing file /opt/airflow/dags/main.py for tasks to queue
[2026-05-14T14:30:46.311+0000] {logging_mixin.py:188} INFO - [2026-05-14T14:30:46.311+0000] {dagbag.py:545} INFO - Filling up the DagBag from /opt/airflow/dags/main.py
[2026-05-14T14:30:46.448+0000] {processor.py:840} INFO - DAG(s) 'produce_json' retrieved from /opt/airflow/dags/main.py
[2026-05-14T14:30:46.499+0000] {logging_mixin.py:188} INFO - [2026-05-14T14:30:46.498+0000] {dag.py:3096} INFO - Sync 1 DAGs
[2026-05-14T14:30:46.541+0000] {logging_mixin.py:188} INFO - [2026-05-14T14:30:46.541+0000] {dag.py:3954} INFO - Setting next_dagrun for produce_json to 2026-05-14 13:00:00+00:00, run_after=2026-05-15 13:00:00+00:00
[2026-05-14T14:30:46.578+0000] {processor.py:183} INFO - Processing /opt/airflow/dags/main.py took 0.289 seconds
[2026-05-14T14:31:16.785+0000] {processor.py:161} INFO - Started process (PID=1800) to work on /opt/airflow/dags/main.py
[2026-05-14T14:31:16.788+0000] {processor.py:830} INFO - Processing file /opt/airflow/dags/main.py for tasks to queue
[2026-05-14T14:31:16.796+0000] {logging_mixin.py:188} INFO - [2026-05-14T14:31:16.795+0000] {dagbag.py:545} INFO - Filling up the DagBag from /opt/airflow/dags/main.py
[2026-05-14T14:31:16.956+0000] {processor.py:840} INFO - DAG(s) 'produce_json' retrieved from /opt/airflow/dags/main.py
[2026-05-14T14:31:17.028+0000] {logging_mixin.py:188} INFO - [2026-05-14T14:31:17.026+0000] {dag.py:3096} INFO - Sync 1 DAGs
[2026-05-14T14:31:17.084+0000] {logging_mixin.py:188} INFO - [2026-05-14T14:31:17.083+0000] {dag.py:3954} INFO - Setting next_dagrun for produce_json to 2026-05-14 13:00:00+00:00, run_after=2026-05-15 13:00:00+00:00
[2026-05-14T14:31:17.131+0000] {processor.py:183} INFO - Processing /opt/airflow/dags/main.py took 0.367 seconds
[2026-05-14T14:31:47.315+0000] {processor.py:161} INFO - Started process (PID=1807) to work on /opt/airflow/dags/main.py
[2026-05-14T14:31:47.317+0000] {processor.py:830} INFO - Processing file /opt/airflow/dags/main.py for tasks to queue
[2026-05-14T14:31:47.324+0000] {logging_mixin.py:188} INFO - [2026-05-14T14:31:47.324+0000] {dagbag.py:545} INFO - Filling up the DagBag from /opt/airflow/dags/main.py
[2026-05-14T14:31:47.449+0000] {processor.py:840} INFO - DAG(s) 'produce_json' retrieved from /opt/airflow/dags/main.py
[2026-05-14T14:31:47.514+0000] {logging_mixin.py:188} INFO - [2026-05-14T14:31:47.514+0000] {dag.py:3096} INFO - Sync 1 DAGs
[2026-05-14T14:31:47.588+0000] {logging_mixin.py:188} INFO - [2026-05-14T14:31:47.588+0000] {dag.py:3954} INFO - Setting next_dagrun for produce_json to 2026-05-14 13:00:00+00:00, run_after=2026-05-15 13:00:00+00:00
[2026-05-14T14:31:47.641+0000] {processor.py:183} INFO - Processing /opt/airflow/dags/main.py took 0.351 seconds
[2026-05-14T14:32:18.408+0000] {processor.py:161} INFO - Started process (PID=1814) to work on /opt/airflow/dags/main.py
[2026-05-14T14:32:18.411+0000] {processor.py:830} INFO - Processing file /opt/airflow/dags/main.py for tasks to queue
[2026-05-14T14:32:18.416+0000] {logging_mixin.py:188} INFO - [2026-05-14T14:32:18.415+0000] {dagbag.py:545} INFO - Filling up the DagBag from /opt/airflow/dags/main.py
[2026-05-14T14:32:18.773+0000] {processor.py:840} INFO - DAG(s) 'produce_json' retrieved from /opt/airflow/dags/main.py
[2026-05-14T14:32:18.962+0000] {logging_mixin.py:188} INFO - [2026-05-14T14:32:18.961+0000] {dag.py:3096} INFO - Sync 1 DAGs
[2026-05-14T14:32:19.166+0000] {logging_mixin.py:188} INFO - [2026-05-14T14:32:19.165+0000] {dag.py:3954} INFO - Setting next_dagrun for produce_json to 2026-05-14 13:00:00+00:00, run_after=2026-05-15 13:00:00+00:00
[2026-05-14T14:32:19.423+0000] {processor.py:183} INFO - Processing /opt/airflow/dags/main.py took 1.036 seconds
[2026-05-14T14:32:50.413+0000] {processor.py:161} INFO - Started process (PID=1821) to work on /opt/airflow/dags/main.py
[2026-05-14T14:32:50.421+0000] {processor.py:830} INFO - Processing file /opt/airflow/dags/main.py for tasks to queue
[2026-05-14T14:32:50.436+0000] {logging_mixin.py:188} INFO - [2026-05-14T14:32:50.435+0000] {dagbag.py:545} INFO - Filling up the DagBag from /opt/airflow/dags/main.py
[2026-05-14T14:32:50.685+0000] {processor.py:840} INFO - DAG(s) 'produce_json' retrieved from /opt/airflow/dags/main.py
[2026-05-14T14:32:50.769+0000] {logging_mixin.py:188} INFO - [2026-05-14T14:32:50.768+0000] {dag.py:3096} INFO - Sync 1 DAGs
[2026-05-14T14:32:50.825+0000] {logging_mixin.py:188} INFO - [2026-05-14T14:32:50.824+0000] {dag.py:3954} INFO - Setting next_dagrun for produce_json to 2026-05-14 13:00:00+00:00, run_after=2026-05-15 13:00:00+00:00
[2026-05-14T14:32:50.925+0000] {processor.py:183} INFO - Processing /opt/airflow/dags/main.py took 0.556 seconds
[2026-05-14T14:33:21.247+0000] {processor.py:161} INFO - Started process (PID=1828) to work on /opt/airflow/dags/main.py
[2026-05-14T14:33:21.252+0000] {processor.py:830} INFO - Processing file /opt/airflow/dags/main.py for tasks to queue
[2026-05-14T14:33:21.264+0000] {logging_mixin.py:188} INFO - [2026-05-14T14:33:21.262+0000] {dagbag.py:545} INFO - Filling up the DagBag from /opt/airflow/dags/main.py
[2026-05-14T14:33:21.562+0000] {processor.py:840} INFO - DAG(s) 'produce_json' retrieved from /opt/airflow/dags/main.py
[2026-05-14T14:33:21.682+0000] {logging_mixin.py:188} INFO - [2026-05-14T14:33:21.681+0000] {dag.py:3096} INFO - Sync 1 DAGs
[2026-05-14T14:33:21.821+0000] {logging_mixin.py:188} INFO - [2026-05-14T14:33:21.821+0000] {dag.py:3954} INFO - Setting next_dagrun for produce_json to 2026-05-14 13:00:00+00:00, run_after=2026-05-15 13:00:00+00:00
[2026-05-14T14:33:21.932+0000] {processor.py:183} INFO - Processing /opt/airflow/dags/main.py took 0.707 seconds
[2026-05-14T14:33:52.620+0000] {processor.py:161} INFO - Started process (PID=1835) to work on /opt/airflow/dags/main.py
[2026-05-14T14:33:52.660+0000] {processor.py:830} INFO - Processing file /opt/airflow/dags/main.py for tasks to queue
[2026-05-14T14:33:52.678+0000] {logging_mixin.py:188} INFO - [2026-05-14T14:33:52.678+0000] {dagbag.py:545} INFO - Filling up the DagBag from /opt/airflow/dags/main.py
[2026-05-14T14:33:53.062+0000] {processor.py:840} INFO - DAG(s) 'produce_json' retrieved from /opt/airflow/dags/main.py
[2026-05-14T14:33:53.246+0000] {logging_mixin.py:188} INFO - [2026-05-14T14:33:53.246+0000] {dag.py:3096} INFO - Sync 1 DAGs
[2026-05-14T14:33:53.475+0000] {logging_mixin.py:188} INFO - [2026-05-14T14:33:53.474+0000] {dag.py:3954} INFO - Setting next_dagrun for produce_json to 2026-05-14 13:00:00+00:00, run_after=2026-05-15 13:00:00+00:00
[2026-05-14T14:33:53.674+0000] {processor.py:183} INFO - Processing /opt/airflow/dags/main.py took 1.108 seconds
[2026-05-14T14:34:24.473+0000] {processor.py:161} INFO - Started process (PID=1842) to work on /opt/airflow/dags/main.py
[2026-05-14T14:34:24.476+0000] {processor.py:830} INFO - Processing file /opt/airflow/dags/main.py for tasks to queue
[2026-05-14T14:34:24.488+0000] {logging_mixin.py:188} INFO - [2026-05-14T14:34:24.484+0000] {dagbag.py:545} INFO - Filling up the DagBag from /opt/airflow/dags/main.py
[2026-05-14T14:34:24.680+0000] {processor.py:840} INFO - DAG(s) 'produce_json' retrieved from /opt/airflow/dags/main.py
[2026-05-14T14:34:24.749+0000] {logging_mixin.py:188} INFO - [2026-05-14T14:34:24.749+0000] {dag.py:3096} INFO - Sync 1 DAGs
[2026-05-14T14:34:24.828+0000] {logging_mixin.py:188} INFO - [2026-05-14T14:34:24.827+0000] {dag.py:3954} INFO - Setting next_dagrun for produce_json to 2026-05-14 13:00:00+00:00, run_after=2026-05-15 13:00:00+00:00
[2026-05-14T14:34:24.916+0000] {processor.py:183} INFO - Processing /opt/airflow/dags/main.py took 0.469 seconds
[2026-05-14T14:34:55.445+0000] {processor.py:161} INFO - Started process (PID=1849) to work on /opt/airflow/dags/main.py
[2026-05-14T14:34:55.451+0000] {processor.py:830} INFO - Processing file /opt/airflow/dags/main.py for tasks to queue
[2026-05-14T14:34:55.463+0000] {logging_mixin.py:188} INFO - [2026-05-14T14:34:55.462+0000] {dagbag.py:545} INFO - Filling up the DagBag from /opt/airflow/dags/main.py
[2026-05-14T14:34:55.645+0000] {processor.py:840} INFO - DAG(s) 'produce_json' retrieved from /opt/airflow/dags/main.py
[2026-05-14T14:34:55.705+0000] {logging_mixin.py:188} INFO - [2026-05-14T14:34:55.705+0000] {dag.py:3096} INFO - Sync 1 DAGs
[2026-05-14T14:34:55.763+0000] {logging_mixin.py:188} INFO - [2026-05-14T14:34:55.763+0000] {dag.py:3954} INFO - Setting next_dagrun for produce_json to 2026-05-14 13:00:00+00:00, run_after=2026-05-15 13:00:00+00:00
[2026-05-14T14:34:55.850+0000] {processor.py:183} INFO - Processing /opt/airflow/dags/main.py took 0.445 seconds
[2026-05-14T14:35:26.660+0000] {processor.py:161} INFO - Started process (PID=1856) to work on /opt/airflow/dags/main.py
[2026-05-14T14:35:26.663+0000] {processor.py:830} INFO - Processing file /opt/airflow/dags/main.py for tasks to queue
[2026-05-14T14:35:26.668+0000] {logging_mixin.py:188} INFO - [2026-05-14T14:35:26.667+0000] {dagbag.py:545} INFO - Filling up the DagBag from /opt/airflow/dags/main.py
[2026-05-14T14:35:26.814+0000] {processor.py:840} INFO - DAG(s) 'produce_json' retrieved from /opt/airflow/dags/main.py
[2026-05-14T14:35:26.869+0000] {logging_mixin.py:188} INFO - [2026-05-14T14:35:26.869+0000] {dag.py:3096} INFO - Sync 1 DAGs
[2026-05-14T14:35:26.966+0000] {logging_mixin.py:188} INFO - [2026-05-14T14:35:26.965+0000] {dag.py:3954} INFO - Setting next_dagrun for produce_json to 2026-05-14 13:00:00+00:00, run_after=2026-05-15 13:00:00+00:00
[2026-05-14T14:35:27.023+0000] {processor.py:183} INFO - Processing /opt/airflow/dags/main.py took 0.380 seconds
[2026-05-14T14:35:57.496+0000] {processor.py:161} INFO - Started process (PID=1863) to work on /opt/airflow/dags/main.py
[2026-05-14T14:35:57.499+0000] {processor.py:830} INFO - Processing file /opt/airflow/dags/main.py for tasks to queue
[2026-05-14T14:35:57.504+0000] {logging_mixin.py:188} INFO - [2026-05-14T14:35:57.503+0000] {dagbag.py:545} INFO - Filling up the DagBag from /opt/airflow/dags/main.py
[2026-05-14T14:35:57.656+0000] {processor.py:840} INFO - DAG(s) 'produce_json' retrieved from /opt/airflow/dags/main.py
[2026-05-14T14:35:57.762+0000] {logging_mixin.py:188} INFO - [2026-05-14T14:35:57.761+0000] {dag.py:3096} INFO - Sync 1 DAGs
[2026-05-14T14:35:57.910+0000] {logging_mixin.py:188} INFO - [2026-05-14T14:35:57.905+0000] {dag.py:3954} INFO - Setting next_dagrun for produce_json to 2026-05-14 13:00:00+00:00, run_after=2026-05-15 13:00:00+00:00
[2026-05-14T14:35:58.015+0000] {processor.py:183} INFO - Processing /opt/airflow/dags/main.py took 0.542 seconds
[2026-05-14T14:36:28.564+0000] {processor.py:161} INFO - Started process (PID=1870) to work on /opt/airflow/dags/main.py
[2026-05-14T14:36:28.566+0000] {processor.py:830} INFO - Processing file /opt/airflow/dags/main.py for tasks to queue
[2026-05-14T14:36:28.571+0000] {logging_mixin.py:188} INFO - [2026-05-14T14:36:28.570+0000] {dagbag.py:545} INFO - Filling up the DagBag from /opt/airflow/dags/main.py
[2026-05-14T14:36:28.691+0000] {processor.py:840} INFO - DAG(s) 'produce_json' retrieved from /opt/airflow/dags/main.py
[2026-05-14T14:36:28.740+0000] {logging_mixin.py:188} INFO - [2026-05-14T14:36:28.739+0000] {dag.py:3096} INFO - Sync 1 DAGs
[2026-05-14T14:36:28.824+0000] {logging_mixin.py:188} INFO - [2026-05-14T14:36:28.823+0000] {dag.py:3954} INFO - Setting next_dagrun for produce_json to 2026-05-14 13:00:00+00:00, run_after=2026-05-15 13:00:00+00:00
[2026-05-14T14:36:28.903+0000] {processor.py:183} INFO - Processing /opt/airflow/dags/main.py took 0.357 seconds
[2026-05-14T14:36:59.477+0000] {processor.py:161} INFO - Started process (PID=1877) to work on /opt/airflow/dags/main.py
[2026-05-14T14:36:59.481+0000] {processor.py:830} INFO - Processing file /opt/airflow/dags/main.py for tasks to queue
[2026-05-14T14:36:59.488+0000] {logging_mixin.py:188} INFO - [2026-05-14T14:36:59.487+0000] {dagbag.py:545} INFO - Filling up the DagBag from /opt/airflow/dags/main.py
[2026-05-14T14:36:59.669+0000] {processor.py:840} INFO - DAG(s) 'produce_json' retrieved from /opt/airflow/dags/main.py
[2026-05-14T14:36:59.733+0000] {logging_mixin.py:188} INFO - [2026-05-14T14:36:59.732+0000] {dag.py:3096} INFO - Sync 1 DAGs
[2026-05-14T14:36:59.797+0000] {logging_mixin.py:188} INFO - [2026-05-14T14:36:59.797+0000] {dag.py:3954} INFO - Setting next_dagrun for produce_json to 2026-05-14 13:00:00+00:00, run_after=2026-05-15 13:00:00+00:00
[2026-05-14T14:36:59.855+0000] {processor.py:183} INFO - Processing /opt/airflow/dags/main.py took 0.400 seconds
[2026-05-14T14:37:29.975+0000] {processor.py:161} INFO - Started process (PID=1884) to work on /opt/airflow/dags/main.py
[2026-05-14T14:37:29.978+0000] {processor.py:830} INFO - Processing file /opt/airflow/dags/main.py for tasks to queue
[2026-05-14T14:37:29.985+0000] {logging_mixin.py:188} INFO - [2026-05-14T14:37:29.984+0000] {dagbag.py:545} INFO - Filling up the DagBag from /opt/airflow/dags/main.py
[2026-05-14T14:37:30.298+0000] {processor.py:840} INFO - DAG(s) 'produce_json' retrieved from /opt/airflow/dags/main.py
[2026-05-14T14:37:30.456+0000] {logging_mixin.py:188} INFO - [2026-05-14T14:37:30.456+0000] {dag.py:3096} INFO - Sync 1 DAGs
[2026-05-14T14:37:30.645+0000] {logging_mixin.py:188} INFO - [2026-05-14T14:37:30.642+0000] {dag.py:3954} INFO - Setting next_dagrun for produce_json to 2026-05-14 13:00:00+00:00, run_after=2026-05-15 13:00:00+00:00
[2026-05-14T14:37:30.827+0000] {processor.py:183} INFO - Processing /opt/airflow/dags/main.py took 0.868 seconds
[2026-05-14T14:38:01.131+0000] {processor.py:161} INFO - Started process (PID=1891) to work on /opt/airflow/dags/main.py
[2026-05-14T14:38:01.138+0000] {processor.py:830} INFO - Processing file /opt/airflow/dags/main.py for tasks to queue
[2026-05-14T14:38:01.149+0000] {logging_mixin.py:188} INFO - [2026-05-14T14:38:01.148+0000] {dagbag.py:545} INFO - Filling up the DagBag from /opt/airflow/dags/main.py
[2026-05-14T14:38:01.356+0000] {processor.py:840} INFO - DAG(s) 'produce_json' retrieved from /opt/airflow/dags/main.py
[2026-05-14T14:38:01.414+0000] {logging_mixin.py:188} INFO - [2026-05-14T14:38:01.413+0000] {dag.py:3096} INFO - Sync 1 DAGs
[2026-05-14T14:38:01.477+0000] {logging_mixin.py:188} INFO - [2026-05-14T14:38:01.476+0000] {dag.py:3954} INFO - Setting next_dagrun for produce_json to 2026-05-14 13:00:00+00:00, run_after=2026-05-15 13:00:00+00:00
[2026-05-14T14:38:01.536+0000] {processor.py:183} INFO - Processing /opt/airflow/dags/main.py took 0.445 seconds
[2026-05-14T14:38:32.108+0000] {processor.py:161} INFO - Started process (PID=1905) to work on /opt/airflow/dags/main.py
[2026-05-14T14:38:32.112+0000] {processor.py:830} INFO - Processing file /opt/airflow/dags/main.py for tasks to queue
[2026-05-14T14:38:32.120+0000] {logging_mixin.py:188} INFO - [2026-05-14T14:38:32.118+0000] {dagbag.py:545} INFO - Filling up the DagBag from /opt/airflow/dags/main.py
[2026-05-14T14:38:32.373+0000] {processor.py:840} INFO - DAG(s) 'produce_json' retrieved from /opt/airflow/dags/main.py
[2026-05-14T14:38:32.476+0000] {logging_mixin.py:188} INFO - [2026-05-14T14:38:32.475+0000] {dag.py:3096} INFO - Sync 1 DAGs
[2026-05-14T14:38:32.574+0000] {logging_mixin.py:188} INFO - [2026-05-14T14:38:32.573+0000] {dag.py:3954} INFO - Setting next_dagrun for produce_json to 2026-05-14 13:00:00+00:00, run_after=2026-05-15 13:00:00+00:00
[2026-05-14T14:38:32.640+0000] {processor.py:183} INFO - Processing /opt/airflow/dags/main.py took 0.564 seconds
[2026-05-14T14:39:03.704+0000] {processor.py:161} INFO - Started process (PID=1912) to work on /opt/airflow/dags/main.py
[2026-05-14T14:39:03.706+0000] {processor.py:830} INFO - Processing file /opt/airflow/dags/main.py for tasks to queue
[2026-05-14T14:39:03.711+0000] {logging_mixin.py:188} INFO - [2026-05-14T14:39:03.710+0000] {dagbag.py:545} INFO - Filling up the DagBag from /opt/airflow/dags/main.py
[2026-05-14T14:39:03.866+0000] {processor.py:840} INFO - DAG(s) 'produce_json' retrieved from /opt/airflow/dags/main.py
[2026-05-14T14:39:03.945+0000] {logging_mixin.py:188} INFO - [2026-05-14T14:39:03.944+0000] {dag.py:3096} INFO - Sync 1 DAGs
[2026-05-14T14:39:04.046+0000] {logging_mixin.py:188} INFO - [2026-05-14T14:39:04.046+0000] {dag.py:3954} INFO - Setting next_dagrun for produce_json to 2026-05-14 13:00:00+00:00, run_after=2026-05-15 13:00:00+00:00
[2026-05-14T14:39:04.104+0000] {processor.py:183} INFO - Processing /opt/airflow/dags/main.py took 0.418 seconds
[2026-05-14T14:39:34.282+0000] {processor.py:161} INFO - Started process (PID=1919) to work on /opt/airflow/dags/main.py
[2026-05-14T14:39:34.284+0000] {processor.py:830} INFO - Processing file /opt/airflow/dags/main.py for tasks to queue
[2026-05-14T14:39:34.290+0000] {logging_mixin.py:188} INFO - [2026-05-14T14:39:34.289+0000] {dagbag.py:545} INFO - Filling up the DagBag from /opt/airflow/dags/main.py
[2026-05-14T14:39:34.407+0000] {processor.py:840} INFO - DAG(s) 'produce_json' retrieved from /opt/airflow/dags/main.py
[2026-05-14T14:39:34.495+0000] {logging_mixin.py:188} INFO - [2026-05-14T14:39:34.495+0000] {dag.py:3096} INFO - Sync 1 DAGs
[2026-05-14T14:39:34.564+0000] {logging_mixin.py:188} INFO - [2026-05-14T14:39:34.564+0000] {dag.py:3954} INFO - Setting next_dagrun for produce_json to 2026-05-14 13:00:00+00:00, run_after=2026-05-15 13:00:00+00:00
[2026-05-14T14:39:34.622+0000] {processor.py:183} INFO - Processing /opt/airflow/dags/main.py took 0.359 seconds
[2026-05-14T14:40:05.066+0000] {processor.py:161} INFO - Started process (PID=1926) to work on /opt/airflow/dags/main.py
[2026-05-14T14:40:05.068+0000] {processor.py:830} INFO - Processing file /opt/airflow/dags/main.py for tasks to queue
[2026-05-14T14:40:05.072+0000] {logging_mixin.py:188} INFO - [2026-05-14T14:40:05.071+0000] {dagbag.py:545} INFO - Filling up the DagBag from /opt/airflow/dags/main.py
[2026-05-14T14:40:05.194+0000] {processor.py:840} INFO - DAG(s) 'produce_json' retrieved from /opt/airflow/dags/main.py
[2026-05-14T14:40:05.252+0000] {logging_mixin.py:188} INFO - [2026-05-14T14:40:05.252+0000] {dag.py:3096} INFO - Sync 1 DAGs
[2026-05-14T14:40:05.320+0000] {logging_mixin.py:188} INFO - [2026-05-14T14:40:05.319+0000] {dag.py:3954} INFO - Setting next_dagrun for produce_json to 2026-05-14 13:00:00+00:00, run_after=2026-05-15 13:00:00+00:00
[2026-05-14T14:40:05.369+0000] {processor.py:183} INFO - Processing /opt/airflow/dags/main.py took 0.319 seconds
[2026-05-14T14:40:35.810+0000] {processor.py:161} INFO - Started process (PID=1933) to work on /opt/airflow/dags/main.py
[2026-05-14T14:40:35.823+0000] {processor.py:830} INFO - Processing file /opt/airflow/dags/main.py for tasks to queue
[2026-05-14T14:40:35.838+0000] {logging_mixin.py:188} INFO - [2026-05-14T14:40:35.837+0000] {dagbag.py:545} INFO - Filling up the DagBag from /opt/airflow/dags/main.py
[2026-05-14T14:40:36.198+0000] {processor.py:840} INFO - DAG(s) 'produce_json' retrieved from /opt/airflow/dags/main.py
[2026-05-14T14:40:36.306+0000] {logging_mixin.py:188} INFO - [2026-05-14T14:40:36.305+0000] {dag.py:3096} INFO - Sync 1 DAGs
[2026-05-14T14:40:36.430+0000] {logging_mixin.py:188} INFO - [2026-05-14T14:40:36.430+0000] {dag.py:3954} INFO - Setting next_dagrun for produce_json to 2026-05-14 13:00:00+00:00, run_after=2026-05-15 13:00:00+00:00
[2026-05-14T14:40:36.975+0000] {processor.py:183} INFO - Processing /opt/airflow/dags/main.py took 1.221 seconds
[2026-05-14T14:41:07.797+0000] {processor.py:161} INFO - Started process (PID=1940) to work on /opt/airflow/dags/main.py
[2026-05-14T14:41:07.800+0000] {processor.py:830} INFO - Processing file /opt/airflow/dags/main.py for tasks to queue
[2026-05-14T14:41:07.806+0000] {logging_mixin.py:188} INFO - [2026-05-14T14:41:07.805+0000] {dagbag.py:545} INFO - Filling up the DagBag from /opt/airflow/dags/main.py
[2026-05-14T14:41:07.961+0000] {processor.py:840} INFO - DAG(s) 'produce_json' retrieved from /opt/airflow/dags/main.py
[2026-05-14T14:41:08.014+0000] {logging_mixin.py:188} INFO - [2026-05-14T14:41:08.013+0000] {dag.py:3096} INFO - Sync 1 DAGs
[2026-05-14T14:41:08.064+0000] {logging_mixin.py:188} INFO - [2026-05-14T14:41:08.064+0000] {dag.py:3954} INFO - Setting next_dagrun for produce_json to 2026-05-14 13:00:00+00:00, run_after=2026-05-15 13:00:00+00:00
[2026-05-14T14:41:08.116+0000] {processor.py:183} INFO - Processing /opt/airflow/dags/main.py took 0.332 seconds
[2026-05-14T14:41:38.429+0000] {processor.py:161} INFO - Started process (PID=1947) to work on /opt/airflow/dags/main.py
[2026-05-14T14:41:38.432+0000] {processor.py:830} INFO - Processing file /opt/airflow/dags/main.py for tasks to queue
[2026-05-14T14:41:38.438+0000] {logging_mixin.py:188} INFO - [2026-05-14T14:41:38.437+0000] {dagbag.py:545} INFO - Filling up the DagBag from /opt/airflow/dags/main.py
[2026-05-14T14:41:38.656+0000] {processor.py:840} INFO - DAG(s) 'produce_json' retrieved from /opt/airflow/dags/main.py
[2026-05-14T14:41:38.739+0000] {logging_mixin.py:188} INFO - [2026-05-14T14:41:38.739+0000] {dag.py:3096} INFO - Sync 1 DAGs
[2026-05-14T14:41:38.803+0000] {logging_mixin.py:188} INFO - [2026-05-14T14:41:38.802+0000] {dag.py:3954} INFO - Setting next_dagrun for produce_json to 2026-05-14 13:00:00+00:00, run_after=2026-05-15 13:00:00+00:00
[2026-05-14T14:41:38.853+0000] {processor.py:183} INFO - Processing /opt/airflow/dags/main.py took 0.440 seconds
[2026-05-14T14:42:09.522+0000] {processor.py:161} INFO - Started process (PID=1954) to work on /opt/airflow/dags/main.py
[2026-05-14T14:42:09.525+0000] {processor.py:830} INFO - Processing file /opt/airflow/dags/main.py for tasks to queue
[2026-05-14T14:42:09.533+0000] {logging_mixin.py:188} INFO - [2026-05-14T14:42:09.532+0000] {dagbag.py:545} INFO - Filling up the DagBag from /opt/airflow/dags/main.py
[2026-05-14T14:42:09.641+0000] {processor.py:840} INFO - DAG(s) 'produce_json' retrieved from /opt/airflow/dags/main.py
[2026-05-14T14:42:09.687+0000] {logging_mixin.py:188} INFO - [2026-05-14T14:42:09.686+0000] {dag.py:3096} INFO - Sync 1 DAGs
[2026-05-14T14:42:09.731+0000] {logging_mixin.py:188} INFO - [2026-05-14T14:42:09.731+0000] {dag.py:3954} INFO - Setting next_dagrun for produce_json to 2026-05-14 13:00:00+00:00, run_after=2026-05-15 13:00:00+00:00
[2026-05-14T14:42:09.772+0000] {processor.py:183} INFO - Processing /opt/airflow/dags/main.py took 0.267 seconds
[2026-05-14T14:42:40.127+0000] {processor.py:161} INFO - Started process (PID=1961) to work on /opt/airflow/dags/main.py
[2026-05-14T14:42:40.129+0000] {processor.py:830} INFO - Processing file /opt/airflow/dags/main.py for tasks to queue
[2026-05-14T14:42:40.135+0000] {logging_mixin.py:188} INFO - [2026-05-14T14:42:40.134+0000] {dagbag.py:545} INFO - Filling up the DagBag from /opt/airflow/dags/main.py
[2026-05-14T14:42:40.269+0000] {processor.py:840} INFO - DAG(s) 'produce_json' retrieved from /opt/airflow/dags/main.py
[2026-05-14T14:42:40.344+0000] {logging_mixin.py:188} INFO - [2026-05-14T14:42:40.343+0000] {dag.py:3096} INFO - Sync 1 DAGs
[2026-05-14T14:42:40.421+0000] {logging_mixin.py:188} INFO - [2026-05-14T14:42:40.420+0000] {dag.py:3954} INFO - Setting next_dagrun for produce_json to 2026-05-14 13:00:00+00:00, run_after=2026-05-15 13:00:00+00:00
[2026-05-14T14:42:40.501+0000] {processor.py:183} INFO - Processing /opt/airflow/dags/main.py took 0.391 seconds
[2026-05-14T14:43:11.293+0000] {processor.py:161} INFO - Started process (PID=1968) to work on /opt/airflow/dags/main.py
[2026-05-14T14:43:11.306+0000] {processor.py:830} INFO - Processing file /opt/airflow/dags/main.py for tasks to queue
[2026-05-14T14:43:11.312+0000] {logging_mixin.py:188} INFO - [2026-05-14T14:43:11.311+0000] {dagbag.py:545} INFO - Filling up the DagBag from /opt/airflow/dags/main.py
[2026-05-14T14:43:11.675+0000] {processor.py:840} INFO - DAG(s) 'produce_json' retrieved from /opt/airflow/dags/main.py
[2026-05-14T14:43:11.818+0000] {logging_mixin.py:188} INFO - [2026-05-14T14:43:11.817+0000] {dag.py:3096} INFO - Sync 1 DAGs
[2026-05-14T14:43:11.866+0000] {logging_mixin.py:188} INFO - [2026-05-14T14:43:11.865+0000] {dag.py:3954} INFO - Setting next_dagrun for produce_json to 2026-05-14 13:00:00+00:00, run_after=2026-05-15 13:00:00+00:00
[2026-05-14T14:43:11.905+0000] {processor.py:183} INFO - Processing /opt/airflow/dags/main.py took 0.656 seconds
[2026-05-14T14:43:42.303+0000] {processor.py:161} INFO - Started process (PID=1976) to work on /opt/airflow/dags/main.py
[2026-05-14T14:43:42.305+0000] {processor.py:830} INFO - Processing file /opt/airflow/dags/main.py for tasks to queue
[2026-05-14T14:43:42.309+0000] {logging_mixin.py:188} INFO - [2026-05-14T14:43:42.309+0000] {dagbag.py:545} INFO - Filling up the DagBag from /opt/airflow/dags/main.py
[2026-05-14T14:43:42.425+0000] {processor.py:840} INFO - DAG(s) 'produce_json' retrieved from /opt/airflow/dags/main.py
[2026-05-14T14:43:42.468+0000] {logging_mixin.py:188} INFO - [2026-05-14T14:43:42.468+0000] {dag.py:3096} INFO - Sync 1 DAGs
[2026-05-14T14:43:42.513+0000] {logging_mixin.py:188} INFO - [2026-05-14T14:43:42.512+0000] {dag.py:3954} INFO - Setting next_dagrun for produce_json to 2026-05-14 13:00:00+00:00, run_after=2026-05-15 13:00:00+00:00
[2026-05-14T14:43:42.605+0000] {processor.py:183} INFO - Processing /opt/airflow/dags/main.py took 0.315 seconds
[2026-05-14T14:44:12.812+0000] {processor.py:161} INFO - Started process (PID=1983) to work on /opt/airflow/dags/main.py
[2026-05-14T14:44:12.815+0000] {processor.py:830} INFO - Processing file /opt/airflow/dags/main.py for tasks to queue
[2026-05-14T14:44:12.822+0000] {logging_mixin.py:188} INFO - [2026-05-14T14:44:12.821+0000] {dagbag.py:545} INFO - Filling up the DagBag from /opt/airflow/dags/main.py
[2026-05-14T14:44:12.986+0000] {processor.py:840} INFO - DAG(s) 'produce_json' retrieved from /opt/airflow/dags/main.py
[2026-05-14T14:44:13.119+0000] {logging_mixin.py:188} INFO - [2026-05-14T14:44:13.117+0000] {dag.py:3096} INFO - Sync 1 DAGs
[2026-05-14T14:44:13.182+0000] {logging_mixin.py:188} INFO - [2026-05-14T14:44:13.182+0000] {dag.py:3954} INFO - Setting next_dagrun for produce_json to 2026-05-14 13:00:00+00:00, run_after=2026-05-15 13:00:00+00:00
[2026-05-14T14:44:13.239+0000] {processor.py:183} INFO - Processing /opt/airflow/dags/main.py took 0.448 seconds
[2026-05-14T14:44:43.801+0000] {processor.py:161} INFO - Started process (PID=1990) to work on /opt/airflow/dags/main.py
[2026-05-14T14:44:43.848+0000] {processor.py:830} INFO - Processing file /opt/airflow/dags/main.py for tasks to queue
[2026-05-14T14:44:43.866+0000] {logging_mixin.py:188} INFO - [2026-05-14T14:44:43.865+0000] {dagbag.py:545} INFO - Filling up the DagBag from /opt/airflow/dags/main.py
[2026-05-14T14:44:44.186+0000] {processor.py:840} INFO - DAG(s) 'produce_json' retrieved from /opt/airflow/dags/main.py
[2026-05-14T14:44:44.389+0000] {logging_mixin.py:188} INFO - [2026-05-14T14:44:44.388+0000] {dag.py:3096} INFO - Sync 1 DAGs
[2026-05-14T14:44:44.643+0000] {logging_mixin.py:188} INFO - [2026-05-14T14:44:44.642+0000] {dag.py:3954} INFO - Setting next_dagrun for produce_json to 2026-05-14 13:00:00+00:00, run_after=2026-05-15 13:00:00+00:00
[2026-05-14T14:44:44.800+0000] {processor.py:183} INFO - Processing /opt/airflow/dags/main.py took 1.051 seconds
[2026-05-14T14:45:14.973+0000] {processor.py:161} INFO - Started process (PID=1997) to work on /opt/airflow/dags/main.py
[2026-05-14T14:45:14.976+0000] {processor.py:830} INFO - Processing file /opt/airflow/dags/main.py for tasks to queue
[2026-05-14T14:45:14.982+0000] {logging_mixin.py:188} INFO - [2026-05-14T14:45:14.981+0000] {dagbag.py:545} INFO - Filling up the DagBag from /opt/airflow/dags/main.py
[2026-05-14T14:45:15.141+0000] {processor.py:840} INFO - DAG(s) 'produce_json' retrieved from /opt/airflow/dags/main.py
[2026-05-14T14:45:15.201+0000] {logging_mixin.py:188} INFO - [2026-05-14T14:45:15.200+0000] {dag.py:3096} INFO - Sync 1 DAGs
[2026-05-14T14:45:15.270+0000] {logging_mixin.py:188} INFO - [2026-05-14T14:45:15.269+0000] {dag.py:3954} INFO - Setting next_dagrun for produce_json to 2026-05-14 13:00:00+00:00, run_after=2026-05-15 13:00:00+00:00
[2026-05-14T14:45:15.335+0000] {processor.py:183} INFO - Processing /opt/airflow/dags/main.py took 0.386 seconds
[2026-05-14T14:45:45.838+0000] {processor.py:161} INFO - Started process (PID=2004) to work on /opt/airflow/dags/main.py
[2026-05-14T14:45:45.841+0000] {processor.py:830} INFO - Processing file /opt/airflow/dags/main.py for tasks to queue
[2026-05-14T14:45:45.845+0000] {logging_mixin.py:188} INFO - [2026-05-14T14:45:45.845+0000] {dagbag.py:545} INFO - Filling up the DagBag from /opt/airflow/dags/main.py
[2026-05-14T14:45:45.988+0000] {processor.py:840} INFO - DAG(s) 'produce_json' retrieved from /opt/airflow/dags/main.py
[2026-05-14T14:45:46.051+0000] {logging_mixin.py:188} INFO - [2026-05-14T14:45:46.051+0000] {dag.py:3096} INFO - Sync 1 DAGs
[2026-05-14T14:45:46.108+0000] {logging_mixin.py:188} INFO - [2026-05-14T14:45:46.108+0000] {dag.py:3954} INFO - Setting next_dagrun for produce_json to 2026-05-14 13:00:00+00:00, run_after=2026-05-15 13:00:00+00:00
[2026-05-14T14:45:46.155+0000] {processor.py:183} INFO - Processing /opt/airflow/dags/main.py took 0.335 seconds
[2026-05-14T14:46:16.348+0000] {processor.py:161} INFO - Started process (PID=2012) to work on /opt/airflow/dags/main.py
[2026-05-14T14:46:16.351+0000] {processor.py:830} INFO - Processing file /opt/airflow/dags/main.py for tasks to queue
[2026-05-14T14:46:16.357+0000] {logging_mixin.py:188} INFO - [2026-05-14T14:46:16.356+0000] {dagbag.py:545} INFO - Filling up the DagBag from /opt/airflow/dags/main.py
[2026-05-14T14:46:16.557+0000] {processor.py:840} INFO - DAG(s) 'produce_json' retrieved from /opt/airflow/dags/main.py
[2026-05-14T14:46:16.641+0000] {logging_mixin.py:188} INFO - [2026-05-14T14:46:16.640+0000] {dag.py:3096} INFO - Sync 1 DAGs
[2026-05-14T14:46:16.717+0000] {logging_mixin.py:188} INFO - [2026-05-14T14:46:16.717+0000] {dag.py:3954} INFO - Setting next_dagrun for produce_json to 2026-05-14 13:00:00+00:00, run_after=2026-05-15 13:00:00+00:00
[2026-05-14T14:46:16.772+0000] {processor.py:183} INFO - Processing /opt/airflow/dags/main.py took 0.450 seconds
[2026-05-14T14:46:47.201+0000] {processor.py:161} INFO - Started process (PID=2019) to work on /opt/airflow/dags/main.py
[2026-05-14T14:46:47.203+0000] {processor.py:830} INFO - Processing file /opt/airflow/dags/main.py for tasks to queue
[2026-05-14T14:46:47.209+0000] {logging_mixin.py:188} INFO - [2026-05-14T14:46:47.208+0000] {dagbag.py:545} INFO - Filling up the DagBag from /opt/airflow/dags/main.py
[2026-05-14T14:46:47.324+0000] {processor.py:840} INFO - DAG(s) 'produce_json' retrieved from /opt/airflow/dags/main.py
[2026-05-14T14:46:47.369+0000] {logging_mixin.py:188} INFO - [2026-05-14T14:46:47.368+0000] {dag.py:3096} INFO - Sync 1 DAGs
[2026-05-14T14:46:47.415+0000] {logging_mixin.py:188} INFO - [2026-05-14T14:46:47.414+0000] {dag.py:3954} INFO - Setting next_dagrun for produce_json to 2026-05-14 13:00:00+00:00, run_after=2026-05-15 13:00:00+00:00
[2026-05-14T14:46:47.456+0000] {processor.py:183} INFO - Processing /opt/airflow/dags/main.py took 0.272 seconds
[2026-05-14T14:47:17.549+0000] {processor.py:161} INFO - Started process (PID=2026) to work on /opt/airflow/dags/main.py
[2026-05-14T14:47:17.552+0000] {processor.py:830} INFO - Processing file /opt/airflow/dags/main.py for tasks to queue
[2026-05-14T14:47:17.556+0000] {logging_mixin.py:188} INFO - [2026-05-14T14:47:17.556+0000] {dagbag.py:545} INFO - Filling up the DagBag from /opt/airflow/dags/main.py
[2026-05-14T14:47:17.684+0000] {processor.py:840} INFO - DAG(s) 'produce_json' retrieved from /opt/airflow/dags/main.py
[2026-05-14T14:47:17.739+0000] {logging_mixin.py:188} INFO - [2026-05-14T14:47:17.738+0000] {dag.py:3096} INFO - Sync 1 DAGs
[2026-05-14T14:47:17.784+0000] {logging_mixin.py:188} INFO - [2026-05-14T14:47:17.784+0000] {dag.py:3954} INFO - Setting next_dagrun for produce_json to 2026-05-14 13:00:00+00:00, run_after=2026-05-15 13:00:00+00:00
[2026-05-14T14:47:17.825+0000] {processor.py:183} INFO - Processing /opt/airflow/dags/main.py took 0.290 seconds
[2026-05-14T14:47:48.171+0000] {processor.py:161} INFO - Started process (PID=2034) to work on /opt/airflow/dags/main.py
[2026-05-14T14:47:48.174+0000] {processor.py:830} INFO - Processing file /opt/airflow/dags/main.py for tasks to queue
[2026-05-14T14:47:48.183+0000] {logging_mixin.py:188} INFO - [2026-05-14T14:47:48.182+0000] {dagbag.py:545} INFO - Filling up the DagBag from /opt/airflow/dags/main.py
[2026-05-14T14:47:48.321+0000] {processor.py:840} INFO - DAG(s) 'produce_json' retrieved from /opt/airflow/dags/main.py
[2026-05-14T14:47:48.388+0000] {logging_mixin.py:188} INFO - [2026-05-14T14:47:48.387+0000] {dag.py:3096} INFO - Sync 1 DAGs
[2026-05-14T14:47:48.473+0000] {logging_mixin.py:188} INFO - [2026-05-14T14:47:48.472+0000] {dag.py:3954} INFO - Setting next_dagrun for produce_json to 2026-05-14 13:00:00+00:00, run_after=2026-05-15 13:00:00+00:00
[2026-05-14T14:47:48.558+0000] {processor.py:183} INFO - Processing /opt/airflow/dags/main.py took 0.411 seconds
[2026-05-14T14:48:18.953+0000] {processor.py:161} INFO - Started process (PID=2041) to work on /opt/airflow/dags/main.py
[2026-05-14T14:48:18.956+0000] {processor.py:830} INFO - Processing file /opt/airflow/dags/main.py for tasks to queue
[2026-05-14T14:48:18.960+0000] {logging_mixin.py:188} INFO - [2026-05-14T14:48:18.960+0000] {dagbag.py:545} INFO - Filling up the DagBag from /opt/airflow/dags/main.py
[2026-05-14T14:48:19.072+0000] {processor.py:840} INFO - DAG(s) 'produce_json' retrieved from /opt/airflow/dags/main.py
[2026-05-14T14:48:19.119+0000] {logging_mixin.py:188} INFO - [2026-05-14T14:48:19.118+0000] {dag.py:3096} INFO - Sync 1 DAGs
[2026-05-14T14:48:19.166+0000] {logging_mixin.py:188} INFO - [2026-05-14T14:48:19.165+0000] {dag.py:3954} INFO - Setting next_dagrun for produce_json to 2026-05-14 13:00:00+00:00, run_after=2026-05-15 13:00:00+00:00
[2026-05-14T14:48:19.208+0000] {processor.py:183} INFO - Processing /opt/airflow/dags/main.py took 0.276 seconds
[2026-05-14T14:48:49.698+0000] {processor.py:161} INFO - Started process (PID=2048) to work on /opt/airflow/dags/main.py
[2026-05-14T14:48:49.702+0000] {processor.py:830} INFO - Processing file /opt/airflow/dags/main.py for tasks to queue
[2026-05-14T14:48:49.713+0000] {logging_mixin.py:188} INFO - [2026-05-14T14:48:49.712+0000] {dagbag.py:545} INFO - Filling up the DagBag from /opt/airflow/dags/main.py
[2026-05-14T14:48:49.884+0000] {processor.py:840} INFO - DAG(s) 'produce_json' retrieved from /opt/airflow/dags/main.py
[2026-05-14T14:48:49.940+0000] {logging_mixin.py:188} INFO - [2026-05-14T14:48:49.940+0000] {dag.py:3096} INFO - Sync 1 DAGs
[2026-05-14T14:48:49.985+0000] {logging_mixin.py:188} INFO - [2026-05-14T14:48:49.984+0000] {dag.py:3954} INFO - Setting next_dagrun for produce_json to 2026-05-14 13:00:00+00:00, run_after=2026-05-15 13:00:00+00:00
[2026-05-14T14:48:50.029+0000] {processor.py:183} INFO - Processing /opt/airflow/dags/main.py took 0.353 seconds
[2026-05-14T14:49:20.512+0000] {processor.py:161} INFO - Started process (PID=2055) to work on /opt/airflow/dags/main.py
[2026-05-14T14:49:20.515+0000] {processor.py:830} INFO - Processing file /opt/airflow/dags/main.py for tasks to queue
[2026-05-14T14:49:20.520+0000] {logging_mixin.py:188} INFO - [2026-05-14T14:49:20.520+0000] {dagbag.py:545} INFO - Filling up the DagBag from /opt/airflow/dags/main.py
[2026-05-14T14:49:20.690+0000] {processor.py:840} INFO - DAG(s) 'produce_json' retrieved from /opt/airflow/dags/main.py
[2026-05-14T14:49:20.785+0000] {logging_mixin.py:188} INFO - [2026-05-14T14:49:20.784+0000] {dag.py:3096} INFO - Sync 1 DAGs
[2026-05-14T14:49:20.908+0000] {logging_mixin.py:188} INFO - [2026-05-14T14:49:20.908+0000] {dag.py:3954} INFO - Setting next_dagrun for produce_json to 2026-05-14 13:00:00+00:00, run_after=2026-05-15 13:00:00+00:00
[2026-05-14T14:49:21.018+0000] {processor.py:183} INFO - Processing /opt/airflow/dags/main.py took 0.528 seconds
[2026-05-14T14:49:51.370+0000] {processor.py:161} INFO - Started process (PID=2062) to work on /opt/airflow/dags/main.py
[2026-05-14T14:49:51.373+0000] {processor.py:830} INFO - Processing file /opt/airflow/dags/main.py for tasks to queue
[2026-05-14T14:49:51.380+0000] {logging_mixin.py:188} INFO - [2026-05-14T14:49:51.378+0000] {dagbag.py:545} INFO - Filling up the DagBag from /opt/airflow/dags/main.py
[2026-05-14T14:49:51.546+0000] {processor.py:840} INFO - DAG(s) 'produce_json' retrieved from /opt/airflow/dags/main.py
[2026-05-14T14:49:51.604+0000] {logging_mixin.py:188} INFO - [2026-05-14T14:49:51.603+0000] {dag.py:3096} INFO - Sync 1 DAGs
[2026-05-14T14:49:51.662+0000] {logging_mixin.py:188} INFO - [2026-05-14T14:49:51.661+0000] {dag.py:3954} INFO - Setting next_dagrun for produce_json to 2026-05-14 13:00:00+00:00, run_after=2026-05-15 13:00:00+00:00
[2026-05-14T14:49:51.719+0000] {processor.py:183} INFO - Processing /opt/airflow/dags/main.py took 0.378 seconds
[2026-05-14T14:50:22.118+0000] {processor.py:161} INFO - Started process (PID=2069) to work on /opt/airflow/dags/main.py
[2026-05-14T14:50:22.121+0000] {processor.py:830} INFO - Processing file /opt/airflow/dags/main.py for tasks to queue
[2026-05-14T14:50:22.126+0000] {logging_mixin.py:188} INFO - [2026-05-14T14:50:22.125+0000] {dagbag.py:545} INFO - Filling up the DagBag from /opt/airflow/dags/main.py
[2026-05-14T14:50:22.249+0000] {processor.py:840} INFO - DAG(s) 'produce_json' retrieved from /opt/airflow/dags/main.py
[2026-05-14T14:50:22.294+0000] {logging_mixin.py:188} INFO - [2026-05-14T14:50:22.293+0000] {dag.py:3096} INFO - Sync 1 DAGs
[2026-05-14T14:50:22.346+0000] {logging_mixin.py:188} INFO - [2026-05-14T14:50:22.345+0000] {dag.py:3954} INFO - Setting next_dagrun for produce_json to 2026-05-14 13:00:00+00:00, run_after=2026-05-15 13:00:00+00:00
[2026-05-14T14:50:22.385+0000] {processor.py:183} INFO - Processing /opt/airflow/dags/main.py took 0.280 seconds
[2026-05-14T14:50:52.742+0000] {processor.py:161} INFO - Started process (PID=2076) to work on /opt/airflow/dags/main.py
[2026-05-14T14:50:52.744+0000] {processor.py:830} INFO - Processing file /opt/airflow/dags/main.py for tasks to queue
[2026-05-14T14:50:52.749+0000] {logging_mixin.py:188} INFO - [2026-05-14T14:50:52.748+0000] {dagbag.py:545} INFO - Filling up the DagBag from /opt/airflow/dags/main.py
[2026-05-14T14:50:52.880+0000] {processor.py:840} INFO - DAG(s) 'produce_json' retrieved from /opt/airflow/dags/main.py
[2026-05-14T14:50:52.926+0000] {logging_mixin.py:188} INFO - [2026-05-14T14:50:52.925+0000] {dag.py:3096} INFO - Sync 1 DAGs
[2026-05-14T14:50:53.076+0000] {logging_mixin.py:188} INFO - [2026-05-14T14:50:53.075+0000] {dag.py:3954} INFO - Setting next_dagrun for produce_json to 2026-05-14 13:00:00+00:00, run_after=2026-05-15 13:00:00+00:00
[2026-05-14T14:50:53.151+0000] {processor.py:183} INFO - Processing /opt/airflow/dags/main.py took 0.423 seconds
[2026-05-14T14:51:23.569+0000] {processor.py:161} INFO - Started process (PID=2083) to work on /opt/airflow/dags/main.py
[2026-05-14T14:51:23.571+0000] {processor.py:830} INFO - Processing file /opt/airflow/dags/main.py for tasks to queue
[2026-05-14T14:51:23.575+0000] {logging_mixin.py:188} INFO - [2026-05-14T14:51:23.574+0000] {dagbag.py:545} INFO - Filling up the DagBag from /opt/airflow/dags/main.py
[2026-05-14T14:51:23.678+0000] {processor.py:840} INFO - DAG(s) 'produce_json' retrieved from /opt/airflow/dags/main.py
[2026-05-14T14:51:23.737+0000] {logging_mixin.py:188} INFO - [2026-05-14T14:51:23.737+0000] {dag.py:3096} INFO - Sync 1 DAGs
[2026-05-14T14:51:23.779+0000] {logging_mixin.py:188} INFO - [2026-05-14T14:51:23.779+0000] {dag.py:3954} INFO - Setting next_dagrun for produce_json to 2026-05-14 13:00:00+00:00, run_after=2026-05-15 13:00:00+00:00
[2026-05-14T14:51:23.819+0000] {processor.py:183} INFO - Processing /opt/airflow/dags/main.py took 0.266 seconds
[2026-05-14T14:51:54.233+0000] {processor.py:161} INFO - Started process (PID=2090) to work on /opt/airflow/dags/main.py
[2026-05-14T14:51:54.236+0000] {processor.py:830} INFO - Processing file /opt/airflow/dags/main.py for tasks to queue
[2026-05-14T14:51:54.240+0000] {logging_mixin.py:188} INFO - [2026-05-14T14:51:54.240+0000] {dagbag.py:545} INFO - Filling up the DagBag from /opt/airflow/dags/main.py
[2026-05-14T14:51:54.363+0000] {processor.py:840} INFO - DAG(s) 'produce_json' retrieved from /opt/airflow/dags/main.py
[2026-05-14T14:51:54.417+0000] {logging_mixin.py:188} INFO - [2026-05-14T14:51:54.417+0000] {dag.py:3096} INFO - Sync 1 DAGs
[2026-05-14T14:51:54.471+0000] {logging_mixin.py:188} INFO - [2026-05-14T14:51:54.470+0000] {dag.py:3954} INFO - Setting next_dagrun for produce_json to 2026-05-14 13:00:00+00:00, run_after=2026-05-15 13:00:00+00:00
[2026-05-14T14:51:54.528+0000] {processor.py:183} INFO - Processing /opt/airflow/dags/main.py took 0.311 seconds
[2026-05-14T14:52:24.884+0000] {processor.py:161} INFO - Started process (PID=2097) to work on /opt/airflow/dags/main.py
[2026-05-14T14:52:24.887+0000] {processor.py:830} INFO - Processing file /opt/airflow/dags/main.py for tasks to queue
[2026-05-14T14:52:24.891+0000] {logging_mixin.py:188} INFO - [2026-05-14T14:52:24.890+0000] {dagbag.py:545} INFO - Filling up the DagBag from /opt/airflow/dags/main.py
[2026-05-14T14:52:25.024+0000] {processor.py:840} INFO - DAG(s) 'produce_json' retrieved from /opt/airflow/dags/main.py
[2026-05-14T14:52:25.069+0000] {logging_mixin.py:188} INFO - [2026-05-14T14:52:25.069+0000] {dag.py:3096} INFO - Sync 1 DAGs
[2026-05-14T14:52:25.113+0000] {logging_mixin.py:188} INFO - [2026-05-14T14:52:25.113+0000] {dag.py:3954} INFO - Setting next_dagrun for produce_json to 2026-05-14 13:00:00+00:00, run_after=2026-05-15 13:00:00+00:00
[2026-05-14T14:52:25.162+0000] {processor.py:183} INFO - Processing /opt/airflow/dags/main.py took 0.293 seconds
[2026-05-14T14:52:55.529+0000] {processor.py:161} INFO - Started process (PID=2104) to work on /opt/airflow/dags/main.py
[2026-05-14T14:52:55.532+0000] {processor.py:830} INFO - Processing file /opt/airflow/dags/main.py for tasks to queue
[2026-05-14T14:52:55.536+0000] {logging_mixin.py:188} INFO - [2026-05-14T14:52:55.536+0000] {dagbag.py:545} INFO - Filling up the DagBag from /opt/airflow/dags/main.py
[2026-05-14T14:52:55.662+0000] {processor.py:840} INFO - DAG(s) 'produce_json' retrieved from /opt/airflow/dags/main.py
[2026-05-14T14:52:55.707+0000] {logging_mixin.py:188} INFO - [2026-05-14T14:52:55.706+0000] {dag.py:3096} INFO - Sync 1 DAGs
[2026-05-14T14:52:55.750+0000] {logging_mixin.py:188} INFO - [2026-05-14T14:52:55.750+0000] {dag.py:3954} INFO - Setting next_dagrun for produce_json to 2026-05-14 13:00:00+00:00, run_after=2026-05-15 13:00:00+00:00
[2026-05-14T14:52:55.792+0000] {processor.py:183} INFO - Processing /opt/airflow/dags/main.py took 0.277 seconds
[2026-05-14T14:53:26.133+0000] {processor.py:161} INFO - Started process (PID=2111) to work on /opt/airflow/dags/main.py
[2026-05-14T14:53:26.136+0000] {processor.py:830} INFO - Processing file /opt/airflow/dags/main.py for tasks to queue
[2026-05-14T14:53:26.140+0000] {logging_mixin.py:188} INFO - [2026-05-14T14:53:26.140+0000] {dagbag.py:545} INFO - Filling up the DagBag from /opt/airflow/dags/main.py
[2026-05-14T14:53:26.281+0000] {processor.py:840} INFO - DAG(s) 'produce_json' retrieved from /opt/airflow/dags/main.py
[2026-05-14T14:53:26.351+0000] {logging_mixin.py:188} INFO - [2026-05-14T14:53:26.350+0000] {dag.py:3096} INFO - Sync 1 DAGs
[2026-05-14T14:53:26.408+0000] {logging_mixin.py:188} INFO - [2026-05-14T14:53:26.408+0000] {dag.py:3954} INFO - Setting next_dagrun for produce_json to 2026-05-14 13:00:00+00:00, run_after=2026-05-15 13:00:00+00:00
[2026-05-14T14:53:26.456+0000] {processor.py:183} INFO - Processing /opt/airflow/dags/main.py took 0.340 seconds
[2026-05-14T14:53:56.636+0000] {processor.py:161} INFO - Started process (PID=2118) to work on /opt/airflow/dags/main.py
[2026-05-14T14:53:56.638+0000] {processor.py:830} INFO - Processing file /opt/airflow/dags/main.py for tasks to queue
[2026-05-14T14:53:56.642+0000] {logging_mixin.py:188} INFO - [2026-05-14T14:53:56.642+0000] {dagbag.py:545} INFO - Filling up the DagBag from /opt/airflow/dags/main.py
[2026-05-14T14:53:56.780+0000] {processor.py:840} INFO - DAG(s) 'produce_json' retrieved from /opt/airflow/dags/main.py
[2026-05-14T14:53:56.827+0000] {logging_mixin.py:188} INFO - [2026-05-14T14:53:56.826+0000] {dag.py:3096} INFO - Sync 1 DAGs
[2026-05-14T14:53:56.873+0000] {logging_mixin.py:188} INFO - [2026-05-14T14:53:56.873+0000] {dag.py:3954} INFO - Setting next_dagrun for produce_json to 2026-05-14 13:00:00+00:00, run_after=2026-05-15 13:00:00+00:00
[2026-05-14T14:53:56.919+0000] {processor.py:183} INFO - Processing /opt/airflow/dags/main.py took 0.297 seconds
[2026-05-14T14:54:27.036+0000] {processor.py:161} INFO - Started process (PID=2125) to work on /opt/airflow/dags/main.py
[2026-05-14T14:54:27.039+0000] {processor.py:830} INFO - Processing file /opt/airflow/dags/main.py for tasks to queue
[2026-05-14T14:54:27.045+0000] {logging_mixin.py:188} INFO - [2026-05-14T14:54:27.044+0000] {dagbag.py:545} INFO - Filling up the DagBag from /opt/airflow/dags/main.py
[2026-05-14T14:54:27.174+0000] {processor.py:840} INFO - DAG(s) 'produce_json' retrieved from /opt/airflow/dags/main.py
[2026-05-14T14:54:27.227+0000] {logging_mixin.py:188} INFO - [2026-05-14T14:54:27.226+0000] {dag.py:3096} INFO - Sync 1 DAGs
[2026-05-14T14:54:27.274+0000] {logging_mixin.py:188} INFO - [2026-05-14T14:54:27.274+0000] {dag.py:3954} INFO - Setting next_dagrun for produce_json to 2026-05-14 13:00:00+00:00, run_after=2026-05-15 13:00:00+00:00
[2026-05-14T14:54:27.317+0000] {processor.py:183} INFO - Processing /opt/airflow/dags/main.py took 0.299 seconds
[2026-05-14T14:54:57.612+0000] {processor.py:161} INFO - Started process (PID=2132) to work on /opt/airflow/dags/main.py
[2026-05-14T14:54:57.615+0000] {processor.py:830} INFO - Processing file /opt/airflow/dags/main.py for tasks to queue
[2026-05-14T14:54:57.621+0000] {logging_mixin.py:188} INFO - [2026-05-14T14:54:57.620+0000] {dagbag.py:545} INFO - Filling up the DagBag from /opt/airflow/dags/main.py
[2026-05-14T14:54:57.744+0000] {processor.py:840} INFO - DAG(s) 'produce_json' retrieved from /opt/airflow/dags/main.py
[2026-05-14T14:54:57.785+0000] {logging_mixin.py:188} INFO - [2026-05-14T14:54:57.785+0000] {dag.py:3096} INFO - Sync 1 DAGs
[2026-05-14T14:54:57.869+0000] {logging_mixin.py:188} INFO - [2026-05-14T14:54:57.869+0000] {dag.py:3954} INFO - Setting next_dagrun for produce_json to 2026-05-14 13:00:00+00:00, run_after=2026-05-15 13:00:00+00:00
[2026-05-14T14:54:57.925+0000] {processor.py:183} INFO - Processing /opt/airflow/dags/main.py took 0.331 seconds
[2026-05-14T14:55:28.477+0000] {processor.py:161} INFO - Started process (PID=2139) to work on /opt/airflow/dags/main.py
[2026-05-14T14:55:28.479+0000] {processor.py:830} INFO - Processing file /opt/airflow/dags/main.py for tasks to queue
[2026-05-14T14:55:28.485+0000] {logging_mixin.py:188} INFO - [2026-05-14T14:55:28.484+0000] {dagbag.py:545} INFO - Filling up the DagBag from /opt/airflow/dags/main.py
[2026-05-14T14:55:28.610+0000] {processor.py:840} INFO - DAG(s) 'produce_json' retrieved from /opt/airflow/dags/main.py
[2026-05-14T14:55:28.663+0000] {logging_mixin.py:188} INFO - [2026-05-14T14:55:28.662+0000] {dag.py:3096} INFO - Sync 1 DAGs
[2026-05-14T14:55:28.720+0000] {logging_mixin.py:188} INFO - [2026-05-14T14:55:28.720+0000] {dag.py:3954} INFO - Setting next_dagrun for produce_json to 2026-05-14 13:00:00+00:00, run_after=2026-05-15 13:00:00+00:00
[2026-05-14T14:55:28.771+0000] {processor.py:183} INFO - Processing /opt/airflow/dags/main.py took 0.313 seconds
[2026-05-14T14:55:59.151+0000] {processor.py:161} INFO - Started process (PID=2146) to work on /opt/airflow/dags/main.py
[2026-05-14T14:55:59.153+0000] {processor.py:830} INFO - Processing file /opt/airflow/dags/main.py for tasks to queue
[2026-05-14T14:55:59.158+0000] {logging_mixin.py:188} INFO - [2026-05-14T14:55:59.157+0000] {dagbag.py:545} INFO - Filling up the DagBag from /opt/airflow/dags/main.py
[2026-05-14T14:55:59.277+0000] {processor.py:840} INFO - DAG(s) 'produce_json' retrieved from /opt/airflow/dags/main.py
[2026-05-14T14:55:59.322+0000] {logging_mixin.py:188} INFO - [2026-05-14T14:55:59.321+0000] {dag.py:3096} INFO - Sync 1 DAGs
[2026-05-14T14:55:59.368+0000] {logging_mixin.py:188} INFO - [2026-05-14T14:55:59.367+0000] {dag.py:3954} INFO - Setting next_dagrun for produce_json to 2026-05-14 13:00:00+00:00, run_after=2026-05-15 13:00:00+00:00
[2026-05-14T14:55:59.409+0000] {processor.py:183} INFO - Processing /opt/airflow/dags/main.py took 0.272 seconds
[2026-05-14T14:56:29.766+0000] {processor.py:161} INFO - Started process (PID=2153) to work on /opt/airflow/dags/main.py
[2026-05-14T14:56:29.769+0000] {processor.py:830} INFO - Processing file /opt/airflow/dags/main.py for tasks to queue
[2026-05-14T14:56:29.773+0000] {logging_mixin.py:188} INFO - [2026-05-14T14:56:29.773+0000] {dagbag.py:545} INFO - Filling up the DagBag from /opt/airflow/dags/main.py
[2026-05-14T14:56:29.930+0000] {processor.py:840} INFO - DAG(s) 'produce_json' retrieved from /opt/airflow/dags/main.py
[2026-05-14T14:56:30.015+0000] {logging_mixin.py:188} INFO - [2026-05-14T14:56:30.015+0000] {dag.py:3096} INFO - Sync 1 DAGs
[2026-05-14T14:56:30.117+0000] {logging_mixin.py:188} INFO - [2026-05-14T14:56:30.116+0000] {dag.py:3954} INFO - Setting next_dagrun for produce_json to 2026-05-14 13:00:00+00:00, run_after=2026-05-15 13:00:00+00:00
[2026-05-14T14:56:30.197+0000] {processor.py:183} INFO - Processing /opt/airflow/dags/main.py took 0.444 seconds
[2026-05-14T14:57:00.568+0000] {processor.py:161} INFO - Started process (PID=2160) to work on /opt/airflow/dags/main.py
[2026-05-14T14:57:00.571+0000] {processor.py:830} INFO - Processing file /opt/airflow/dags/main.py for tasks to queue
[2026-05-14T14:57:00.578+0000] {logging_mixin.py:188} INFO - [2026-05-14T14:57:00.577+0000] {dagbag.py:545} INFO - Filling up the DagBag from /opt/airflow/dags/main.py
[2026-05-14T14:57:00.723+0000] {processor.py:840} INFO - DAG(s) 'produce_json' retrieved from /opt/airflow/dags/main.py
[2026-05-14T14:57:00.783+0000] {logging_mixin.py:188} INFO - [2026-05-14T14:57:00.782+0000] {dag.py:3096} INFO - Sync 1 DAGs
[2026-05-14T14:57:00.867+0000] {logging_mixin.py:188} INFO - [2026-05-14T14:57:00.867+0000] {dag.py:3954} INFO - Setting next_dagrun for produce_json to 2026-05-14 13:00:00+00:00, run_after=2026-05-15 13:00:00+00:00
[2026-05-14T14:57:00.925+0000] {processor.py:183} INFO - Processing /opt/airflow/dags/main.py took 0.377 seconds
[2026-05-14T14:57:31.300+0000] {processor.py:161} INFO - Started process (PID=2167) to work on /opt/airflow/dags/main.py
[2026-05-14T14:57:31.304+0000] {processor.py:830} INFO - Processing file /opt/airflow/dags/main.py for tasks to queue
[2026-05-14T14:57:31.315+0000] {logging_mixin.py:188} INFO - [2026-05-14T14:57:31.315+0000] {dagbag.py:545} INFO - Filling up the DagBag from /opt/airflow/dags/main.py
[2026-05-14T14:57:31.430+0000] {processor.py:840} INFO - DAG(s) 'produce_json' retrieved from /opt/airflow/dags/main.py
[2026-05-14T14:57:31.495+0000] {logging_mixin.py:188} INFO - [2026-05-14T14:57:31.495+0000] {dag.py:3096} INFO - Sync 1 DAGs
[2026-05-14T14:57:31.566+0000] {logging_mixin.py:188} INFO - [2026-05-14T14:57:31.565+0000] {dag.py:3954} INFO - Setting next_dagrun for produce_json to 2026-05-14 13:00:00+00:00, run_after=2026-05-15 13:00:00+00:00
[2026-05-14T14:57:31.637+0000] {processor.py:183} INFO - Processing /opt/airflow/dags/main.py took 0.362 seconds
[2026-05-14T14:58:02.131+0000] {processor.py:161} INFO - Started process (PID=2174) to work on /opt/airflow/dags/main.py
[2026-05-14T14:58:02.135+0000] {processor.py:830} INFO - Processing file /opt/airflow/dags/main.py for tasks to queue
[2026-05-14T14:58:02.147+0000] {logging_mixin.py:188} INFO - [2026-05-14T14:58:02.146+0000] {dagbag.py:545} INFO - Filling up the DagBag from /opt/airflow/dags/main.py
[2026-05-14T14:58:02.375+0000] {processor.py:840} INFO - DAG(s) 'produce_json' retrieved from /opt/airflow/dags/main.py
[2026-05-14T14:58:02.502+0000] {logging_mixin.py:188} INFO - [2026-05-14T14:58:02.501+0000] {dag.py:3096} INFO - Sync 1 DAGs
[2026-05-14T14:58:02.572+0000] {logging_mixin.py:188} INFO - [2026-05-14T14:58:02.571+0000] {dag.py:3954} INFO - Setting next_dagrun for produce_json to 2026-05-14 13:00:00+00:00, run_after=2026-05-15 13:00:00+00:00
[2026-05-14T14:58:02.630+0000] {processor.py:183} INFO - Processing /opt/airflow/dags/main.py took 0.522 seconds
[2026-05-14T14:58:33.016+0000] {processor.py:161} INFO - Started process (PID=2181) to work on /opt/airflow/dags/main.py
[2026-05-14T14:58:33.018+0000] {processor.py:830} INFO - Processing file /opt/airflow/dags/main.py for tasks to queue
[2026-05-14T14:58:33.023+0000] {logging_mixin.py:188} INFO - [2026-05-14T14:58:33.023+0000] {dagbag.py:545} INFO - Filling up the DagBag from /opt/airflow/dags/main.py
[2026-05-14T14:58:33.142+0000] {processor.py:840} INFO - DAG(s) 'produce_json' retrieved from /opt/airflow/dags/main.py
[2026-05-14T14:58:33.188+0000] {logging_mixin.py:188} INFO - [2026-05-14T14:58:33.188+0000] {dag.py:3096} INFO - Sync 1 DAGs
[2026-05-14T14:58:33.246+0000] {logging_mixin.py:188} INFO - [2026-05-14T14:58:33.246+0000] {dag.py:3954} INFO - Setting next_dagrun for produce_json to 2026-05-14 13:00:00+00:00, run_after=2026-05-15 13:00:00+00:00
[2026-05-14T14:58:33.295+0000] {processor.py:183} INFO - Processing /opt/airflow/dags/main.py took 0.299 seconds
[2026-05-14T14:59:03.458+0000] {processor.py:161} INFO - Started process (PID=2188) to work on /opt/airflow/dags/main.py
[2026-05-14T14:59:03.461+0000] {processor.py:830} INFO - Processing file /opt/airflow/dags/main.py for tasks to queue
[2026-05-14T14:59:03.470+0000] {logging_mixin.py:188} INFO - [2026-05-14T14:59:03.469+0000] {dagbag.py:545} INFO - Filling up the DagBag from /opt/airflow/dags/main.py
[2026-05-14T14:59:03.617+0000] {processor.py:840} INFO - DAG(s) 'produce_json' retrieved from /opt/airflow/dags/main.py
[2026-05-14T14:59:03.697+0000] {logging_mixin.py:188} INFO - [2026-05-14T14:59:03.696+0000] {dag.py:3096} INFO - Sync 1 DAGs
[2026-05-14T14:59:03.795+0000] {logging_mixin.py:188} INFO - [2026-05-14T14:59:03.795+0000] {dag.py:3954} INFO - Setting next_dagrun for produce_json to 2026-05-14 13:00:00+00:00, run_after=2026-05-15 13:00:00+00:00
[2026-05-14T14:59:03.845+0000] {processor.py:183} INFO - Processing /opt/airflow/dags/main.py took 0.411 seconds
[2026-05-14T14:59:34.202+0000] {processor.py:161} INFO - Started process (PID=2195) to work on /opt/airflow/dags/main.py
[2026-05-14T14:59:34.204+0000] {processor.py:830} INFO - Processing file /opt/airflow/dags/main.py for tasks to queue
[2026-05-14T14:59:34.209+0000] {logging_mixin.py:188} INFO - [2026-05-14T14:59:34.208+0000] {dagbag.py:545} INFO - Filling up the DagBag from /opt/airflow/dags/main.py
[2026-05-14T14:59:34.342+0000] {processor.py:840} INFO - DAG(s) 'produce_json' retrieved from /opt/airflow/dags/main.py
[2026-05-14T14:59:34.396+0000] {logging_mixin.py:188} INFO - [2026-05-14T14:59:34.396+0000] {dag.py:3096} INFO - Sync 1 DAGs
[2026-05-14T14:59:34.445+0000] {logging_mixin.py:188} INFO - [2026-05-14T14:59:34.444+0000] {dag.py:3954} INFO - Setting next_dagrun for produce_json to 2026-05-14 13:00:00+00:00, run_after=2026-05-15 13:00:00+00:00
[2026-05-14T14:59:34.486+0000] {processor.py:183} INFO - Processing /opt/airflow/dags/main.py took 0.300 seconds
[2026-05-14T15:00:04.961+0000] {processor.py:161} INFO - Started process (PID=2202) to work on /opt/airflow/dags/main.py
[2026-05-14T15:00:04.965+0000] {processor.py:830} INFO - Processing file /opt/airflow/dags/main.py for tasks to queue
[2026-05-14T15:00:04.972+0000] {logging_mixin.py:188} INFO - [2026-05-14T15:00:04.971+0000] {dagbag.py:545} INFO - Filling up the DagBag from /opt/airflow/dags/main.py
[2026-05-14T15:00:05.127+0000] {processor.py:840} INFO - DAG(s) 'produce_json' retrieved from /opt/airflow/dags/main.py
[2026-05-14T15:00:05.276+0000] {logging_mixin.py:188} INFO - [2026-05-14T15:00:05.276+0000] {dag.py:3096} INFO - Sync 1 DAGs
[2026-05-14T15:00:05.356+0000] {logging_mixin.py:188} INFO - [2026-05-14T15:00:05.354+0000] {dag.py:3954} INFO - Setting next_dagrun for produce_json to 2026-05-14 13:00:00+00:00, run_after=2026-05-15 13:00:00+00:00
[2026-05-14T15:00:05.413+0000] {processor.py:183} INFO - Processing /opt/airflow/dags/main.py took 0.471 seconds
[2026-05-14T15:00:35.764+0000] {processor.py:161} INFO - Started process (PID=2209) to work on /opt/airflow/dags/main.py
[2026-05-14T15:00:35.767+0000] {processor.py:830} INFO - Processing file /opt/airflow/dags/main.py for tasks to queue
[2026-05-14T15:00:35.771+0000] {logging_mixin.py:188} INFO - [2026-05-14T15:00:35.771+0000] {dagbag.py:545} INFO - Filling up the DagBag from /opt/airflow/dags/main.py
[2026-05-14T15:00:35.907+0000] {processor.py:840} INFO - DAG(s) 'produce_json' retrieved from /opt/airflow/dags/main.py
[2026-05-14T15:00:35.955+0000] {logging_mixin.py:188} INFO - [2026-05-14T15:00:35.955+0000] {dag.py:3096} INFO - Sync 1 DAGs
[2026-05-14T15:00:36.015+0000] {logging_mixin.py:188} INFO - [2026-05-14T15:00:36.015+0000] {dag.py:3954} INFO - Setting next_dagrun for produce_json to 2026-05-14 13:00:00+00:00, run_after=2026-05-15 13:00:00+00:00
[2026-05-14T15:00:36.062+0000] {processor.py:183} INFO - Processing /opt/airflow/dags/main.py took 0.311 seconds
[2026-05-14T15:01:06.249+0000] {processor.py:161} INFO - Started process (PID=2216) to work on /opt/airflow/dags/main.py
[2026-05-14T15:01:06.252+0000] {processor.py:830} INFO - Processing file /opt/airflow/dags/main.py for tasks to queue
[2026-05-14T15:01:06.258+0000] {logging_mixin.py:188} INFO - [2026-05-14T15:01:06.257+0000] {dagbag.py:545} INFO - Filling up the DagBag from /opt/airflow/dags/main.py
[2026-05-14T15:01:06.385+0000] {processor.py:840} INFO - DAG(s) 'produce_json' retrieved from /opt/airflow/dags/main.py
[2026-05-14T15:01:06.428+0000] {logging_mixin.py:188} INFO - [2026-05-14T15:01:06.428+0000] {dag.py:3096} INFO - Sync 1 DAGs
[2026-05-14T15:01:06.472+0000] {logging_mixin.py:188} INFO - [2026-05-14T15:01:06.472+0000] {dag.py:3954} INFO - Setting next_dagrun for produce_json to 2026-05-14 13:00:00+00:00, run_after=2026-05-15 13:00:00+00:00
[2026-05-14T15:01:06.518+0000] {processor.py:183} INFO - Processing /opt/airflow/dags/main.py took 0.285 seconds
[2026-05-14T15:01:36.817+0000] {processor.py:161} INFO - Started process (PID=2223) to work on /opt/airflow/dags/main.py
[2026-05-14T15:01:36.821+0000] {processor.py:830} INFO - Processing file /opt/airflow/dags/main.py for tasks to queue
[2026-05-14T15:01:36.825+0000] {logging_mixin.py:188} INFO - [2026-05-14T15:01:36.825+0000] {dagbag.py:545} INFO - Filling up the DagBag from /opt/airflow/dags/main.py
[2026-05-14T15:01:37.019+0000] {processor.py:840} INFO - DAG(s) 'produce_json' retrieved from /opt/airflow/dags/main.py
[2026-05-14T15:01:37.120+0000] {logging_mixin.py:188} INFO - [2026-05-14T15:01:37.119+0000] {dag.py:3096} INFO - Sync 1 DAGs
[2026-05-14T15:01:37.188+0000] {logging_mixin.py:188} INFO - [2026-05-14T15:01:37.187+0000] {dag.py:3954} INFO - Setting next_dagrun for produce_json to 2026-05-14 13:00:00+00:00, run_after=2026-05-15 13:00:00+00:00
[2026-05-14T15:01:37.266+0000] {processor.py:183} INFO - Processing /opt/airflow/dags/main.py took 0.470 seconds
[2026-05-14T15:02:07.660+0000] {processor.py:161} INFO - Started process (PID=2230) to work on /opt/airflow/dags/main.py
[2026-05-14T15:02:07.663+0000] {processor.py:830} INFO - Processing file /opt/airflow/dags/main.py for tasks to queue
[2026-05-14T15:02:07.670+0000] {logging_mixin.py:188} INFO - [2026-05-14T15:02:07.669+0000] {dagbag.py:545} INFO - Filling up the DagBag from /opt/airflow/dags/main.py
[2026-05-14T15:02:07.801+0000] {processor.py:840} INFO - DAG(s) 'produce_json' retrieved from /opt/airflow/dags/main.py
[2026-05-14T15:02:07.882+0000] {logging_mixin.py:188} INFO - [2026-05-14T15:02:07.881+0000] {dag.py:3096} INFO - Sync 1 DAGs
[2026-05-14T15:02:08.082+0000] {logging_mixin.py:188} INFO - [2026-05-14T15:02:08.081+0000] {dag.py:3954} INFO - Setting next_dagrun for produce_json to 2026-05-14 13:00:00+00:00, run_after=2026-05-15 13:00:00+00:00
[2026-05-14T15:02:08.184+0000] {processor.py:183} INFO - Processing /opt/airflow/dags/main.py took 0.544 seconds
[2026-05-14T15:02:39.017+0000] {processor.py:161} INFO - Started process (PID=2237) to work on /opt/airflow/dags/main.py
[2026-05-14T15:02:39.024+0000] {processor.py:830} INFO - Processing file /opt/airflow/dags/main.py for tasks to queue
[2026-05-14T15:02:39.042+0000] {logging_mixin.py:188} INFO - [2026-05-14T15:02:39.041+0000] {dagbag.py:545} INFO - Filling up the DagBag from /opt/airflow/dags/main.py
[2026-05-14T15:02:39.399+0000] {processor.py:840} INFO - DAG(s) 'produce_json' retrieved from /opt/airflow/dags/main.py
[2026-05-14T15:02:39.597+0000] {logging_mixin.py:188} INFO - [2026-05-14T15:02:39.587+0000] {dag.py:3096} INFO - Sync 1 DAGs
[2026-05-14T15:02:39.831+0000] {logging_mixin.py:188} INFO - [2026-05-14T15:02:39.830+0000] {dag.py:3954} INFO - Setting next_dagrun for produce_json to 2026-05-14 13:00:00+00:00, run_after=2026-05-15 13:00:00+00:00
[2026-05-14T15:02:39.980+0000] {processor.py:183} INFO - Processing /opt/airflow/dags/main.py took 1.038 seconds
[2026-05-14T15:03:16.108+0000] {processor.py:161} INFO - Started process (PID=2249) to work on /opt/airflow/dags/main.py
[2026-05-14T15:03:16.169+0000] {processor.py:830} INFO - Processing file /opt/airflow/dags/main.py for tasks to queue
[2026-05-14T15:03:16.187+0000] {logging_mixin.py:188} INFO - [2026-05-14T15:03:16.186+0000] {dagbag.py:545} INFO - Filling up the DagBag from /opt/airflow/dags/main.py
[2026-05-14T15:03:17.209+0000] {processor.py:840} INFO - DAG(s) 'produce_json' retrieved from /opt/airflow/dags/main.py
[2026-05-14T15:03:17.406+0000] {logging_mixin.py:188} INFO - [2026-05-14T15:03:17.405+0000] {dag.py:3096} INFO - Sync 1 DAGs
[2026-05-14T15:03:17.658+0000] {logging_mixin.py:188} INFO - [2026-05-14T15:03:17.658+0000] {dag.py:3954} INFO - Setting next_dagrun for produce_json to 2026-05-14 13:00:00+00:00, run_after=2026-05-15 13:00:00+00:00
[2026-05-14T15:03:17.828+0000] {processor.py:183} INFO - Processing /opt/airflow/dags/main.py took 1.784 seconds
[2026-05-14T15:03:49.469+0000] {processor.py:161} INFO - Started process (PID=2256) to work on /opt/airflow/dags/main.py
[2026-05-14T15:03:49.482+0000] {processor.py:830} INFO - Processing file /opt/airflow/dags/main.py for tasks to queue
[2026-05-14T15:03:49.487+0000] {logging_mixin.py:188} INFO - [2026-05-14T15:03:49.486+0000] {dagbag.py:545} INFO - Filling up the DagBag from /opt/airflow/dags/main.py
[2026-05-14T15:03:49.794+0000] {processor.py:840} INFO - DAG(s) 'produce_json' retrieved from /opt/airflow/dags/main.py
[2026-05-14T15:03:49.979+0000] {logging_mixin.py:188} INFO - [2026-05-14T15:03:49.969+0000] {dag.py:3096} INFO - Sync 1 DAGs
[2026-05-14T15:03:50.139+0000] {logging_mixin.py:188} INFO - [2026-05-14T15:03:50.138+0000] {dag.py:3954} INFO - Setting next_dagrun for produce_json to 2026-05-14 13:00:00+00:00, run_after=2026-05-15 13:00:00+00:00
[2026-05-14T15:03:50.365+0000] {processor.py:183} INFO - Processing /opt/airflow/dags/main.py took 0.935 seconds
[2026-05-14T15:04:21.251+0000] {processor.py:161} INFO - Started process (PID=2263) to work on /opt/airflow/dags/main.py
[2026-05-14T15:04:21.254+0000] {processor.py:830} INFO - Processing file /opt/airflow/dags/main.py for tasks to queue
[2026-05-14T15:04:21.271+0000] {logging_mixin.py:188} INFO - [2026-05-14T15:04:21.270+0000] {dagbag.py:545} INFO - Filling up the DagBag from /opt/airflow/dags/main.py
[2026-05-14T15:04:21.638+0000] {processor.py:840} INFO - DAG(s) 'produce_json' retrieved from /opt/airflow/dags/main.py
[2026-05-14T15:04:21.822+0000] {logging_mixin.py:188} INFO - [2026-05-14T15:04:21.811+0000] {dag.py:3096} INFO - Sync 1 DAGs
[2026-05-14T15:04:22.038+0000] {logging_mixin.py:188} INFO - [2026-05-14T15:04:22.037+0000] {dag.py:3954} INFO - Setting next_dagrun for produce_json to 2026-05-14 13:00:00+00:00, run_after=2026-05-15 13:00:00+00:00
[2026-05-14T15:04:22.528+0000] {processor.py:183} INFO - Processing /opt/airflow/dags/main.py took 1.357 seconds
[2026-05-14T15:04:52.998+0000] {processor.py:161} INFO - Started process (PID=2270) to work on /opt/airflow/dags/main.py
[2026-05-14T15:04:53.001+0000] {processor.py:830} INFO - Processing file /opt/airflow/dags/main.py for tasks to queue
[2026-05-14T15:04:53.020+0000] {logging_mixin.py:188} INFO - [2026-05-14T15:04:53.019+0000] {dagbag.py:545} INFO - Filling up the DagBag from /opt/airflow/dags/main.py
[2026-05-14T15:04:53.514+0000] {processor.py:840} INFO - DAG(s) 'produce_json' retrieved from /opt/airflow/dags/main.py
[2026-05-14T15:04:53.687+0000] {logging_mixin.py:188} INFO - [2026-05-14T15:04:53.686+0000] {dag.py:3096} INFO - Sync 1 DAGs
[2026-05-14T15:04:53.907+0000] {logging_mixin.py:188} INFO - [2026-05-14T15:04:53.906+0000] {dag.py:3954} INFO - Setting next_dagrun for produce_json to 2026-05-14 13:00:00+00:00, run_after=2026-05-15 13:00:00+00:00
[2026-05-14T15:04:54.093+0000] {processor.py:183} INFO - Processing /opt/airflow/dags/main.py took 1.159 seconds
[2026-05-14T15:05:24.442+0000] {processor.py:161} INFO - Started process (PID=2277) to work on /opt/airflow/dags/main.py
[2026-05-14T15:05:24.445+0000] {processor.py:830} INFO - Processing file /opt/airflow/dags/main.py for tasks to queue
[2026-05-14T15:05:24.452+0000] {logging_mixin.py:188} INFO - [2026-05-14T15:05:24.451+0000] {dagbag.py:545} INFO - Filling up the DagBag from /opt/airflow/dags/main.py
[2026-05-14T15:05:24.602+0000] {processor.py:840} INFO - DAG(s) 'produce_json' retrieved from /opt/airflow/dags/main.py
[2026-05-14T15:05:24.779+0000] {logging_mixin.py:188} INFO - [2026-05-14T15:05:24.779+0000] {dag.py:3096} INFO - Sync 1 DAGs
[2026-05-14T15:05:24.880+0000] {logging_mixin.py:188} INFO - [2026-05-14T15:05:24.880+0000] {dag.py:3954} INFO - Setting next_dagrun for produce_json to 2026-05-14 13:00:00+00:00, run_after=2026-05-15 13:00:00+00:00
[2026-05-14T15:05:24.938+0000] {processor.py:183} INFO - Processing /opt/airflow/dags/main.py took 0.516 seconds
[2026-05-14T15:05:55.181+0000] {processor.py:161} INFO - Started process (PID=2284) to work on /opt/airflow/dags/main.py
[2026-05-14T15:05:55.187+0000] {processor.py:830} INFO - Processing file /opt/airflow/dags/main.py for tasks to queue
[2026-05-14T15:05:55.204+0000] {logging_mixin.py:188} INFO - [2026-05-14T15:05:55.203+0000] {dagbag.py:545} INFO - Filling up the DagBag from /opt/airflow/dags/main.py
[2026-05-14T15:05:55.470+0000] {processor.py:840} INFO - DAG(s) 'produce_json' retrieved from /opt/airflow/dags/main.py
[2026-05-14T15:05:55.641+0000] {logging_mixin.py:188} INFO - [2026-05-14T15:05:55.640+0000] {dag.py:3096} INFO - Sync 1 DAGs
[2026-05-14T15:05:55.838+0000] {logging_mixin.py:188} INFO - [2026-05-14T15:05:55.838+0000] {dag.py:3954} INFO - Setting next_dagrun for produce_json to 2026-05-14 13:00:00+00:00, run_after=2026-05-15 13:00:00+00:00
[2026-05-14T15:05:55.966+0000] {processor.py:183} INFO - Processing /opt/airflow/dags/main.py took 0.824 seconds
[2026-05-14T15:06:26.141+0000] {processor.py:161} INFO - Started process (PID=2291) to work on /opt/airflow/dags/main.py
[2026-05-14T15:06:26.143+0000] {processor.py:830} INFO - Processing file /opt/airflow/dags/main.py for tasks to queue
[2026-05-14T15:06:26.148+0000] {logging_mixin.py:188} INFO - [2026-05-14T15:06:26.148+0000] {dagbag.py:545} INFO - Filling up the DagBag from /opt/airflow/dags/main.py
[2026-05-14T15:06:26.271+0000] {processor.py:840} INFO - DAG(s) 'produce_json' retrieved from /opt/airflow/dags/main.py
[2026-05-14T15:06:26.317+0000] {logging_mixin.py:188} INFO - [2026-05-14T15:06:26.317+0000] {dag.py:3096} INFO - Sync 1 DAGs
[2026-05-14T15:06:26.360+0000] {logging_mixin.py:188} INFO - [2026-05-14T15:06:26.360+0000] {dag.py:3954} INFO - Setting next_dagrun for produce_json to 2026-05-14 13:00:00+00:00, run_after=2026-05-15 13:00:00+00:00
[2026-05-14T15:06:26.409+0000] {processor.py:183} INFO - Processing /opt/airflow/dags/main.py took 0.282 seconds
[2026-05-14T15:06:56.819+0000] {processor.py:161} INFO - Started process (PID=2298) to work on /opt/airflow/dags/main.py
[2026-05-14T15:06:56.833+0000] {processor.py:830} INFO - Processing file /opt/airflow/dags/main.py for tasks to queue
[2026-05-14T15:06:56.849+0000] {logging_mixin.py:188} INFO - [2026-05-14T15:06:56.848+0000] {dagbag.py:545} INFO - Filling up the DagBag from /opt/airflow/dags/main.py
[2026-05-14T15:06:57.039+0000] {processor.py:840} INFO - DAG(s) 'produce_json' retrieved from /opt/airflow/dags/main.py
[2026-05-14T15:06:57.109+0000] {logging_mixin.py:188} INFO - [2026-05-14T15:06:57.108+0000] {dag.py:3096} INFO - Sync 1 DAGs
[2026-05-14T15:06:57.205+0000] {logging_mixin.py:188} INFO - [2026-05-14T15:06:57.205+0000] {dag.py:3954} INFO - Setting next_dagrun for produce_json to 2026-05-14 13:00:00+00:00, run_after=2026-05-15 13:00:00+00:00
[2026-05-14T15:06:57.290+0000] {processor.py:183} INFO - Processing /opt/airflow/dags/main.py took 0.526 seconds
[2026-05-14T15:07:27.702+0000] {processor.py:161} INFO - Started process (PID=2305) to work on /opt/airflow/dags/main.py
[2026-05-14T15:07:27.705+0000] {processor.py:830} INFO - Processing file /opt/airflow/dags/main.py for tasks to queue
[2026-05-14T15:07:27.710+0000] {logging_mixin.py:188} INFO - [2026-05-14T15:07:27.710+0000] {dagbag.py:545} INFO - Filling up the DagBag from /opt/airflow/dags/main.py
[2026-05-14T15:07:27.847+0000] {processor.py:840} INFO - DAG(s) 'produce_json' retrieved from /opt/airflow/dags/main.py
[2026-05-14T15:07:27.897+0000] {logging_mixin.py:188} INFO - [2026-05-14T15:07:27.897+0000] {dag.py:3096} INFO - Sync 1 DAGs
[2026-05-14T15:07:27.955+0000] {logging_mixin.py:188} INFO - [2026-05-14T15:07:27.955+0000] {dag.py:3954} INFO - Setting next_dagrun for produce_json to 2026-05-14 13:00:00+00:00, run_after=2026-05-15 13:00:00+00:00
[2026-05-14T15:07:28.014+0000] {processor.py:183} INFO - Processing /opt/airflow/dags/main.py took 0.327 seconds
[2026-05-14T15:07:58.821+0000] {processor.py:161} INFO - Started process (PID=2312) to work on /opt/airflow/dags/main.py
[2026-05-14T15:07:58.825+0000] {processor.py:830} INFO - Processing file /opt/airflow/dags/main.py for tasks to queue
[2026-05-14T15:07:58.829+0000] {logging_mixin.py:188} INFO - [2026-05-14T15:07:58.828+0000] {dagbag.py:545} INFO - Filling up the DagBag from /opt/airflow/dags/main.py
[2026-05-14T15:07:58.962+0000] {processor.py:840} INFO - DAG(s) 'produce_json' retrieved from /opt/airflow/dags/main.py
[2026-05-14T15:07:59.005+0000] {logging_mixin.py:188} INFO - [2026-05-14T15:07:59.005+0000] {dag.py:3096} INFO - Sync 1 DAGs
[2026-05-14T15:07:59.049+0000] {logging_mixin.py:188} INFO - [2026-05-14T15:07:59.048+0000] {dag.py:3954} INFO - Setting next_dagrun for produce_json to 2026-05-14 13:00:00+00:00, run_after=2026-05-15 13:00:00+00:00
[2026-05-14T15:07:59.089+0000] {processor.py:183} INFO - Processing /opt/airflow/dags/main.py took 0.288 seconds
[2026-05-14T15:08:29.561+0000] {processor.py:161} INFO - Started process (PID=2319) to work on /opt/airflow/dags/main.py
[2026-05-14T15:08:29.565+0000] {processor.py:830} INFO - Processing file /opt/airflow/dags/main.py for tasks to queue
[2026-05-14T15:08:29.593+0000] {logging_mixin.py:188} INFO - [2026-05-14T15:08:29.592+0000] {dagbag.py:545} INFO - Filling up the DagBag from /opt/airflow/dags/main.py
[2026-05-14T15:08:29.983+0000] {processor.py:840} INFO - DAG(s) 'produce_json' retrieved from /opt/airflow/dags/main.py
[2026-05-14T15:08:30.185+0000] {logging_mixin.py:188} INFO - [2026-05-14T15:08:30.185+0000] {dag.py:3096} INFO - Sync 1 DAGs
[2026-05-14T15:08:30.372+0000] {logging_mixin.py:188} INFO - [2026-05-14T15:08:30.371+0000] {dag.py:3954} INFO - Setting next_dagrun for produce_json to 2026-05-14 13:00:00+00:00, run_after=2026-05-15 13:00:00+00:00
[2026-05-14T15:08:30.555+0000] {processor.py:183} INFO - Processing /opt/airflow/dags/main.py took 1.037 seconds
[2026-05-14T15:09:00.943+0000] {processor.py:161} INFO - Started process (PID=2326) to work on /opt/airflow/dags/main.py
[2026-05-14T15:09:00.946+0000] {processor.py:830} INFO - Processing file /opt/airflow/dags/main.py for tasks to queue
[2026-05-14T15:09:00.952+0000] {logging_mixin.py:188} INFO - [2026-05-14T15:09:00.951+0000] {dagbag.py:545} INFO - Filling up the DagBag from /opt/airflow/dags/main.py
[2026-05-14T15:09:01.075+0000] {processor.py:840} INFO - DAG(s) 'produce_json' retrieved from /opt/airflow/dags/main.py
[2026-05-14T15:09:01.147+0000] {logging_mixin.py:188} INFO - [2026-05-14T15:09:01.146+0000] {dag.py:3096} INFO - Sync 1 DAGs
[2026-05-14T15:09:01.198+0000] {logging_mixin.py:188} INFO - [2026-05-14T15:09:01.198+0000] {dag.py:3954} INFO - Setting next_dagrun for produce_json to 2026-05-14 13:00:00+00:00, run_after=2026-05-15 13:00:00+00:00
[2026-05-14T15:09:01.240+0000] {processor.py:183} INFO - Processing /opt/airflow/dags/main.py took 0.313 seconds
[2026-05-14T15:09:31.636+0000] {processor.py:161} INFO - Started process (PID=2333) to work on /opt/airflow/dags/main.py
[2026-05-14T15:09:31.639+0000] {processor.py:830} INFO - Processing file /opt/airflow/dags/main.py for tasks to queue
[2026-05-14T15:09:31.644+0000] {logging_mixin.py:188} INFO - [2026-05-14T15:09:31.643+0000] {dagbag.py:545} INFO - Filling up the DagBag from /opt/airflow/dags/main.py
[2026-05-14T15:09:31.766+0000] {processor.py:840} INFO - DAG(s) 'produce_json' retrieved from /opt/airflow/dags/main.py
[2026-05-14T15:09:31.950+0000] {logging_mixin.py:188} INFO - [2026-05-14T15:09:31.950+0000] {dag.py:3096} INFO - Sync 1 DAGs
[2026-05-14T15:09:32.003+0000] {logging_mixin.py:188} INFO - [2026-05-14T15:09:32.003+0000] {dag.py:3954} INFO - Setting next_dagrun for produce_json to 2026-05-14 13:00:00+00:00, run_after=2026-05-15 13:00:00+00:00
[2026-05-14T15:09:32.057+0000] {processor.py:183} INFO - Processing /opt/airflow/dags/main.py took 0.434 seconds
[2026-05-14T15:10:05.127+0000] {processor.py:161} INFO - Started process (PID=2340) to work on /opt/airflow/dags/main.py
[2026-05-14T15:10:05.162+0000] {processor.py:830} INFO - Processing file /opt/airflow/dags/main.py for tasks to queue
[2026-05-14T15:10:05.177+0000] {logging_mixin.py:188} INFO - [2026-05-14T15:10:05.176+0000] {dagbag.py:545} INFO - Filling up the DagBag from /opt/airflow/dags/main.py
[2026-05-14T15:10:06.097+0000] {processor.py:840} INFO - DAG(s) 'produce_json' retrieved from /opt/airflow/dags/main.py
[2026-05-14T15:10:06.252+0000] {logging_mixin.py:188} INFO - [2026-05-14T15:10:06.252+0000] {dag.py:3096} INFO - Sync 1 DAGs
[2026-05-14T15:10:06.476+0000] {logging_mixin.py:188} INFO - [2026-05-14T15:10:06.475+0000] {dag.py:3954} INFO - Setting next_dagrun for produce_json to 2026-05-14 13:00:00+00:00, run_after=2026-05-15 13:00:00+00:00
[2026-05-14T15:10:06.746+0000] {processor.py:183} INFO - Processing /opt/airflow/dags/main.py took 1.659 seconds
[2026-05-14T15:10:37.360+0000] {processor.py:161} INFO - Started process (PID=2347) to work on /opt/airflow/dags/main.py
[2026-05-14T15:10:37.366+0000] {processor.py:830} INFO - Processing file /opt/airflow/dags/main.py for tasks to queue
[2026-05-14T15:10:37.371+0000] {logging_mixin.py:188} INFO - [2026-05-14T15:10:37.371+0000] {dagbag.py:545} INFO - Filling up the DagBag from /opt/airflow/dags/main.py
[2026-05-14T15:10:37.597+0000] {processor.py:840} INFO - DAG(s) 'produce_json' retrieved from /opt/airflow/dags/main.py
[2026-05-14T15:10:37.671+0000] {logging_mixin.py:188} INFO - [2026-05-14T15:10:37.671+0000] {dag.py:3096} INFO - Sync 1 DAGs
[2026-05-14T15:10:37.768+0000] {logging_mixin.py:188} INFO - [2026-05-14T15:10:37.767+0000] {dag.py:3954} INFO - Setting next_dagrun for produce_json to 2026-05-14 13:00:00+00:00, run_after=2026-05-15 13:00:00+00:00
[2026-05-14T15:10:37.835+0000] {processor.py:183} INFO - Processing /opt/airflow/dags/main.py took 0.494 seconds
[2026-05-14T15:11:08.226+0000] {processor.py:161} INFO - Started process (PID=2354) to work on /opt/airflow/dags/main.py
[2026-05-14T15:11:08.229+0000] {processor.py:830} INFO - Processing file /opt/airflow/dags/main.py for tasks to queue
[2026-05-14T15:11:08.243+0000] {logging_mixin.py:188} INFO - [2026-05-14T15:11:08.243+0000] {dagbag.py:545} INFO - Filling up the DagBag from /opt/airflow/dags/main.py
[2026-05-14T15:11:08.674+0000] {processor.py:840} INFO - DAG(s) 'produce_json' retrieved from /opt/airflow/dags/main.py
[2026-05-14T15:11:08.817+0000] {logging_mixin.py:188} INFO - [2026-05-14T15:11:08.816+0000] {dag.py:3096} INFO - Sync 1 DAGs
[2026-05-14T15:11:08.909+0000] {logging_mixin.py:188} INFO - [2026-05-14T15:11:08.908+0000] {dag.py:3954} INFO - Setting next_dagrun for produce_json to 2026-05-14 13:00:00+00:00, run_after=2026-05-15 13:00:00+00:00
[2026-05-14T15:11:08.992+0000] {processor.py:183} INFO - Processing /opt/airflow/dags/main.py took 0.807 seconds
[2026-05-14T15:11:39.416+0000] {processor.py:161} INFO - Started process (PID=2361) to work on /opt/airflow/dags/main.py
[2026-05-14T15:11:39.419+0000] {processor.py:830} INFO - Processing file /opt/airflow/dags/main.py for tasks to queue
[2026-05-14T15:11:39.423+0000] {logging_mixin.py:188} INFO - [2026-05-14T15:11:39.423+0000] {dagbag.py:545} INFO - Filling up the DagBag from /opt/airflow/dags/main.py
[2026-05-14T15:11:39.567+0000] {processor.py:840} INFO - DAG(s) 'produce_json' retrieved from /opt/airflow/dags/main.py
[2026-05-14T15:11:39.626+0000] {logging_mixin.py:188} INFO - [2026-05-14T15:11:39.625+0000] {dag.py:3096} INFO - Sync 1 DAGs
[2026-05-14T15:11:39.677+0000] {logging_mixin.py:188} INFO - [2026-05-14T15:11:39.677+0000] {dag.py:3954} INFO - Setting next_dagrun for produce_json to 2026-05-14 13:00:00+00:00, run_after=2026-05-15 13:00:00+00:00
[2026-05-14T15:11:39.718+0000] {processor.py:183} INFO - Processing /opt/airflow/dags/main.py took 0.321 seconds
[2026-05-14T15:12:09.993+0000] {processor.py:161} INFO - Started process (PID=2368) to work on /opt/airflow/dags/main.py
[2026-05-14T15:12:09.995+0000] {processor.py:830} INFO - Processing file /opt/airflow/dags/main.py for tasks to queue
[2026-05-14T15:12:10.000+0000] {logging_mixin.py:188} INFO - [2026-05-14T15:12:09.999+0000] {dagbag.py:545} INFO - Filling up the DagBag from /opt/airflow/dags/main.py
[2026-05-14T15:12:10.119+0000] {processor.py:840} INFO - DAG(s) 'produce_json' retrieved from /opt/airflow/dags/main.py
[2026-05-14T15:12:10.168+0000] {logging_mixin.py:188} INFO - [2026-05-14T15:12:10.168+0000] {dag.py:3096} INFO - Sync 1 DAGs
[2026-05-14T15:12:10.217+0000] {logging_mixin.py:188} INFO - [2026-05-14T15:12:10.217+0000] {dag.py:3954} INFO - Setting next_dagrun for produce_json to 2026-05-14 13:00:00+00:00, run_after=2026-05-15 13:00:00+00:00
[2026-05-14T15:12:10.259+0000] {processor.py:183} INFO - Processing /opt/airflow/dags/main.py took 0.284 seconds
[2026-05-14T15:12:40.542+0000] {processor.py:161} INFO - Started process (PID=2375) to work on /opt/airflow/dags/main.py
[2026-05-14T15:12:40.545+0000] {processor.py:830} INFO - Processing file /opt/airflow/dags/main.py for tasks to queue
[2026-05-14T15:12:40.551+0000] {logging_mixin.py:188} INFO - [2026-05-14T15:12:40.550+0000] {dagbag.py:545} INFO - Filling up the DagBag from /opt/airflow/dags/main.py
[2026-05-14T15:12:40.718+0000] {processor.py:840} INFO - DAG(s) 'produce_json' retrieved from /opt/airflow/dags/main.py
[2026-05-14T15:12:40.783+0000] {logging_mixin.py:188} INFO - [2026-05-14T15:12:40.782+0000] {dag.py:3096} INFO - Sync 1 DAGs
[2026-05-14T15:12:40.832+0000] {logging_mixin.py:188} INFO - [2026-05-14T15:12:40.831+0000] {dag.py:3954} INFO - Setting next_dagrun for produce_json to 2026-05-14 13:00:00+00:00, run_after=2026-05-15 13:00:00+00:00
[2026-05-14T15:12:40.870+0000] {processor.py:183} INFO - Processing /opt/airflow/dags/main.py took 0.348 seconds
[2026-05-14T15:13:11.251+0000] {processor.py:161} INFO - Started process (PID=2381) to work on /opt/airflow/dags/main.py
[2026-05-14T15:13:11.254+0000] {processor.py:830} INFO - Processing file /opt/airflow/dags/main.py for tasks to queue
[2026-05-14T15:13:11.258+0000] {logging_mixin.py:188} INFO - [2026-05-14T15:13:11.258+0000] {dagbag.py:545} INFO - Filling up the DagBag from /opt/airflow/dags/main.py
[2026-05-14T15:13:11.363+0000] {processor.py:840} INFO - DAG(s) 'produce_json' retrieved from /opt/airflow/dags/main.py
[2026-05-14T15:13:11.410+0000] {logging_mixin.py:188} INFO - [2026-05-14T15:13:11.410+0000] {dag.py:3096} INFO - Sync 1 DAGs
[2026-05-14T15:13:11.458+0000] {logging_mixin.py:188} INFO - [2026-05-14T15:13:11.457+0000] {dag.py:3954} INFO - Setting next_dagrun for produce_json to 2026-05-14 13:00:00+00:00, run_after=2026-05-15 13:00:00+00:00
[2026-05-14T15:13:11.503+0000] {processor.py:183} INFO - Processing /opt/airflow/dags/main.py took 0.268 seconds
[2026-05-14T15:13:41.596+0000] {processor.py:161} INFO - Started process (PID=2388) to work on /opt/airflow/dags/main.py
[2026-05-14T15:13:41.599+0000] {processor.py:830} INFO - Processing file /opt/airflow/dags/main.py for tasks to queue
[2026-05-14T15:13:41.604+0000] {logging_mixin.py:188} INFO - [2026-05-14T15:13:41.603+0000] {dagbag.py:545} INFO - Filling up the DagBag from /opt/airflow/dags/main.py
[2026-05-14T15:13:41.730+0000] {processor.py:840} INFO - DAG(s) 'produce_json' retrieved from /opt/airflow/dags/main.py
[2026-05-14T15:13:41.775+0000] {logging_mixin.py:188} INFO - [2026-05-14T15:13:41.775+0000] {dag.py:3096} INFO - Sync 1 DAGs
[2026-05-14T15:13:41.834+0000] {logging_mixin.py:188} INFO - [2026-05-14T15:13:41.834+0000] {dag.py:3954} INFO - Setting next_dagrun for produce_json to 2026-05-14 13:00:00+00:00, run_after=2026-05-15 13:00:00+00:00
[2026-05-14T15:13:41.894+0000] {processor.py:183} INFO - Processing /opt/airflow/dags/main.py took 0.315 seconds
[2026-05-14T15:14:12.381+0000] {processor.py:161} INFO - Started process (PID=2395) to work on /opt/airflow/dags/main.py
[2026-05-14T15:14:12.384+0000] {processor.py:830} INFO - Processing file /opt/airflow/dags/main.py for tasks to queue
[2026-05-14T15:14:12.389+0000] {logging_mixin.py:188} INFO - [2026-05-14T15:14:12.389+0000] {dagbag.py:545} INFO - Filling up the DagBag from /opt/airflow/dags/main.py
[2026-05-14T15:14:12.527+0000] {processor.py:840} INFO - DAG(s) 'produce_json' retrieved from /opt/airflow/dags/main.py
[2026-05-14T15:14:12.576+0000] {logging_mixin.py:188} INFO - [2026-05-14T15:14:12.576+0000] {dag.py:3096} INFO - Sync 1 DAGs
[2026-05-14T15:14:12.629+0000] {logging_mixin.py:188} INFO - [2026-05-14T15:14:12.629+0000] {dag.py:3954} INFO - Setting next_dagrun for produce_json to 2026-05-14 13:00:00+00:00, run_after=2026-05-15 13:00:00+00:00
[2026-05-14T15:14:12.668+0000] {processor.py:183} INFO - Processing /opt/airflow/dags/main.py took 0.309 seconds
[2026-05-14T15:14:45.170+0000] {processor.py:161} INFO - Started process (PID=2402) to work on /opt/airflow/dags/main.py
[2026-05-14T15:14:45.185+0000] {processor.py:830} INFO - Processing file /opt/airflow/dags/main.py for tasks to queue
[2026-05-14T15:14:45.194+0000] {logging_mixin.py:188} INFO - [2026-05-14T15:14:45.193+0000] {dagbag.py:545} INFO - Filling up the DagBag from /opt/airflow/dags/main.py
[2026-05-14T15:14:46.315+0000] {processor.py:840} INFO - DAG(s) 'produce_json' retrieved from /opt/airflow/dags/main.py
[2026-05-14T15:14:46.538+0000] {logging_mixin.py:188} INFO - [2026-05-14T15:14:46.537+0000] {dag.py:3096} INFO - Sync 1 DAGs
[2026-05-14T15:14:46.828+0000] {logging_mixin.py:188} INFO - [2026-05-14T15:14:46.827+0000] {dag.py:3954} INFO - Setting next_dagrun for produce_json to 2026-05-14 13:00:00+00:00, run_after=2026-05-15 13:00:00+00:00
[2026-05-14T15:14:47.153+0000] {processor.py:183} INFO - Processing /opt/airflow/dags/main.py took 2.019 seconds
[2026-05-14T15:15:20.286+0000] {processor.py:161} INFO - Started process (PID=2416) to work on /opt/airflow/dags/main.py
[2026-05-14T15:15:20.334+0000] {processor.py:830} INFO - Processing file /opt/airflow/dags/main.py for tasks to queue
[2026-05-14T15:15:20.369+0000] {logging_mixin.py:188} INFO - [2026-05-14T15:15:20.369+0000] {dagbag.py:545} INFO - Filling up the DagBag from /opt/airflow/dags/main.py
[2026-05-14T15:15:20.856+0000] {processor.py:840} INFO - DAG(s) 'produce_json' retrieved from /opt/airflow/dags/main.py
[2026-05-14T15:15:21.014+0000] {logging_mixin.py:188} INFO - [2026-05-14T15:15:21.013+0000] {dag.py:3096} INFO - Sync 1 DAGs
[2026-05-14T15:15:21.341+0000] {logging_mixin.py:188} INFO - [2026-05-14T15:15:21.340+0000] {dag.py:3954} INFO - Setting next_dagrun for produce_json to 2026-05-14 13:00:00+00:00, run_after=2026-05-15 13:00:00+00:00
[2026-05-14T15:15:21.690+0000] {processor.py:183} INFO - Processing /opt/airflow/dags/main.py took 1.483 seconds
[2026-05-14T15:15:53.479+0000] {processor.py:161} INFO - Started process (PID=2423) to work on /opt/airflow/dags/main.py
[2026-05-14T15:15:53.495+0000] {processor.py:830} INFO - Processing file /opt/airflow/dags/main.py for tasks to queue
[2026-05-14T15:15:53.513+0000] {logging_mixin.py:188} INFO - [2026-05-14T15:15:53.513+0000] {dagbag.py:545} INFO - Filling up the DagBag from /opt/airflow/dags/main.py
[2026-05-14T15:15:54.063+0000] {processor.py:840} INFO - DAG(s) 'produce_json' retrieved from /opt/airflow/dags/main.py
[2026-05-14T15:15:54.248+0000] {logging_mixin.py:188} INFO - [2026-05-14T15:15:54.248+0000] {dag.py:3096} INFO - Sync 1 DAGs
[2026-05-14T15:15:54.433+0000] {logging_mixin.py:188} INFO - [2026-05-14T15:15:54.432+0000] {dag.py:3954} INFO - Setting next_dagrun for produce_json to 2026-05-14 13:00:00+00:00, run_after=2026-05-15 13:00:00+00:00
[2026-05-14T15:15:54.519+0000] {processor.py:183} INFO - Processing /opt/airflow/dags/main.py took 1.079 seconds
[2026-05-14T15:16:24.724+0000] {processor.py:161} INFO - Started process (PID=2430) to work on /opt/airflow/dags/main.py
[2026-05-14T15:16:24.727+0000] {processor.py:830} INFO - Processing file /opt/airflow/dags/main.py for tasks to queue
[2026-05-14T15:16:24.733+0000] {logging_mixin.py:188} INFO - [2026-05-14T15:16:24.731+0000] {dagbag.py:545} INFO - Filling up the DagBag from /opt/airflow/dags/main.py
[2026-05-14T15:16:24.922+0000] {processor.py:840} INFO - DAG(s) 'produce_json' retrieved from /opt/airflow/dags/main.py
[2026-05-14T15:16:24.970+0000] {logging_mixin.py:188} INFO - [2026-05-14T15:16:24.970+0000] {dag.py:3096} INFO - Sync 1 DAGs
[2026-05-14T15:16:25.043+0000] {logging_mixin.py:188} INFO - [2026-05-14T15:16:25.042+0000] {dag.py:3954} INFO - Setting next_dagrun for produce_json to 2026-05-14 13:00:00+00:00, run_after=2026-05-15 13:00:00+00:00
[2026-05-14T15:16:25.136+0000] {processor.py:183} INFO - Processing /opt/airflow/dags/main.py took 0.432 seconds
[2026-05-14T15:16:55.910+0000] {processor.py:161} INFO - Started process (PID=2437) to work on /opt/airflow/dags/main.py
[2026-05-14T15:16:55.981+0000] {processor.py:830} INFO - Processing file /opt/airflow/dags/main.py for tasks to queue
[2026-05-14T15:16:55.988+0000] {logging_mixin.py:188} INFO - [2026-05-14T15:16:55.987+0000] {dagbag.py:545} INFO - Filling up the DagBag from /opt/airflow/dags/main.py
[2026-05-14T15:16:56.343+0000] {processor.py:840} INFO - DAG(s) 'produce_json' retrieved from /opt/airflow/dags/main.py
[2026-05-14T15:16:56.581+0000] {logging_mixin.py:188} INFO - [2026-05-14T15:16:56.580+0000] {dag.py:3096} INFO - Sync 1 DAGs
[2026-05-14T15:16:56.759+0000] {logging_mixin.py:188} INFO - [2026-05-14T15:16:56.758+0000] {dag.py:3954} INFO - Setting next_dagrun for produce_json to 2026-05-14 13:00:00+00:00, run_after=2026-05-15 13:00:00+00:00
[2026-05-14T15:16:56.820+0000] {processor.py:183} INFO - Processing /opt/airflow/dags/main.py took 0.949 seconds
[2026-05-14T15:17:27.170+0000] {processor.py:161} INFO - Started process (PID=2444) to work on /opt/airflow/dags/main.py
[2026-05-14T15:17:27.173+0000] {processor.py:830} INFO - Processing file /opt/airflow/dags/main.py for tasks to queue
[2026-05-14T15:17:27.177+0000] {logging_mixin.py:188} INFO - [2026-05-14T15:17:27.176+0000] {dagbag.py:545} INFO - Filling up the DagBag from /opt/airflow/dags/main.py
[2026-05-14T15:17:27.311+0000] {processor.py:840} INFO - DAG(s) 'produce_json' retrieved from /opt/airflow/dags/main.py
[2026-05-14T15:17:27.370+0000] {logging_mixin.py:188} INFO - [2026-05-14T15:17:27.369+0000] {dag.py:3096} INFO - Sync 1 DAGs
[2026-05-14T15:17:27.426+0000] {logging_mixin.py:188} INFO - [2026-05-14T15:17:27.426+0000] {dag.py:3954} INFO - Setting next_dagrun for produce_json to 2026-05-14 13:00:00+00:00, run_after=2026-05-15 13:00:00+00:00
[2026-05-14T15:17:27.483+0000] {processor.py:183} INFO - Processing /opt/airflow/dags/main.py took 0.329 seconds
[2026-05-14T15:17:58.001+0000] {processor.py:161} INFO - Started process (PID=2451) to work on /opt/airflow/dags/main.py
[2026-05-14T15:17:58.004+0000] {processor.py:830} INFO - Processing file /opt/airflow/dags/main.py for tasks to queue
[2026-05-14T15:17:58.014+0000] {logging_mixin.py:188} INFO - [2026-05-14T15:17:58.012+0000] {dagbag.py:545} INFO - Filling up the DagBag from /opt/airflow/dags/main.py
[2026-05-14T15:17:58.316+0000] {processor.py:840} INFO - DAG(s) 'produce_json' retrieved from /opt/airflow/dags/main.py
[2026-05-14T15:17:58.386+0000] {logging_mixin.py:188} INFO - [2026-05-14T15:17:58.385+0000] {dag.py:3096} INFO - Sync 1 DAGs
[2026-05-14T15:17:58.478+0000] {logging_mixin.py:188} INFO - [2026-05-14T15:17:58.477+0000] {dag.py:3954} INFO - Setting next_dagrun for produce_json to 2026-05-14 13:00:00+00:00, run_after=2026-05-15 13:00:00+00:00
[2026-05-14T15:17:58.555+0000] {processor.py:183} INFO - Processing /opt/airflow/dags/main.py took 0.575 seconds
[2026-05-14T15:18:28.769+0000] {processor.py:161} INFO - Started process (PID=2458) to work on /opt/airflow/dags/main.py
[2026-05-14T15:18:28.772+0000] {processor.py:830} INFO - Processing file /opt/airflow/dags/main.py for tasks to queue
[2026-05-14T15:18:28.778+0000] {logging_mixin.py:188} INFO - [2026-05-14T15:18:28.777+0000] {dagbag.py:545} INFO - Filling up the DagBag from /opt/airflow/dags/main.py
[2026-05-14T15:18:29.008+0000] {processor.py:840} INFO - DAG(s) 'produce_json' retrieved from /opt/airflow/dags/main.py
[2026-05-14T15:18:29.057+0000] {logging_mixin.py:188} INFO - [2026-05-14T15:18:29.056+0000] {dag.py:3096} INFO - Sync 1 DAGs
[2026-05-14T15:18:29.115+0000] {logging_mixin.py:188} INFO - [2026-05-14T15:18:29.114+0000] {dag.py:3954} INFO - Setting next_dagrun for produce_json to 2026-05-14 13:00:00+00:00, run_after=2026-05-15 13:00:00+00:00
[2026-05-14T15:18:32.347+0000] {processor.py:183} INFO - Processing /opt/airflow/dags/main.py took 3.592 seconds
